episode	total_steps	outcome	reward_sum	ma100_success	loss_critic	loss_actor	r_yaw	r_distance	r_obstacle	r_vlinear	r_vangular	r_step	r_terminal
1	25007	2	-2.875	0.00	2.72751	-100.94965	0.000	-1.875	0.000	0.000	0.000	0.000	-1.000
2	25155	2	-0.885	0.00	3.01068	-100.28966	0.000	0.115	0.000	0.000	0.000	0.000	-1.000
3	25231	2	1.128	0.00	3.39953	-98.45941	0.000	2.128	0.000	0.000	0.000	0.000	-1.000
4	25289	2	-0.937	0.00	4.10631	-97.52176	0.000	0.063	0.000	0.000	0.000	0.000	-1.000
5	25342	2	-1.120	0.00	3.98270	-96.17431	0.000	-0.120	0.000	0.000	0.000	0.000	-1.000
6	25519	2	-1.355	0.00	3.24743	-95.50504	0.000	-0.355	0.000	0.000	0.000	0.000	-1.000
7	25666	4	-0.940	0.00	2.82102	-94.98466	0.000	-0.940	0.000	0.000	0.000	0.000	0.000
8	25711	2	-1.301	0.00	2.69123	-94.62130	0.000	-0.301	0.000	0.000	0.000	0.000	-1.000
9	25741	2	-1.573	0.00	2.78407	-94.31943	0.000	-0.573	0.000	0.000	0.000	0.000	-1.000
10	25801	2	-1.238	0.00	2.77203	-94.02379	0.000	-0.238	0.000	0.000	0.000	0.000	-1.000
11	26001	4	-0.575	0.00	2.53761	-93.64453	0.000	-0.575	0.000	0.000	0.000	0.000	0.000
12	26066	2	-1.495	0.00	2.21231	-93.04575	0.000	-0.495	0.000	0.000	0.000	0.000	-1.000
13	26156	2	0.860	0.00	2.43571	-92.63174	0.000	1.860	0.000	0.000	0.000	0.000	-1.000
14	26223	2	-0.395	0.00	2.40759	-92.34116	0.000	0.605	0.000	0.000	0.000	0.000	-1.000
15	26253	2	-1.010	0.00	2.87759	-91.96571	0.000	-0.010	0.000	0.000	0.000	0.000	-1.000
16	26460	2	0.884	0.00	2.45058	-91.51892	0.000	1.884	0.000	0.000	0.000	0.000	-1.000
17	26520	2	-2.184	0.00	2.31983	-91.04717	0.000	-1.184	0.000	0.000	0.000	0.000	-1.000
18	26722	1	2.604	5.56	2.32868	-90.45182	0.000	1.604	0.000	0.000	0.000	0.000	1.000
19	26916	4	-0.763	5.26	2.29132	-89.53568	0.000	-0.763	0.000	0.000	0.000	0.000	0.000
20	26964	2	-1.151	5.00	2.18214	-89.04527	0.000	-0.151	0.000	0.000	0.000	0.000	-1.000
21	27144	4	-0.341	4.76	2.17059	-88.56425	0.000	-0.341	0.000	0.000	0.000	0.000	0.000
22	27342	4	-0.071	4.55	2.19940	-87.68303	0.000	-0.071	0.000	0.000	0.000	0.000	0.000
23	27377	2	-1.229	4.35	2.09704	-87.27496	0.000	-0.229	0.000	0.000	0.000	0.000	-1.000
24	27522	2	-1.742	4.17	2.18236	-86.88708	0.000	-0.742	0.000	0.000	0.000	0.000	-1.000
25	27678	4	0.863	4.00	2.21175	-86.23689	0.000	0.863	0.000	0.000	0.000	0.000	0.000
26	27878	4	-1.595	3.85	2.08746	-85.48704	0.000	-1.595	0.000	0.000	0.000	0.000	0.000
27	27914	2	-1.214	3.70	2.20736	-84.94560	0.000	-0.214	0.000	0.000	0.000	0.000	-1.000
28	28115	4	-1.563	3.57	2.03286	-84.44571	0.000	-1.563	0.000	0.000	0.000	0.000	0.000
29	28223	2	-1.642	3.45	2.12416	-83.79390	0.000	-0.642	0.000	0.000	0.000	0.000	-1.000
30	28346	2	-0.786	3.33	1.91849	-83.35538	0.000	0.214	0.000	0.000	0.000	0.000	-1.000
31	28387	2	-0.890	3.23	1.95284	-83.13503	0.000	0.110	0.000	0.000	0.000	0.000	-1.000
32	28627	4	0.241	3.12	1.98247	-82.44118	0.000	0.241	0.000	0.000	0.000	0.000	0.000
33	28663	2	-1.182	3.03	1.95190	-81.84134	0.000	-0.182	0.000	0.000	0.000	0.000	-1.000
34	28808	4	0.375	2.94	1.85401	-81.49811	0.000	0.375	0.000	0.000	0.000	0.000	0.000
35	28945	4	1.397	2.86	1.87063	-80.98589	0.000	1.397	0.000	0.000	0.000	0.000	0.000
36	29094	4	0.835	2.78	1.90022	-80.33401	0.000	0.835	0.000	0.000	0.000	0.000	0.000
37	29237	4	-1.402	2.70	1.82268	-79.79896	0.000	-1.402	0.000	0.000	0.000	0.000	0.000
38	29287	2	-0.448	2.63	1.75147	-79.45945	0.000	0.552	0.000	0.000	0.000	0.000	-1.000
39	29370	2	0.324	2.56	1.69380	-79.11277	0.000	1.324	0.000	0.000	0.000	0.000	-1.000
40	29562	4	-1.497	2.50	1.74902	-78.62833	0.000	-1.497	0.000	0.000	0.000	0.000	0.000
41	29712	4	0.975	2.44	1.69441	-77.90350	0.000	0.975	0.000	0.000	0.000	0.000	0.000
42	29879	4	0.136	2.38	1.86148	-77.34086	0.000	0.136	0.000	0.000	0.000	0.000	0.000
43	30004	2	-1.596	2.33	1.65601	-76.72449	0.000	-0.596	0.000	0.000	0.000	0.000	-1.000
44	30164	4	0.764	2.27	1.62418	-76.17061	0.000	0.764	0.000	0.000	0.000	0.000	0.000
45	30374	4	0.020	2.22	1.53554	-75.47697	0.000	0.020	0.000	0.000	0.000	0.000	0.000
46	30581	4	0.083	2.17	1.50818	-74.66850	0.000	0.083	0.000	0.000	0.000	0.000	0.000
47	30778	2	-0.463	2.13	1.48908	-73.93344	0.000	0.537	0.000	0.000	0.000	0.000	-1.000
48	30842	2	-1.554	2.08	1.52137	-73.37395	0.000	-0.554	0.000	0.000	0.000	0.000	-1.000
49	31019	2	-1.247	2.04	1.37154	-72.90237	0.000	-0.247	0.000	0.000	0.000	0.000	-1.000
50	31173	4	0.059	2.00	1.46964	-72.33170	0.000	0.059	0.000	0.000	0.000	0.000	0.000
51	31203	2	-0.432	1.96	1.27899	-71.95473	0.000	0.568	0.000	0.000	0.000	0.000	-1.000
52	31269	2	-1.453	1.92	1.42979	-71.83477	0.000	-0.453	0.000	0.000	0.000	0.000	-1.000
53	31461	4	1.087	1.89	1.38597	-71.31894	0.000	1.087	0.000	0.000	0.000	0.000	0.000
54	31632	4	0.797	1.85	1.37976	-70.65009	0.000	0.797	0.000	0.000	0.000	0.000	0.000
55	31779	2	-1.827	1.82	1.31767	-70.12284	0.000	-0.827	0.000	0.000	0.000	0.000	-1.000
56	31834	2	-0.849	1.79	1.18301	-69.76197	0.000	0.151	0.000	0.000	0.000	0.000	-1.000
57	32010	4	0.987	1.75	1.32766	-69.26529	0.000	0.987	0.000	0.000	0.000	0.000	0.000
58	32089	2	-1.779	1.72	1.27983	-68.83061	0.000	-0.779	0.000	0.000	0.000	0.000	-1.000
59	32188	1	2.762	3.39	1.30794	-68.49622	0.000	1.762	0.000	0.000	0.000	0.000	1.000
60	32233	2	0.412	3.33	1.27456	-68.28695	0.000	1.412	0.000	0.000	0.000	0.000	-1.000
61	32285	2	-0.002	3.28	1.34954	-67.97690	0.000	0.998	0.000	0.000	0.000	0.000	-1.000
62	32327	2	-1.272	3.23	1.15317	-67.81545	0.000	-0.272	0.000	0.000	0.000	0.000	-1.000
63	32474	4	-0.196	3.17	1.24951	-67.52618	0.000	-0.196	0.000	0.000	0.000	0.000	0.000
64	32576	2	-1.564	3.12	1.18948	-67.09557	0.000	-0.564	0.000	0.000	0.000	0.000	-1.000
65	32733	2	-0.642	3.08	1.24764	-66.60396	0.000	0.358	0.000	0.000	0.000	0.000	-1.000
66	32765	2	-0.997	3.03	1.40556	-66.29730	0.000	0.003	0.000	0.000	0.000	0.000	-1.000
67	32937	4	-0.991	2.99	1.32199	-65.86824	0.000	-0.991	0.000	0.000	0.000	0.000	0.000
68	33084	4	-0.005	2.94	1.27802	-65.38195	0.000	-0.005	0.000	0.000	0.000	0.000	0.000
69	33116	2	-0.628	2.90	1.20934	-65.04510	0.000	0.372	0.000	0.000	0.000	0.000	-1.000
70	33211	2	-0.745	2.86	1.25861	-64.82682	0.000	0.255	0.000	0.000	0.000	0.000	-1.000
71	33267	2	-0.738	2.82	1.12984	-64.53609	0.000	0.262	0.000	0.000	0.000	0.000	-1.000
72	33414	4	0.425	2.78	1.18639	-64.20570	0.000	0.425	0.000	0.000	0.000	0.000	0.000
73	33446	2	-1.122	2.74	1.22534	-63.86539	0.000	-0.122	0.000	0.000	0.000	0.000	-1.000
74	33540	2	-1.444	2.70	1.16410	-63.60794	0.000	-0.444	0.000	0.000	0.000	0.000	-1.000
75	33683	4	-0.060	2.67	1.10675	-63.23257	0.000	-0.060	0.000	0.000	0.000	0.000	0.000
76	33785	2	0.401	2.63	1.24841	-62.84351	0.000	1.401	0.000	0.000	0.000	0.000	-1.000
77	33915	4	-0.500	2.60	1.07808	-62.39161	0.000	-0.500	0.000	0.000	0.000	0.000	0.000
78	33986	2	-0.933	2.56	1.13094	-62.10107	0.000	0.067	0.000	0.000	0.000	0.000	-1.000
79	34122	4	0.931	2.53	1.08682	-61.77584	0.000	0.931	0.000	0.000	0.000	0.000	0.000
80	34271	4	0.663	2.50	1.09081	-61.27032	0.000	0.663	0.000	0.000	0.000	0.000	0.000
81	34396	2	-1.082	2.47	1.04928	-60.84759	0.000	-0.082	0.000	0.000	0.000	0.000	-1.000
82	34545	4	0.574	2.44	1.16026	-60.35781	0.000	0.574	0.000	0.000	0.000	0.000	0.000
83	34692	4	1.366	2.41	1.05378	-59.85822	0.000	1.366	0.000	0.000	0.000	0.000	0.000
84	34797	2	-1.056	2.38	1.01749	-59.44559	0.000	-0.056	0.000	0.000	0.000	0.000	-1.000
85	34912	2	0.284	2.35	1.09257	-59.14081	0.000	1.284	0.000	0.000	0.000	0.000	-1.000
86	35178	2	-0.326	2.33	1.00090	-58.48122	0.000	0.674	0.000	0.000	0.000	0.000	-1.000
87	35331	4	0.826	2.30	1.05679	-57.80747	0.000	0.826	0.000	0.000	0.000	0.000	0.000
88	35484	4	0.012	2.27	1.02658	-57.32496	0.000	0.012	0.000	0.000	0.000	0.000	0.000
89	35523	2	-0.927	2.25	1.00268	-57.06454	0.000	0.073	0.000	0.000	0.000	0.000	-1.000
90	35680	4	0.161	2.22	0.90488	-56.72886	0.000	0.161	0.000	0.000	0.000	0.000	0.000
91	35869	2	-0.711	2.20	0.88560	-56.19098	0.000	0.289	0.000	0.000	0.000	0.000	-1.000
92	35921	2	-1.184	2.17	0.87599	-55.84424	0.000	-0.184	0.000	0.000	0.000	0.000	-1.000
93	36070	4	0.049	2.15	1.00178	-55.51277	0.000	0.049	0.000	0.000	0.000	0.000	0.000
94	36216	4	-0.045	2.13	0.92794	-55.06626	0.000	-0.045	0.000	0.000	0.000	0.000	0.000
95	36284	2	-1.011	2.11	0.87121	-54.78800	0.000	-0.011	0.000	0.000	0.000	0.000	-1.000
96	36437	4	0.114	2.08	0.90044	-54.40183	0.000	0.114	0.000	0.000	0.000	0.000	0.000
97	36584	4	1.256	2.06	0.88026	-53.95344	0.000	1.256	0.000	0.000	0.000	0.000	0.000
98	36689	2	-1.398	2.04	0.86856	-53.59628	0.000	-0.398	0.000	0.000	0.000	0.000	-1.000
99	36893	4	0.103	2.02	0.88406	-53.11691	0.000	0.103	0.000	0.000	0.000	0.000	0.000
100	36959	2	-0.901	2.00	0.87549	-52.78906	0.000	0.099	0.000	0.000	0.000	0.000	-1.000
101	37010	2	-0.662	2.00	0.90379	-52.54311	0.000	0.338	0.000	0.000	0.000	0.000	-1.000
102	37164	4	0.359	2.00	0.84087	-52.29824	0.000	0.359	0.000	0.000	0.000	0.000	0.000
103	37319	4	-0.165	2.00	0.90722	-51.82668	0.000	-0.165	0.000	0.000	0.000	0.000	0.000
104	37480	4	0.535	2.00	0.85368	-51.36189	0.000	0.535	0.000	0.000	0.000	0.000	0.000
105	37726	4	-0.734	2.00	0.88848	-50.78935	0.000	-0.734	0.000	0.000	0.000	0.000	0.000
106	37981	4	-0.139	2.00	0.82644	-50.12002	0.000	-0.139	0.000	0.000	0.000	0.000	0.000
107	38019	2	-0.980	2.00	0.78870	-49.67998	0.000	0.020	0.000	0.000	0.000	0.000	-1.000
108	38224	4	0.847	2.00	0.80621	-49.35140	0.000	0.847	0.000	0.000	0.000	0.000	0.000
109	38349	4	-0.422	2.00	0.77253	-48.90230	0.000	-0.422	0.000	0.000	0.000	0.000	0.000
110	38474	4	-1.110	2.00	0.77262	-48.59515	0.000	-1.110	0.000	0.000	0.000	0.000	0.000
111	38650	4	-0.143	2.00	0.77714	-48.17395	0.000	-0.143	0.000	0.000	0.000	0.000	0.000
112	38871	4	-0.056	2.00	0.75559	-47.64776	0.000	-0.056	0.000	0.000	0.000	0.000	0.000
113	39023	4	0.168	2.00	0.71081	-47.18799	0.000	0.168	0.000	0.000	0.000	0.000	0.000
114	39185	4	1.001	2.00	0.65728	-46.76939	0.000	1.001	0.000	0.000	0.000	0.000	0.000
115	39324	4	0.927	2.00	0.69856	-46.38522	0.000	0.927	0.000	0.000	0.000	0.000	0.000
116	39450	2	0.537	2.00	0.70269	-46.05324	0.000	1.537	0.000	0.000	0.000	0.000	-1.000
117	39524	1	2.607	3.00	0.73928	-45.78527	0.000	1.607	0.000	0.000	0.000	0.000	1.000
118	39652	4	0.901	2.00	0.65900	-45.53408	0.000	0.901	0.000	0.000	0.000	0.000	0.000
119	39720	2	-0.167	2.00	0.66124	-45.27444	0.000	0.833	0.000	0.000	0.000	0.000	-1.000
120	39789	2	-0.958	2.00	0.64578	-45.13384	0.000	0.042	0.000	0.000	0.000	0.000	-1.000
121	39927	4	-0.394	2.00	0.65860	-44.86663	0.000	-0.394	0.000	0.000	0.000	0.000	0.000
122	40077	4	-0.692	2.00	0.68827	-44.49124	0.000	-0.692	0.000	0.000	0.000	0.000	0.000
123	40241	4	0.810	2.00	0.67977	-44.10690	0.000	0.810	0.000	0.000	0.000	0.000	0.000
124	40341	2	-1.438	2.00	0.69972	-43.76372	0.000	-0.438	0.000	0.000	0.000	0.000	-1.000
125	40490	4	-0.219	2.00	0.68053	-43.48312	0.000	-0.219	0.000	0.000	0.000	0.000	0.000
126	40668	4	-0.810	2.00	0.65640	-43.07141	0.000	-0.810	0.000	0.000	0.000	0.000	0.000
127	40829	4	0.392	2.00	0.60223	-42.68010	0.000	0.392	0.000	0.000	0.000	0.000	0.000
128	40979	4	0.242	2.00	0.63025	-42.31757	0.000	0.242	0.000	0.000	0.000	0.000	0.000
129	41025	2	-1.246	2.00	0.73337	-42.05127	0.000	-0.246	0.000	0.000	0.000	0.000	-1.000
130	41179	4	0.950	2.00	0.62357	-41.84871	0.000	0.950	0.000	0.000	0.000	0.000	0.000
131	41338	4	1.130	2.00	0.61890	-41.47009	0.000	1.130	0.000	0.000	0.000	0.000	0.000
132	41523	4	1.131	2.00	0.61146	-41.09108	0.000	1.131	0.000	0.000	0.000	0.000	0.000
133	41731	4	0.686	2.00	0.65373	-40.63442	0.000	0.686	0.000	0.000	0.000	0.000	0.000
134	41804	2	-1.484	2.00	0.63629	-40.35688	0.000	-0.484	0.000	0.000	0.000	0.000	-1.000
135	41992	4	0.602	2.00	0.58208	-40.05661	0.000	0.602	0.000	0.000	0.000	0.000	0.000
136	42051	2	-0.980	2.00	0.66622	-39.77931	0.000	0.020	0.000	0.000	0.000	0.000	-1.000
137	42200	4	0.810	2.00	0.56415	-39.53224	0.000	0.810	0.000	0.000	0.000	0.000	0.000
138	42301	2	1.347	2.00	0.58761	-39.26925	0.000	2.347	0.000	0.000	0.000	0.000	-1.000
139	42455	4	-0.461	2.00	0.56118	-38.98306	0.000	-0.461	0.000	0.000	0.000	0.000	0.000
140	42627	4	1.263	2.00	0.60609	-38.64581	0.000	1.263	0.000	0.000	0.000	0.000	0.000
141	42657	2	-1.614	2.00	0.53512	-38.39315	0.000	-0.614	0.000	0.000	0.000	0.000	-1.000
142	42899	2	0.708	2.00	0.56804	-38.12352	0.000	1.708	0.000	0.000	0.000	0.000	-1.000
143	42993	2	0.372	2.00	0.58268	-37.76290	0.000	1.372	0.000	0.000	0.000	0.000	-1.000
144	43058	2	-0.497	2.00	0.58310	-37.62030	0.000	0.503	0.000	0.000	0.000	0.000	-1.000
145	43228	4	1.003	2.00	0.57482	-37.36965	0.000	1.003	0.000	0.000	0.000	0.000	0.000
146	43408	4	0.194	2.00	0.54726	-37.00250	0.000	0.194	0.000	0.000	0.000	0.000	0.000
147	43572	4	1.075	2.00	0.57780	-36.65430	0.000	1.075	0.000	0.000	0.000	0.000	0.000
148	43715	4	3.475	2.00	0.54260	-36.34387	0.000	3.475	0.000	0.000	0.000	0.000	0.000
149	43778	2	0.026	2.00	0.51425	-36.13961	0.000	1.026	0.000	0.000	0.000	0.000	-1.000
150	43828	2	1.247	2.00	0.54135	-36.03939	0.000	2.247	0.000	0.000	0.000	0.000	-1.000
151	44024	4	1.852	2.00	0.51864	-35.75507	0.000	1.852	0.000	0.000	0.000	0.000	0.000
152	44071	2	-0.721	2.00	0.61245	-35.52010	0.000	0.279	0.000	0.000	0.000	0.000	-1.000
153	44230	4	0.798	2.00	0.53481	-35.31781	0.000	0.798	0.000	0.000	0.000	0.000	0.000
154	44431	2	1.745	2.00	0.52945	-34.97775	0.000	2.745	0.000	0.000	0.000	0.000	-1.000
155	44464	2	-0.970	2.00	0.54794	-34.69310	0.000	0.030	0.000	0.000	0.000	0.000	-1.000
156	44585	1	3.730	3.00	0.51927	-34.61356	0.000	2.730	0.000	0.000	0.000	0.000	1.000
157	44627	2	-0.148	3.00	0.53412	-34.40678	0.000	0.852	0.000	0.000	0.000	0.000	-1.000
158	44790	1	2.638	4.00	0.52822	-34.23695	0.000	1.638	0.000	0.000	0.000	0.000	1.000
159	44985	4	1.612	3.00	0.52994	-33.91145	0.000	1.612	0.000	0.000	0.000	0.000	0.000
160	45149	4	0.454	3.00	0.50384	-33.55304	0.000	0.454	0.000	0.000	0.000	0.000	0.000
161	45336	4	0.388	3.00	0.51962	-33.24797	0.000	0.388	0.000	0.000	0.000	0.000	0.000
162	45517	4	0.027	3.00	0.50143	-32.90118	0.000	0.027	0.000	0.000	0.000	0.000	0.000
163	45587	2	-0.973	3.00	0.52649	-32.66431	0.000	0.027	0.000	0.000	0.000	0.000	-1.000
164	45657	2	0.001	3.00	0.50397	-32.52886	0.000	1.001	0.000	0.000	0.000	0.000	-1.000
165	45713	2	0.274	3.00	0.45722	-32.43374	0.000	1.274	0.000	0.000	0.000	0.000	-1.000
166	45784	2	1.645	3.00	0.47469	-32.31655	0.000	2.645	0.000	0.000	0.000	0.000	-1.000
167	45950	4	1.128	3.00	0.41183	-32.12304	0.000	1.128	0.000	0.000	0.000	0.000	0.000
168	46115	4	1.218	3.00	0.43877	-31.79362	0.000	1.218	0.000	0.000	0.000	0.000	0.000
169	46274	1	2.690	4.00	0.46505	-31.51512	0.000	1.690	0.000	0.000	0.000	0.000	1.000
170	46359	2	0.523	4.00	0.47957	-31.31166	0.000	1.523	0.000	0.000	0.000	0.000	-1.000
171	46565	4	0.158	4.00	0.46092	-31.05588	0.000	0.158	0.000	0.000	0.000	0.000	0.000
172	46759	4	2.189	4.00	0.45678	-30.71606	0.000	2.189	0.000	0.000	0.000	0.000	0.000
173	46887	2	-0.887	4.00	0.41158	-30.44062	0.000	0.113	0.000	0.000	0.000	0.000	-1.000
174	47108	4	0.307	4.00	0.41904	-30.14622	0.000	0.307	0.000	0.000	0.000	0.000	0.000
175	47293	4	1.879	4.00	0.44466	-29.80685	0.000	1.879	0.000	0.000	0.000	0.000	0.000
176	47382	1	2.723	5.00	0.45745	-29.56050	0.000	1.723	0.000	0.000	0.000	0.000	1.000
177	47588	4	3.688	5.00	0.42450	-29.31317	0.000	3.688	0.000	0.000	0.000	0.000	0.000
178	47656	2	-0.623	5.00	0.44371	-29.11019	0.000	0.377	0.000	0.000	0.000	0.000	-1.000
179	47849	2	-1.049	5.00	0.42386	-28.89897	0.000	-0.049	0.000	0.000	0.000	0.000	-1.000
180	47905	1	2.774	6.00	0.45080	-28.67044	0.000	1.774	0.000	0.000	0.000	0.000	1.000
181	48045	2	0.229	6.00	0.44123	-28.55044	0.000	1.229	0.000	0.000	0.000	0.000	-1.000
182	48208	4	-0.093	6.00	0.43884	-28.29178	0.000	-0.093	0.000	0.000	0.000	0.000	0.000
183	48378	4	2.970	6.00	0.38724	-28.05125	0.000	2.970	0.000	0.000	0.000	0.000	0.000
184	48426	2	-0.612	6.00	0.41019	-27.85083	0.000	0.388	0.000	0.000	0.000	0.000	-1.000
185	48511	2	0.131	6.00	0.39828	-27.75951	0.000	1.131	0.000	0.000	0.000	0.000	-1.000
186	48679	4	1.075	6.00	0.40053	-27.57572	0.000	1.075	0.000	0.000	0.000	0.000	0.000
187	48867	4	1.448	6.00	0.38002	-27.29788	0.000	1.448	0.000	0.000	0.000	0.000	0.000
188	48979	2	-0.279	6.00	0.39354	-27.07175	0.000	0.721	0.000	0.000	0.000	0.000	-1.000
189	49015	2	-1.355	6.00	0.42972	-26.94676	0.000	-0.355	0.000	0.000	0.000	0.000	-1.000
190	49212	4	1.729	6.00	0.38910	-26.77527	0.000	1.729	0.000	0.000	0.000	0.000	0.000
191	49408	4	-0.841	6.00	0.37291	-26.49183	0.000	-0.841	0.000	0.000	0.000	0.000	0.000
192	49648	4	0.171	6.00	0.41184	-26.16396	0.000	0.171	0.000	0.000	0.000	0.000	0.000
193	49841	4	0.580	6.00	0.37247	-25.84730	0.000	0.580	0.000	0.000	0.000	0.000	0.000
194	49902	1	2.792	7.00	0.37592	-25.67032	0.000	1.792	0.000	0.000	0.000	0.000	1.000
195	50062	4	1.351	7.00	0.35417	-25.50995	0.000	1.351	0.000	0.000	0.000	0.000	0.000
196	50263	4	2.264	7.00	0.36008	-25.25587	0.000	2.264	0.000	0.000	0.000	0.000	0.000
197	50478	4	1.212	7.00	0.33101	-24.96988	0.000	1.212	0.000	0.000	0.000	0.000	0.000
198	50552	2	-1.237	7.00	0.38672	-24.76541	0.000	-0.237	0.000	0.000	0.000	0.000	-1.000
199	50751	4	1.194	7.00	0.36158	-24.57147	0.000	1.194	0.000	0.000	0.000	0.000	0.000
200	50950	4	1.148	7.00	0.34733	-24.29217	0.000	1.148	0.000	0.000	0.000	0.000	0.000
201	51076	2	1.249	7.00	0.30840	-24.06981	0.000	2.249	0.000	0.000	0.000	0.000	-1.000
202	51155	1	2.617	8.00	0.32065	-23.93514	0.000	1.617	0.000	0.000	0.000	0.000	1.000
203	51314	4	1.838	8.00	0.34049	-23.77947	0.000	1.838	0.000	0.000	0.000	0.000	0.000
204	51515	4	-0.408	8.00	0.33389	-23.53784	0.000	-0.408	0.000	0.000	0.000	0.000	0.000
205	51592	2	1.300	8.00	0.31693	-23.35546	0.000	2.300	0.000	0.000	0.000	0.000	-1.000
206	51656	2	-0.982	8.00	0.35817	-23.25066	0.000	0.018	0.000	0.000	0.000	0.000	-1.000
207	51809	4	0.031	8.00	0.34308	-23.11733	0.000	0.031	0.000	0.000	0.000	0.000	0.000
208	51874	2	0.285	8.00	0.35973	-22.97311	0.000	1.285	0.000	0.000	0.000	0.000	-1.000
209	52023	4	1.610	8.00	0.33464	-22.84455	0.000	1.610	0.000	0.000	0.000	0.000	0.000
210	52054	2	-0.562	8.00	0.29168	-22.73245	0.000	0.438	0.000	0.000	0.000	0.000	-1.000
211	52085	2	-1.178	8.00	0.35102	-22.67891	0.000	-0.178	0.000	0.000	0.000	0.000	-1.000
212	52219	4	3.018	8.00	0.31007	-22.58490	0.000	3.018	0.000	0.000	0.000	0.000	0.000
213	52303	2	0.882	8.00	0.29020	-22.42855	0.000	1.882	0.000	0.000	0.000	0.000	-1.000
214	52469	2	3.240	8.00	0.34605	-22.27586	0.000	4.240	0.000	0.000	0.000	0.000	-1.000
215	52557	2	-0.476	8.00	0.29327	-22.15065	0.000	0.524	0.000	0.000	0.000	0.000	-1.000
216	52640	2	0.665	8.00	0.30130	-22.01851	0.000	1.665	0.000	0.000	0.000	0.000	-1.000
217	52835	4	1.130	7.00	0.32880	-21.85988	0.000	1.130	0.000	0.000	0.000	0.000	0.000
218	52921	2	0.716	7.00	0.30608	-21.67158	0.000	1.716	0.000	0.000	0.000	0.000	-1.000
219	52965	1	2.826	8.00	0.31241	-21.62859	0.000	1.826	0.000	0.000	0.000	0.000	1.000
220	53133	1	5.426	9.00	0.30256	-21.46482	0.000	4.426	0.000	0.000	0.000	0.000	1.000
221	53206	2	0.153	9.00	0.31050	-21.30945	0.000	1.153	0.000	0.000	0.000	0.000	-1.000
222	53445	2	2.031	9.00	0.29968	-21.13832	0.000	3.031	0.000	0.000	0.000	0.000	-1.000
223	53475	2	0.218	9.00	0.30980	-20.94103	0.000	1.218	0.000	0.000	0.000	0.000	-1.000
224	53537	1	2.626	10.00	0.29023	-20.91034	0.000	1.626	0.000	0.000	0.000	0.000	1.000
225	53686	4	2.005	10.00	0.28411	-20.79630	0.000	2.005	0.000	0.000	0.000	0.000	0.000
226	53748	2	0.801	10.00	0.29913	-20.67719	0.000	1.801	0.000	0.000	0.000	0.000	-1.000
227	53837	2	0.101	10.00	0.29736	-20.57066	0.000	1.101	0.000	0.000	0.000	0.000	-1.000
228	53948	2	-1.041	10.00	0.29337	-20.45699	0.000	-0.041	0.000	0.000	0.000	0.000	-1.000
229	54056	2	0.229	10.00	0.27601	-20.34028	0.000	1.229	0.000	0.000	0.000	0.000	-1.000
230	54092	1	2.708	11.00	0.30868	-20.26636	0.000	1.708	0.000	0.000	0.000	0.000	1.000
231	54246	4	3.997	11.00	0.29204	-20.15027	0.000	3.997	0.000	0.000	0.000	0.000	0.000
232	54280	1	2.708	12.00	0.30373	-20.04361	0.000	1.708	0.000	0.000	0.000	0.000	1.000
233	54312	2	-0.987	12.00	0.34640	-20.00738	0.000	0.013	0.000	0.000	0.000	0.000	-1.000
234	54468	2	-1.145	12.00	0.29757	-19.88487	0.000	-0.145	0.000	0.000	0.000	0.000	-1.000
235	54623	4	1.327	12.00	0.29614	-19.71894	0.000	1.327	0.000	0.000	0.000	0.000	0.000
236	54701	2	1.023	12.00	0.31762	-19.57228	0.000	2.023	0.000	0.000	0.000	0.000	-1.000
237	54962	4	-0.355	12.00	0.26549	-19.39246	0.000	-0.355	0.000	0.000	0.000	0.000	0.000
238	55117	1	2.721	13.00	0.25404	-19.17401	0.000	1.721	0.000	0.000	0.000	0.000	1.000
239	55148	2	-0.746	13.00	0.27801	-19.04913	0.000	0.254	0.000	0.000	0.000	0.000	-1.000
240	55189	2	-0.497	13.00	0.28937	-19.03249	0.000	0.503	0.000	0.000	0.000	0.000	-1.000
241	55295	2	0.123	13.00	0.29029	-18.94596	0.000	1.123	0.000	0.000	0.000	0.000	-1.000
242	55384	2	0.677	13.00	0.26307	-18.83725	0.000	1.677	0.000	0.000	0.000	0.000	-1.000
243	55417	2	1.515	13.00	0.25313	-18.76730	0.000	2.515	0.000	0.000	0.000	0.000	-1.000
244	55561	4	-0.430	13.00	0.26052	-18.67886	0.000	-0.430	0.000	0.000	0.000	0.000	0.000
245	55688	1	3.780	14.00	0.27975	-18.54812	0.000	2.780	0.000	0.000	0.000	0.000	1.000
246	55745	2	1.436	14.00	0.23718	-18.45877	0.000	2.436	0.000	0.000	0.000	0.000	-1.000
247	55908	4	-0.166	14.00	0.28960	-18.32926	0.000	-0.166	0.000	0.000	0.000	0.000	0.000
248	56061	4	1.345	14.00	0.26550	-18.15284	0.000	1.345	0.000	0.000	0.000	0.000	0.000
249	56093	2	-1.330	14.00	0.25593	-18.04642	0.000	-0.330	0.000	0.000	0.000	0.000	-1.000
250	56132	2	0.319	14.00	0.27522	-18.01495	0.000	1.319	0.000	0.000	0.000	0.000	-1.000
251	56215	2	3.422	14.00	0.26637	-17.96363	0.000	4.422	0.000	0.000	0.000	0.000	-1.000
252	56333	2	-1.399	14.00	0.25521	-17.87222	0.000	-0.399	0.000	0.000	0.000	0.000	-1.000
253	56454	4	3.081	14.00	0.28427	-17.73755	0.000	3.081	0.000	0.000	0.000	0.000	0.000
254	56534	2	0.881	14.00	0.23897	-17.64069	0.000	1.881	0.000	0.000	0.000	0.000	-1.000
255	56701	4	1.227	14.00	0.25018	-17.50449	0.000	1.227	0.000	0.000	0.000	0.000	0.000
256	56855	4	5.037	13.00	0.22792	-17.34605	0.000	5.037	0.000	0.000	0.000	0.000	0.000
257	56890	2	-0.228	13.00	0.24613	-17.25704	0.000	0.772	0.000	0.000	0.000	0.000	-1.000
258	56925	2	-0.758	12.00	0.28055	-17.22024	0.000	0.242	0.000	0.000	0.000	0.000	-1.000
259	56966	2	-1.365	12.00	0.24016	-17.17535	0.000	-0.365	0.000	0.000	0.000	0.000	-1.000
260	57030	2	1.439	12.00	0.21240	-17.12801	0.000	2.439	0.000	0.000	0.000	0.000	-1.000
261	57189	4	4.240	12.00	0.26128	-17.03554	0.000	4.240	0.000	0.000	0.000	0.000	0.000
262	57368	4	0.921	12.00	0.26481	-16.85459	0.000	0.921	0.000	0.000	0.000	0.000	0.000
263	57473	1	2.758	13.00	0.22296	-16.74212	0.000	1.758	0.000	0.000	0.000	0.000	1.000
264	57640	4	2.351	13.00	0.24503	-16.59189	0.000	2.351	0.000	0.000	0.000	0.000	0.000
265	57719	1	5.102	14.00	0.25086	-16.48595	0.000	4.102	0.000	0.000	0.000	0.000	1.000
266	57904	4	4.937	14.00	0.22589	-16.35566	0.000	4.937	0.000	0.000	0.000	0.000	0.000
267	57944	1	2.615	15.00	0.21590	-16.24858	0.000	1.615	0.000	0.000	0.000	0.000	1.000
268	58116	4	1.976	15.00	0.22968	-16.16283	0.000	1.976	0.000	0.000	0.000	0.000	0.000
269	58161	2	0.953	14.00	0.24418	-16.04270	0.000	1.953	0.000	0.000	0.000	0.000	-1.000
270	58333	4	5.185	14.00	0.22239	-15.95061	0.000	5.185	0.000	0.000	0.000	0.000	0.000
271	58518	4	1.500	14.00	0.22729	-15.78870	0.000	1.500	0.000	0.000	0.000	0.000	0.000
272	58681	2	1.985	14.00	0.20926	-15.63713	0.000	2.985	0.000	0.000	0.000	0.000	-1.000
273	58719	1	2.668	15.00	0.20947	-15.54962	0.000	1.668	0.000	0.000	0.000	0.000	1.000
274	58801	2	0.031	15.00	0.21704	-15.48751	0.000	1.031	0.000	0.000	0.000	0.000	-1.000
275	58927	2	0.183	15.00	0.22026	-15.38843	0.000	1.183	0.000	0.000	0.000	0.000	-1.000
276	59081	4	3.261	14.00	0.21048	-15.26901	0.000	3.261	0.000	0.000	0.000	0.000	0.000
277	59136	1	3.721	15.00	0.25356	-15.16119	0.000	2.721	0.000	0.000	0.000	0.000	1.000
278	59189	2	0.570	15.00	0.17589	-15.14656	0.000	1.570	0.000	0.000	0.000	0.000	-1.000
279	59219	5	-0.247	15.00	0.23392	-15.08860	0.000	-0.247	0.000	0.000	0.000	0.000	0.000
280	59369	4	0.361	14.00	0.20742	-15.03004	0.000	0.361	0.000	0.000	0.000	0.000	0.000
281	59543	4	0.751	14.00	0.20998	-14.86871	0.000	0.751	0.000	0.000	0.000	0.000	0.000
282	59709	4	0.640	14.00	0.21241	-14.72195	0.000	0.640	0.000	0.000	0.000	0.000	0.000
283	59740	1	2.691	15.00	0.18134	-14.65055	0.000	1.691	0.000	0.000	0.000	0.000	1.000
284	59803	2	2.092	15.00	0.20670	-14.60278	0.000	3.092	0.000	0.000	0.000	0.000	-1.000
285	59940	2	1.366	15.00	0.19964	-14.52189	0.000	2.366	0.000	0.000	0.000	0.000	-1.000
286	60083	4	4.633	15.00	0.19997	-14.41635	0.000	4.633	0.000	0.000	0.000	0.000	0.000
287	60155	2	0.530	15.00	0.21805	-14.33599	0.000	1.530	0.000	0.000	0.000	0.000	-1.000
288	60292	4	0.983	15.00	0.18800	-14.22877	0.000	0.983	0.000	0.000	0.000	0.000	0.000
289	60362	2	0.283	15.00	0.19891	-14.15008	0.000	1.283	0.000	0.000	0.000	0.000	-1.000
290	60516	4	5.188	15.00	0.20589	-14.05618	0.000	5.188	0.000	0.000	0.000	0.000	0.000
291	60664	4	2.017	15.00	0.18618	-13.93512	0.000	2.017	0.000	0.000	0.000	0.000	0.000
292	60729	2	-0.740	15.00	0.20558	-13.85210	0.000	0.260	0.000	0.000	0.000	0.000	-1.000
293	60872	4	1.490	15.00	0.20270	-13.76360	0.000	1.490	0.000	0.000	0.000	0.000	0.000
294	60940	2	0.897	14.00	0.19513	-13.67888	0.000	1.897	0.000	0.000	0.000	0.000	-1.000
295	60970	5	-0.164	14.00	0.21451	-13.63768	0.000	-0.164	0.000	0.000	0.000	0.000	0.000
296	61000	5	0.340	14.00	0.20456	-13.62538	0.000	0.340	0.000	0.000	0.000	0.000	0.000
297	61032	5	0.991	14.00	0.18808	-13.59166	0.000	0.991	0.000	0.000	0.000	0.000	0.000
298	61105	1	2.740	15.00	0.18420	-13.54615	0.000	1.740	0.000	0.000	0.000	0.000	1.000
299	61254	4	1.896	15.00	0.19151	-13.46338	0.000	1.896	0.000	0.000	0.000	0.000	0.000
300	61295	2	0.358	15.00	0.18550	-13.39918	0.000	1.358	0.000	0.000	0.000	0.000	-1.000
301	61465	4	1.847	15.00	0.19668	-13.29981	0.000	1.847	0.000	0.000	0.000	0.000	0.000
302	61616	4	4.673	14.00	0.16635	-13.18476	0.000	4.673	0.000	0.000	0.000	0.000	0.000
303	61762	4	0.474	14.00	0.18836	-13.07831	0.000	0.474	0.000	0.000	0.000	0.000	0.000
304	61812	2	-0.111	14.00	0.18721	-12.99434	0.000	0.889	0.000	0.000	0.000	0.000	-1.000
305	61843	2	-0.389	14.00	0.19262	-12.96097	0.000	0.611	0.000	0.000	0.000	0.000	-1.000
306	61995	4	4.080	14.00	0.16432	-12.89314	0.000	4.080	0.000	0.000	0.000	0.000	0.000
307	62143	4	2.091	14.00	0.17658	-12.78658	0.000	2.091	0.000	0.000	0.000	0.000	0.000
308	62200	1	2.628	15.00	0.17555	-12.70651	0.000	1.628	0.000	0.000	0.000	0.000	1.000
309	62277	1	4.755	16.00	0.17534	-12.65373	0.000	3.755	0.000	0.000	0.000	0.000	1.000
310	62458	4	0.688	16.00	0.16248	-12.57426	0.000	0.688	0.000	0.000	0.000	0.000	0.000
311	62528	2	1.115	16.00	0.14848	-12.47051	0.000	2.115	0.000	0.000	0.000	0.000	-1.000
312	62558	1	2.789	17.00	0.18783	-12.43769	0.000	1.789	0.000	0.000	0.000	0.000	1.000
313	62588	2	0.110	17.00	0.18650	-12.40091	0.000	1.110	0.000	0.000	0.000	0.000	-1.000
314	62694	2	3.402	17.00	0.18441	-12.37341	0.000	4.402	0.000	0.000	0.000	0.000	-1.000
315	62725	1	2.604	18.00	0.15705	-12.34120	0.000	1.604	0.000	0.000	0.000	0.000	1.000
316	62780	1	3.718	19.00	0.15080	-12.29606	0.000	2.718	0.000	0.000	0.000	0.000	1.000
317	62840	2	-1.236	19.00	0.17906	-12.25099	0.000	-0.236	0.000	0.000	0.000	0.000	-1.000
318	62874	2	-0.378	19.00	0.16232	-12.22164	0.000	0.622	0.000	0.000	0.000	0.000	-1.000
319	62947	2	-0.244	18.00	0.18197	-12.17650	0.000	0.756	0.000	0.000	0.000	0.000	-1.000
320	63110	4	0.641	17.00	0.18149	-12.09206	0.000	0.641	0.000	0.000	0.000	0.000	0.000
321	63203	1	4.771	18.00	0.17467	-12.00519	0.000	3.771	0.000	0.000	0.000	0.000	1.000
322	63251	2	0.292	18.00	0.14189	-11.94807	0.000	1.292	0.000	0.000	0.000	0.000	-1.000
323	63281	2	-0.862	18.00	0.14771	-11.92552	0.000	0.138	0.000	0.000	0.000	0.000	-1.000
324	63312	5	-0.156	17.00	0.17788	-11.89315	0.000	-0.156	0.000	0.000	0.000	0.000	0.000
325	63359	1	2.800	18.00	0.16309	-11.88491	0.000	1.800	0.000	0.000	0.000	0.000	1.000
326	63407	1	3.345	19.00	0.16863	-11.83647	0.000	2.345	0.000	0.000	0.000	0.000	1.000
327	63461	2	1.786	19.00	0.16655	-11.80799	0.000	2.786	0.000	0.000	0.000	0.000	-1.000
328	63604	1	6.300	20.00	0.17073	-11.73531	0.000	5.300	0.000	0.000	0.000	0.000	1.000
329	63694	2	1.729	20.00	0.16941	-11.65879	0.000	2.729	0.000	0.000	0.000	0.000	-1.000
330	63724	1	2.833	20.00	0.19912	-11.60785	0.000	1.833	0.000	0.000	0.000	0.000	1.000
331	63875	4	4.296	20.00	0.16625	-11.55107	0.000	4.296	0.000	0.000	0.000	0.000	0.000
332	63948	2	1.053	19.00	0.15556	-11.48007	0.000	2.053	0.000	0.000	0.000	0.000	-1.000
333	64062	2	2.264	19.00	0.17363	-11.40338	0.000	3.264	0.000	0.000	0.000	0.000	-1.000
334	64092	1	2.649	20.00	0.16850	-11.36520	0.000	1.649	0.000	0.000	0.000	0.000	1.000
335	64130	2	0.198	20.00	0.17575	-11.33582	0.000	1.198	0.000	0.000	0.000	0.000	-1.000
336	64325	4	0.828	20.00	0.16567	-11.26414	0.000	0.828	0.000	0.000	0.000	0.000	0.000
337	64373	1	2.745	21.00	0.15527	-11.18307	0.000	1.745	0.000	0.000	0.000	0.000	1.000
338	64573	4	3.048	20.00	0.16544	-11.10123	0.000	3.048	0.000	0.000	0.000	0.000	0.000
339	64743	4	1.161	20.00	0.15123	-10.98155	0.000	1.161	0.000	0.000	0.000	0.000	0.000
340	64844	2	0.727	20.00	0.15371	-10.90107	0.000	1.727	0.000	0.000	0.000	0.000	-1.000
341	64958	1	2.692	21.00	0.15462	-10.82340	0.000	1.692	0.000	0.000	0.000	0.000	1.000
342	65012	1	3.915	22.00	0.13926	-10.78503	0.000	2.915	0.000	0.000	0.000	0.000	1.000
343	65081	2	-0.022	22.00	0.14321	-10.74177	0.000	0.978	0.000	0.000	0.000	0.000	-1.000
344	65119	2	-0.166	22.00	0.14931	-10.70127	0.000	0.834	0.000	0.000	0.000	0.000	-1.000
345	65156	1	2.705	22.00	0.13411	-10.67704	0.000	1.705	0.000	0.000	0.000	0.000	1.000
346	65354	4	0.345	22.00	0.14730	-10.60811	0.000	0.345	0.000	0.000	0.000	0.000	0.000
347	65470	2	1.478	22.00	0.14191	-10.51238	0.000	2.478	0.000	0.000	0.000	0.000	-1.000
348	65535	2	0.477	22.00	0.15701	-10.45807	0.000	1.477	0.000	0.000	0.000	0.000	-1.000
349	65823	4	1.538	22.00	0.14741	-10.34035	0.000	1.538	0.000	0.000	0.000	0.000	0.000
350	65856	2	-0.938	22.00	0.15204	-10.24241	0.000	0.062	0.000	0.000	0.000	0.000	-1.000
351	65915	1	3.800	23.00	0.15010	-10.22415	0.000	2.800	0.000	0.000	0.000	0.000	1.000
352	66140	2	2.140	23.00	0.15156	-10.12467	0.000	3.140	0.000	0.000	0.000	0.000	-1.000
353	66287	4	0.844	23.00	0.14387	-10.01858	0.000	0.844	0.000	0.000	0.000	0.000	0.000
354	66428	4	4.948	23.00	0.13268	-9.93282	0.000	4.948	0.000	0.000	0.000	0.000	0.000
355	66509	1	3.518	24.00	0.14800	-9.86486	0.000	2.518	0.000	0.000	0.000	0.000	1.000
356	66658	4	5.040	24.00	0.13650	-9.80243	0.000	5.040	0.000	0.000	0.000	0.000	0.000
357	66695	2	-0.346	24.00	0.13185	-9.73844	0.000	0.654	0.000	0.000	0.000	0.000	-1.000
358	66841	4	0.411	24.00	0.12876	-9.68454	0.000	0.411	0.000	0.000	0.000	0.000	0.000
359	66879	1	3.760	25.00	0.14183	-9.64478	0.000	2.760	0.000	0.000	0.000	0.000	1.000
360	66924	2	1.403	25.00	0.12312	-9.61506	0.000	2.403	0.000	0.000	0.000	0.000	-1.000
361	66963	2	0.340	25.00	0.16053	-9.57797	0.000	1.340	0.000	0.000	0.000	0.000	-1.000
362	66999	1	2.614	26.00	0.13965	-9.55045	0.000	1.614	0.000	0.000	0.000	0.000	1.000
363	67029	2	0.482	25.00	0.12844	-9.54148	0.000	1.482	0.000	0.000	0.000	0.000	-1.000
364	67170	4	1.193	25.00	0.14452	-9.49429	0.000	1.193	0.000	0.000	0.000	0.000	0.000
365	67310	4	4.619	24.00	0.13406	-9.42428	0.000	4.619	0.000	0.000	0.000	0.000	0.000
366	67414	2	-0.291	24.00	0.12789	-9.35255	0.000	0.709	0.000	0.000	0.000	0.000	-1.000
367	67444	1	2.713	24.00	0.10873	-9.32589	0.000	1.713	0.000	0.000	0.000	0.000	1.000
368	67597	4	3.839	24.00	0.12757	-9.25376	0.000	3.839	0.000	0.000	0.000	0.000	0.000
369	67750	4	3.773	24.00	0.13423	-9.17423	0.000	3.773	0.000	0.000	0.000	0.000	0.000
370	67985	4	0.073	24.00	0.12200	-9.06992	0.000	0.073	0.000	0.000	0.000	0.000	0.000
371	68070	2	2.864	24.00	0.13196	-8.98624	0.000	3.864	0.000	0.000	0.000	0.000	-1.000
372	68142	1	2.774	25.00	0.12056	-8.94126	0.000	1.774	0.000	0.000	0.000	0.000	1.000
373	68289	4	4.127	24.00	0.13386	-8.87895	0.000	4.127	0.000	0.000	0.000	0.000	0.000
374	68324	2	-0.364	24.00	0.13504	-8.83568	0.000	0.636	0.000	0.000	0.000	0.000	-1.000
375	68375	1	3.955	25.00	0.12633	-8.80931	0.000	2.955	0.000	0.000	0.000	0.000	1.000
376	68405	2	-0.437	25.00	0.12551	-8.78638	0.000	0.563	0.000	0.000	0.000	0.000	-1.000
377	68475	1	3.478	25.00	0.12853	-8.76125	0.000	2.478	0.000	0.000	0.000	0.000	1.000
378	68542	1	4.816	26.00	0.13473	-8.72288	0.000	3.816	0.000	0.000	0.000	0.000	1.000
379	68644	2	-0.738	26.00	0.11720	-8.68755	0.000	0.262	0.000	0.000	0.000	0.000	-1.000
380	68723	2	0.315	26.00	0.11931	-8.62740	0.000	1.315	0.000	0.000	0.000	0.000	-1.000
381	68878	4	2.008	26.00	0.11219	-8.57150	0.000	2.008	0.000	0.000	0.000	0.000	0.000
382	69004	2	0.219	26.00	0.11514	-8.49978	0.000	1.219	0.000	0.000	0.000	0.000	-1.000
383	69077	2	1.483	25.00	0.11697	-8.45316	0.000	2.483	0.000	0.000	0.000	0.000	-1.000
384	69231	4	2.856	25.00	0.12160	-8.38969	0.000	2.856	0.000	0.000	0.000	0.000	0.000
385	69339	1	4.831	26.00	0.12673	-8.31872	0.000	3.831	0.000	0.000	0.000	0.000	1.000
386	69426	2	4.191	26.00	0.12609	-8.26772	0.000	5.191	0.000	0.000	0.000	0.000	-1.000
387	69518	2	1.749	26.00	0.11485	-8.22880	0.000	2.749	0.000	0.000	0.000	0.000	-1.000
388	69608	2	-0.712	26.00	0.10827	-8.18542	0.000	0.288	0.000	0.000	0.000	0.000	-1.000
389	69663	2	0.126	26.00	0.11475	-8.14330	0.000	1.126	0.000	0.000	0.000	0.000	-1.000
390	69836	4	5.278	26.00	0.11584	-8.08714	0.000	5.278	0.000	0.000	0.000	0.000	0.000
391	69880	1	2.704	27.00	0.11661	-8.02974	0.000	1.704	0.000	0.000	0.000	0.000	1.000
392	70028	2	1.339	27.00	0.11780	-7.98996	0.000	2.339	0.000	0.000	0.000	0.000	-1.000
393	70059	2	-0.960	27.00	0.12060	-7.93403	0.000	0.040	0.000	0.000	0.000	0.000	-1.000
394	70183	1	6.295	28.00	0.12130	-7.91111	0.000	5.295	0.000	0.000	0.000	0.000	1.000
395	70246	2	0.110	28.00	0.10752	-7.85895	0.000	1.110	0.000	0.000	0.000	0.000	-1.000
396	70354	1	6.285	29.00	0.11923	-7.82074	0.000	5.285	0.000	0.000	0.000	0.000	1.000
397	70391	2	0.179	29.00	0.10183	-7.78624	0.000	1.179	0.000	0.000	0.000	0.000	-1.000
398	70449	2	0.442	28.00	0.10116	-7.76400	0.000	1.442	0.000	0.000	0.000	0.000	-1.000
399	70490	1	2.792	29.00	0.11631	-7.73829	0.000	1.792	0.000	0.000	0.000	0.000	1.000
400	70619	2	1.770	29.00	0.10743	-7.70255	0.000	2.770	0.000	0.000	0.000	0.000	-1.000
401	70752	4	4.400	29.00	0.09892	-7.64581	0.000	4.400	0.000	0.000	0.000	0.000	0.000
402	70807	2	1.450	29.00	0.11379	-7.59025	0.000	2.450	0.000	0.000	0.000	0.000	-1.000
403	70837	1	2.774	30.00	0.09842	-7.57079	0.000	1.774	0.000	0.000	0.000	0.000	1.000
404	70984	4	4.545	30.00	0.10029	-7.54258	0.000	4.545	0.000	0.000	0.000	0.000	0.000
405	71083	2	0.238	30.00	0.11418	-7.47770	0.000	1.238	0.000	0.000	0.000	0.000	-1.000
406	71245	1	3.402	31.00	0.10428	-7.42534	0.000	2.402	0.000	0.000	0.000	0.000	1.000
407	71318	1	4.938	32.00	0.10257	-7.36876	0.000	3.938	0.000	0.000	0.000	0.000	1.000
408	71529	2	1.040	31.00	0.10060	-7.30052	0.000	2.040	0.000	0.000	0.000	0.000	-1.000
409	71716	1	2.757	31.00	0.10300	-7.21254	0.000	1.757	0.000	0.000	0.000	0.000	1.000
410	71809	1	5.307	32.00	0.10877	-7.15236	0.000	4.307	0.000	0.000	0.000	0.000	1.000
411	71920	1	4.090	33.00	0.10289	-7.11042	0.000	3.090	0.000	0.000	0.000	0.000	1.000
412	72079	2	-1.380	32.00	0.10079	-7.04804	0.000	-0.380	0.000	0.000	0.000	0.000	-1.000
413	72318	4	4.348	32.00	0.09422	-6.96519	0.000	4.348	0.000	0.000	0.000	0.000	0.000
414	72369	2	0.206	32.00	0.09425	-6.89692	0.000	1.206	0.000	0.000	0.000	0.000	-1.000
415	72399	1	2.919	32.00	0.08267	-6.88333	0.000	1.919	0.000	0.000	0.000	0.000	1.000
416	72485	2	2.690	31.00	0.09301	-6.86161	0.000	3.690	0.000	0.000	0.000	0.000	-1.000
417	72515	1	2.744	32.00	0.10076	-6.83226	0.000	1.744	0.000	0.000	0.000	0.000	1.000
418	72603	2	1.059	32.00	0.10151	-6.80495	0.000	2.059	0.000	0.000	0.000	0.000	-1.000
419	72696	2	-1.001	32.00	0.09194	-6.77600	0.000	-0.001	0.000	0.000	0.000	0.000	-1.000
420	72738	1	2.649	33.00	0.09530	-6.74303	0.000	1.649	0.000	0.000	0.000	0.000	1.000
421	72796	1	3.659	33.00	0.10634	-6.71927	0.000	2.659	0.000	0.000	0.000	0.000	1.000
422	72831	2	-0.535	33.00	0.10460	-6.70966	0.000	0.465	0.000	0.000	0.000	0.000	-1.000
423	72977	4	4.783	33.00	0.09421	-6.66612	0.000	4.783	0.000	0.000	0.000	0.000	0.000
424	73112	2	2.855	33.00	0.08864	-6.61253	0.000	3.855	0.000	0.000	0.000	0.000	-1.000
425	73166	2	0.581	32.00	0.08761	-6.57763	0.000	1.581	0.000	0.000	0.000	0.000	-1.000
426	73329	4	1.558	31.00	0.08996	-6.52439	0.000	1.558	0.000	0.000	0.000	0.000	0.000
427	73439	2	0.936	31.00	0.09093	-6.47190	0.000	1.936	0.000	0.000	0.000	0.000	-1.000
428	73495	1	3.554	31.00	0.08770	-6.44855	0.000	2.554	0.000	0.000	0.000	0.000	1.000
429	73703	4	4.019	31.00	0.08764	-6.38184	0.000	4.019	0.000	0.000	0.000	0.000	0.000
430	73751	1	3.508	31.00	0.10189	-6.33305	0.000	2.508	0.000	0.000	0.000	0.000	1.000
431	73781	2	0.098	31.00	0.09442	-6.31906	0.000	1.098	0.000	0.000	0.000	0.000	-1.000
432	73903	2	-0.130	31.00	0.09483	-6.28652	0.000	0.870	0.000	0.000	0.000	0.000	-1.000
433	74030	2	2.014	31.00	0.08393	-6.24210	0.000	3.014	0.000	0.000	0.000	0.000	-1.000
434	74181	4	1.469	30.00	0.08652	-6.19131	0.000	1.469	0.000	0.000	0.000	0.000	0.000
435	74318	1	6.288	31.00	0.08538	-6.13370	0.000	5.288	0.000	0.000	0.000	0.000	1.000
436	74351	2	-0.462	31.00	0.08478	-6.09896	0.000	0.538	0.000	0.000	0.000	0.000	-1.000
437	74381	2	0.213	30.00	0.08861	-6.08478	0.000	1.213	0.000	0.000	0.000	0.000	-1.000
438	74413	5	0.160	30.00	0.08850	-6.07823	0.000	0.160	0.000	0.000	0.000	0.000	0.000
439	74446	5	-0.076	30.00	0.07735	-6.06345	0.000	-0.076	0.000	0.000	0.000	0.000	0.000
440	74496	5	0.919	30.00	0.08532	-6.04622	0.000	0.919	0.000	0.000	0.000	0.000	0.000
441	74529	2	1.158	29.00	0.08964	-6.03005	0.000	2.158	0.000	0.000	0.000	0.000	-1.000
442	74585	2	2.791	28.00	0.09147	-6.02086	0.000	3.791	0.000	0.000	0.000	0.000	-1.000
443	74671	2	-0.115	28.00	0.09063	-5.99258	0.000	0.885	0.000	0.000	0.000	0.000	-1.000
444	74785	2	0.392	28.00	0.08188	-5.95618	0.000	1.392	0.000	0.000	0.000	0.000	-1.000
445	74880	2	1.976	27.00	0.08223	-5.91326	0.000	2.976	0.000	0.000	0.000	0.000	-1.000
446	74910	1	2.636	28.00	0.07449	-5.88819	0.000	1.636	0.000	0.000	0.000	0.000	1.000
447	74951	2	-0.056	28.00	0.09609	-5.87908	0.000	0.944	0.000	0.000	0.000	0.000	-1.000
448	75067	2	-0.729	28.00	0.08235	-5.84115	0.000	0.271	0.000	0.000	0.000	0.000	-1.000
449	75097	1	2.719	29.00	0.08275	-5.82054	0.000	1.719	0.000	0.000	0.000	0.000	1.000
450	75233	4	2.545	29.00	0.08633	-5.78349	0.000	2.545	0.000	0.000	0.000	0.000	0.000
451	75271	1	3.729	29.00	0.08412	-5.75507	0.000	2.729	0.000	0.000	0.000	0.000	1.000
452	75409	4	2.527	29.00	0.08074	-5.72642	0.000	2.527	0.000	0.000	0.000	0.000	0.000
453	75544	4	0.971	29.00	0.07798	-5.67628	0.000	0.971	0.000	0.000	0.000	0.000	0.000
454	75592	2	0.274	29.00	0.07235	-5.64402	0.000	1.274	0.000	0.000	0.000	0.000	-1.000
455	75635	2	0.728	28.00	0.08031	-5.62860	0.000	1.728	0.000	0.000	0.000	0.000	-1.000
456	75777	1	6.301	29.00	0.07777	-5.59832	0.000	5.301	0.000	0.000	0.000	0.000	1.000
457	75807	2	-0.898	29.00	0.07894	-5.56692	0.000	0.102	0.000	0.000	0.000	0.000	-1.000
458	75907	2	1.532	29.00	0.07456	-5.54647	0.000	2.532	0.000	0.000	0.000	0.000	-1.000
459	75937	5	0.285	28.00	0.08259	-5.52122	0.000	0.285	0.000	0.000	0.000	0.000	0.000
460	76032	2	2.664	28.00	0.07823	-5.49555	0.000	3.664	0.000	0.000	0.000	0.000	-1.000
461	76181	4	1.273	28.00	0.08248	-5.45076	0.000	1.273	0.000	0.000	0.000	0.000	0.000
462	76268	1	2.704	28.00	0.07380	-5.42134	0.000	1.704	0.000	0.000	0.000	0.000	1.000
463	76373	1	5.236	29.00	0.07742	-5.37631	0.000	4.236	0.000	0.000	0.000	0.000	1.000
464	76443	1	4.476	30.00	0.08153	-5.34078	0.000	3.476	0.000	0.000	0.000	0.000	1.000
465	76587	2	2.164	30.00	0.07715	-5.31160	0.000	3.164	0.000	0.000	0.000	0.000	-1.000
466	76622	1	2.753	31.00	0.06921	-5.27978	0.000	1.753	0.000	0.000	0.000	0.000	1.000
467	76664	1	3.733	31.00	0.07773	-5.26461	0.000	2.733	0.000	0.000	0.000	0.000	1.000
468	76823	4	2.265	31.00	0.08217	-5.23069	0.000	2.265	0.000	0.000	0.000	0.000	0.000
469	76870	2	0.071	31.00	0.06319	-5.20742	0.000	1.071	0.000	0.000	0.000	0.000	-1.000
470	76975	2	1.607	31.00	0.07674	-5.17566	0.000	2.607	0.000	0.000	0.000	0.000	-1.000
471	77083	2	2.483	31.00	0.07779	-5.13782	0.000	3.483	0.000	0.000	0.000	0.000	-1.000
472	77132	1	3.934	31.00	0.08098	-5.10900	0.000	2.934	0.000	0.000	0.000	0.000	1.000
473	77183	2	0.454	31.00	0.07885	-5.08841	0.000	1.454	0.000	0.000	0.000	0.000	-1.000
474	77214	1	2.723	32.00	0.07957	-5.09138	0.000	1.723	0.000	0.000	0.000	0.000	1.000
475	77361	4	5.070	31.00	0.07470	-5.05134	0.000	5.070	0.000	0.000	0.000	0.000	0.000
476	77444	2	2.713	31.00	0.06868	-5.01398	0.000	3.713	0.000	0.000	0.000	0.000	-1.000
477	77616	4	4.577	30.00	0.06966	-4.97851	0.000	4.577	0.000	0.000	0.000	0.000	0.000
478	77809	4	1.559	29.00	0.06716	-4.91373	0.000	1.559	0.000	0.000	0.000	0.000	0.000
479	77877	2	-0.240	29.00	0.06472	-4.87108	0.000	0.760	0.000	0.000	0.000	0.000	-1.000
480	77922	1	2.773	30.00	0.07086	-4.84569	0.000	1.773	0.000	0.000	0.000	0.000	1.000
481	77979	2	2.197	30.00	0.07345	-4.83635	0.000	3.197	0.000	0.000	0.000	0.000	-1.000
482	78063	2	2.243	30.00	0.07009	-4.81341	0.000	3.243	0.000	0.000	0.000	0.000	-1.000
483	78246	2	2.265	30.00	0.06778	-4.77253	0.000	3.265	0.000	0.000	0.000	0.000	-1.000
484	78276	1	2.702	31.00	0.07564	-4.73448	0.000	1.702	0.000	0.000	0.000	0.000	1.000
485	78324	2	0.932	30.00	0.07120	-4.72707	0.000	1.932	0.000	0.000	0.000	0.000	-1.000
486	78445	1	3.411	31.00	0.06796	-4.70354	0.000	2.411	0.000	0.000	0.000	0.000	1.000
487	78504	2	1.703	31.00	0.06597	-4.67072	0.000	2.703	0.000	0.000	0.000	0.000	-1.000
488	78572	2	2.313	31.00	0.06089	-4.65659	0.000	3.313	0.000	0.000	0.000	0.000	-1.000
489	78608	2	0.469	31.00	0.07706	-4.64173	0.000	1.469	0.000	0.000	0.000	0.000	-1.000
490	78718	2	2.452	31.00	0.06784	-4.61748	0.000	3.452	0.000	0.000	0.000	0.000	-1.000
491	78756	1	2.695	31.00	0.06499	-4.59454	0.000	1.695	0.000	0.000	0.000	0.000	1.000
492	78926	4	0.611	31.00	0.06522	-4.56124	0.000	0.611	0.000	0.000	0.000	0.000	0.000
493	79020	1	6.347	32.00	0.06636	-4.52087	0.000	5.347	0.000	0.000	0.000	0.000	1.000
494	79099	1	6.418	32.00	0.05697	-4.50405	0.000	5.418	0.000	0.000	0.000	0.000	1.000
495	79275	4	7.926	32.00	0.06310	-4.45861	0.000	7.926	0.000	0.000	0.000	0.000	0.000
496	79322	1	2.708	32.00	0.05830	-4.43894	0.000	1.708	0.000	0.000	0.000	0.000	1.000
497	79502	4	2.199	32.00	0.05779	-4.39320	0.000	2.199	0.000	0.000	0.000	0.000	0.000
498	79534	1	2.771	33.00	0.05097	-4.37339	0.000	1.771	0.000	0.000	0.000	0.000	1.000
499	79665	1	6.632	33.00	0.06089	-4.34260	0.000	5.632	0.000	0.000	0.000	0.000	1.000
500	79838	4	5.292	33.00	0.05936	-4.29069	0.000	5.292	0.000	0.000	0.000	0.000	0.000
501	79868	2	-0.062	33.00	0.05664	-4.28058	0.000	0.938	0.000	0.000	0.000	0.000	-1.000
502	79898	2	1.243	33.00	0.07404	-4.25427	0.000	2.243	0.000	0.000	0.000	0.000	-1.000
503	80005	2	0.800	32.00	0.05814	-4.24094	0.000	1.800	0.000	0.000	0.000	0.000	-1.000
504	80041	1	2.703	33.00	0.06618	-4.21821	0.000	1.703	0.000	0.000	0.000	0.000	1.000
505	80210	1	6.447	34.00	0.06237	-4.18998	0.000	5.447	0.000	0.000	0.000	0.000	1.000
506	80248	2	0.157	33.00	0.06145	-4.16131	0.000	1.157	0.000	0.000	0.000	0.000	-1.000
507	80278	5	0.351	32.00	0.05241	-4.16091	0.000	0.351	0.000	0.000	0.000	0.000	0.000
508	80308	5	0.170	32.00	0.06390	-4.13699	0.000	0.170	0.000	0.000	0.000	0.000	0.000
509	80340	5	0.685	31.00	0.05916	-4.13026	0.000	0.685	0.000	0.000	0.000	0.000	0.000
510	80387	1	2.647	31.00	0.06015	-4.12792	0.000	1.647	0.000	0.000	0.000	0.000	1.000
511	80437	2	0.414	30.00	0.05449	-4.10934	0.000	1.414	0.000	0.000	0.000	0.000	-1.000
512	80469	1	2.614	31.00	0.05917	-4.09783	0.000	1.614	0.000	0.000	0.000	0.000	1.000
513	80629	4	3.663	31.00	0.06049	-4.07163	0.000	3.663	0.000	0.000	0.000	0.000	0.000
514	80718	1	5.630	32.00	0.05610	-4.03965	0.000	4.630	0.000	0.000	0.000	0.000	1.000
515	80826	2	4.900	31.00	0.05584	-4.01177	0.000	5.900	0.000	0.000	0.000	0.000	-1.000
516	80873	2	1.338	31.00	0.05565	-3.99862	0.000	2.338	0.000	0.000	0.000	0.000	-1.000
517	81026	4	2.653	30.00	0.05217	-3.96993	0.000	2.653	0.000	0.000	0.000	0.000	0.000
518	81173	4	2.503	30.00	0.05609	-3.92818	0.000	2.503	0.000	0.000	0.000	0.000	0.000
519	81338	1	5.090	31.00	0.05347	-3.88271	0.000	4.090	0.000	0.000	0.000	0.000	1.000
520	81489	4	-0.082	30.00	0.05804	-3.83759	0.000	-0.082	0.000	0.000	0.000	0.000	0.000
521	81575	1	5.127	30.00	0.05687	-3.80512	0.000	4.127	0.000	0.000	0.000	0.000	1.000
522	81605	5	0.264	30.00	0.05119	-3.79098	0.000	0.264	0.000	0.000	0.000	0.000	0.000
523	81635	5	0.599	30.00	0.05343	-3.78352	0.000	0.599	0.000	0.000	0.000	0.000	0.000
524	81673	5	1.034	30.00	0.05059	-3.78250	0.000	1.034	0.000	0.000	0.000	0.000	0.000
525	81773	1	6.289	31.00	0.04792	-3.76414	0.000	5.289	0.000	0.000	0.000	0.000	1.000
526	81810	2	0.963	31.00	0.04781	-3.74546	0.000	1.963	0.000	0.000	0.000	0.000	-1.000
527	81876	1	3.949	32.00	0.05509	-3.73024	0.000	2.949	0.000	0.000	0.000	0.000	1.000
528	81922	2	0.520	31.00	0.05962	-3.70923	0.000	1.520	0.000	0.000	0.000	0.000	-1.000
529	82011	1	5.075	32.00	0.05606	-3.70045	0.000	4.075	0.000	0.000	0.000	0.000	1.000
530	82121	1	6.494	32.00	0.05048	-3.67222	0.000	5.494	0.000	0.000	0.000	0.000	1.000
531	82209	2	1.295	32.00	0.05595	-3.65232	0.000	2.295	0.000	0.000	0.000	0.000	-1.000
532	82461	4	3.228	32.00	0.05246	-3.60416	0.000	3.228	0.000	0.000	0.000	0.000	0.000
533	82512	2	0.727	32.00	0.04932	-3.56693	0.000	1.727	0.000	0.000	0.000	0.000	-1.000
534	82706	1	5.073	33.00	0.04794	-3.54029	0.000	4.073	0.000	0.000	0.000	0.000	1.000
535	82738	2	-0.057	32.00	0.05161	-3.51375	0.000	0.943	0.000	0.000	0.000	0.000	-1.000
536	82814	2	2.716	32.00	0.04512	-3.50335	0.000	3.716	0.000	0.000	0.000	0.000	-1.000
537	82861	1	3.445	33.00	0.04963	-3.49178	0.000	2.445	0.000	0.000	0.000	0.000	1.000
538	82959	2	3.384	33.00	0.05197	-3.47001	0.000	4.384	0.000	0.000	0.000	0.000	-1.000
539	83041	1	4.753	34.00	0.04758	-3.44968	0.000	3.753	0.000	0.000	0.000	0.000	1.000
540	83071	2	0.082	34.00	0.05049	-3.43070	0.000	1.082	0.000	0.000	0.000	0.000	-1.000
541	83134	2	1.469	34.00	0.04406	-3.42442	0.000	2.469	0.000	0.000	0.000	0.000	-1.000
542	83191	1	2.806	35.00	0.04473	-3.40558	0.000	1.806	0.000	0.000	0.000	0.000	1.000
543	83321	1	4.740	36.00	0.04483	-3.38961	0.000	3.740	0.000	0.000	0.000	0.000	1.000
544	83464	2	3.398	36.00	0.04480	-3.35639	0.000	4.398	0.000	0.000	0.000	0.000	-1.000
545	83594	1	5.002	37.00	0.05096	-3.32595	0.000	4.002	0.000	0.000	0.000	0.000	1.000
546	83667	2	-0.692	36.00	0.04977	-3.30306	0.000	0.308	0.000	0.000	0.000	0.000	-1.000
547	83723	2	1.073	36.00	0.05022	-3.27884	0.000	2.073	0.000	0.000	0.000	0.000	-1.000
548	83824	2	1.722	36.00	0.04339	-3.26621	0.000	2.722	0.000	0.000	0.000	0.000	-1.000
549	83904	2	-0.334	35.00	0.04969	-3.24735	0.000	0.666	0.000	0.000	0.000	0.000	-1.000
550	83949	2	1.623	35.00	0.04529	-3.23501	0.000	2.623	0.000	0.000	0.000	0.000	-1.000
551	84024	2	0.856	34.00	0.04055	-3.22991	0.000	1.856	0.000	0.000	0.000	0.000	-1.000
552	84165	2	-0.667	34.00	0.04258	-3.20053	0.000	0.333	0.000	0.000	0.000	0.000	-1.000
553	84216	1	3.849	35.00	0.04657	-3.17460	0.000	2.849	0.000	0.000	0.000	0.000	1.000
554	84277	2	1.262	35.00	0.03714	-3.16625	0.000	2.262	0.000	0.000	0.000	0.000	-1.000
555	84307	1	2.857	36.00	0.04065	-3.16258	0.000	1.857	0.000	0.000	0.000	0.000	1.000
556	84350	2	0.618	35.00	0.04636	-3.14536	0.000	1.618	0.000	0.000	0.000	0.000	-1.000
557	84553	4	4.996	35.00	0.04388	-3.11671	0.000	4.996	0.000	0.000	0.000	0.000	0.000
558	84606	2	1.261	35.00	0.04011	-3.09907	0.000	2.261	0.000	0.000	0.000	0.000	-1.000
559	84645	1	2.675	36.00	0.04195	-3.08460	0.000	1.675	0.000	0.000	0.000	0.000	1.000
560	84753	1	6.060	37.00	0.03735	-3.06608	0.000	5.060	0.000	0.000	0.000	0.000	1.000
561	84802	2	0.863	37.00	0.04018	-3.05102	0.000	1.863	0.000	0.000	0.000	0.000	-1.000
562	84857	1	3.735	37.00	0.04357	-3.03661	0.000	2.735	0.000	0.000	0.000	0.000	1.000
563	85001	1	6.500	37.00	0.03968	-3.02129	0.000	5.500	0.000	0.000	0.000	0.000	1.000
564	85035	2	0.682	36.00	0.04438	-3.00541	0.000	1.682	0.000	0.000	0.000	0.000	-1.000
565	85167	1	5.654	37.00	0.04053	-2.97906	0.000	4.654	0.000	0.000	0.000	0.000	1.000
566	85211	2	2.029	36.00	0.03893	-2.96611	0.000	3.029	0.000	0.000	0.000	0.000	-1.000
567	85289	2	-0.558	35.00	0.04012	-2.95546	0.000	0.442	0.000	0.000	0.000	0.000	-1.000
568	85385	1	4.679	36.00	0.03475	-2.94095	0.000	3.679	0.000	0.000	0.000	0.000	1.000
569	85442	2	0.233	36.00	0.03969	-2.92092	0.000	1.233	0.000	0.000	0.000	0.000	-1.000
570	85476	1	2.792	37.00	0.04410	-2.91158	0.000	1.792	0.000	0.000	0.000	0.000	1.000
571	85620	2	1.832	37.00	0.03786	-2.89452	0.000	2.832	0.000	0.000	0.000	0.000	-1.000
572	85658	1	3.731	37.00	0.03507	-2.88053	0.000	2.731	0.000	0.000	0.000	0.000	1.000
573	85688	2	0.222	37.00	0.04341	-2.85248	0.000	1.222	0.000	0.000	0.000	0.000	-1.000
574	85787	2	1.073	36.00	0.04066	-2.85092	0.000	2.073	0.000	0.000	0.000	0.000	-1.000
575	85843	1	3.976	37.00	0.03594	-2.83275	0.000	2.976	0.000	0.000	0.000	0.000	1.000
576	85888	2	1.228	37.00	0.03741	-2.82650	0.000	2.228	0.000	0.000	0.000	0.000	-1.000
577	85960	2	0.824	37.00	0.03568	-2.81222	0.000	1.824	0.000	0.000	0.000	0.000	-1.000
578	86095	1	5.074	38.00	0.03788	-2.79363	0.000	4.074	0.000	0.000	0.000	0.000	1.000
579	86233	1	5.971	39.00	0.03375	-2.77497	0.000	4.971	0.000	0.000	0.000	0.000	1.000
580	86316	2	2.446	38.00	0.03721	-2.74517	0.000	3.446	0.000	0.000	0.000	0.000	-1.000
581	86355	2	1.483	38.00	0.03432	-2.73570	0.000	2.483	0.000	0.000	0.000	0.000	-1.000
582	86544	1	4.662	39.00	0.03591	-2.71236	0.000	3.662	0.000	0.000	0.000	0.000	1.000
583	86577	2	1.137	39.00	0.03722	-2.68748	0.000	2.137	0.000	0.000	0.000	0.000	-1.000
584	86609	1	2.773	39.00	0.03328	-2.68911	0.000	1.773	0.000	0.000	0.000	0.000	1.000
585	86698	2	1.917	39.00	0.03682	-2.67648	0.000	2.917	0.000	0.000	0.000	0.000	-1.000
586	86731	2	-0.807	38.00	0.03437	-2.65905	0.000	0.193	0.000	0.000	0.000	0.000	-1.000
587	86828	2	1.144	38.00	0.03799	-2.65697	0.000	2.144	0.000	0.000	0.000	0.000	-1.000
588	86864	2	-0.073	38.00	0.03542	-2.63494	0.000	0.927	0.000	0.000	0.000	0.000	-1.000
589	86894	2	-0.222	38.00	0.04234	-2.62860	0.000	0.778	0.000	0.000	0.000	0.000	-1.000
590	86942	1	3.761	39.00	0.03374	-2.61985	0.000	2.761	0.000	0.000	0.000	0.000	1.000
591	87040	1	7.069	39.00	0.03316	-2.61207	0.000	6.069	0.000	0.000	0.000	0.000	1.000
592	87102	1	4.949	40.00	0.03604	-2.59542	0.000	3.949	0.000	0.000	0.000	0.000	1.000
593	87159	2	2.909	39.00	0.03211	-2.58080	0.000	3.909	0.000	0.000	0.000	0.000	-1.000
594	87198	2	-0.453	38.00	0.02833	-2.58557	0.000	0.547	0.000	0.000	0.000	0.000	-1.000
595	87282	1	2.777	39.00	0.03585	-2.57059	0.000	1.777	0.000	0.000	0.000	0.000	1.000
596	87436	4	2.044	38.00	0.03445	-2.54506	0.000	2.044	0.000	0.000	0.000	0.000	0.000
597	87543	2	-0.125	38.00	0.03513	-2.52349	0.000	0.875	0.000	0.000	0.000	0.000	-1.000
598	87609	1	4.709	38.00	0.03505	-2.50243	0.000	3.709	0.000	0.000	0.000	0.000	1.000
599	87717	1	6.368	38.00	0.03438	-2.49320	0.000	5.368	0.000	0.000	0.000	0.000	1.000
600	87780	1	6.627	39.00	0.03305	-2.47617	0.000	5.627	0.000	0.000	0.000	0.000	1.000
601	87887	1	7.872	40.00	0.03286	-2.46201	0.000	6.872	0.000	0.000	0.000	0.000	1.000
602	87923	2	1.243	40.00	0.03761	-2.45093	0.000	2.243	0.000	0.000	0.000	0.000	-1.000
603	87955	2	0.840	40.00	0.03307	-2.44030	0.000	1.840	0.000	0.000	0.000	0.000	-1.000
604	87999	2	-0.506	39.00	0.03576	-2.43320	0.000	0.494	0.000	0.000	0.000	0.000	-1.000
605	88042	2	0.236	38.00	0.03275	-2.43580	0.000	1.236	0.000	0.000	0.000	0.000	-1.000
606	88251	4	1.381	38.00	0.03169	-2.40864	0.000	1.381	0.000	0.000	0.000	0.000	0.000
607	88345	2	0.520	38.00	0.03282	-2.38780	0.000	1.520	0.000	0.000	0.000	0.000	-1.000
608	88411	1	2.684	39.00	0.02858	-2.37345	0.000	1.684	0.000	0.000	0.000	0.000	1.000
609	88485	2	2.789	39.00	0.03379	-2.35118	0.000	3.789	0.000	0.000	0.000	0.000	-1.000
610	88536	2	2.026	38.00	0.03295	-2.34120	0.000	3.026	0.000	0.000	0.000	0.000	-1.000
611	88566	2	-0.390	38.00	0.03057	-2.33746	0.000	0.610	0.000	0.000	0.000	0.000	-1.000
612	88611	1	2.720	38.00	0.03177	-2.33093	0.000	1.720	0.000	0.000	0.000	0.000	1.000
613	88652	2	1.750	38.00	0.02957	-2.32359	0.000	2.750	0.000	0.000	0.000	0.000	-1.000
614	88759	1	6.318	38.00	0.03027	-2.30840	0.000	5.318	0.000	0.000	0.000	0.000	1.000
615	88804	2	0.400	38.00	0.02947	-2.30856	0.000	1.400	0.000	0.000	0.000	0.000	-1.000
616	88905	1	3.908	39.00	0.03015	-2.29459	0.000	2.908	0.000	0.000	0.000	0.000	1.000
617	88971	2	3.025	39.00	0.03027	-2.27607	0.000	4.025	0.000	0.000	0.000	0.000	-1.000
618	89007	1	3.500	40.00	0.03095	-2.26651	0.000	2.500	0.000	0.000	0.000	0.000	1.000
619	89103	1	6.739	40.00	0.03048	-2.26593	0.000	5.739	0.000	0.000	0.000	0.000	1.000
620	89315	4	6.701	40.00	0.03065	-2.24109	0.000	6.701	0.000	0.000	0.000	0.000	0.000
621	89382	1	2.734	40.00	0.03020	-2.21764	0.000	1.734	0.000	0.000	0.000	0.000	1.000
622	89517	1	5.113	41.00	0.03217	-2.20817	0.000	4.113	0.000	0.000	0.000	0.000	1.000
623	89589	1	5.109	42.00	0.02686	-2.18696	0.000	4.109	0.000	0.000	0.000	0.000	1.000
624	89721	2	1.899	42.00	0.02687	-2.17014	0.000	2.899	0.000	0.000	0.000	0.000	-1.000
625	89848	2	2.818	41.00	0.02845	-2.15670	0.000	3.818	0.000	0.000	0.000	0.000	-1.000
626	89885	1	2.733	42.00	0.02946	-2.13899	0.000	1.733	0.000	0.000	0.000	0.000	1.000
627	89961	1	5.004	42.00	0.02855	-2.12807	0.000	4.004	0.000	0.000	0.000	0.000	1.000
628	90069	1	7.582	43.00	0.02946	-2.11976	0.000	6.582	0.000	0.000	0.000	0.000	1.000
629	90104	2	-0.230	42.00	0.02948	-2.11062	0.000	0.770	0.000	0.000	0.000	0.000	-1.000
630	90134	1	2.781	42.00	0.02857	-2.10368	0.000	1.781	0.000	0.000	0.000	0.000	1.000
631	90230	2	3.039	42.00	0.02886	-2.09751	0.000	4.039	0.000	0.000	0.000	0.000	-1.000
632	90345	2	1.348	42.00	0.02659	-2.08410	0.000	2.348	0.000	0.000	0.000	0.000	-1.000
633	90416	2	0.906	42.00	0.02715	-2.07351	0.000	1.906	0.000	0.000	0.000	0.000	-1.000
634	90535	1	5.101	42.00	0.02843	-2.05837	0.000	4.101	0.000	0.000	0.000	0.000	1.000
635	90654	2	-0.205	42.00	0.02553	-2.03881	0.000	0.795	0.000	0.000	0.000	0.000	-1.000
636	90729	2	2.538	42.00	0.02765	-2.02833	0.000	3.538	0.000	0.000	0.000	0.000	-1.000
637	90774	2	2.064	41.00	0.02524	-2.01962	0.000	3.064	0.000	0.000	0.000	0.000	-1.000
638	90846	1	2.720	42.00	0.02806	-2.01519	0.000	1.720	0.000	0.000	0.000	0.000	1.000
639	90878	2	0.981	41.00	0.02821	-1.99869	0.000	1.981	0.000	0.000	0.000	0.000	-1.000
640	90973	1	5.013	42.00	0.02665	-1.99364	0.000	4.013	0.000	0.000	0.000	0.000	1.000
641	91116	4	3.614	42.00	0.02726	-1.97641	0.000	3.614	0.000	0.000	0.000	0.000	0.000
642	91205	1	4.725	42.00	0.02589	-1.96573	0.000	3.725	0.000	0.000	0.000	0.000	1.000
643	91405	1	7.095	42.00	0.02737	-1.93981	0.000	6.095	0.000	0.000	0.000	0.000	1.000
644	91476	2	2.426	42.00	0.02630	-1.92438	0.000	3.426	0.000	0.000	0.000	0.000	-1.000
645	91619	4	5.292	41.00	0.02538	-1.91295	0.000	5.292	0.000	0.000	0.000	0.000	0.000
646	91751	1	6.294	42.00	0.02678	-1.89653	0.000	5.294	0.000	0.000	0.000	0.000	1.000
647	91794	1	4.274	43.00	0.02462	-1.88716	0.000	3.274	0.000	0.000	0.000	0.000	1.000
648	91854	1	5.900	44.00	0.02770	-1.87694	0.000	4.900	0.000	0.000	0.000	0.000	1.000
649	91884	2	0.693	44.00	0.02144	-1.87960	0.000	1.693	0.000	0.000	0.000	0.000	-1.000
650	91972	2	1.554	44.00	0.02505	-1.86040	0.000	2.554	0.000	0.000	0.000	0.000	-1.000
651	92002	1	2.767	45.00	0.02334	-1.85902	0.000	1.767	0.000	0.000	0.000	0.000	1.000
652	92156	2	2.748	45.00	0.02513	-1.84470	0.000	3.748	0.000	0.000	0.000	0.000	-1.000
653	92249	2	1.621	44.00	0.02646	-1.83004	0.000	2.621	0.000	0.000	0.000	0.000	-1.000
654	92335	2	2.983	44.00	0.02447	-1.81733	0.000	3.983	0.000	0.000	0.000	0.000	-1.000
655	92438	1	5.002	44.00	0.02556	-1.81401	0.000	4.002	0.000	0.000	0.000	0.000	1.000
656	92495	1	5.232	45.00	0.02325	-1.79849	0.000	4.232	0.000	0.000	0.000	0.000	1.000
657	92585	2	3.790	45.00	0.02498	-1.79020	0.000	4.790	0.000	0.000	0.000	0.000	-1.000
658	92642	2	2.277	45.00	0.02426	-1.77796	0.000	3.277	0.000	0.000	0.000	0.000	-1.000
659	92672	2	0.577	44.00	0.02456	-1.77977	0.000	1.577	0.000	0.000	0.000	0.000	-1.000
660	92717	2	1.178	43.00	0.02514	-1.76749	0.000	2.178	0.000	0.000	0.000	0.000	-1.000
661	92747	1	2.702	44.00	0.02666	-1.77498	0.000	1.702	0.000	0.000	0.000	0.000	1.000
662	92787	2	3.368	43.00	0.02474	-1.77572	0.000	4.368	0.000	0.000	0.000	0.000	-1.000
663	92818	2	-0.796	42.00	0.02413	-1.75973	0.000	0.204	0.000	0.000	0.000	0.000	-1.000
664	92897	1	5.104	43.00	0.02237	-1.75531	0.000	4.104	0.000	0.000	0.000	0.000	1.000
665	93017	2	3.156	42.00	0.02215	-1.74414	0.000	4.156	0.000	0.000	0.000	0.000	-1.000
666	93057	2	2.528	42.00	0.02657	-1.74020	0.000	3.528	0.000	0.000	0.000	0.000	-1.000
667	93087	1	2.702	43.00	0.02499	-1.73890	0.000	1.702	0.000	0.000	0.000	0.000	1.000
668	93161	2	1.435	42.00	0.02351	-1.71837	0.000	2.435	0.000	0.000	0.000	0.000	-1.000
669	93199	1	3.743	43.00	0.02427	-1.72314	0.000	2.743	0.000	0.000	0.000	0.000	1.000
670	93289	2	3.230	42.00	0.02471	-1.71174	0.000	4.230	0.000	0.000	0.000	0.000	-1.000
671	93340	1	2.730	43.00	0.02365	-1.71161	0.000	1.730	0.000	0.000	0.000	0.000	1.000
672	93401	1	4.893	43.00	0.02297	-1.70333	0.000	3.893	0.000	0.000	0.000	0.000	1.000
673	93462	2	3.310	43.00	0.02379	-1.68747	0.000	4.310	0.000	0.000	0.000	0.000	-1.000
674	93596	2	3.598	43.00	0.02222	-1.68698	0.000	4.598	0.000	0.000	0.000	0.000	-1.000
675	93643	1	3.416	43.00	0.02449	-1.67393	0.000	2.416	0.000	0.000	0.000	0.000	1.000
676	93706	2	3.404	43.00	0.02283	-1.66907	0.000	4.404	0.000	0.000	0.000	0.000	-1.000
677	93743	1	2.751	44.00	0.02470	-1.66236	0.000	1.751	0.000	0.000	0.000	0.000	1.000
678	93941	2	3.753	43.00	0.02257	-1.65432	0.000	4.753	0.000	0.000	0.000	0.000	-1.000
679	93971	1	2.711	43.00	0.02389	-1.64321	0.000	1.711	0.000	0.000	0.000	0.000	1.000
680	94072	1	6.004	44.00	0.02370	-1.63589	0.000	5.004	0.000	0.000	0.000	0.000	1.000
681	94165	1	6.401	45.00	0.02421	-1.62905	0.000	5.401	0.000	0.000	0.000	0.000	1.000
682	94234	1	4.599	45.00	0.02219	-1.62885	0.000	3.599	0.000	0.000	0.000	0.000	1.000
683	94283	2	-1.226	45.00	0.02083	-1.60895	0.000	-0.226	0.000	0.000	0.000	0.000	-1.000
684	94319	1	3.725	45.00	0.02144	-1.60276	0.000	2.725	0.000	0.000	0.000	0.000	1.000
685	94402	1	6.635	46.00	0.02267	-1.60566	0.000	5.635	0.000	0.000	0.000	0.000	1.000
686	94440	2	1.428	46.00	0.02339	-1.59406	0.000	2.428	0.000	0.000	0.000	0.000	-1.000
687	94516	1	4.771	47.00	0.02213	-1.59425	0.000	3.771	0.000	0.000	0.000	0.000	1.000
688	94594	2	0.544	47.00	0.02144	-1.59152	0.000	1.544	0.000	0.000	0.000	0.000	-1.000
689	94639	2	-0.366	47.00	0.02202	-1.57933	0.000	0.634	0.000	0.000	0.000	0.000	-1.000
690	94682	1	3.752	47.00	0.02347	-1.57674	0.000	2.752	0.000	0.000	0.000	0.000	1.000
691	94727	2	2.561	46.00	0.02109	-1.57861	0.000	3.561	0.000	0.000	0.000	0.000	-1.000
692	94808	2	2.194	45.00	0.02546	-1.56280	0.000	3.194	0.000	0.000	0.000	0.000	-1.000
693	94869	1	5.083	46.00	0.02289	-1.56665	0.000	4.083	0.000	0.000	0.000	0.000	1.000
694	95017	1	8.824	47.00	0.02230	-1.55211	0.000	7.824	0.000	0.000	0.000	0.000	1.000
695	95177	1	8.945	47.00	0.02176	-1.53438	0.000	7.945	0.000	0.000	0.000	0.000	1.000
696	95289	2	6.039	47.00	0.02244	-1.52944	0.000	7.039	0.000	0.000	0.000	0.000	-1.000
697	95376	1	3.480	48.00	0.02190	-1.51903	0.000	2.480	0.000	0.000	0.000	0.000	1.000
698	95420	1	4.860	48.00	0.02055	-1.51849	0.000	3.860	0.000	0.000	0.000	0.000	1.000
699	95487	1	3.782	48.00	0.02188	-1.51816	0.000	2.782	0.000	0.000	0.000	0.000	1.000
700	95517	2	-2.643	47.00	0.02151	-1.49363	0.000	-1.643	0.000	0.000	0.000	0.000	-1.000
701	95589	2	3.562	46.00	0.02016	-1.50741	0.000	4.562	0.000	0.000	0.000	0.000	-1.000
702	95656	1	5.115	47.00	0.02128	-1.49797	0.000	4.115	0.000	0.000	0.000	0.000	1.000
703	95689	2	-0.374	47.00	0.02084	-1.49344	0.000	0.626	0.000	0.000	0.000	0.000	-1.000
704	95778	1	4.761	48.00	0.02081	-1.48469	0.000	3.761	0.000	0.000	0.000	0.000	1.000
705	95827	1	4.642	49.00	0.02089	-1.48122	0.000	3.642	0.000	0.000	0.000	0.000	1.000
706	95858	1	3.696	50.00	0.02365	-1.48135	0.000	2.696	0.000	0.000	0.000	0.000	1.000
707	95919	1	5.089	51.00	0.02119	-1.47074	0.000	4.089	0.000	0.000	0.000	0.000	1.000
708	95966	1	4.974	51.00	0.02303	-1.46812	0.000	3.974	0.000	0.000	0.000	0.000	1.000
709	96047	1	7.003	52.00	0.02127	-1.47280	0.000	6.003	0.000	0.000	0.000	0.000	1.000
710	96141	1	6.418	53.00	0.02221	-1.45211	0.000	5.418	0.000	0.000	0.000	0.000	1.000
711	96184	2	1.751	53.00	0.02122	-1.46406	0.000	2.751	0.000	0.000	0.000	0.000	-1.000
712	96308	2	1.549	52.00	0.02184	-1.44709	0.000	2.549	0.000	0.000	0.000	0.000	-1.000
713	96355	2	2.441	52.00	0.02235	-1.44243	0.000	3.441	0.000	0.000	0.000	0.000	-1.000
714	96430	1	6.538	52.00	0.02158	-1.44258	0.000	5.538	0.000	0.000	0.000	0.000	1.000
715	96498	2	4.898	52.00	0.02140	-1.43824	0.000	5.898	0.000	0.000	0.000	0.000	-1.000
716	96533	2	1.107	51.00	0.02278	-1.43299	0.000	2.107	0.000	0.000	0.000	0.000	-1.000
717	96608	1	5.015	52.00	0.02061	-1.43014	0.000	4.015	0.000	0.000	0.000	0.000	1.000
718	96670	2	0.084	51.00	0.02072	-1.42291	0.000	1.084	0.000	0.000	0.000	0.000	-1.000
719	96700	5	0.380	50.00	0.02035	-1.41877	0.000	0.380	0.000	0.000	0.000	0.000	0.000
720	96745	1	3.478	51.00	0.01964	-1.41018	0.000	2.478	0.000	0.000	0.000	0.000	1.000
721	96805	2	2.624	50.00	0.02135	-1.41019	0.000	3.624	0.000	0.000	0.000	0.000	-1.000
722	96848	1	3.798	50.00	0.02071	-1.40729	0.000	2.798	0.000	0.000	0.000	0.000	1.000
723	96900	2	4.131	49.00	0.01997	-1.40204	0.000	5.131	0.000	0.000	0.000	0.000	-1.000
724	96972	1	6.526	50.00	0.02063	-1.40914	0.000	5.526	0.000	0.000	0.000	0.000	1.000
725	97027	2	4.834	50.00	0.02067	-1.40507	0.000	5.834	0.000	0.000	0.000	0.000	-1.000
726	97084	1	4.991	50.00	0.02238	-1.39915	0.000	3.991	0.000	0.000	0.000	0.000	1.000
727	97136	2	3.188	49.00	0.02029	-1.39348	0.000	4.188	0.000	0.000	0.000	0.000	-1.000
728	97166	1	2.817	49.00	0.01995	-1.39681	0.000	1.817	0.000	0.000	0.000	0.000	1.000
729	97246	2	5.547	49.00	0.02187	-1.39006	0.000	6.547	0.000	0.000	0.000	0.000	-1.000
730	97280	1	2.730	49.00	0.02172	-1.38829	0.000	1.730	0.000	0.000	0.000	0.000	1.000
731	97345	1	4.429	50.00	0.02055	-1.37826	0.000	3.429	0.000	0.000	0.000	0.000	1.000
732	97396	1	4.015	51.00	0.02101	-1.38298	0.000	3.015	0.000	0.000	0.000	0.000	1.000
733	97492	1	7.148	52.00	0.01996	-1.37551	0.000	6.148	0.000	0.000	0.000	0.000	1.000
734	97567	2	2.190	51.00	0.02052	-1.36478	0.000	3.190	0.000	0.000	0.000	0.000	-1.000
735	97610	2	1.936	51.00	0.01999	-1.37005	0.000	2.936	0.000	0.000	0.000	0.000	-1.000
736	97686	2	2.981	51.00	0.01957	-1.35832	0.000	3.981	0.000	0.000	0.000	0.000	-1.000
737	97734	1	5.046	52.00	0.01952	-1.35692	0.000	4.046	0.000	0.000	0.000	0.000	1.000
738	97791	2	0.278	51.00	0.01898	-1.35356	0.000	1.278	0.000	0.000	0.000	0.000	-1.000
739	97877	1	5.142	52.00	0.01967	-1.34643	0.000	4.142	0.000	0.000	0.000	0.000	1.000
740	97922	1	4.771	52.00	0.01982	-1.35443	0.000	3.771	0.000	0.000	0.000	0.000	1.000
741	97960	1	3.678	53.00	0.01952	-1.34442	0.000	2.678	0.000	0.000	0.000	0.000	1.000
742	98006	2	-0.472	52.00	0.02127	-1.33641	0.000	0.528	0.000	0.000	0.000	0.000	-1.000
743	98227	4	5.879	51.00	0.02087	-1.33624	0.000	5.879	0.000	0.000	0.000	0.000	0.000
744	98343	1	6.592	52.00	0.01889	-1.32176	0.000	5.592	0.000	0.000	0.000	0.000	1.000
745	98390	2	2.179	52.00	0.02204	-1.32315	0.000	3.179	0.000	0.000	0.000	0.000	-1.000
746	98421	1	3.804	52.00	0.01865	-1.32116	0.000	2.804	0.000	0.000	0.000	0.000	1.000
747	98462	1	5.010	52.00	0.02007	-1.30998	0.000	4.010	0.000	0.000	0.000	0.000	1.000
748	98492	5	0.857	51.00	0.01903	-1.31591	0.000	0.857	0.000	0.000	0.000	0.000	0.000
749	98522	5	0.345	51.00	0.01982	-1.31402	0.000	0.345	0.000	0.000	0.000	0.000	0.000
750	98660	1	5.779	52.00	0.02045	-1.30373	0.000	4.779	0.000	0.000	0.000	0.000	1.000
751	98710	2	4.441	51.00	0.02275	-1.29734	0.000	5.441	0.000	0.000	0.000	0.000	-1.000
752	98740	1	3.496	52.00	0.02098	-1.29676	0.000	2.496	0.000	0.000	0.000	0.000	1.000
753	98806	1	7.710	53.00	0.01947	-1.29309	0.000	6.710	0.000	0.000	0.000	0.000	1.000
754	98864	1	4.935	54.00	0.01968	-1.28744	0.000	3.935	0.000	0.000	0.000	0.000	1.000
755	98911	1	4.093	54.00	0.02058	-1.29474	0.000	3.093	0.000	0.000	0.000	0.000	1.000
756	98993	2	2.808	53.00	0.01906	-1.29043	0.000	3.808	0.000	0.000	0.000	0.000	-1.000
757	99037	1	2.647	54.00	0.01821	-1.28458	0.000	1.647	0.000	0.000	0.000	0.000	1.000
758	99103	1	3.716	55.00	0.01821	-1.28299	0.000	2.716	0.000	0.000	0.000	0.000	1.000
759	99142	2	2.760	55.00	0.01882	-1.27512	0.000	3.760	0.000	0.000	0.000	0.000	-1.000
760	99172	1	3.734	56.00	0.01773	-1.27692	0.000	2.734	0.000	0.000	0.000	0.000	1.000
761	99225	2	3.365	55.00	0.01904	-1.27451	0.000	4.365	0.000	0.000	0.000	0.000	-1.000
762	99274	2	0.316	55.00	0.01903	-1.27028	0.000	1.316	0.000	0.000	0.000	0.000	-1.000
763	99352	2	1.869	55.00	0.01939	-1.26849	0.000	2.869	0.000	0.000	0.000	0.000	-1.000
764	99396	2	2.028	54.00	0.01999	-1.26695	0.000	3.028	0.000	0.000	0.000	0.000	-1.000
765	99426	2	0.117	54.00	0.02120	-1.26973	0.000	1.117	0.000	0.000	0.000	0.000	-1.000
766	99463	2	-0.634	54.00	0.01832	-1.25901	0.000	0.366	0.000	0.000	0.000	0.000	-1.000
767	99494	1	2.762	54.00	0.02006	-1.26206	0.000	1.762	0.000	0.000	0.000	0.000	1.000
768	99537	2	1.409	54.00	0.01913	-1.27380	0.000	2.409	0.000	0.000	0.000	0.000	-1.000
769	99582	1	3.397	54.00	0.01980	-1.26743	0.000	2.397	0.000	0.000	0.000	0.000	1.000
770	99615	2	0.566	54.00	0.02320	-1.25992	0.000	1.566	0.000	0.000	0.000	0.000	-1.000
771	99677	1	6.591	54.00	0.02022	-1.25575	0.000	5.591	0.000	0.000	0.000	0.000	1.000
772	99745	1	6.789	54.00	0.02017	-1.25166	0.000	5.789	0.000	0.000	0.000	0.000	1.000
773	99797	2	1.761	54.00	0.01846	-1.25243	0.000	2.761	0.000	0.000	0.000	0.000	-1.000
774	99842	2	1.071	54.00	0.02015	-1.25112	0.000	2.071	0.000	0.000	0.000	0.000	-1.000
775	99872	5	-0.772	53.00	0.01836	-1.25180	0.000	-0.772	0.000	0.000	0.000	0.000	0.000
776	99997	1	5.627	54.00	0.01978	-1.24748	0.000	4.627	0.000	0.000	0.000	0.000	1.000
777	100051	2	3.995	53.00	0.02135	-1.24731	0.000	4.995	0.000	0.000	0.000	0.000	-1.000
778	100092	2	1.795	53.00	0.01980	-1.24461	0.000	2.795	0.000	0.000	0.000	0.000	-1.000
779	100153	1	4.609	53.00	0.02065	-1.24216	0.000	3.609	0.000	0.000	0.000	0.000	1.000
780	100224	2	3.833	52.00	0.01996	-1.23409	0.000	4.833	0.000	0.000	0.000	0.000	-1.000
781	100272	2	0.921	51.00	0.01865	-1.23074	0.000	1.921	0.000	0.000	0.000	0.000	-1.000
782	100318	2	0.919	50.00	0.01906	-1.23309	0.000	1.919	0.000	0.000	0.000	0.000	-1.000
783	100462	1	4.604	51.00	0.02057	-1.22257	0.000	3.604	0.000	0.000	0.000	0.000	1.000
784	100495	2	0.732	50.00	0.02138	-1.21696	0.000	1.732	0.000	0.000	0.000	0.000	-1.000
785	100526	1	2.714	50.00	0.02025	-1.22174	0.000	1.714	0.000	0.000	0.000	0.000	1.000
786	100580	2	3.445	50.00	0.01878	-1.21644	0.000	4.445	0.000	0.000	0.000	0.000	-1.000
787	100634	1	5.172	50.00	0.01946	-1.21853	0.000	4.172	0.000	0.000	0.000	0.000	1.000
788	100726	1	4.744	51.00	0.01996	-1.21699	0.000	3.744	0.000	0.000	0.000	0.000	1.000
789	100756	2	1.243	51.00	0.02012	-1.21183	0.000	2.243	0.000	0.000	0.000	0.000	-1.000
790	100849	2	2.659	50.00	0.02003	-1.21194	0.000	3.659	0.000	0.000	0.000	0.000	-1.000
791	100987	1	7.467	51.00	0.01970	-1.19615	0.000	6.467	0.000	0.000	0.000	0.000	1.000
792	101085	1	8.133	52.00	0.01928	-1.19649	0.000	7.133	0.000	0.000	0.000	0.000	1.000
793	101183	2	4.107	51.00	0.01926	-1.19743	0.000	5.107	0.000	0.000	0.000	0.000	-1.000
794	101244	2	-0.320	50.00	0.01948	-1.19146	0.000	0.680	0.000	0.000	0.000	0.000	-1.000
795	101295	2	0.766	49.00	0.01923	-1.18494	0.000	1.766	0.000	0.000	0.000	0.000	-1.000
796	101430	1	5.037	50.00	0.02022	-1.18155	0.000	4.037	0.000	0.000	0.000	0.000	1.000
797	101581	2	2.713	49.00	0.02096	-1.17804	0.000	3.713	0.000	0.000	0.000	0.000	-1.000
798	101644	1	3.754	49.00	0.01845	-1.18009	0.000	2.754	0.000	0.000	0.000	0.000	1.000
799	101674	2	-0.059	48.00	0.01988	-1.17633	0.000	0.941	0.000	0.000	0.000	0.000	-1.000
800	101735	2	-1.081	48.00	0.01856	-1.17437	0.000	-0.081	0.000	0.000	0.000	0.000	-1.000
801	101770	1	3.617	49.00	0.02041	-1.16923	0.000	2.617	0.000	0.000	0.000	0.000	1.000
802	101960	4	8.470	48.00	0.02011	-1.16715	0.000	8.470	0.000	0.000	0.000	0.000	0.000
803	102008	2	1.851	48.00	0.01964	-1.16503	0.000	2.851	0.000	0.000	0.000	0.000	-1.000
804	102065	1	5.037	48.00	0.01883	-1.16322	0.000	4.037	0.000	0.000	0.000	0.000	1.000
805	102280	2	-0.068	47.00	0.01882	-1.15892	0.000	0.932	0.000	0.000	0.000	0.000	-1.000
806	102310	1	2.917	47.00	0.01783	-1.17378	0.000	1.917	0.000	0.000	0.000	0.000	1.000
807	102340	1	3.488	47.00	0.01998	-1.15638	0.000	2.488	0.000	0.000	0.000	0.000	1.000
808	102405	1	4.749	47.00	0.01947	-1.14978	0.000	3.749	0.000	0.000	0.000	0.000	1.000
809	102469	1	7.199	47.00	0.02045	-1.15159	0.000	6.199	0.000	0.000	0.000	0.000	1.000
810	102521	2	4.062	46.00	0.01936	-1.14558	0.000	5.062	0.000	0.000	0.000	0.000	-1.000
811	102551	1	2.979	47.00	0.01852	-1.15341	0.000	1.979	0.000	0.000	0.000	0.000	1.000
812	102611	2	3.378	47.00	0.02054	-1.15214	0.000	4.378	0.000	0.000	0.000	0.000	-1.000
813	102666	2	2.399	47.00	0.01983	-1.14601	0.000	3.399	0.000	0.000	0.000	0.000	-1.000
814	102712	2	1.423	46.00	0.01987	-1.13911	0.000	2.423	0.000	0.000	0.000	0.000	-1.000
815	102742	5	1.092	46.00	0.01813	-1.14373	0.000	1.092	0.000	0.000	0.000	0.000	0.000
816	102792	2	0.410	46.00	0.01959	-1.13736	0.000	1.410	0.000	0.000	0.000	0.000	-1.000
817	102823	2	0.063	45.00	0.02076	-1.13877	0.000	1.063	0.000	0.000	0.000	0.000	-1.000
818	102894	2	1.634	45.00	0.02060	-1.13111	0.000	2.634	0.000	0.000	0.000	0.000	-1.000
819	102959	1	6.303	46.00	0.02111	-1.12943	0.000	5.303	0.000	0.000	0.000	0.000	1.000
820	103010	2	4.084	45.00	0.01927	-1.13114	0.000	5.084	0.000	0.000	0.000	0.000	-1.000
821	103040	5	0.162	45.00	0.01762	-1.12338	0.000	0.162	0.000	0.000	0.000	0.000	0.000
822	103094	1	6.556	45.00	0.01952	-1.13675	0.000	5.556	0.000	0.000	0.000	0.000	1.000
823	103171	1	9.442	46.00	0.02071	-1.12528	0.000	8.442	0.000	0.000	0.000	0.000	1.000
824	103201	2	1.052	45.00	0.02038	-1.12055	0.000	2.052	0.000	0.000	0.000	0.000	-1.000
825	103246	1	2.769	46.00	0.02049	-1.12976	0.000	1.769	0.000	0.000	0.000	0.000	1.000
826	103276	1	3.388	46.00	0.02056	-1.11168	0.000	2.388	0.000	0.000	0.000	0.000	1.000
827	103321	1	5.384	47.00	0.02047	-1.12724	0.000	4.384	0.000	0.000	0.000	0.000	1.000
828	103351	2	0.689	46.00	0.01927	-1.12200	0.000	1.689	0.000	0.000	0.000	0.000	-1.000
829	103406	1	5.225	47.00	0.02061	-1.11401	0.000	4.225	0.000	0.000	0.000	0.000	1.000
830	103436	1	3.633	47.00	0.02097	-1.11403	0.000	2.633	0.000	0.000	0.000	0.000	1.000
831	103583	4	10.448	46.00	0.01977	-1.11905	0.000	10.448	0.000	0.000	0.000	0.000	0.000
832	103613	1	3.561	46.00	0.02028	-1.11220	0.000	2.561	0.000	0.000	0.000	0.000	1.000
833	103692	1	7.275	46.00	0.01888	-1.11496	0.000	6.275	0.000	0.000	0.000	0.000	1.000
834	103723	2	2.095	46.00	0.02136	-1.11032	0.000	3.095	0.000	0.000	0.000	0.000	-1.000
835	103779	2	1.659	46.00	0.01934	-1.11832	0.000	2.659	0.000	0.000	0.000	0.000	-1.000
836	103833	2	2.318	46.00	0.02116	-1.11852	0.000	3.318	0.000	0.000	0.000	0.000	-1.000
837	104000	4	5.958	45.00	0.01975	-1.10844	0.000	5.958	0.000	0.000	0.000	0.000	0.000
838	104032	1	2.818	46.00	0.01906	-1.09991	0.000	1.818	0.000	0.000	0.000	0.000	1.000
839	104074	1	4.824	46.00	0.01969	-1.09982	0.000	3.824	0.000	0.000	0.000	0.000	1.000
840	104145	1	8.617	46.00	0.01883	-1.10472	0.000	7.617	0.000	0.000	0.000	0.000	1.000
841	104192	2	2.099	45.00	0.01890	-1.09632	0.000	3.099	0.000	0.000	0.000	0.000	-1.000
842	104222	1	3.585	46.00	0.02027	-1.08969	0.000	2.585	0.000	0.000	0.000	0.000	1.000
843	104252	2	1.164	46.00	0.01742	-1.10569	0.000	2.164	0.000	0.000	0.000	0.000	-1.000
844	104302	1	5.117	46.00	0.01889	-1.09937	0.000	4.117	0.000	0.000	0.000	0.000	1.000
845	104341	2	2.338	46.00	0.01905	-1.10633	0.000	3.338	0.000	0.000	0.000	0.000	-1.000
846	104383	2	1.296	45.00	0.01899	-1.09401	0.000	2.296	0.000	0.000	0.000	0.000	-1.000
847	104445	2	-0.267	44.00	0.01928	-1.09745	0.000	0.733	0.000	0.000	0.000	0.000	-1.000
848	104487	1	3.931	45.00	0.01877	-1.09606	0.000	2.931	0.000	0.000	0.000	0.000	1.000
849	104519	2	0.905	45.00	0.01935	-1.08823	0.000	1.905	0.000	0.000	0.000	0.000	-1.000
850	104574	1	6.580	45.00	0.02052	-1.09330	0.000	5.580	0.000	0.000	0.000	0.000	1.000
851	104648	2	6.912	45.00	0.01864	-1.09111	0.000	7.912	0.000	0.000	0.000	0.000	-1.000
852	104678	1	3.560	45.00	0.01981	-1.08795	0.000	2.560	0.000	0.000	0.000	0.000	1.000
853	104816	4	1.717	44.00	0.01903	-1.09291	0.000	1.717	0.000	0.000	0.000	0.000	0.000
854	104892	1	6.297	44.00	0.01931	-1.09020	0.000	5.297	0.000	0.000	0.000	0.000	1.000
855	104934	2	1.906	43.00	0.01993	-1.08452	0.000	2.906	0.000	0.000	0.000	0.000	-1.000
856	104980	1	4.631	44.00	0.01958	-1.08588	0.000	3.631	0.000	0.000	0.000	0.000	1.000
857	105037	1	6.382	44.00	0.02058	-1.08475	0.000	5.382	0.000	0.000	0.000	0.000	1.000
858	105109	1	7.716	44.00	0.02026	-1.08783	0.000	6.716	0.000	0.000	0.000	0.000	1.000
859	105139	2	1.660	44.00	0.02131	-1.07955	0.000	2.660	0.000	0.000	0.000	0.000	-1.000
860	105197	1	4.988	44.00	0.01984	-1.09049	0.000	3.988	0.000	0.000	0.000	0.000	1.000
861	105246	2	-0.427	44.00	0.01941	-1.08609	0.000	0.573	0.000	0.000	0.000	0.000	-1.000
862	105276	5	0.270	44.00	0.01973	-1.08253	0.000	0.270	0.000	0.000	0.000	0.000	0.000
863	105326	2	1.613	44.00	0.01930	-1.08626	0.000	2.613	0.000	0.000	0.000	0.000	-1.000
864	105356	1	2.890	45.00	0.01791	-1.07993	0.000	1.890	0.000	0.000	0.000	0.000	1.000
865	105413	1	5.330	46.00	0.01977	-1.07649	0.000	4.330	0.000	0.000	0.000	0.000	1.000
866	105464	2	2.850	46.00	0.01966	-1.07437	0.000	3.850	0.000	0.000	0.000	0.000	-1.000
867	105554	1	5.640	46.00	0.01948	-1.07375	0.000	4.640	0.000	0.000	0.000	0.000	1.000
868	105601	2	3.068	46.00	0.02104	-1.08017	0.000	4.068	0.000	0.000	0.000	0.000	-1.000
869	105631	1	3.477	46.00	0.01895	-1.07887	0.000	2.477	0.000	0.000	0.000	0.000	1.000
870	105752	2	1.835	46.00	0.02017	-1.07414	0.000	2.835	0.000	0.000	0.000	0.000	-1.000
871	105810	1	4.761	46.00	0.01955	-1.07712	0.000	3.761	0.000	0.000	0.000	0.000	1.000
872	105840	1	3.998	46.00	0.01890	-1.07244	0.000	2.998	0.000	0.000	0.000	0.000	1.000
873	105903	1	7.877	47.00	0.01962	-1.06825	0.000	6.877	0.000	0.000	0.000	0.000	1.000
874	105948	1	5.151	48.00	0.01964	-1.07155	0.000	4.151	0.000	0.000	0.000	0.000	1.000
875	106012	1	6.707	49.00	0.01939	-1.07189	0.000	5.707	0.000	0.000	0.000	0.000	1.000
876	106093	2	6.343	48.00	0.01824	-1.07851	0.000	7.343	0.000	0.000	0.000	0.000	-1.000
877	106145	2	1.752	48.00	0.01931	-1.07412	0.000	2.752	0.000	0.000	0.000	0.000	-1.000
878	106226	1	6.552	49.00	0.01944	-1.06674	0.000	5.552	0.000	0.000	0.000	0.000	1.000
879	106293	2	2.218	48.00	0.01988	-1.06866	0.000	3.218	0.000	0.000	0.000	0.000	-1.000
880	106462	1	5.010	49.00	0.02025	-1.06782	0.000	4.010	0.000	0.000	0.000	0.000	1.000
881	106514	1	3.687	50.00	0.01903	-1.05267	0.000	2.687	0.000	0.000	0.000	0.000	1.000
882	106583	1	5.175	51.00	0.02042	-1.05868	0.000	4.175	0.000	0.000	0.000	0.000	1.000
883	106613	1	3.319	51.00	0.02051	-1.07560	0.000	2.319	0.000	0.000	0.000	0.000	1.000
884	106647	2	2.501	51.00	0.02110	-1.05447	0.000	3.501	0.000	0.000	0.000	0.000	-1.000
885	106680	1	2.620	51.00	0.01981	-1.06395	0.000	1.620	0.000	0.000	0.000	0.000	1.000
886	106710	1	3.743	52.00	0.02000	-1.05448	0.000	2.743	0.000	0.000	0.000	0.000	1.000
887	106740	2	-0.608	51.00	0.01970	-1.06031	0.000	0.392	0.000	0.000	0.000	0.000	-1.000
888	106770	2	-0.486	50.00	0.02032	-1.06538	0.000	0.514	0.000	0.000	0.000	0.000	-1.000
889	106806	1	2.649	51.00	0.02014	-1.06440	0.000	1.649	0.000	0.000	0.000	0.000	1.000
890	106836	2	0.758	51.00	0.01810	-1.06898	0.000	1.758	0.000	0.000	0.000	0.000	-1.000
891	106962	2	1.629	50.00	0.01988	-1.06345	0.000	2.629	0.000	0.000	0.000	0.000	-1.000
892	107006	2	1.319	49.00	0.01901	-1.06693	0.000	2.319	0.000	0.000	0.000	0.000	-1.000
893	107066	2	3.009	49.00	0.01938	-1.05593	0.000	4.009	0.000	0.000	0.000	0.000	-1.000
894	107112	1	4.753	50.00	0.02039	-1.05537	0.000	3.753	0.000	0.000	0.000	0.000	1.000
895	107149	2	0.616	50.00	0.02126	-1.05326	0.000	1.616	0.000	0.000	0.000	0.000	-1.000
896	107211	1	3.761	50.00	0.02114	-1.06170	0.000	2.761	0.000	0.000	0.000	0.000	1.000
897	107267	2	3.014	50.00	0.01980	-1.05495	0.000	4.014	0.000	0.000	0.000	0.000	-1.000
898	107412	4	3.504	49.00	0.01980	-1.05664	0.000	3.504	0.000	0.000	0.000	0.000	0.000
899	107459	1	3.997	50.00	0.01996	-1.05560	0.000	2.997	0.000	0.000	0.000	0.000	1.000
900	107497	1	4.739	51.00	0.01855	-1.04827	0.000	3.739	0.000	0.000	0.000	0.000	1.000
901	107537	1	3.544	51.00	0.01852	-1.05535	0.000	2.544	0.000	0.000	0.000	0.000	1.000
902	107567	2	0.606	51.00	0.01864	-1.06024	0.000	1.606	0.000	0.000	0.000	0.000	-1.000
903	107671	1	6.387	52.00	0.02062	-1.04963	0.000	5.387	0.000	0.000	0.000	0.000	1.000
904	107817	1	9.694	52.00	0.01988	-1.05065	0.000	8.694	0.000	0.000	0.000	0.000	1.000
905	107866	1	4.010	53.00	0.02062	-1.04705	0.000	3.010	0.000	0.000	0.000	0.000	1.000
906	107966	1	6.889	53.00	0.01892	-1.05259	0.000	5.889	0.000	0.000	0.000	0.000	1.000
907	108010	1	4.493	53.00	0.01962	-1.04984	0.000	3.493	0.000	0.000	0.000	0.000	1.000
908	108123	1	9.669	53.00	0.01839	-1.04821	0.000	8.669	0.000	0.000	0.000	0.000	1.000
909	108218	1	7.006	53.00	0.01889	-1.04256	0.000	6.006	0.000	0.000	0.000	0.000	1.000
910	108251	2	0.469	53.00	0.01903	-1.04306	0.000	1.469	0.000	0.000	0.000	0.000	-1.000
911	108302	2	2.012	52.00	0.02018	-1.03919	0.000	3.012	0.000	0.000	0.000	0.000	-1.000
912	108336	5	0.125	52.00	0.01839	-1.04783	0.000	0.125	0.000	0.000	0.000	0.000	0.000
913	108366	5	-0.534	52.00	0.01890	-1.04889	0.000	-0.534	0.000	0.000	0.000	0.000	0.000
914	108404	5	1.653	52.00	0.02034	-1.04680	0.000	1.653	0.000	0.000	0.000	0.000	0.000
915	108466	1	4.827	53.00	0.01903	-1.04708	0.000	3.827	0.000	0.000	0.000	0.000	1.000
916	108503	1	4.305	54.00	0.02040	-1.04305	0.000	3.305	0.000	0.000	0.000	0.000	1.000
917	108580	1	7.829	55.00	0.01952	-1.03865	0.000	6.829	0.000	0.000	0.000	0.000	1.000
918	108652	2	3.605	55.00	0.02080	-1.03545	0.000	4.605	0.000	0.000	0.000	0.000	-1.000
919	108687	1	3.437	55.00	0.02059	-1.03174	0.000	2.437	0.000	0.000	0.000	0.000	1.000
920	108733	1	4.963	56.00	0.01962	-1.03522	0.000	3.963	0.000	0.000	0.000	0.000	1.000
921	108801	2	2.742	56.00	0.01965	-1.03550	0.000	3.742	0.000	0.000	0.000	0.000	-1.000
922	108883	1	6.532	56.00	0.02005	-1.04254	0.000	5.532	0.000	0.000	0.000	0.000	1.000
923	108936	2	1.268	55.00	0.01989	-1.03063	0.000	2.268	0.000	0.000	0.000	0.000	-1.000
924	109015	1	4.871	56.00	0.01960	-1.03501	0.000	3.871	0.000	0.000	0.000	0.000	1.000
925	109061	1	4.111	56.00	0.01947	-1.03279	0.000	3.111	0.000	0.000	0.000	0.000	1.000
926	109128	1	5.017	56.00	0.01923	-1.03683	0.000	4.017	0.000	0.000	0.000	0.000	1.000
927	109159	2	1.807	55.00	0.01922	-1.04492	0.000	2.807	0.000	0.000	0.000	0.000	-1.000
928	109203	1	4.643	56.00	0.01774	-1.03298	0.000	3.643	0.000	0.000	0.000	0.000	1.000
929	109243	1	5.164	56.00	0.01969	-1.03393	0.000	4.164	0.000	0.000	0.000	0.000	1.000
930	109317	2	3.467	55.00	0.01969	-1.04121	0.000	4.467	0.000	0.000	0.000	0.000	-1.000
931	109347	1	2.841	56.00	0.01945	-1.03992	0.000	1.841	0.000	0.000	0.000	0.000	1.000
932	109504	4	5.138	55.00	0.01937	-1.03352	0.000	5.138	0.000	0.000	0.000	0.000	0.000
933	109579	1	5.203	55.00	0.01853	-1.03359	0.000	4.203	0.000	0.000	0.000	0.000	1.000
934	109624	2	2.883	55.00	0.01824	-1.03505	0.000	3.883	0.000	0.000	0.000	0.000	-1.000
935	109712	1	7.375	56.00	0.01983	-1.03630	0.000	6.375	0.000	0.000	0.000	0.000	1.000
936	109814	1	8.034	57.00	0.01927	-1.03788	0.000	7.034	0.000	0.000	0.000	0.000	1.000
937	109849	2	1.048	57.00	0.02142	-1.04409	0.000	2.048	0.000	0.000	0.000	0.000	-1.000
938	109929	1	5.079	57.00	0.01944	-1.03379	0.000	4.079	0.000	0.000	0.000	0.000	1.000
939	109994	1	5.425	57.00	0.01861	-1.03939	0.000	4.425	0.000	0.000	0.000	0.000	1.000
940	110071	1	8.505	57.00	0.01958	-1.04384	0.000	7.505	0.000	0.000	0.000	0.000	1.000
941	110130	1	6.767	58.00	0.01944	-1.03221	0.000	5.767	0.000	0.000	0.000	0.000	1.000
942	110170	1	5.064	58.00	0.01964	-1.03721	0.000	4.064	0.000	0.000	0.000	0.000	1.000
943	110200	5	0.957	58.00	0.01847	-1.03342	0.000	0.957	0.000	0.000	0.000	0.000	0.000
944	110230	2	-0.519	57.00	0.01982	-1.03819	0.000	0.481	0.000	0.000	0.000	0.000	-1.000
945	110267	5	1.485	57.00	0.01913	-1.03671	0.000	1.485	0.000	0.000	0.000	0.000	0.000
946	110297	5	1.220	57.00	0.01933	-1.02948	0.000	1.220	0.000	0.000	0.000	0.000	0.000
947	110340	2	1.411	57.00	0.01999	-1.02616	0.000	2.411	0.000	0.000	0.000	0.000	-1.000
948	110410	1	6.308	57.00	0.02026	-1.03479	0.000	5.308	0.000	0.000	0.000	0.000	1.000
949	110512	1	11.945	58.00	0.02050	-1.03344	0.000	10.945	0.000	0.000	0.000	0.000	1.000
950	110626	1	11.302	58.00	0.01946	-1.03527	0.000	10.302	0.000	0.000	0.000	0.000	1.000
951	110683	1	6.977	59.00	0.01996	-1.03336	0.000	5.977	0.000	0.000	0.000	0.000	1.000
952	110736	1	4.509	59.00	0.01939	-1.03505	0.000	3.509	0.000	0.000	0.000	0.000	1.000
953	110808	1	6.465	60.00	0.02038	-1.03655	0.000	5.465	0.000	0.000	0.000	0.000	1.000
954	110870	2	4.891	59.00	0.02128	-1.03542	0.000	5.891	0.000	0.000	0.000	0.000	-1.000
955	110937	2	1.861	59.00	0.01996	-1.02765	0.000	2.861	0.000	0.000	0.000	0.000	-1.000
956	111009	1	6.560	59.00	0.01892	-1.02967	0.000	5.560	0.000	0.000	0.000	0.000	1.000
957	111078	2	5.631	58.00	0.01800	-1.03621	0.000	6.631	0.000	0.000	0.000	0.000	-1.000
958	111118	1	3.823	58.00	0.02155	-1.03192	0.000	2.823	0.000	0.000	0.000	0.000	1.000
959	111172	2	4.133	58.00	0.01885	-1.03285	0.000	5.133	0.000	0.000	0.000	0.000	-1.000
960	111244	1	6.526	58.00	0.01960	-1.02721	0.000	5.526	0.000	0.000	0.000	0.000	1.000
961	111300	2	3.545	58.00	0.02135	-1.03293	0.000	4.545	0.000	0.000	0.000	0.000	-1.000
962	111371	1	6.266	59.00	0.02080	-1.02663	0.000	5.266	0.000	0.000	0.000	0.000	1.000
963	111414	2	1.522	59.00	0.01900	-1.03623	0.000	2.522	0.000	0.000	0.000	0.000	-1.000
964	111468	1	5.695	59.00	0.01973	-1.03382	0.000	4.695	0.000	0.000	0.000	0.000	1.000
965	111498	2	1.063	58.00	0.02101	-1.05192	0.000	2.063	0.000	0.000	0.000	0.000	-1.000
966	111529	2	-0.570	58.00	0.02181	-1.03167	0.000	0.430	0.000	0.000	0.000	0.000	-1.000
967	111576	1	3.761	58.00	0.01973	-1.02483	0.000	2.761	0.000	0.000	0.000	0.000	1.000
968	111656	1	6.597	59.00	0.02030	-1.02561	0.000	5.597	0.000	0.000	0.000	0.000	1.000
969	111709	1	4.796	59.00	0.01988	-1.02739	0.000	3.796	0.000	0.000	0.000	0.000	1.000
970	111771	2	5.126	59.00	0.02083	-1.02413	0.000	6.126	0.000	0.000	0.000	0.000	-1.000
971	111815	2	2.187	58.00	0.01879	-1.03251	0.000	3.187	0.000	0.000	0.000	0.000	-1.000
972	111860	2	-0.297	57.00	0.01928	-1.03504	0.000	0.703	0.000	0.000	0.000	0.000	-1.000
973	111912	1	5.197	57.00	0.01841	-1.02806	0.000	4.197	0.000	0.000	0.000	0.000	1.000
974	111947	1	4.737	57.00	0.02011	-1.02602	0.000	3.737	0.000	0.000	0.000	0.000	1.000
975	111990	1	4.684	57.00	0.01824	-1.02626	0.000	3.684	0.000	0.000	0.000	0.000	1.000
976	112020	2	-0.707	57.00	0.01923	-1.03129	0.000	0.293	0.000	0.000	0.000	0.000	-1.000
977	112050	5	-0.574	57.00	0.01781	-1.03130	0.000	-0.574	0.000	0.000	0.000	0.000	0.000
978	112080	5	0.257	56.00	0.02316	-1.02745	0.000	0.257	0.000	0.000	0.000	0.000	0.000
979	112131	2	2.315	56.00	0.02033	-1.03117	0.000	3.315	0.000	0.000	0.000	0.000	-1.000
980	112167	1	5.038	56.00	0.01966	-1.03089	0.000	4.038	0.000	0.000	0.000	0.000	1.000
981	112197	2	-0.075	55.00	0.01963	-1.02885	0.000	0.925	0.000	0.000	0.000	0.000	-1.000
982	112227	2	1.654	54.00	0.01957	-1.02381	0.000	2.654	0.000	0.000	0.000	0.000	-1.000
983	112333	2	-1.052	53.00	0.02006	-1.02606	0.000	-0.052	0.000	0.000	0.000	0.000	-1.000
984	112366	1	3.434	54.00	0.01983	-1.02918	0.000	2.434	0.000	0.000	0.000	0.000	1.000
985	112433	1	7.348	54.00	0.02015	-1.02873	0.000	6.348	0.000	0.000	0.000	0.000	1.000
986	112485	2	4.555	53.00	0.02087	-1.02541	0.000	5.555	0.000	0.000	0.000	0.000	-1.000
987	112515	5	0.937	53.00	0.02061	-1.02676	0.000	0.937	0.000	0.000	0.000	0.000	0.000
988	112547	5	0.630	53.00	0.01911	-1.02162	0.000	0.630	0.000	0.000	0.000	0.000	0.000
989	112682	1	7.415	53.00	0.02086	-1.02627	0.000	6.415	0.000	0.000	0.000	0.000	1.000
990	112817	1	8.041	54.00	0.02075	-1.03216	0.000	7.041	0.000	0.000	0.000	0.000	1.000
991	112867	2	0.857	54.00	0.02283	-1.02868	0.000	1.857	0.000	0.000	0.000	0.000	-1.000
992	112929	1	5.231	55.00	0.02026	-1.03300	0.000	4.231	0.000	0.000	0.000	0.000	1.000
993	112987	1	5.168	56.00	0.01956	-1.02865	0.000	4.168	0.000	0.000	0.000	0.000	1.000
994	113050	2	2.649	55.00	0.01996	-1.02569	0.000	3.649	0.000	0.000	0.000	0.000	-1.000
995	113121	1	6.565	56.00	0.01959	-1.03056	0.000	5.565	0.000	0.000	0.000	0.000	1.000
996	113249	1	8.661	56.00	0.02044	-1.02262	0.000	7.661	0.000	0.000	0.000	0.000	1.000
997	113291	1	4.400	57.00	0.02003	-1.02501	0.000	3.400	0.000	0.000	0.000	0.000	1.000
998	113321	2	0.833	57.00	0.02179	-1.01986	0.000	1.833	0.000	0.000	0.000	0.000	-1.000
999	113351	1	2.840	57.00	0.02069	-1.03234	0.000	1.840	0.000	0.000	0.000	0.000	1.000
1000	113381	2	0.895	56.00	0.02074	-1.03313	0.000	1.895	0.000	0.000	0.000	0.000	-1.000
1001	113419	2	2.461	55.00	0.02017	-1.02877	0.000	3.461	0.000	0.000	0.000	0.000	-1.000
1002	113449	1	2.678	56.00	0.01934	-1.04311	0.000	1.678	0.000	0.000	0.000	0.000	1.000
1003	113487	2	0.324	55.00	0.01995	-1.02277	0.000	1.324	0.000	0.000	0.000	0.000	-1.000
1004	113517	1	3.829	55.00	0.01856	-1.03470	0.000	2.829	0.000	0.000	0.000	0.000	1.000
1005	113596	2	5.973	54.00	0.02027	-1.02304	0.000	6.973	0.000	0.000	0.000	0.000	-1.000
1006	113626	2	1.357	53.00	0.02122	-1.02811	0.000	2.357	0.000	0.000	0.000	0.000	-1.000
1007	113656	1	3.509	53.00	0.02029	-1.02658	0.000	2.509	0.000	0.000	0.000	0.000	1.000
1008	113691	1	4.956	53.00	0.02027	-1.02629	0.000	3.956	0.000	0.000	0.000	0.000	1.000
1009	113736	1	5.297	53.00	0.01928	-1.02443	0.000	4.297	0.000	0.000	0.000	0.000	1.000
1010	113823	1	8.619	54.00	0.02020	-1.02519	0.000	7.619	0.000	0.000	0.000	0.000	1.000
1011	113869	1	5.541	55.00	0.02143	-1.02489	0.000	4.541	0.000	0.000	0.000	0.000	1.000
1012	113899	2	1.168	55.00	0.01998	-1.03012	0.000	2.168	0.000	0.000	0.000	0.000	-1.000
1013	113929	1	3.421	56.00	0.02111	-1.03035	0.000	2.421	0.000	0.000	0.000	0.000	1.000
1014	113981	1	4.590	57.00	0.02098	-1.02975	0.000	3.590	0.000	0.000	0.000	0.000	1.000
1015	114017	1	3.891	57.00	0.01963	-1.02926	0.000	2.891	0.000	0.000	0.000	0.000	1.000
1016	114112	1	8.303	57.00	0.02016	-1.02689	0.000	7.303	0.000	0.000	0.000	0.000	1.000
1017	114216	1	8.774	57.00	0.02078	-1.02386	0.000	7.774	0.000	0.000	0.000	0.000	1.000
1018	114295	1	6.797	58.00	0.02038	-1.02640	0.000	5.797	0.000	0.000	0.000	0.000	1.000
1019	114371	1	6.603	58.00	0.01976	-1.02900	0.000	5.603	0.000	0.000	0.000	0.000	1.000
1020	114405	2	0.924	57.00	0.02098	-1.02570	0.000	1.924	0.000	0.000	0.000	0.000	-1.000
1021	114452	2	1.419	57.00	0.01996	-1.02754	0.000	2.419	0.000	0.000	0.000	0.000	-1.000
1022	114507	1	3.961	57.00	0.02039	-1.02946	0.000	2.961	0.000	0.000	0.000	0.000	1.000
1023	114546	1	4.839	58.00	0.02106	-1.01717	0.000	3.839	0.000	0.000	0.000	0.000	1.000
1024	114587	2	2.413	57.00	0.01962	-1.03128	0.000	3.413	0.000	0.000	0.000	0.000	-1.000
1025	114656	1	5.080	57.00	0.02066	-1.02426	0.000	4.080	0.000	0.000	0.000	0.000	1.000
1026	114689	2	1.321	56.00	0.02239	-1.03458	0.000	2.321	0.000	0.000	0.000	0.000	-1.000
1027	114744	1	5.702	57.00	0.01990	-1.02722	0.000	4.702	0.000	0.000	0.000	0.000	1.000
1028	114793	1	3.559	57.00	0.02114	-1.02763	0.000	2.559	0.000	0.000	0.000	0.000	1.000
1029	114823	2	0.804	56.00	0.02077	-1.02878	0.000	1.804	0.000	0.000	0.000	0.000	-1.000
1030	114924	1	7.413	57.00	0.01899	-1.02565	0.000	6.413	0.000	0.000	0.000	0.000	1.000
1031	114977	2	2.608	56.00	0.02016	-1.03072	0.000	3.608	0.000	0.000	0.000	0.000	-1.000
1032	115062	1	6.368	57.00	0.02028	-1.02776	0.000	5.368	0.000	0.000	0.000	0.000	1.000
1033	115182	1	9.682	57.00	0.02038	-1.02338	0.000	8.682	0.000	0.000	0.000	0.000	1.000
1034	115212	2	0.796	57.00	0.02049	-1.02319	0.000	1.796	0.000	0.000	0.000	0.000	-1.000
1035	115260	1	6.609	57.00	0.02071	-1.02904	0.000	5.609	0.000	0.000	0.000	0.000	1.000
1036	115299	1	5.053	57.00	0.02059	-1.02741	0.000	4.053	0.000	0.000	0.000	0.000	1.000
1037	115361	1	5.663	58.00	0.02113	-1.02407	0.000	4.663	0.000	0.000	0.000	0.000	1.000
1038	115408	1	4.715	58.00	0.01951	-1.02915	0.000	3.715	0.000	0.000	0.000	0.000	1.000
1039	115439	1	3.550	58.00	0.02059	-1.01804	0.000	2.550	0.000	0.000	0.000	0.000	1.000
1040	115531	1	7.745	58.00	0.01907	-1.03009	0.000	6.745	0.000	0.000	0.000	0.000	1.000
1041	115567	2	1.679	57.00	0.01948	-1.02142	0.000	2.679	0.000	0.000	0.000	0.000	-1.000
1042	115600	1	2.733	57.00	0.01935	-1.03424	0.000	1.733	0.000	0.000	0.000	0.000	1.000
1043	115631	2	0.895	57.00	0.02005	-1.03999	0.000	1.895	0.000	0.000	0.000	0.000	-1.000
1044	115666	2	1.254	57.00	0.02078	-1.02903	0.000	2.254	0.000	0.000	0.000	0.000	-1.000
1045	115716	2	1.870	57.00	0.02134	-1.02236	0.000	2.870	0.000	0.000	0.000	0.000	-1.000
1046	115795	1	4.608	58.00	0.02120	-1.02745	0.000	3.608	0.000	0.000	0.000	0.000	1.000
1047	115921	1	7.462	59.00	0.02105	-1.03556	0.000	6.462	0.000	0.000	0.000	0.000	1.000
1048	115957	2	1.441	58.00	0.02105	-1.03599	0.000	2.441	0.000	0.000	0.000	0.000	-1.000
1049	116010	1	6.618	58.00	0.01981	-1.04110	0.000	5.618	0.000	0.000	0.000	0.000	1.000
1050	116076	2	5.353	57.00	0.02044	-1.03214	0.000	6.353	0.000	0.000	0.000	0.000	-1.000
1051	116114	2	0.320	56.00	0.02176	-1.03004	0.000	1.320	0.000	0.000	0.000	0.000	-1.000
1052	116145	2	0.910	55.00	0.01949	-1.02472	0.000	1.910	0.000	0.000	0.000	0.000	-1.000
1053	116175	1	3.873	55.00	0.02129	-1.03165	0.000	2.873	0.000	0.000	0.000	0.000	1.000
1054	116226	1	4.778	56.00	0.02199	-1.02865	0.000	3.778	0.000	0.000	0.000	0.000	1.000
1055	116260	1	3.357	57.00	0.02103	-1.03951	0.000	2.357	0.000	0.000	0.000	0.000	1.000
1056	116467	1	5.696	57.00	0.02090	-1.03068	0.000	4.696	0.000	0.000	0.000	0.000	1.000
1057	116521	1	4.269	58.00	0.02032	-1.03859	0.000	3.269	0.000	0.000	0.000	0.000	1.000
1058	116617	1	7.578	58.00	0.02017	-1.03026	0.000	6.578	0.000	0.000	0.000	0.000	1.000
1059	116682	1	4.937	59.00	0.02107	-1.03279	0.000	3.937	0.000	0.000	0.000	0.000	1.000
1060	116754	1	8.371	59.00	0.02079	-1.03591	0.000	7.371	0.000	0.000	0.000	0.000	1.000
1061	116819	2	3.369	59.00	0.02100	-1.03246	0.000	4.369	0.000	0.000	0.000	0.000	-1.000
1062	116857	2	1.421	58.00	0.02226	-1.02953	0.000	2.421	0.000	0.000	0.000	0.000	-1.000
1063	116911	1	6.573	59.00	0.02152	-1.02948	0.000	5.573	0.000	0.000	0.000	0.000	1.000
1064	116958	1	5.603	59.00	0.02003	-1.03364	0.000	4.603	0.000	0.000	0.000	0.000	1.000
1065	116988	2	1.033	59.00	0.02037	-1.03016	0.000	2.033	0.000	0.000	0.000	0.000	-1.000
1066	117036	1	5.200	60.00	0.01953	-1.03779	0.000	4.200	0.000	0.000	0.000	0.000	1.000
1067	117101	2	0.451	59.00	0.02142	-1.02732	0.000	1.451	0.000	0.000	0.000	0.000	-1.000
1068	117172	1	6.332	59.00	0.02057	-1.02954	0.000	5.332	0.000	0.000	0.000	0.000	1.000
1069	117226	2	4.680	58.00	0.02011	-1.03431	0.000	5.680	0.000	0.000	0.000	0.000	-1.000
1070	117286	1	5.644	59.00	0.02213	-1.02679	0.000	4.644	0.000	0.000	0.000	0.000	1.000
1071	117316	1	3.600	60.00	0.02088	-1.03058	0.000	2.600	0.000	0.000	0.000	0.000	1.000
1072	117360	1	5.112	61.00	0.01986	-1.02640	0.000	4.112	0.000	0.000	0.000	0.000	1.000
1073	117418	2	2.461	60.00	0.01960	-1.03146	0.000	3.461	0.000	0.000	0.000	0.000	-1.000
1074	117520	2	3.695	59.00	0.02068	-1.03349	0.000	4.695	0.000	0.000	0.000	0.000	-1.000
1075	117554	2	0.081	58.00	0.02007	-1.03406	0.000	1.081	0.000	0.000	0.000	0.000	-1.000
1076	117634	1	6.273	59.00	0.02082	-1.03161	0.000	5.273	0.000	0.000	0.000	0.000	1.000
1077	117757	1	7.946	60.00	0.02020	-1.03090	0.000	6.946	0.000	0.000	0.000	0.000	1.000
1078	117788	2	1.288	60.00	0.02037	-1.02818	0.000	2.288	0.000	0.000	0.000	0.000	-1.000
1079	117863	2	2.317	60.00	0.02086	-1.02984	0.000	3.317	0.000	0.000	0.000	0.000	-1.000
1080	117928	1	5.109	60.00	0.02003	-1.03307	0.000	4.109	0.000	0.000	0.000	0.000	1.000
1081	117958	2	1.536	60.00	0.02007	-1.02572	0.000	2.536	0.000	0.000	0.000	0.000	-1.000
1082	117988	2	-1.244	60.00	0.02156	-1.02668	0.000	-0.244	0.000	0.000	0.000	0.000	-1.000
1083	118018	2	0.346	60.00	0.02159	-1.02111	0.000	1.346	0.000	0.000	0.000	0.000	-1.000
1084	118053	1	3.784	60.00	0.02069	-1.04262	0.000	2.784	0.000	0.000	0.000	0.000	1.000
1085	118123	1	6.622	60.00	0.02116	-1.03171	0.000	5.622	0.000	0.000	0.000	0.000	1.000
1086	118154	2	0.278	60.00	0.02006	-1.02992	0.000	1.278	0.000	0.000	0.000	0.000	-1.000
1087	118222	2	1.940	60.00	0.02056	-1.02820	0.000	2.940	0.000	0.000	0.000	0.000	-1.000
1088	118252	1	2.780	61.00	0.02118	-1.02224	0.000	1.780	0.000	0.000	0.000	0.000	1.000
1089	118291	2	2.275	60.00	0.01999	-1.03587	0.000	3.275	0.000	0.000	0.000	0.000	-1.000
1090	118344	1	5.095	60.00	0.02083	-1.03056	0.000	4.095	0.000	0.000	0.000	0.000	1.000
1091	118411	1	7.630	61.00	0.02311	-1.03106	0.000	6.630	0.000	0.000	0.000	0.000	1.000
1092	118454	2	2.127	60.00	0.02195	-1.03534	0.000	3.127	0.000	0.000	0.000	0.000	-1.000
1093	118502	1	5.058	60.00	0.02204	-1.02363	0.000	4.058	0.000	0.000	0.000	0.000	1.000
1094	118582	1	5.227	61.00	0.01987	-1.03061	0.000	4.227	0.000	0.000	0.000	0.000	1.000
1095	118664	1	6.623	61.00	0.02169	-1.03115	0.000	5.623	0.000	0.000	0.000	0.000	1.000
1096	118770	2	6.313	60.00	0.02002	-1.02949	0.000	7.313	0.000	0.000	0.000	0.000	-1.000
1097	118800	1	2.654	60.00	0.02152	-1.02945	0.000	1.654	0.000	0.000	0.000	0.000	1.000
1098	118840	1	5.306	61.00	0.01991	-1.02919	0.000	4.306	0.000	0.000	0.000	0.000	1.000
1099	118911	1	4.653	61.00	0.02036	-1.03748	0.000	3.653	0.000	0.000	0.000	0.000	1.000
1100	118953	1	3.727	62.00	0.02041	-1.02368	0.000	2.727	0.000	0.000	0.000	0.000	1.000
1101	118997	1	4.366	63.00	0.02167	-1.04384	0.000	3.366	0.000	0.000	0.000	0.000	1.000
1102	119062	1	4.850	63.00	0.02104	-1.03243	0.000	3.850	0.000	0.000	0.000	0.000	1.000
1103	119097	1	5.156	64.00	0.02059	-1.03248	0.000	4.156	0.000	0.000	0.000	0.000	1.000
1104	119149	1	5.756	64.00	0.02070	-1.02874	0.000	4.756	0.000	0.000	0.000	0.000	1.000
1105	119180	1	4.178	65.00	0.02062	-1.02978	0.000	3.178	0.000	0.000	0.000	0.000	1.000
1106	119226	2	4.245	65.00	0.02147	-1.03415	0.000	5.245	0.000	0.000	0.000	0.000	-1.000
1107	119398	2	5.173	64.00	0.02072	-1.03977	0.000	6.173	0.000	0.000	0.000	0.000	-1.000
1108	119481	2	1.327	63.00	0.02090	-1.03716	0.000	2.327	0.000	0.000	0.000	0.000	-1.000
1109	119520	1	3.767	63.00	0.02233	-1.04339	0.000	2.767	0.000	0.000	0.000	0.000	1.000
1110	119569	2	0.501	62.00	0.02183	-1.03856	0.000	1.501	0.000	0.000	0.000	0.000	-1.000
1111	119729	4	4.756	61.00	0.02099	-1.03722	0.000	4.756	0.000	0.000	0.000	0.000	0.000
1112	119801	1	4.607	62.00	0.01877	-1.03908	0.000	3.607	0.000	0.000	0.000	0.000	1.000
1113	119831	2	1.785	61.00	0.02105	-1.04240	0.000	2.785	0.000	0.000	0.000	0.000	-1.000
1114	119954	1	7.399	61.00	0.02034	-1.04612	0.000	6.399	0.000	0.000	0.000	0.000	1.000
1115	120011	1	5.194	61.00	0.02169	-1.03757	0.000	4.194	0.000	0.000	0.000	0.000	1.000
1116	120083	2	4.779	60.00	0.02148	-1.04057	0.000	5.779	0.000	0.000	0.000	0.000	-1.000
1117	120164	1	5.640	60.00	0.02014	-1.03929	0.000	4.640	0.000	0.000	0.000	0.000	1.000
1118	120243	1	7.504	60.00	0.02115	-1.04136	0.000	6.504	0.000	0.000	0.000	0.000	1.000
1119	120344	1	8.526	60.00	0.02057	-1.04252	0.000	7.526	0.000	0.000	0.000	0.000	1.000
1120	120425	1	4.813	61.00	0.02132	-1.04148	0.000	3.813	0.000	0.000	0.000	0.000	1.000
1121	120486	1	5.078	62.00	0.02099	-1.04498	0.000	4.078	0.000	0.000	0.000	0.000	1.000
1122	120591	1	9.290	62.00	0.01997	-1.04473	0.000	8.290	0.000	0.000	0.000	0.000	1.000
1123	120674	1	7.590	62.00	0.01936	-1.04636	0.000	6.590	0.000	0.000	0.000	0.000	1.000
1124	120704	2	-0.252	62.00	0.02035	-1.04556	0.000	0.748	0.000	0.000	0.000	0.000	-1.000
1125	120734	1	2.951	62.00	0.02141	-1.04910	0.000	1.951	0.000	0.000	0.000	0.000	1.000
1126	120872	2	6.962	62.00	0.02084	-1.04278	0.000	7.962	0.000	0.000	0.000	0.000	-1.000
1127	120920	1	3.717	62.00	0.01906	-1.05701	0.000	2.717	0.000	0.000	0.000	0.000	1.000
1128	120973	2	4.434	61.00	0.02028	-1.06248	0.000	5.434	0.000	0.000	0.000	0.000	-1.000
1129	121013	1	5.108	62.00	0.02046	-1.04200	0.000	4.108	0.000	0.000	0.000	0.000	1.000
1130	121096	1	8.790	62.00	0.02140	-1.04936	0.000	7.790	0.000	0.000	0.000	0.000	1.000
1131	121219	1	8.583	63.00	0.02024	-1.04747	0.000	7.583	0.000	0.000	0.000	0.000	1.000
1132	121275	2	3.179	62.00	0.01921	-1.05975	0.000	4.179	0.000	0.000	0.000	0.000	-1.000
1133	121398	1	7.397	62.00	0.02166	-1.05015	0.000	6.397	0.000	0.000	0.000	0.000	1.000
1134	121429	2	-0.159	62.00	0.02154	-1.04901	0.000	0.841	0.000	0.000	0.000	0.000	-1.000
1135	121477	1	2.774	62.00	0.02048	-1.05463	0.000	1.774	0.000	0.000	0.000	0.000	1.000
1136	121575	1	4.713	62.00	0.02083	-1.04358	0.000	3.713	0.000	0.000	0.000	0.000	1.000
1137	121606	2	0.218	61.00	0.02145	-1.05462	0.000	1.218	0.000	0.000	0.000	0.000	-1.000
1138	121673	1	3.706	61.00	0.02088	-1.05030	0.000	2.706	0.000	0.000	0.000	0.000	1.000
1139	121768	1	3.991	61.00	0.02070	-1.04548	0.000	2.991	0.000	0.000	0.000	0.000	1.000
1140	121830	1	7.861	61.00	0.02170	-1.05191	0.000	6.861	0.000	0.000	0.000	0.000	1.000
1141	121860	1	3.400	62.00	0.01910	-1.05621	0.000	2.400	0.000	0.000	0.000	0.000	1.000
1142	121932	1	6.684	62.00	0.02111	-1.05365	0.000	5.684	0.000	0.000	0.000	0.000	1.000
1143	121986	1	6.374	63.00	0.01998	-1.04907	0.000	5.374	0.000	0.000	0.000	0.000	1.000
1144	122043	1	7.653	64.00	0.02055	-1.04968	0.000	6.653	0.000	0.000	0.000	0.000	1.000
1145	122073	2	-0.815	64.00	0.02006	-1.04970	0.000	0.185	0.000	0.000	0.000	0.000	-1.000
1146	122108	5	0.897	63.00	0.02088	-1.04772	0.000	0.897	0.000	0.000	0.000	0.000	0.000
1147	122138	1	4.001	63.00	0.02000	-1.06698	0.000	3.001	0.000	0.000	0.000	0.000	1.000
1148	122168	2	-1.011	63.00	0.02095	-1.05095	0.000	-0.011	0.000	0.000	0.000	0.000	-1.000
1149	122198	1	3.727	63.00	0.01998	-1.07381	0.000	2.727	0.000	0.000	0.000	0.000	1.000
1150	122318	1	6.630	64.00	0.02095	-1.04868	0.000	5.630	0.000	0.000	0.000	0.000	1.000
1151	122416	1	9.193	65.00	0.02039	-1.05192	0.000	8.193	0.000	0.000	0.000	0.000	1.000
1152	122478	1	4.969	66.00	0.02073	-1.05410	0.000	3.969	0.000	0.000	0.000	0.000	1.000
1153	122550	1	5.641	66.00	0.02158	-1.05837	0.000	4.641	0.000	0.000	0.000	0.000	1.000
1154	122601	1	6.929	66.00	0.02109	-1.05549	0.000	5.929	0.000	0.000	0.000	0.000	1.000
1155	122631	1	4.809	66.00	0.02065	-1.05088	0.000	3.809	0.000	0.000	0.000	0.000	1.000
1156	122701	1	9.863	66.00	0.02168	-1.06115	0.000	8.863	0.000	0.000	0.000	0.000	1.000
1157	122778	1	8.677	66.00	0.02109	-1.05863	0.000	7.677	0.000	0.000	0.000	0.000	1.000
1158	122915	1	9.245	66.00	0.01991	-1.06457	0.000	8.245	0.000	0.000	0.000	0.000	1.000
1159	122972	1	6.048	66.00	0.02105	-1.06549	0.000	5.048	0.000	0.000	0.000	0.000	1.000
1160	123027	1	4.917	66.00	0.02009	-1.06240	0.000	3.917	0.000	0.000	0.000	0.000	1.000
1161	123066	2	2.581	66.00	0.02117	-1.06204	0.000	3.581	0.000	0.000	0.000	0.000	-1.000
1162	123118	1	4.774	67.00	0.02093	-1.05929	0.000	3.774	0.000	0.000	0.000	0.000	1.000
1163	123150	1	4.316	67.00	0.02082	-1.07293	0.000	3.316	0.000	0.000	0.000	0.000	1.000
1164	123180	2	-0.026	66.00	0.02128	-1.06631	0.000	0.974	0.000	0.000	0.000	0.000	-1.000
1165	123234	1	4.605	67.00	0.02074	-1.06232	0.000	3.605	0.000	0.000	0.000	0.000	1.000
1166	123295	1	6.427	67.00	0.02171	-1.06636	0.000	5.427	0.000	0.000	0.000	0.000	1.000
1167	123354	1	7.026	68.00	0.02140	-1.06561	0.000	6.026	0.000	0.000	0.000	0.000	1.000
1168	123408	1	6.579	68.00	0.02063	-1.06598	0.000	5.579	0.000	0.000	0.000	0.000	1.000
1169	123473	1	7.382	69.00	0.02031	-1.06836	0.000	6.382	0.000	0.000	0.000	0.000	1.000
1170	123547	1	7.039	69.00	0.02139	-1.06798	0.000	6.039	0.000	0.000	0.000	0.000	1.000
1171	123595	1	4.857	69.00	0.02270	-1.06590	0.000	3.857	0.000	0.000	0.000	0.000	1.000
1172	123626	5	0.093	68.00	0.02014	-1.06295	0.000	0.093	0.000	0.000	0.000	0.000	0.000
1173	123656	5	0.213	68.00	0.02087	-1.06726	0.000	0.213	0.000	0.000	0.000	0.000	0.000
1174	123686	5	0.092	68.00	0.02256	-1.07687	0.000	0.092	0.000	0.000	0.000	0.000	0.000
1175	123754	1	4.634	69.00	0.02115	-1.07272	0.000	3.634	0.000	0.000	0.000	0.000	1.000
1176	123822	1	5.305	69.00	0.02071	-1.06741	0.000	4.305	0.000	0.000	0.000	0.000	1.000
1177	123907	2	5.244	68.00	0.02063	-1.06917	0.000	6.244	0.000	0.000	0.000	0.000	-1.000
1178	123938	2	0.612	68.00	0.02203	-1.07075	0.000	1.612	0.000	0.000	0.000	0.000	-1.000
1179	124019	2	3.498	68.00	0.02226	-1.07052	0.000	4.498	0.000	0.000	0.000	0.000	-1.000
1180	124079	1	6.312	68.00	0.02151	-1.07766	0.000	5.312	0.000	0.000	0.000	0.000	1.000
1181	124125	1	4.404	69.00	0.02037	-1.07589	0.000	3.404	0.000	0.000	0.000	0.000	1.000
1182	124198	1	7.718	70.00	0.02084	-1.07244	0.000	6.718	0.000	0.000	0.000	0.000	1.000
1183	124228	2	0.720	70.00	0.02313	-1.07169	0.000	1.720	0.000	0.000	0.000	0.000	-1.000
1184	124290	1	6.667	70.00	0.02166	-1.06934	0.000	5.667	0.000	0.000	0.000	0.000	1.000
1185	124357	2	7.061	69.00	0.02055	-1.08156	0.000	8.061	0.000	0.000	0.000	0.000	-1.000
1186	124390	2	0.539	69.00	0.02084	-1.07583	0.000	1.539	0.000	0.000	0.000	0.000	-1.000
1187	124442	1	3.965	70.00	0.02198	-1.06925	0.000	2.965	0.000	0.000	0.000	0.000	1.000
1188	124475	1	3.729	70.00	0.02167	-1.07837	0.000	2.729	0.000	0.000	0.000	0.000	1.000
1189	124511	2	2.334	70.00	0.02221	-1.07816	0.000	3.334	0.000	0.000	0.000	0.000	-1.000
1190	124568	2	2.400	69.00	0.02104	-1.08291	0.000	3.400	0.000	0.000	0.000	0.000	-1.000
1191	124598	1	3.537	69.00	0.02417	-1.07939	0.000	2.537	0.000	0.000	0.000	0.000	1.000
1192	124632	1	4.788	70.00	0.02321	-1.08378	0.000	3.788	0.000	0.000	0.000	0.000	1.000
1193	124667	1	4.856	70.00	0.02342	-1.07424	0.000	3.856	0.000	0.000	0.000	0.000	1.000
1194	124732	1	8.849	70.00	0.02157	-1.07552	0.000	7.849	0.000	0.000	0.000	0.000	1.000
1195	124829	1	9.701	70.00	0.02047	-1.07815	0.000	8.701	0.000	0.000	0.000	0.000	1.000
1196	124882	1	5.687	71.00	0.02072	-1.08497	0.000	4.687	0.000	0.000	0.000	0.000	1.000
1197	124930	1	5.059	71.00	0.01992	-1.08643	0.000	4.059	0.000	0.000	0.000	0.000	1.000
1198	125008	2	3.362	70.00	0.02240	-1.07707	0.000	4.362	0.000	0.000	0.000	0.000	-1.000
1199	125082	1	5.007	70.00	0.02088	-1.08289	0.000	4.007	0.000	0.000	0.000	0.000	1.000
1200	125113	1	3.890	70.00	0.02137	-1.07842	0.000	2.890	0.000	0.000	0.000	0.000	1.000
1201	125173	1	4.779	70.00	0.02037	-1.08195	0.000	3.779	0.000	0.000	0.000	0.000	1.000
1202	125219	1	4.637	70.00	0.02141	-1.07950	0.000	3.637	0.000	0.000	0.000	0.000	1.000
1203	125253	2	0.759	69.00	0.02044	-1.08809	0.000	1.759	0.000	0.000	0.000	0.000	-1.000
1204	125317	1	5.640	69.00	0.02118	-1.08571	0.000	4.640	0.000	0.000	0.000	0.000	1.000
1205	125374	1	4.808	69.00	0.02216	-1.08447	0.000	3.808	0.000	0.000	0.000	0.000	1.000
1206	125431	2	0.271	69.00	0.02084	-1.08162	0.000	1.271	0.000	0.000	0.000	0.000	-1.000
1207	125484	1	3.780	70.00	0.02196	-1.08622	0.000	2.780	0.000	0.000	0.000	0.000	1.000
1208	125642	2	3.326	70.00	0.02185	-1.07786	0.000	4.326	0.000	0.000	0.000	0.000	-1.000
1209	125674	2	0.206	69.00	0.02177	-1.08214	0.000	1.206	0.000	0.000	0.000	0.000	-1.000
1210	125775	1	4.609	70.00	0.02043	-1.08815	0.000	3.609	0.000	0.000	0.000	0.000	1.000
1211	125893	1	8.583	71.00	0.02084	-1.08935	0.000	7.583	0.000	0.000	0.000	0.000	1.000
1212	126059	1	8.606	71.00	0.02171	-1.08701	0.000	7.606	0.000	0.000	0.000	0.000	1.000
1213	126099	1	3.476	72.00	0.02091	-1.08507	0.000	2.476	0.000	0.000	0.000	0.000	1.000
1214	126129	5	0.742	71.00	0.02033	-1.08581	0.000	0.742	0.000	0.000	0.000	0.000	0.000
1215	126166	2	0.716	70.00	0.01994	-1.09380	0.000	1.716	0.000	0.000	0.000	0.000	-1.000
1216	126196	1	3.446	71.00	0.02122	-1.07987	0.000	2.446	0.000	0.000	0.000	0.000	1.000
1217	126256	2	-0.431	70.00	0.02115	-1.08183	0.000	0.569	0.000	0.000	0.000	0.000	-1.000
1218	126305	1	5.126	70.00	0.02108	-1.07944	0.000	4.126	0.000	0.000	0.000	0.000	1.000
1219	126335	5	0.708	69.00	0.02253	-1.08512	0.000	0.708	0.000	0.000	0.000	0.000	0.000
1220	126441	2	-0.071	68.00	0.02146	-1.08530	0.000	0.929	0.000	0.000	0.000	0.000	-1.000
1221	126517	1	7.395	68.00	0.02208	-1.08728	0.000	6.395	0.000	0.000	0.000	0.000	1.000
1222	126592	1	8.090	68.00	0.02143	-1.09421	0.000	7.090	0.000	0.000	0.000	0.000	1.000
1223	126708	2	6.936	67.00	0.02188	-1.08886	0.000	7.936	0.000	0.000	0.000	0.000	-1.000
1224	126749	1	2.692	68.00	0.02279	-1.08078	0.000	1.692	0.000	0.000	0.000	0.000	1.000
1225	126882	2	6.804	67.00	0.02091	-1.09208	0.000	7.804	0.000	0.000	0.000	0.000	-1.000
1226	126912	1	3.548	68.00	0.02338	-1.08959	0.000	2.548	0.000	0.000	0.000	0.000	1.000
1227	126988	2	5.347	67.00	0.02163	-1.08939	0.000	6.347	0.000	0.000	0.000	0.000	-1.000
1228	127018	1	2.665	68.00	0.02206	-1.08793	0.000	1.665	0.000	0.000	0.000	0.000	1.000
1229	127048	2	0.551	67.00	0.02078	-1.09020	0.000	1.551	0.000	0.000	0.000	0.000	-1.000
1230	127088	1	2.603	67.00	0.02082	-1.07998	0.000	1.603	0.000	0.000	0.000	0.000	1.000
1231	127166	1	8.661	67.00	0.02263	-1.09622	0.000	7.661	0.000	0.000	0.000	0.000	1.000
1232	127305	2	9.431	67.00	0.02213	-1.09260	0.000	10.431	0.000	0.000	0.000	0.000	-1.000
1233	127339	1	5.084	67.00	0.02115	-1.08822	0.000	4.084	0.000	0.000	0.000	0.000	1.000
1234	127380	2	1.264	67.00	0.02183	-1.09298	0.000	2.264	0.000	0.000	0.000	0.000	-1.000
1235	127419	1	5.076	67.00	0.02200	-1.09687	0.000	4.076	0.000	0.000	0.000	0.000	1.000
1236	127493	1	8.409	67.00	0.02138	-1.10183	0.000	7.409	0.000	0.000	0.000	0.000	1.000
1237	127558	2	5.027	67.00	0.02227	-1.09603	0.000	6.027	0.000	0.000	0.000	0.000	-1.000
1238	127660	1	6.329	67.00	0.02195	-1.08983	0.000	5.329	0.000	0.000	0.000	0.000	1.000
1239	127742	2	5.105	66.00	0.02067	-1.09175	0.000	6.105	0.000	0.000	0.000	0.000	-1.000
1240	127777	2	0.567	65.00	0.02270	-1.08425	0.000	1.567	0.000	0.000	0.000	0.000	-1.000
1241	127822	1	3.955	65.00	0.02178	-1.08571	0.000	2.955	0.000	0.000	0.000	0.000	1.000
1242	127919	1	9.495	65.00	0.02161	-1.09401	0.000	8.495	0.000	0.000	0.000	0.000	1.000
1243	127990	1	8.158	65.00	0.02085	-1.09362	0.000	7.158	0.000	0.000	0.000	0.000	1.000
1244	128020	1	3.554	65.00	0.02130	-1.09679	0.000	2.554	0.000	0.000	0.000	0.000	1.000
1245	128078	2	3.602	65.00	0.02173	-1.09763	0.000	4.602	0.000	0.000	0.000	0.000	-1.000
1246	128134	1	4.608	66.00	0.02306	-1.09733	0.000	3.608	0.000	0.000	0.000	0.000	1.000
1247	128208	1	3.982	66.00	0.02043	-1.09152	0.000	2.982	0.000	0.000	0.000	0.000	1.000
1248	128250	1	4.078	67.00	0.02173	-1.09917	0.000	3.078	0.000	0.000	0.000	0.000	1.000
1249	128307	2	-0.269	66.00	0.02136	-1.10459	0.000	0.731	0.000	0.000	0.000	0.000	-1.000
1250	128440	2	2.658	65.00	0.02125	-1.10202	0.000	3.658	0.000	0.000	0.000	0.000	-1.000
1251	128490	1	4.695	65.00	0.02060	-1.10142	0.000	3.695	0.000	0.000	0.000	0.000	1.000
1252	128558	1	7.052	65.00	0.02161	-1.09588	0.000	6.052	0.000	0.000	0.000	0.000	1.000
1253	128646	1	6.549	65.00	0.02187	-1.09730	0.000	5.549	0.000	0.000	0.000	0.000	1.000
1254	128713	2	5.895	64.00	0.02038	-1.10720	0.000	6.895	0.000	0.000	0.000	0.000	-1.000
1255	128750	2	0.327	63.00	0.02066	-1.09987	0.000	1.327	0.000	0.000	0.000	0.000	-1.000
1256	128828	1	5.258	63.00	0.02057	-1.10825	0.000	4.258	0.000	0.000	0.000	0.000	1.000
1257	128877	1	6.522	63.00	0.02079	-1.10694	0.000	5.522	0.000	0.000	0.000	0.000	1.000
1258	128925	1	5.419	63.00	0.02209	-1.09808	0.000	4.419	0.000	0.000	0.000	0.000	1.000
1259	128955	2	0.620	62.00	0.02217	-1.10053	0.000	1.620	0.000	0.000	0.000	0.000	-1.000
1260	128995	1	4.999	62.00	0.02062	-1.11513	0.000	3.999	0.000	0.000	0.000	0.000	1.000
1261	129050	1	6.370	63.00	0.02268	-1.10527	0.000	5.370	0.000	0.000	0.000	0.000	1.000
1262	129086	1	4.966	63.00	0.02121	-1.11250	0.000	3.966	0.000	0.000	0.000	0.000	1.000
1263	129143	1	4.440	63.00	0.02219	-1.10012	0.000	3.440	0.000	0.000	0.000	0.000	1.000
1264	129277	4	7.790	63.00	0.02066	-1.10396	0.000	7.790	0.000	0.000	0.000	0.000	0.000
1265	129331	1	5.626	63.00	0.02079	-1.10527	0.000	4.626	0.000	0.000	0.000	0.000	1.000
1266	129361	2	2.147	62.00	0.02229	-1.10435	0.000	3.147	0.000	0.000	0.000	0.000	-1.000
1267	129407	1	5.130	62.00	0.02108	-1.10297	0.000	4.130	0.000	0.000	0.000	0.000	1.000
1268	129437	2	-0.353	61.00	0.02156	-1.10240	0.000	0.647	0.000	0.000	0.000	0.000	-1.000
1269	129467	1	3.750	61.00	0.02173	-1.10918	0.000	2.750	0.000	0.000	0.000	0.000	1.000
1270	129497	1	3.593	61.00	0.02198	-1.10541	0.000	2.593	0.000	0.000	0.000	0.000	1.000
1271	129542	1	5.643	61.00	0.02298	-1.10016	0.000	4.643	0.000	0.000	0.000	0.000	1.000
1272	129597	2	2.646	61.00	0.02213	-1.10122	0.000	3.646	0.000	0.000	0.000	0.000	-1.000
1273	129669	2	2.695	61.00	0.02241	-1.10620	0.000	3.695	0.000	0.000	0.000	0.000	-1.000
1274	129699	1	3.641	62.00	0.02095	-1.12128	0.000	2.641	0.000	0.000	0.000	0.000	1.000
1275	129749	1	4.882	62.00	0.02188	-1.10934	0.000	3.882	0.000	0.000	0.000	0.000	1.000
1276	129787	2	0.951	61.00	0.02095	-1.10783	0.000	1.951	0.000	0.000	0.000	0.000	-1.000
1277	129841	2	-0.072	61.00	0.02221	-1.11200	0.000	0.928	0.000	0.000	0.000	0.000	-1.000
1278	129908	1	4.740	62.00	0.02178	-1.11146	0.000	3.740	0.000	0.000	0.000	0.000	1.000
1279	129940	2	0.444	62.00	0.02287	-1.10351	0.000	1.444	0.000	0.000	0.000	0.000	-1.000
1280	130000	2	-0.046	61.00	0.02250	-1.11382	0.000	0.954	0.000	0.000	0.000	0.000	-1.000
1281	130030	1	3.515	61.00	0.02305	-1.10600	0.000	2.515	0.000	0.000	0.000	0.000	1.000
1282	130113	1	7.598	61.00	0.02272	-1.10894	0.000	6.598	0.000	0.000	0.000	0.000	1.000
1283	130227	1	8.627	62.00	0.02198	-1.11509	0.000	7.627	0.000	0.000	0.000	0.000	1.000
1284	130299	1	7.894	62.00	0.02161	-1.11644	0.000	6.894	0.000	0.000	0.000	0.000	1.000
1285	130333	2	1.991	62.00	0.02099	-1.12420	0.000	2.991	0.000	0.000	0.000	0.000	-1.000
1286	130378	1	4.608	63.00	0.02269	-1.11427	0.000	3.608	0.000	0.000	0.000	0.000	1.000
1287	130462	1	6.487	63.00	0.02174	-1.11547	0.000	5.487	0.000	0.000	0.000	0.000	1.000
1288	130578	1	6.434	63.00	0.02259	-1.11317	0.000	5.434	0.000	0.000	0.000	0.000	1.000
1289	130673	2	7.037	63.00	0.02208	-1.11052	0.000	8.037	0.000	0.000	0.000	0.000	-1.000
1290	130710	1	4.639	64.00	0.02046	-1.11787	0.000	3.639	0.000	0.000	0.000	0.000	1.000
1291	130789	2	5.599	63.00	0.02085	-1.11322	0.000	6.599	0.000	0.000	0.000	0.000	-1.000
1292	130865	1	7.408	63.00	0.02149	-1.12171	0.000	6.408	0.000	0.000	0.000	0.000	1.000
1293	130900	2	0.957	62.00	0.02198	-1.11707	0.000	1.957	0.000	0.000	0.000	0.000	-1.000
1294	130950	2	2.185	61.00	0.02153	-1.11897	0.000	3.185	0.000	0.000	0.000	0.000	-1.000
1295	131046	1	7.464	61.00	0.02171	-1.11470	0.000	6.464	0.000	0.000	0.000	0.000	1.000
1296	131076	2	1.921	60.00	0.02113	-1.11489	0.000	2.921	0.000	0.000	0.000	0.000	-1.000
1297	131143	1	5.642	60.00	0.02217	-1.11723	0.000	4.642	0.000	0.000	0.000	0.000	1.000
1298	131174	2	1.167	60.00	0.02277	-1.11442	0.000	2.167	0.000	0.000	0.000	0.000	-1.000
1299	131209	1	2.695	60.00	0.02260	-1.12295	0.000	1.695	0.000	0.000	0.000	0.000	1.000
1300	131239	1	3.570	60.00	0.02029	-1.12690	0.000	2.570	0.000	0.000	0.000	0.000	1.000
1301	131280	2	1.781	59.00	0.02102	-1.12117	0.000	2.781	0.000	0.000	0.000	0.000	-1.000
1302	131312	1	2.827	59.00	0.02170	-1.11992	0.000	1.827	0.000	0.000	0.000	0.000	1.000
1303	131389	1	8.233	60.00	0.02191	-1.11294	0.000	7.233	0.000	0.000	0.000	0.000	1.000
1304	131419	2	0.812	59.00	0.02146	-1.11411	0.000	1.812	0.000	0.000	0.000	0.000	-1.000
1305	131494	1	6.334	59.00	0.02167	-1.12265	0.000	5.334	0.000	0.000	0.000	0.000	1.000
1306	131532	1	4.557	60.00	0.02309	-1.11687	0.000	3.557	0.000	0.000	0.000	0.000	1.000
1307	131562	1	3.470	60.00	0.02157	-1.12820	0.000	2.470	0.000	0.000	0.000	0.000	1.000
1308	131623	2	5.328	60.00	0.02278	-1.12821	0.000	6.328	0.000	0.000	0.000	0.000	-1.000
1309	131670	1	4.708	61.00	0.02039	-1.13041	0.000	3.708	0.000	0.000	0.000	0.000	1.000
1310	131733	1	4.456	61.00	0.02143	-1.12935	0.000	3.456	0.000	0.000	0.000	0.000	1.000
1311	131810	1	6.470	61.00	0.02180	-1.12464	0.000	5.470	0.000	0.000	0.000	0.000	1.000
1312	131886	1	8.814	61.00	0.02189	-1.12473	0.000	7.814	0.000	0.000	0.000	0.000	1.000
1313	132026	1	8.650	61.00	0.02170	-1.12891	0.000	7.650	0.000	0.000	0.000	0.000	1.000
1314	132087	1	4.007	62.00	0.02286	-1.13081	0.000	3.007	0.000	0.000	0.000	0.000	1.000
1315	132224	1	10.119	63.00	0.02186	-1.12919	0.000	9.119	0.000	0.000	0.000	0.000	1.000
1316	132287	2	3.537	62.00	0.02046	-1.12631	0.000	4.537	0.000	0.000	0.000	0.000	-1.000
1317	132335	1	6.563	63.00	0.02166	-1.11941	0.000	5.563	0.000	0.000	0.000	0.000	1.000
1318	132396	1	5.482	63.00	0.02175	-1.13557	0.000	4.482	0.000	0.000	0.000	0.000	1.000
1319	132494	1	6.540	64.00	0.02156	-1.13055	0.000	5.540	0.000	0.000	0.000	0.000	1.000
1320	132529	2	2.237	64.00	0.02163	-1.12023	0.000	3.237	0.000	0.000	0.000	0.000	-1.000
1321	132583	1	5.110	64.00	0.02144	-1.13138	0.000	4.110	0.000	0.000	0.000	0.000	1.000
1322	132617	5	3.616	63.00	0.02254	-1.12650	0.000	3.616	0.000	0.000	0.000	0.000	0.000
1323	132778	1	6.302	64.00	0.02263	-1.12651	0.000	5.302	0.000	0.000	0.000	0.000	1.000
1324	132874	2	3.404	63.00	0.02265	-1.12688	0.000	4.404	0.000	0.000	0.000	0.000	-1.000
1325	132904	1	2.771	64.00	0.02038	-1.12722	0.000	1.771	0.000	0.000	0.000	0.000	1.000
1326	132934	1	3.939	64.00	0.02121	-1.12648	0.000	2.939	0.000	0.000	0.000	0.000	1.000
1327	132964	2	-0.876	64.00	0.02072	-1.12793	0.000	0.124	0.000	0.000	0.000	0.000	-1.000
1328	133012	2	0.151	63.00	0.02256	-1.12839	0.000	1.151	0.000	0.000	0.000	0.000	-1.000
1329	133046	2	1.170	63.00	0.02137	-1.12742	0.000	2.170	0.000	0.000	0.000	0.000	-1.000
1330	133083	1	5.126	63.00	0.02031	-1.13457	0.000	4.126	0.000	0.000	0.000	0.000	1.000
1331	133141	1	6.050	63.00	0.02187	-1.12697	0.000	5.050	0.000	0.000	0.000	0.000	1.000
1332	133186	1	5.493	64.00	0.02252	-1.14000	0.000	4.493	0.000	0.000	0.000	0.000	1.000
1333	133240	1	6.504	64.00	0.02138	-1.13591	0.000	5.504	0.000	0.000	0.000	0.000	1.000
1334	133292	2	3.742	64.00	0.02163	-1.13663	0.000	4.742	0.000	0.000	0.000	0.000	-1.000
1335	133336	1	4.834	64.00	0.02143	-1.12203	0.000	3.834	0.000	0.000	0.000	0.000	1.000
1336	133407	1	7.132	64.00	0.02218	-1.13038	0.000	6.132	0.000	0.000	0.000	0.000	1.000
1337	133465	1	6.798	65.00	0.02121	-1.13364	0.000	5.798	0.000	0.000	0.000	0.000	1.000
1338	133495	5	-0.095	64.00	0.02122	-1.14704	0.000	-0.095	0.000	0.000	0.000	0.000	0.000
1339	133525	5	-0.100	64.00	0.02468	-1.13607	0.000	-0.100	0.000	0.000	0.000	0.000	0.000
1340	133555	5	-0.044	64.00	0.02322	-1.12992	0.000	-0.044	0.000	0.000	0.000	0.000	0.000
1341	133691	1	5.055	64.00	0.02177	-1.13876	0.000	4.055	0.000	0.000	0.000	0.000	1.000
1342	133797	1	8.640	64.00	0.02187	-1.13349	0.000	7.640	0.000	0.000	0.000	0.000	1.000
1343	133850	2	3.493	63.00	0.02157	-1.13894	0.000	4.493	0.000	0.000	0.000	0.000	-1.000
1344	133880	1	3.614	63.00	0.02253	-1.13728	0.000	2.614	0.000	0.000	0.000	0.000	1.000
1345	133960	1	8.987	64.00	0.02156	-1.13630	0.000	7.987	0.000	0.000	0.000	0.000	1.000
1346	134057	1	10.307	64.00	0.02186	-1.13728	0.000	9.307	0.000	0.000	0.000	0.000	1.000
1347	134098	2	0.311	63.00	0.02219	-1.13383	0.000	1.311	0.000	0.000	0.000	0.000	-1.000
1348	134128	1	2.658	63.00	0.02136	-1.12524	0.000	1.658	0.000	0.000	0.000	0.000	1.000
1349	134158	1	4.369	64.00	0.02219	-1.13622	0.000	3.369	0.000	0.000	0.000	0.000	1.000
1350	134193	1	4.033	65.00	0.02334	-1.12764	0.000	3.033	0.000	0.000	0.000	0.000	1.000
1351	134225	1	3.793	65.00	0.02063	-1.12881	0.000	2.793	0.000	0.000	0.000	0.000	1.000
1352	134279	1	4.668	65.00	0.02280	-1.13458	0.000	3.668	0.000	0.000	0.000	0.000	1.000
1353	134370	1	9.270	65.00	0.02236	-1.13896	0.000	8.270	0.000	0.000	0.000	0.000	1.000
1354	134433	1	7.284	66.00	0.02103	-1.13974	0.000	6.284	0.000	0.000	0.000	0.000	1.000
1355	134504	1	6.483	67.00	0.02250	-1.14582	0.000	5.483	0.000	0.000	0.000	0.000	1.000
1356	134581	1	6.604	67.00	0.02216	-1.13533	0.000	5.604	0.000	0.000	0.000	0.000	1.000
1357	134699	2	6.360	66.00	0.02182	-1.14385	0.000	7.360	0.000	0.000	0.000	0.000	-1.000
1358	134729	1	2.792	66.00	0.02262	-1.14560	0.000	1.792	0.000	0.000	0.000	0.000	1.000
1359	134801	1	4.648	67.00	0.02286	-1.13839	0.000	3.648	0.000	0.000	0.000	0.000	1.000
1360	134865	1	7.072	67.00	0.02247	-1.14499	0.000	6.072	0.000	0.000	0.000	0.000	1.000
1361	134925	1	3.792	67.00	0.02407	-1.14221	0.000	2.792	0.000	0.000	0.000	0.000	1.000
1362	135017	1	9.272	67.00	0.02258	-1.14283	0.000	8.272	0.000	0.000	0.000	0.000	1.000
1363	135062	2	0.824	66.00	0.02280	-1.13758	0.000	1.824	0.000	0.000	0.000	0.000	-1.000
1364	135101	1	4.634	67.00	0.02124	-1.14697	0.000	3.634	0.000	0.000	0.000	0.000	1.000
1365	135139	2	0.456	66.00	0.02206	-1.13597	0.000	1.456	0.000	0.000	0.000	0.000	-1.000
1366	135200	2	1.314	66.00	0.02308	-1.14565	0.000	2.314	0.000	0.000	0.000	0.000	-1.000
1367	135279	1	7.395	66.00	0.02228	-1.14337	0.000	6.395	0.000	0.000	0.000	0.000	1.000
1368	135315	2	-0.032	66.00	0.02239	-1.14286	0.000	0.968	0.000	0.000	0.000	0.000	-1.000
1369	135345	5	-0.896	65.00	0.02108	-1.15267	0.000	-0.896	0.000	0.000	0.000	0.000	0.000
1370	135378	5	0.758	64.00	0.02265	-1.14922	0.000	0.758	0.000	0.000	0.000	0.000	0.000
1371	135432	2	1.112	63.00	0.02315	-1.14415	0.000	2.112	0.000	0.000	0.000	0.000	-1.000
1372	135488	2	1.218	63.00	0.02184	-1.14601	0.000	2.218	0.000	0.000	0.000	0.000	-1.000
1373	135588	1	3.999	64.00	0.02218	-1.14402	0.000	2.999	0.000	0.000	0.000	0.000	1.000
1374	135627	1	3.909	64.00	0.02164	-1.14109	0.000	2.909	0.000	0.000	0.000	0.000	1.000
1375	135667	1	5.017	64.00	0.02347	-1.14286	0.000	4.017	0.000	0.000	0.000	0.000	1.000
1376	135697	2	1.520	64.00	0.02380	-1.14794	0.000	2.520	0.000	0.000	0.000	0.000	-1.000
1377	135727	5	-0.597	64.00	0.02281	-1.14749	0.000	-0.597	0.000	0.000	0.000	0.000	0.000
1378	135806	2	1.055	63.00	0.02285	-1.14825	0.000	2.055	0.000	0.000	0.000	0.000	-1.000
1379	135914	2	0.708	63.00	0.02133	-1.14486	0.000	1.708	0.000	0.000	0.000	0.000	-1.000
1380	136111	1	7.371	64.00	0.02232	-1.14388	0.000	6.371	0.000	0.000	0.000	0.000	1.000
1381	136245	1	8.712	64.00	0.02238	-1.14432	0.000	7.712	0.000	0.000	0.000	0.000	1.000
1382	136310	1	5.354	64.00	0.02214	-1.14000	0.000	4.354	0.000	0.000	0.000	0.000	1.000
1383	136380	2	5.820	63.00	0.02171	-1.14604	0.000	6.820	0.000	0.000	0.000	0.000	-1.000
1384	136410	1	2.755	63.00	0.02098	-1.13679	0.000	1.755	0.000	0.000	0.000	0.000	1.000
1385	136442	2	0.273	63.00	0.02155	-1.13720	0.000	1.273	0.000	0.000	0.000	0.000	-1.000
1386	136490	1	6.546	63.00	0.02314	-1.14066	0.000	5.546	0.000	0.000	0.000	0.000	1.000
1387	136558	1	8.151	63.00	0.02303	-1.14278	0.000	7.151	0.000	0.000	0.000	0.000	1.000
1388	136617	1	5.484	63.00	0.02235	-1.14799	0.000	4.484	0.000	0.000	0.000	0.000	1.000
1389	136686	1	7.399	64.00	0.02249	-1.14819	0.000	6.399	0.000	0.000	0.000	0.000	1.000
1390	136727	1	4.482	64.00	0.02258	-1.14554	0.000	3.482	0.000	0.000	0.000	0.000	1.000
1391	136793	1	6.748	65.00	0.02058	-1.14064	0.000	5.748	0.000	0.000	0.000	0.000	1.000
1392	136871	1	7.043	65.00	0.02120	-1.15240	0.000	6.043	0.000	0.000	0.000	0.000	1.000
1393	136938	1	6.989	66.00	0.02145	-1.14929	0.000	5.989	0.000	0.000	0.000	0.000	1.000
1394	136972	1	4.273	67.00	0.02140	-1.14457	0.000	3.273	0.000	0.000	0.000	0.000	1.000
1395	137002	1	3.697	67.00	0.02206	-1.14848	0.000	2.697	0.000	0.000	0.000	0.000	1.000
1396	137098	2	1.120	67.00	0.02171	-1.14604	0.000	2.120	0.000	0.000	0.000	0.000	-1.000
1397	137129	2	-0.204	66.00	0.02241	-1.14686	0.000	0.796	0.000	0.000	0.000	0.000	-1.000
1398	137207	1	5.058	67.00	0.02117	-1.15334	0.000	4.058	0.000	0.000	0.000	0.000	1.000
1399	137314	1	9.278	67.00	0.02147	-1.15803	0.000	8.278	0.000	0.000	0.000	0.000	1.000
1400	137396	2	4.828	66.00	0.02209	-1.15319	0.000	5.828	0.000	0.000	0.000	0.000	-1.000
1401	137426	1	2.817	67.00	0.02419	-1.15027	0.000	1.817	0.000	0.000	0.000	0.000	1.000
1402	137464	1	4.758	67.00	0.02269	-1.14890	0.000	3.758	0.000	0.000	0.000	0.000	1.000
1403	137517	1	4.721	67.00	0.02234	-1.15083	0.000	3.721	0.000	0.000	0.000	0.000	1.000
1404	137547	1	3.682	68.00	0.02331	-1.14148	0.000	2.682	0.000	0.000	0.000	0.000	1.000
1405	137680	1	8.798	68.00	0.02262	-1.14862	0.000	7.798	0.000	0.000	0.000	0.000	1.000
1406	137725	2	2.438	67.00	0.02249	-1.16089	0.000	3.438	0.000	0.000	0.000	0.000	-1.000
1407	137773	1	4.601	67.00	0.02172	-1.15795	0.000	3.601	0.000	0.000	0.000	0.000	1.000
1408	137803	1	3.749	68.00	0.02407	-1.14237	0.000	2.749	0.000	0.000	0.000	0.000	1.000
1409	137877	2	4.578	67.00	0.02309	-1.15151	0.000	5.578	0.000	0.000	0.000	0.000	-1.000
1410	137909	2	1.119	66.00	0.02137	-1.14734	0.000	2.119	0.000	0.000	0.000	0.000	-1.000
1411	137939	1	2.876	66.00	0.02118	-1.15021	0.000	1.876	0.000	0.000	0.000	0.000	1.000
1412	137993	2	1.160	65.00	0.02284	-1.15115	0.000	2.160	0.000	0.000	0.000	0.000	-1.000
1413	138061	1	3.990	65.00	0.02151	-1.15894	0.000	2.990	0.000	0.000	0.000	0.000	1.000
1414	138162	1	6.624	65.00	0.02258	-1.15238	0.000	5.624	0.000	0.000	0.000	0.000	1.000
1415	138355	4	10.400	64.00	0.02153	-1.15587	0.000	10.400	0.000	0.000	0.000	0.000	0.000
1416	138385	1	3.930	65.00	0.02146	-1.14242	0.000	2.930	0.000	0.000	0.000	0.000	1.000
1417	138497	1	6.815	65.00	0.02151	-1.15924	0.000	5.815	0.000	0.000	0.000	0.000	1.000
1418	138547	1	5.023	65.00	0.02193	-1.14008	0.000	4.023	0.000	0.000	0.000	0.000	1.000
1419	138586	1	3.570	65.00	0.02050	-1.16265	0.000	2.570	0.000	0.000	0.000	0.000	1.000
1420	138684	1	7.674	66.00	0.02188	-1.15845	0.000	6.674	0.000	0.000	0.000	0.000	1.000
1421	138763	1	6.407	66.00	0.02090	-1.15558	0.000	5.407	0.000	0.000	0.000	0.000	1.000
1422	138885	1	6.489	67.00	0.02112	-1.15710	0.000	5.489	0.000	0.000	0.000	0.000	1.000
1423	138963	1	6.394	67.00	0.02204	-1.15767	0.000	5.394	0.000	0.000	0.000	0.000	1.000
1424	139086	1	7.887	68.00	0.02238	-1.15760	0.000	6.887	0.000	0.000	0.000	0.000	1.000
1425	139142	2	3.165	67.00	0.02173	-1.15939	0.000	4.165	0.000	0.000	0.000	0.000	-1.000
1426	139182	1	3.982	67.00	0.02212	-1.15875	0.000	2.982	0.000	0.000	0.000	0.000	1.000
1427	139215	2	1.538	67.00	0.02252	-1.15844	0.000	2.538	0.000	0.000	0.000	0.000	-1.000
1428	139250	2	0.002	67.00	0.02150	-1.15112	0.000	1.002	0.000	0.000	0.000	0.000	-1.000
1429	139328	1	5.129	68.00	0.02243	-1.16002	0.000	4.129	0.000	0.000	0.000	0.000	1.000
1430	139372	2	0.840	67.00	0.02149	-1.15641	0.000	1.840	0.000	0.000	0.000	0.000	-1.000
1431	139418	1	3.458	67.00	0.02068	-1.15496	0.000	2.458	0.000	0.000	0.000	0.000	1.000
1432	139448	2	1.118	66.00	0.02308	-1.16312	0.000	2.118	0.000	0.000	0.000	0.000	-1.000
1433	139535	1	7.389	66.00	0.02244	-1.16630	0.000	6.389	0.000	0.000	0.000	0.000	1.000
1434	139658	1	9.160	67.00	0.02133	-1.16745	0.000	8.160	0.000	0.000	0.000	0.000	1.000
1435	139721	1	6.642	67.00	0.02148	-1.16565	0.000	5.642	0.000	0.000	0.000	0.000	1.000
1436	139770	1	4.898	67.00	0.02196	-1.16316	0.000	3.898	0.000	0.000	0.000	0.000	1.000
1437	139800	2	-0.073	66.00	0.02273	-1.15095	0.000	0.927	0.000	0.000	0.000	0.000	-1.000
1438	139831	5	0.567	66.00	0.02138	-1.15547	0.000	0.567	0.000	0.000	0.000	0.000	0.000
1439	139861	5	1.048	66.00	0.02171	-1.14500	0.000	1.048	0.000	0.000	0.000	0.000	0.000
1440	139937	2	2.384	66.00	0.02238	-1.16488	0.000	3.384	0.000	0.000	0.000	0.000	-1.000
1441	140003	1	5.011	66.00	0.02245	-1.15875	0.000	4.011	0.000	0.000	0.000	0.000	1.000
1442	140099	2	5.086	65.00	0.02327	-1.16054	0.000	6.086	0.000	0.000	0.000	0.000	-1.000
1443	140129	5	0.299	65.00	0.02237	-1.14778	0.000	0.299	0.000	0.000	0.000	0.000	0.000
1444	140207	1	5.008	65.00	0.02294	-1.15682	0.000	4.008	0.000	0.000	0.000	0.000	1.000
1445	140282	1	6.634	65.00	0.02248	-1.16253	0.000	5.634	0.000	0.000	0.000	0.000	1.000
1446	140313	1	3.706	65.00	0.02246	-1.16218	0.000	2.706	0.000	0.000	0.000	0.000	1.000
1447	140361	1	5.445	66.00	0.02075	-1.15643	0.000	4.445	0.000	0.000	0.000	0.000	1.000
1448	140411	1	5.426	66.00	0.02159	-1.17224	0.000	4.426	0.000	0.000	0.000	0.000	1.000
1449	140441	1	3.625	66.00	0.02191	-1.15596	0.000	2.625	0.000	0.000	0.000	0.000	1.000
1450	140535	1	6.538	66.00	0.02287	-1.16170	0.000	5.538	0.000	0.000	0.000	0.000	1.000
1451	140603	1	6.780	66.00	0.02223	-1.16162	0.000	5.780	0.000	0.000	0.000	0.000	1.000
1452	140709	1	9.428	66.00	0.02205	-1.15542	0.000	8.428	0.000	0.000	0.000	0.000	1.000
1453	140786	2	5.723	65.00	0.02301	-1.16380	0.000	6.723	0.000	0.000	0.000	0.000	-1.000
1454	140816	1	2.738	65.00	0.02260	-1.15771	0.000	1.738	0.000	0.000	0.000	0.000	1.000
1455	140901	1	9.277	65.00	0.02276	-1.15971	0.000	8.277	0.000	0.000	0.000	0.000	1.000
1456	140967	1	8.029	65.00	0.02110	-1.16475	0.000	7.029	0.000	0.000	0.000	0.000	1.000
1457	141013	1	4.794	66.00	0.02129	-1.16609	0.000	3.794	0.000	0.000	0.000	0.000	1.000
1458	141052	1	3.777	66.00	0.02358	-1.16165	0.000	2.777	0.000	0.000	0.000	0.000	1.000
1459	141170	1	8.730	66.00	0.02231	-1.16548	0.000	7.730	0.000	0.000	0.000	0.000	1.000
1460	141200	2	0.167	65.00	0.02260	-1.16610	0.000	1.167	0.000	0.000	0.000	0.000	-1.000
1461	141230	5	0.122	64.00	0.02195	-1.17042	0.000	0.122	0.000	0.000	0.000	0.000	0.000
1462	141272	2	-0.762	63.00	0.02168	-1.17556	0.000	0.238	0.000	0.000	0.000	0.000	-1.000
1463	141408	1	5.701	64.00	0.02196	-1.16762	0.000	4.701	0.000	0.000	0.000	0.000	1.000
1464	141465	1	5.662	64.00	0.02185	-1.16888	0.000	4.662	0.000	0.000	0.000	0.000	1.000
1465	141513	2	2.839	64.00	0.02254	-1.17273	0.000	3.839	0.000	0.000	0.000	0.000	-1.000
1466	141604	2	5.242	64.00	0.02290	-1.16586	0.000	6.242	0.000	0.000	0.000	0.000	-1.000
1467	141699	2	2.997	63.00	0.02192	-1.16336	0.000	3.997	0.000	0.000	0.000	0.000	-1.000
1468	141729	1	2.793	64.00	0.02062	-1.17222	0.000	1.793	0.000	0.000	0.000	0.000	1.000
1469	141794	1	6.572	65.00	0.02248	-1.17192	0.000	5.572	0.000	0.000	0.000	0.000	1.000
1470	141881	1	9.051	66.00	0.02144	-1.16458	0.000	8.051	0.000	0.000	0.000	0.000	1.000
1471	141926	2	2.064	66.00	0.02277	-1.16764	0.000	3.064	0.000	0.000	0.000	0.000	-1.000
1472	141981	1	4.649	67.00	0.02263	-1.17123	0.000	3.649	0.000	0.000	0.000	0.000	1.000
1473	142016	1	3.754	67.00	0.02127	-1.17238	0.000	2.754	0.000	0.000	0.000	0.000	1.000
1474	142100	1	7.194	67.00	0.02255	-1.17227	0.000	6.194	0.000	0.000	0.000	0.000	1.000
1475	142178	1	5.976	67.00	0.02225	-1.16568	0.000	4.976	0.000	0.000	0.000	0.000	1.000
1476	142236	1	5.334	68.00	0.02138	-1.18176	0.000	4.334	0.000	0.000	0.000	0.000	1.000
1477	142331	1	7.867	69.00	0.02289	-1.16592	0.000	6.867	0.000	0.000	0.000	0.000	1.000
1478	142371	1	3.990	70.00	0.02139	-1.16620	0.000	2.990	0.000	0.000	0.000	0.000	1.000
1479	142415	2	1.725	70.00	0.02075	-1.17298	0.000	2.725	0.000	0.000	0.000	0.000	-1.000
1480	142496	1	6.656	70.00	0.02219	-1.17201	0.000	5.656	0.000	0.000	0.000	0.000	1.000
1481	142534	1	5.211	70.00	0.02138	-1.17042	0.000	4.211	0.000	0.000	0.000	0.000	1.000
1482	142571	1	5.384	70.00	0.02139	-1.16427	0.000	4.384	0.000	0.000	0.000	0.000	1.000
1483	142606	1	4.911	71.00	0.02314	-1.17184	0.000	3.911	0.000	0.000	0.000	0.000	1.000
1484	142668	2	4.357	70.00	0.02252	-1.16457	0.000	5.357	0.000	0.000	0.000	0.000	-1.000
1485	142740	2	0.785	70.00	0.02276	-1.16587	0.000	1.785	0.000	0.000	0.000	0.000	-1.000
1486	142789	1	5.132	70.00	0.02200	-1.16231	0.000	4.132	0.000	0.000	0.000	0.000	1.000
1487	142822	2	-0.461	69.00	0.02326	-1.15902	0.000	0.539	0.000	0.000	0.000	0.000	-1.000
1488	142856	2	1.529	68.00	0.02146	-1.16704	0.000	2.529	0.000	0.000	0.000	0.000	-1.000
1489	142890	1	4.633	68.00	0.02154	-1.16629	0.000	3.633	0.000	0.000	0.000	0.000	1.000
1490	142945	2	3.734	67.00	0.02253	-1.15999	0.000	4.734	0.000	0.000	0.000	0.000	-1.000
1491	142979	2	1.112	66.00	0.02181	-1.16079	0.000	2.112	0.000	0.000	0.000	0.000	-1.000
1492	143015	1	3.766	66.00	0.02183	-1.16978	0.000	2.766	0.000	0.000	0.000	0.000	1.000
1493	143081	1	6.733	66.00	0.02162	-1.17395	0.000	5.733	0.000	0.000	0.000	0.000	1.000
1494	143123	1	4.654	66.00	0.02172	-1.15993	0.000	3.654	0.000	0.000	0.000	0.000	1.000
1495	143213	1	11.201	66.00	0.02230	-1.17737	0.000	10.201	0.000	0.000	0.000	0.000	1.000
1496	143297	1	9.031	67.00	0.02183	-1.17140	0.000	8.031	0.000	0.000	0.000	0.000	1.000
1497	143379	1	9.040	68.00	0.02234	-1.16578	0.000	8.040	0.000	0.000	0.000	0.000	1.000
1498	143437	1	6.064	68.00	0.02368	-1.17509	0.000	5.064	0.000	0.000	0.000	0.000	1.000
1499	143477	1	4.865	68.00	0.02318	-1.16753	0.000	3.865	0.000	0.000	0.000	0.000	1.000
1500	143515	2	0.094	68.00	0.02175	-1.17334	0.000	1.094	0.000	0.000	0.000	0.000	-1.000
1501	143588	2	6.107	67.00	0.02175	-1.17237	0.000	7.107	0.000	0.000	0.000	0.000	-1.000
1502	143647	1	5.119	67.00	0.02215	-1.17626	0.000	4.119	0.000	0.000	0.000	0.000	1.000
1503	143780	1	8.822	67.00	0.02273	-1.17717	0.000	7.822	0.000	0.000	0.000	0.000	1.000
1504	143810	1	3.678	67.00	0.02015	-1.18077	0.000	2.678	0.000	0.000	0.000	0.000	1.000
1505	143882	1	7.830	67.00	0.02289	-1.17620	0.000	6.830	0.000	0.000	0.000	0.000	1.000
1506	143928	1	3.736	68.00	0.02273	-1.17662	0.000	2.736	0.000	0.000	0.000	0.000	1.000
1507	143958	2	-0.404	67.00	0.02226	-1.17703	0.000	0.596	0.000	0.000	0.000	0.000	-1.000
1508	143991	1	3.448	67.00	0.02212	-1.18826	0.000	2.448	0.000	0.000	0.000	0.000	1.000
1509	144082	1	7.566	68.00	0.02274	-1.17607	0.000	6.566	0.000	0.000	0.000	0.000	1.000
1510	144138	1	4.697	69.00	0.02308	-1.17658	0.000	3.697	0.000	0.000	0.000	0.000	1.000
1511	144184	1	5.557	69.00	0.02224	-1.17866	0.000	4.557	0.000	0.000	0.000	0.000	1.000
1512	144277	1	6.599	70.00	0.02195	-1.17576	0.000	5.599	0.000	0.000	0.000	0.000	1.000
1513	144333	2	3.724	69.00	0.02277	-1.17018	0.000	4.724	0.000	0.000	0.000	0.000	-1.000
1514	144363	1	3.716	69.00	0.02176	-1.18111	0.000	2.716	0.000	0.000	0.000	0.000	1.000
1515	144434	1	6.591	70.00	0.02231	-1.18467	0.000	5.591	0.000	0.000	0.000	0.000	1.000
1516	144519	1	7.074	70.00	0.02203	-1.17709	0.000	6.074	0.000	0.000	0.000	0.000	1.000
1517	144586	1	4.698	70.00	0.02154	-1.17520	0.000	3.698	0.000	0.000	0.000	0.000	1.000
1518	144641	1	7.121	70.00	0.02181	-1.17860	0.000	6.121	0.000	0.000	0.000	0.000	1.000
1519	144760	1	7.856	70.00	0.02247	-1.17307	0.000	6.856	0.000	0.000	0.000	0.000	1.000
1520	144854	2	5.414	69.00	0.02201	-1.17902	0.000	6.414	0.000	0.000	0.000	0.000	-1.000
1521	144916	1	6.590	69.00	0.02240	-1.18787	0.000	5.590	0.000	0.000	0.000	0.000	1.000
1522	144994	2	4.848	68.00	0.02194	-1.17411	0.000	5.848	0.000	0.000	0.000	0.000	-1.000
1523	145083	1	6.285	68.00	0.02277	-1.17624	0.000	5.285	0.000	0.000	0.000	0.000	1.000
1524	145113	2	-0.177	67.00	0.02230	-1.17224	0.000	0.823	0.000	0.000	0.000	0.000	-1.000
1525	145146	1	2.643	68.00	0.02176	-1.18104	0.000	1.643	0.000	0.000	0.000	0.000	1.000
1526	145196	1	5.391	68.00	0.02155	-1.18296	0.000	4.391	0.000	0.000	0.000	0.000	1.000
1527	145291	1	8.757	69.00	0.02210	-1.18053	0.000	7.757	0.000	0.000	0.000	0.000	1.000
1528	145353	1	4.044	70.00	0.02154	-1.18205	0.000	3.044	0.000	0.000	0.000	0.000	1.000
1529	145479	1	7.638	70.00	0.02230	-1.18109	0.000	6.638	0.000	0.000	0.000	0.000	1.000
1530	145545	1	5.210	71.00	0.02099	-1.18875	0.000	4.210	0.000	0.000	0.000	0.000	1.000
1531	145716	1	7.824	71.00	0.02110	-1.18929	0.000	6.824	0.000	0.000	0.000	0.000	1.000
1532	145821	1	4.909	72.00	0.02178	-1.18699	0.000	3.909	0.000	0.000	0.000	0.000	1.000
1533	145885	2	3.395	71.00	0.02140	-1.17856	0.000	4.395	0.000	0.000	0.000	0.000	-1.000
1534	145918	2	0.510	70.00	0.02148	-1.18833	0.000	1.510	0.000	0.000	0.000	0.000	-1.000
1535	145948	2	1.708	69.00	0.02236	-1.17726	0.000	2.708	0.000	0.000	0.000	0.000	-1.000
1536	146062	1	4.954	69.00	0.02118	-1.18601	0.000	3.954	0.000	0.000	0.000	0.000	1.000
1537	146137	1	6.614	70.00	0.02217	-1.18772	0.000	5.614	0.000	0.000	0.000	0.000	1.000
1538	146215	2	4.672	70.00	0.02142	-1.18543	0.000	5.672	0.000	0.000	0.000	0.000	-1.000
1539	146245	1	2.709	71.00	0.02232	-1.17907	0.000	1.709	0.000	0.000	0.000	0.000	1.000
1540	146352	1	6.471	72.00	0.02159	-1.18203	0.000	5.471	0.000	0.000	0.000	0.000	1.000
1541	146385	2	0.397	71.00	0.02159	-1.18902	0.000	1.397	0.000	0.000	0.000	0.000	-1.000
1542	146460	1	7.492	72.00	0.02124	-1.18100	0.000	6.492	0.000	0.000	0.000	0.000	1.000
1543	146538	2	4.920	72.00	0.02207	-1.18538	0.000	5.920	0.000	0.000	0.000	0.000	-1.000
1544	146571	1	2.702	72.00	0.02091	-1.17857	0.000	1.702	0.000	0.000	0.000	0.000	1.000
1545	146622	1	5.113	72.00	0.02129	-1.18706	0.000	4.113	0.000	0.000	0.000	0.000	1.000
1546	146701	1	4.894	72.00	0.02099	-1.18907	0.000	3.894	0.000	0.000	0.000	0.000	1.000
1547	146783	1	8.179	72.00	0.02220	-1.19192	0.000	7.179	0.000	0.000	0.000	0.000	1.000
1548	146848	2	2.812	71.00	0.02194	-1.18708	0.000	3.812	0.000	0.000	0.000	0.000	-1.000
1549	146926	1	4.975	71.00	0.02195	-1.18434	0.000	3.975	0.000	0.000	0.000	0.000	1.000
1550	147015	1	9.202	71.00	0.02193	-1.18983	0.000	8.202	0.000	0.000	0.000	0.000	1.000
1551	147066	2	3.226	70.00	0.02032	-1.19417	0.000	4.226	0.000	0.000	0.000	0.000	-1.000
1552	147122	1	5.111	70.00	0.02183	-1.18611	0.000	4.111	0.000	0.000	0.000	0.000	1.000
1553	147235	1	7.521	71.00	0.02181	-1.19553	0.000	6.521	0.000	0.000	0.000	0.000	1.000
1554	147302	1	6.424	71.00	0.02176	-1.18757	0.000	5.424	0.000	0.000	0.000	0.000	1.000
1555	147366	1	6.429	71.00	0.02193	-1.18650	0.000	5.429	0.000	0.000	0.000	0.000	1.000
1556	147411	1	5.405	71.00	0.02189	-1.19193	0.000	4.405	0.000	0.000	0.000	0.000	1.000
1557	147478	1	5.283	71.00	0.02235	-1.18809	0.000	4.283	0.000	0.000	0.000	0.000	1.000
1558	147570	1	8.838	71.00	0.02219	-1.18745	0.000	7.838	0.000	0.000	0.000	0.000	1.000
1559	147649	2	6.432	70.00	0.02148	-1.18711	0.000	7.432	0.000	0.000	0.000	0.000	-1.000
1560	147702	1	4.785	71.00	0.02133	-1.18728	0.000	3.785	0.000	0.000	0.000	0.000	1.000
1561	147786	2	6.046	71.00	0.02184	-1.18740	0.000	7.046	0.000	0.000	0.000	0.000	-1.000
1562	147844	1	6.571	72.00	0.02091	-1.19337	0.000	5.571	0.000	0.000	0.000	0.000	1.000
1563	147904	2	3.772	71.00	0.02256	-1.19188	0.000	4.772	0.000	0.000	0.000	0.000	-1.000
1564	147935	2	-0.357	70.00	0.02166	-1.19140	0.000	0.643	0.000	0.000	0.000	0.000	-1.000
1565	148006	1	4.782	71.00	0.02143	-1.18496	0.000	3.782	0.000	0.000	0.000	0.000	1.000
1566	148130	1	10.869	72.00	0.02260	-1.19491	0.000	9.869	0.000	0.000	0.000	0.000	1.000
1567	148173	1	4.280	73.00	0.02247	-1.20131	0.000	3.280	0.000	0.000	0.000	0.000	1.000
1568	148244	2	5.661	72.00	0.02123	-1.19841	0.000	6.661	0.000	0.000	0.000	0.000	-1.000
1569	148313	2	2.551	71.00	0.02223	-1.19300	0.000	3.551	0.000	0.000	0.000	0.000	-1.000
1570	148344	1	3.412	71.00	0.02018	-1.20604	0.000	2.412	0.000	0.000	0.000	0.000	1.000
1571	148437	1	7.152	72.00	0.02162	-1.19662	0.000	6.152	0.000	0.000	0.000	0.000	1.000
1572	148567	1	11.201	72.00	0.02118	-1.20112	0.000	10.201	0.000	0.000	0.000	0.000	1.000
1573	148623	2	2.731	71.00	0.02134	-1.19543	0.000	3.731	0.000	0.000	0.000	0.000	-1.000
1574	148784	1	5.058	71.00	0.02147	-1.19638	0.000	4.058	0.000	0.000	0.000	0.000	1.000
1575	148829	1	5.225	71.00	0.02178	-1.19707	0.000	4.225	0.000	0.000	0.000	0.000	1.000
1576	148871	1	4.811	71.00	0.02213	-1.19715	0.000	3.811	0.000	0.000	0.000	0.000	1.000
1577	148909	1	4.728	71.00	0.02117	-1.19935	0.000	3.728	0.000	0.000	0.000	0.000	1.000
1578	148948	1	3.860	71.00	0.02280	-1.19392	0.000	2.860	0.000	0.000	0.000	0.000	1.000
1579	148978	1	4.181	72.00	0.02137	-1.20364	0.000	3.181	0.000	0.000	0.000	0.000	1.000
1580	149076	1	7.186	72.00	0.02166	-1.19698	0.000	6.186	0.000	0.000	0.000	0.000	1.000
1581	149136	2	2.533	71.00	0.02103	-1.20046	0.000	3.533	0.000	0.000	0.000	0.000	-1.000
1582	149283	4	1.121	70.00	0.02140	-1.19834	0.000	1.121	0.000	0.000	0.000	0.000	0.000
1583	149349	1	6.533	70.00	0.02168	-1.19324	0.000	5.533	0.000	0.000	0.000	0.000	1.000
1584	149395	1	5.480	71.00	0.02166	-1.19907	0.000	4.480	0.000	0.000	0.000	0.000	1.000
1585	149425	2	0.782	71.00	0.01951	-1.20499	0.000	1.782	0.000	0.000	0.000	0.000	-1.000
1586	149481	2	2.164	70.00	0.02159	-1.19976	0.000	3.164	0.000	0.000	0.000	0.000	-1.000
1587	149580	1	4.984	71.00	0.02186	-1.19859	0.000	3.984	0.000	0.000	0.000	0.000	1.000
1588	149662	1	7.542	72.00	0.02142	-1.19639	0.000	6.542	0.000	0.000	0.000	0.000	1.000
1589	149711	1	4.946	72.00	0.02311	-1.19380	0.000	3.946	0.000	0.000	0.000	0.000	1.000
1590	149770	1	4.729	73.00	0.02153	-1.19768	0.000	3.729	0.000	0.000	0.000	0.000	1.000
1591	149845	2	5.144	73.00	0.02109	-1.19554	0.000	6.144	0.000	0.000	0.000	0.000	-1.000
1592	149889	1	4.616	73.00	0.02169	-1.19144	0.000	3.616	0.000	0.000	0.000	0.000	1.000
1593	149919	2	-1.088	72.00	0.02313	-1.19515	0.000	-0.088	0.000	0.000	0.000	0.000	-1.000
1594	149949	5	0.107	71.00	0.02114	-1.20416	0.000	0.107	0.000	0.000	0.000	0.000	0.000
1595	150026	1	2.843	71.00	0.02132	-1.20496	0.000	1.843	0.000	0.000	0.000	0.000	1.000
1596	150067	2	-0.060	70.00	0.02147	-1.19860	0.000	0.940	0.000	0.000	0.000	0.000	-1.000
1597	150106	1	3.965	70.00	0.02207	-1.20596	0.000	2.965	0.000	0.000	0.000	0.000	1.000
1598	150143	1	5.095	70.00	0.02476	-1.19174	0.000	4.095	0.000	0.000	0.000	0.000	1.000
1599	150201	1	7.504	70.00	0.02174	-1.19464	0.000	6.504	0.000	0.000	0.000	0.000	1.000
1600	150274	1	8.560	71.00	0.02169	-1.19910	0.000	7.560	0.000	0.000	0.000	0.000	1.000
1601	150319	2	0.181	71.00	0.02010	-1.20729	0.000	1.181	0.000	0.000	0.000	0.000	-1.000
1602	150352	2	1.392	70.00	0.02061	-1.20063	0.000	2.392	0.000	0.000	0.000	0.000	-1.000
1603	150402	1	6.297	70.00	0.02186	-1.20001	0.000	5.297	0.000	0.000	0.000	0.000	1.000
1604	150456	2	3.660	69.00	0.02104	-1.18866	0.000	4.660	0.000	0.000	0.000	0.000	-1.000
1605	150500	1	2.649	69.00	0.02080	-1.19809	0.000	1.649	0.000	0.000	0.000	0.000	1.000
1606	150587	1	9.146	69.00	0.02201	-1.20206	0.000	8.146	0.000	0.000	0.000	0.000	1.000
1607	150617	5	-0.678	69.00	0.02023	-1.20882	0.000	-0.678	0.000	0.000	0.000	0.000	0.000
1608	150647	2	-0.747	68.00	0.02268	-1.19396	0.000	0.253	0.000	0.000	0.000	0.000	-1.000
1609	150709	2	0.211	67.00	0.02230	-1.19963	0.000	1.211	0.000	0.000	0.000	0.000	-1.000
1610	150758	2	1.360	66.00	0.02063	-1.19569	0.000	2.360	0.000	0.000	0.000	0.000	-1.000
1611	150812	2	1.595	65.00	0.02124	-1.18465	0.000	2.595	0.000	0.000	0.000	0.000	-1.000
1612	150912	1	7.407	65.00	0.02093	-1.19355	0.000	6.407	0.000	0.000	0.000	0.000	1.000
1613	150952	1	5.151	66.00	0.02135	-1.20824	0.000	4.151	0.000	0.000	0.000	0.000	1.000
1614	151043	1	9.619	66.00	0.02169	-1.19640	0.000	8.619	0.000	0.000	0.000	0.000	1.000
1615	151143	1	9.177	66.00	0.02221	-1.20267	0.000	8.177	0.000	0.000	0.000	0.000	1.000
1616	151192	2	3.694	65.00	0.02194	-1.20359	0.000	4.694	0.000	0.000	0.000	0.000	-1.000
1617	151222	1	2.940	65.00	0.02295	-1.19010	0.000	1.940	0.000	0.000	0.000	0.000	1.000
1618	151277	1	5.650	65.00	0.02137	-1.20506	0.000	4.650	0.000	0.000	0.000	0.000	1.000
1619	151327	2	3.877	64.00	0.02199	-1.20073	0.000	4.877	0.000	0.000	0.000	0.000	-1.000
1620	151357	1	3.584	65.00	0.02305	-1.19698	0.000	2.584	0.000	0.000	0.000	0.000	1.000
1621	151418	1	7.170	65.00	0.02261	-1.19331	0.000	6.170	0.000	0.000	0.000	0.000	1.000
1622	151489	2	7.504	65.00	0.02179	-1.19881	0.000	8.504	0.000	0.000	0.000	0.000	-1.000
1623	151554	1	6.620	65.00	0.02137	-1.20789	0.000	5.620	0.000	0.000	0.000	0.000	1.000
1624	151643	1	9.956	66.00	0.02233	-1.20114	0.000	8.956	0.000	0.000	0.000	0.000	1.000
1625	151704	2	4.530	65.00	0.02267	-1.19977	0.000	5.530	0.000	0.000	0.000	0.000	-1.000
1626	151734	1	3.519	65.00	0.02238	-1.19080	0.000	2.519	0.000	0.000	0.000	0.000	1.000
1627	151793	1	8.205	65.00	0.02211	-1.20060	0.000	7.205	0.000	0.000	0.000	0.000	1.000
1628	151823	1	3.280	65.00	0.02195	-1.20203	0.000	2.280	0.000	0.000	0.000	0.000	1.000
1629	151896	1	6.392	65.00	0.02265	-1.19865	0.000	5.392	0.000	0.000	0.000	0.000	1.000
1630	151947	1	7.168	65.00	0.02315	-1.19658	0.000	6.168	0.000	0.000	0.000	0.000	1.000
1631	151982	1	5.043	65.00	0.02138	-1.19889	0.000	4.043	0.000	0.000	0.000	0.000	1.000
1632	152012	1	3.833	65.00	0.02279	-1.19210	0.000	2.833	0.000	0.000	0.000	0.000	1.000
1633	152103	1	7.250	66.00	0.02152	-1.19832	0.000	6.250	0.000	0.000	0.000	0.000	1.000
1634	152133	1	3.856	67.00	0.02107	-1.19528	0.000	2.856	0.000	0.000	0.000	0.000	1.000
1635	152205	1	6.770	68.00	0.02117	-1.19980	0.000	5.770	0.000	0.000	0.000	0.000	1.000
1636	152323	2	8.078	67.00	0.02204	-1.19571	0.000	9.078	0.000	0.000	0.000	0.000	-1.000
1637	152353	2	0.466	66.00	0.02180	-1.19687	0.000	1.466	0.000	0.000	0.000	0.000	-1.000
1638	152384	1	3.485	67.00	0.02237	-1.19611	0.000	2.485	0.000	0.000	0.000	0.000	1.000
1639	152441	2	4.545	66.00	0.02202	-1.19552	0.000	5.545	0.000	0.000	0.000	0.000	-1.000
1640	152471	1	3.956	66.00	0.01964	-1.20057	0.000	2.956	0.000	0.000	0.000	0.000	1.000
1641	152511	1	5.575	67.00	0.02173	-1.19841	0.000	4.575	0.000	0.000	0.000	0.000	1.000
1642	152553	1	5.201	67.00	0.02183	-1.19442	0.000	4.201	0.000	0.000	0.000	0.000	1.000
1643	152625	1	7.924	68.00	0.02129	-1.19929	0.000	6.924	0.000	0.000	0.000	0.000	1.000
1644	152707	1	9.219	68.00	0.02215	-1.20097	0.000	8.219	0.000	0.000	0.000	0.000	1.000
1645	152769	2	5.125	67.00	0.02157	-1.20021	0.000	6.125	0.000	0.000	0.000	0.000	-1.000
1646	152799	1	3.743	67.00	0.02109	-1.20358	0.000	2.743	0.000	0.000	0.000	0.000	1.000
1647	152833	1	3.359	67.00	0.02184	-1.19550	0.000	2.359	0.000	0.000	0.000	0.000	1.000
1648	152882	1	5.648	68.00	0.02196	-1.20466	0.000	4.648	0.000	0.000	0.000	0.000	1.000
1649	152912	1	3.723	68.00	0.02254	-1.21509	0.000	2.723	0.000	0.000	0.000	0.000	1.000
1650	152988	1	6.678	68.00	0.02184	-1.19210	0.000	5.678	0.000	0.000	0.000	0.000	1.000
1651	153019	2	2.258	68.00	0.02429	-1.20020	0.000	3.258	0.000	0.000	0.000	0.000	-1.000
1652	153054	1	5.032	68.00	0.02141	-1.20275	0.000	4.032	0.000	0.000	0.000	0.000	1.000
1653	153130	2	2.746	67.00	0.02156	-1.19883	0.000	3.746	0.000	0.000	0.000	0.000	-1.000
1654	153171	1	5.141	67.00	0.02200	-1.20838	0.000	4.141	0.000	0.000	0.000	0.000	1.000
1655	153204	1	3.596	67.00	0.02220	-1.20591	0.000	2.596	0.000	0.000	0.000	0.000	1.000
1656	153252	1	5.646	67.00	0.02276	-1.20383	0.000	4.646	0.000	0.000	0.000	0.000	1.000
1657	153399	2	10.317	66.00	0.02131	-1.20015	0.000	11.317	0.000	0.000	0.000	0.000	-1.000
1658	153429	1	2.875	66.00	0.02275	-1.20534	0.000	1.875	0.000	0.000	0.000	0.000	1.000
1659	153459	2	-0.005	66.00	0.02045	-1.20960	0.000	0.995	0.000	0.000	0.000	0.000	-1.000
1660	153489	1	2.910	66.00	0.02171	-1.19903	0.000	1.910	0.000	0.000	0.000	0.000	1.000
1661	153524	1	5.185	67.00	0.02220	-1.20057	0.000	4.185	0.000	0.000	0.000	0.000	1.000
1662	153573	2	2.361	66.00	0.02161	-1.20888	0.000	3.361	0.000	0.000	0.000	0.000	-1.000
1663	153632	1	6.332	67.00	0.02178	-1.20247	0.000	5.332	0.000	0.000	0.000	0.000	1.000
1664	153690	2	5.023	67.00	0.02239	-1.19872	0.000	6.023	0.000	0.000	0.000	0.000	-1.000
1665	153722	2	1.256	66.00	0.02100	-1.20584	0.000	2.256	0.000	0.000	0.000	0.000	-1.000
1666	153761	2	0.241	65.00	0.02070	-1.20667	0.000	1.241	0.000	0.000	0.000	0.000	-1.000
1667	153791	1	2.810	65.00	0.02284	-1.19959	0.000	1.810	0.000	0.000	0.000	0.000	1.000
1668	153821	1	3.412	66.00	0.02369	-1.21172	0.000	2.412	0.000	0.000	0.000	0.000	1.000
1669	153892	1	4.362	67.00	0.02167	-1.21086	0.000	3.362	0.000	0.000	0.000	0.000	1.000
1670	153960	1	7.085	67.00	0.02160	-1.19519	0.000	6.085	0.000	0.000	0.000	0.000	1.000
1671	154011	1	4.960	67.00	0.02191	-1.20432	0.000	3.960	0.000	0.000	0.000	0.000	1.000
1672	154058	1	5.363	67.00	0.02153	-1.21004	0.000	4.363	0.000	0.000	0.000	0.000	1.000
1673	154159	1	6.596	68.00	0.02207	-1.20688	0.000	5.596	0.000	0.000	0.000	0.000	1.000
1674	154259	1	8.859	68.00	0.02198	-1.20652	0.000	7.859	0.000	0.000	0.000	0.000	1.000
1675	154289	1	3.668	68.00	0.02362	-1.20077	0.000	2.668	0.000	0.000	0.000	0.000	1.000
1676	154345	2	3.195	67.00	0.02297	-1.19369	0.000	4.195	0.000	0.000	0.000	0.000	-1.000
1677	154375	2	-1.301	66.00	0.02265	-1.20787	0.000	-0.301	0.000	0.000	0.000	0.000	-1.000
1678	154405	2	-0.770	65.00	0.02281	-1.20432	0.000	0.230	0.000	0.000	0.000	0.000	-1.000
1679	154441	2	0.023	64.00	0.02478	-1.20616	0.000	1.023	0.000	0.000	0.000	0.000	-1.000
1680	154471	1	2.722	64.00	0.02446	-1.18954	0.000	1.722	0.000	0.000	0.000	0.000	1.000
1681	154560	1	9.003	65.00	0.02172	-1.20372	0.000	8.003	0.000	0.000	0.000	0.000	1.000
1682	154644	1	8.577	66.00	0.02210	-1.20700	0.000	7.577	0.000	0.000	0.000	0.000	1.000
1683	154702	2	4.433	65.00	0.02255	-1.21125	0.000	5.433	0.000	0.000	0.000	0.000	-1.000
1684	154732	1	3.908	65.00	0.02275	-1.20640	0.000	2.908	0.000	0.000	0.000	0.000	1.000
1685	154781	2	1.704	65.00	0.02090	-1.20752	0.000	2.704	0.000	0.000	0.000	0.000	-1.000
1686	154865	1	6.289	66.00	0.02208	-1.20648	0.000	5.289	0.000	0.000	0.000	0.000	1.000
1687	154941	1	7.664	66.00	0.02172	-1.21562	0.000	6.664	0.000	0.000	0.000	0.000	1.000
1688	155020	1	8.388	66.00	0.02220	-1.21208	0.000	7.388	0.000	0.000	0.000	0.000	1.000
1689	155056	1	3.798	66.00	0.02144	-1.20276	0.000	2.798	0.000	0.000	0.000	0.000	1.000
1690	155102	1	5.114	66.00	0.02206	-1.22079	0.000	4.114	0.000	0.000	0.000	0.000	1.000
1691	155194	1	9.006	67.00	0.02297	-1.20860	0.000	8.006	0.000	0.000	0.000	0.000	1.000
1692	155224	2	-1.026	66.00	0.02160	-1.21702	0.000	-0.026	0.000	0.000	0.000	0.000	-1.000
1693	155254	5	0.624	66.00	0.02163	-1.20913	0.000	0.624	0.000	0.000	0.000	0.000	0.000
1694	155289	5	0.860	66.00	0.02135	-1.21552	0.000	0.860	0.000	0.000	0.000	0.000	0.000
1695	155386	1	7.416	66.00	0.02168	-1.20691	0.000	6.416	0.000	0.000	0.000	0.000	1.000
1696	155429	1	5.297	67.00	0.02160	-1.20416	0.000	4.297	0.000	0.000	0.000	0.000	1.000
1697	155494	1	7.268	67.00	0.02170	-1.20781	0.000	6.268	0.000	0.000	0.000	0.000	1.000
1698	155543	1	7.050	67.00	0.02213	-1.20215	0.000	6.050	0.000	0.000	0.000	0.000	1.000
1699	155589	1	7.520	67.00	0.02359	-1.21847	0.000	6.520	0.000	0.000	0.000	0.000	1.000
1700	155619	2	-1.631	66.00	0.02379	-1.20104	0.000	-0.631	0.000	0.000	0.000	0.000	-1.000
1701	155649	1	2.852	67.00	0.02099	-1.20755	0.000	1.852	0.000	0.000	0.000	0.000	1.000
1702	155700	1	3.949	68.00	0.02139	-1.20715	0.000	2.949	0.000	0.000	0.000	0.000	1.000
1703	155793	1	8.986	68.00	0.02236	-1.21291	0.000	7.986	0.000	0.000	0.000	0.000	1.000
1704	155861	1	9.859	69.00	0.02205	-1.21549	0.000	8.859	0.000	0.000	0.000	0.000	1.000
1705	155898	1	5.287	69.00	0.02089	-1.21152	0.000	4.287	0.000	0.000	0.000	0.000	1.000
1706	155941	2	2.649	68.00	0.02286	-1.21824	0.000	3.649	0.000	0.000	0.000	0.000	-1.000
1707	155971	1	3.455	69.00	0.02312	-1.20963	0.000	2.455	0.000	0.000	0.000	0.000	1.000
1708	156001	5	1.304	69.00	0.02331	-1.20269	0.000	1.304	0.000	0.000	0.000	0.000	0.000
1709	156031	5	-0.762	69.00	0.02247	-1.20763	0.000	-0.762	0.000	0.000	0.000	0.000	0.000
1710	156063	5	2.134	69.00	0.02300	-1.20193	0.000	2.134	0.000	0.000	0.000	0.000	0.000
1711	156113	1	4.606	70.00	0.02297	-1.20684	0.000	3.606	0.000	0.000	0.000	0.000	1.000
1712	156157	1	4.719	70.00	0.02202	-1.20868	0.000	3.719	0.000	0.000	0.000	0.000	1.000
1713	156276	1	9.737	70.00	0.02306	-1.21268	0.000	8.737	0.000	0.000	0.000	0.000	1.000
1714	156368	1	5.161	70.00	0.02177	-1.20821	0.000	4.161	0.000	0.000	0.000	0.000	1.000
1715	156473	1	8.702	70.00	0.02249	-1.21313	0.000	7.702	0.000	0.000	0.000	0.000	1.000
1716	156565	1	9.472	71.00	0.02352	-1.21276	0.000	8.472	0.000	0.000	0.000	0.000	1.000
1717	156614	1	5.567	71.00	0.02315	-1.20890	0.000	4.567	0.000	0.000	0.000	0.000	1.000
1718	156694	1	9.042	71.00	0.02277	-1.20349	0.000	8.042	0.000	0.000	0.000	0.000	1.000
1719	156731	1	5.016	72.00	0.02252	-1.21376	0.000	4.016	0.000	0.000	0.000	0.000	1.000
1720	156787	1	6.421	72.00	0.02206	-1.20652	0.000	5.421	0.000	0.000	0.000	0.000	1.000
1721	156842	1	5.984	72.00	0.02320	-1.20758	0.000	4.984	0.000	0.000	0.000	0.000	1.000
1722	156912	1	6.439	73.00	0.02181	-1.21207	0.000	5.439	0.000	0.000	0.000	0.000	1.000
1723	156967	1	5.646	73.00	0.02257	-1.21390	0.000	4.646	0.000	0.000	0.000	0.000	1.000
1724	157045	2	5.010	72.00	0.02301	-1.20723	0.000	6.010	0.000	0.000	0.000	0.000	-1.000
1725	157075	1	3.837	73.00	0.02266	-1.21180	0.000	2.837	0.000	0.000	0.000	0.000	1.000
1726	157121	1	4.794	73.00	0.02299	-1.20851	0.000	3.794	0.000	0.000	0.000	0.000	1.000
1727	157208	2	4.763	72.00	0.02194	-1.20825	0.000	5.763	0.000	0.000	0.000	0.000	-1.000
1728	157267	1	5.095	72.00	0.02234	-1.20424	0.000	4.095	0.000	0.000	0.000	0.000	1.000
1729	157370	1	9.018	72.00	0.02283	-1.20631	0.000	8.018	0.000	0.000	0.000	0.000	1.000
1730	157441	1	7.540	72.00	0.02339	-1.20835	0.000	6.540	0.000	0.000	0.000	0.000	1.000
1731	157478	1	5.083	72.00	0.02178	-1.20547	0.000	4.083	0.000	0.000	0.000	0.000	1.000
1732	157530	1	5.349	72.00	0.02239	-1.21178	0.000	4.349	0.000	0.000	0.000	0.000	1.000
1733	157590	2	5.337	71.00	0.02272	-1.20892	0.000	6.337	0.000	0.000	0.000	0.000	-1.000
1734	157620	1	3.453	71.00	0.02252	-1.19766	0.000	2.453	0.000	0.000	0.000	0.000	1.000
1735	157698	1	7.616	71.00	0.02249	-1.21358	0.000	6.616	0.000	0.000	0.000	0.000	1.000
1736	157750	2	1.208	71.00	0.02224	-1.20682	0.000	2.208	0.000	0.000	0.000	0.000	-1.000
1737	157783	2	-0.675	71.00	0.02324	-1.21153	0.000	0.325	0.000	0.000	0.000	0.000	-1.000
1738	157813	1	2.900	71.00	0.02211	-1.21162	0.000	1.900	0.000	0.000	0.000	0.000	1.000
1739	157879	1	5.858	72.00	0.02161	-1.20971	0.000	4.858	0.000	0.000	0.000	0.000	1.000
1740	157960	1	6.259	72.00	0.02212	-1.21086	0.000	5.259	0.000	0.000	0.000	0.000	1.000
1741	158001	2	0.966	71.00	0.02298	-1.20441	0.000	1.966	0.000	0.000	0.000	0.000	-1.000
1742	158037	1	5.091	71.00	0.02227	-1.20596	0.000	4.091	0.000	0.000	0.000	0.000	1.000
1743	158132	2	6.311	70.00	0.02239	-1.21479	0.000	7.311	0.000	0.000	0.000	0.000	-1.000
1744	158163	1	2.830	70.00	0.02308	-1.20614	0.000	1.830	0.000	0.000	0.000	0.000	1.000
1745	158206	2	2.921	70.00	0.02308	-1.20878	0.000	3.921	0.000	0.000	0.000	0.000	-1.000
1746	158240	2	1.516	69.00	0.02226	-1.21066	0.000	2.516	0.000	0.000	0.000	0.000	-1.000
1747	158286	1	5.100	69.00	0.02194	-1.21470	0.000	4.100	0.000	0.000	0.000	0.000	1.000
1748	158317	1	3.163	69.00	0.02192	-1.20749	0.000	2.163	0.000	0.000	0.000	0.000	1.000
1749	158358	2	2.510	68.00	0.02194	-1.21361	0.000	3.510	0.000	0.000	0.000	0.000	-1.000
1750	158423	1	6.546	68.00	0.02186	-1.21493	0.000	5.546	0.000	0.000	0.000	0.000	1.000
1751	158465	2	3.390	68.00	0.02154	-1.21227	0.000	4.390	0.000	0.000	0.000	0.000	-1.000
1752	158495	1	3.630	68.00	0.02099	-1.21813	0.000	2.630	0.000	0.000	0.000	0.000	1.000
1753	158543	5	4.546	68.00	0.02231	-1.21179	0.000	4.546	0.000	0.000	0.000	0.000	0.000
1754	158573	5	-2.103	67.00	0.02247	-1.21184	0.000	-2.103	0.000	0.000	0.000	0.000	0.000
1755	158603	2	-1.538	66.00	0.02270	-1.21643	0.000	-0.538	0.000	0.000	0.000	0.000	-1.000
1756	158647	5	0.601	65.00	0.02313	-1.21553	0.000	0.601	0.000	0.000	0.000	0.000	0.000
1757	158719	1	7.391	66.00	0.02151	-1.20742	0.000	6.391	0.000	0.000	0.000	0.000	1.000
1758	158807	2	7.566	65.00	0.02254	-1.20946	0.000	8.566	0.000	0.000	0.000	0.000	-1.000
1759	158850	1	5.151	66.00	0.02140	-1.21600	0.000	4.151	0.000	0.000	0.000	0.000	1.000
1760	158887	1	4.952	66.00	0.02271	-1.21762	0.000	3.952	0.000	0.000	0.000	0.000	1.000
1761	158953	1	7.385	66.00	0.02346	-1.22002	0.000	6.385	0.000	0.000	0.000	0.000	1.000
1762	159011	1	6.290	67.00	0.02140	-1.21505	0.000	5.290	0.000	0.000	0.000	0.000	1.000
1763	159072	1	5.638	67.00	0.02326	-1.21148	0.000	4.638	0.000	0.000	0.000	0.000	1.000
1764	159122	2	0.907	67.00	0.02228	-1.20553	0.000	1.907	0.000	0.000	0.000	0.000	-1.000
1765	159156	1	5.103	68.00	0.02028	-1.21398	0.000	4.103	0.000	0.000	0.000	0.000	1.000
1766	159223	1	6.512	69.00	0.02259	-1.21423	0.000	5.512	0.000	0.000	0.000	0.000	1.000
1767	159266	1	4.814	69.00	0.02381	-1.20970	0.000	3.814	0.000	0.000	0.000	0.000	1.000
1768	159420	2	9.715	68.00	0.02311	-1.21422	0.000	10.715	0.000	0.000	0.000	0.000	-1.000
1769	159450	1	2.947	68.00	0.02311	-1.21780	0.000	1.947	0.000	0.000	0.000	0.000	1.000
1770	159493	1	4.723	68.00	0.02087	-1.22671	0.000	3.723	0.000	0.000	0.000	0.000	1.000
1771	159523	2	0.893	67.00	0.02247	-1.21903	0.000	1.893	0.000	0.000	0.000	0.000	-1.000
1772	159624	1	6.277	67.00	0.02281	-1.22283	0.000	5.277	0.000	0.000	0.000	0.000	1.000
1773	159661	2	1.445	66.00	0.02233	-1.22333	0.000	2.445	0.000	0.000	0.000	0.000	-1.000
1774	159729	1	6.283	66.00	0.02174	-1.21689	0.000	5.283	0.000	0.000	0.000	0.000	1.000
1775	159793	1	6.500	66.00	0.02213	-1.22602	0.000	5.500	0.000	0.000	0.000	0.000	1.000
1776	159843	2	1.094	66.00	0.02045	-1.22015	0.000	2.094	0.000	0.000	0.000	0.000	-1.000
1777	159903	1	5.127	67.00	0.02201	-1.21482	0.000	4.127	0.000	0.000	0.000	0.000	1.000
1778	159953	1	5.118	68.00	0.02359	-1.20339	0.000	4.118	0.000	0.000	0.000	0.000	1.000
1779	159999	2	3.975	68.00	0.02186	-1.22347	0.000	4.975	0.000	0.000	0.000	0.000	-1.000
1780	160064	2	5.295	67.00	0.02215	-1.21696	0.000	6.295	0.000	0.000	0.000	0.000	-1.000
1781	160153	1	6.270	67.00	0.02348	-1.21882	0.000	5.270	0.000	0.000	0.000	0.000	1.000
1782	160218	1	7.655	67.00	0.02189	-1.21663	0.000	6.655	0.000	0.000	0.000	0.000	1.000
1783	160264	1	3.965	68.00	0.02283	-1.21730	0.000	2.965	0.000	0.000	0.000	0.000	1.000
1784	160308	1	4.922	68.00	0.02071	-1.22518	0.000	3.922	0.000	0.000	0.000	0.000	1.000
1785	160367	2	3.395	68.00	0.02166	-1.21299	0.000	4.395	0.000	0.000	0.000	0.000	-1.000
1786	160399	1	3.949	68.00	0.02254	-1.21754	0.000	2.949	0.000	0.000	0.000	0.000	1.000
1787	160429	2	-0.278	67.00	0.01959	-1.22999	0.000	0.722	0.000	0.000	0.000	0.000	-1.000
1788	160460	2	0.222	66.00	0.02269	-1.22981	0.000	1.222	0.000	0.000	0.000	0.000	-1.000
1789	160491	2	0.506	65.00	0.02286	-1.20879	0.000	1.506	0.000	0.000	0.000	0.000	-1.000
1790	160527	1	3.426	65.00	0.02264	-1.21523	0.000	2.426	0.000	0.000	0.000	0.000	1.000
1791	160568	1	4.745	65.00	0.02270	-1.21824	0.000	3.745	0.000	0.000	0.000	0.000	1.000
1792	160633	1	6.422	66.00	0.02266	-1.21947	0.000	5.422	0.000	0.000	0.000	0.000	1.000
1793	160671	1	5.019	67.00	0.02210	-1.21372	0.000	4.019	0.000	0.000	0.000	0.000	1.000
1794	160707	2	1.528	67.00	0.02323	-1.22185	0.000	2.528	0.000	0.000	0.000	0.000	-1.000
1795	160763	1	7.439	67.00	0.02183	-1.21826	0.000	6.439	0.000	0.000	0.000	0.000	1.000
1796	160868	1	11.464	67.00	0.02258	-1.21903	0.000	10.464	0.000	0.000	0.000	0.000	1.000
1797	160932	1	7.527	67.00	0.02213	-1.22023	0.000	6.527	0.000	0.000	0.000	0.000	1.000
1798	160984	1	6.542	67.00	0.02262	-1.23155	0.000	5.542	0.000	0.000	0.000	0.000	1.000
1799	161018	2	1.928	66.00	0.02058	-1.22497	0.000	2.928	0.000	0.000	0.000	0.000	-1.000
1800	161055	1	5.070	67.00	0.02198	-1.21841	0.000	4.070	0.000	0.000	0.000	0.000	1.000
1801	161100	2	2.969	66.00	0.02151	-1.21735	0.000	3.969	0.000	0.000	0.000	0.000	-1.000
1802	161135	1	5.083	66.00	0.02226	-1.22347	0.000	4.083	0.000	0.000	0.000	0.000	1.000
1803	161200	1	6.551	66.00	0.02193	-1.22527	0.000	5.551	0.000	0.000	0.000	0.000	1.000
1804	161350	1	12.236	66.00	0.02225	-1.21834	0.000	11.236	0.000	0.000	0.000	0.000	1.000
1805	161380	1	4.185	66.00	0.02201	-1.21953	0.000	3.185	0.000	0.000	0.000	0.000	1.000
1806	161421	1	4.393	67.00	0.02213	-1.22839	0.000	3.393	0.000	0.000	0.000	0.000	1.000
1807	161488	2	5.135	66.00	0.02191	-1.22195	0.000	6.135	0.000	0.000	0.000	0.000	-1.000
1808	161518	1	2.924	67.00	0.02190	-1.21318	0.000	1.924	0.000	0.000	0.000	0.000	1.000
1809	161548	1	3.665	68.00	0.02383	-1.23749	0.000	2.665	0.000	0.000	0.000	0.000	1.000
1810	161600	1	7.205	69.00	0.02202	-1.22712	0.000	6.205	0.000	0.000	0.000	0.000	1.000
1811	161638	2	0.207	68.00	0.02270	-1.22030	0.000	1.207	0.000	0.000	0.000	0.000	-1.000
1812	161668	1	3.754	68.00	0.02332	-1.22219	0.000	2.754	0.000	0.000	0.000	0.000	1.000
1813	161729	2	2.654	67.00	0.02175	-1.21836	0.000	3.654	0.000	0.000	0.000	0.000	-1.000
1814	161778	1	2.692	67.00	0.02201	-1.22184	0.000	1.692	0.000	0.000	0.000	0.000	1.000
1815	161896	1	6.644	67.00	0.02203	-1.22524	0.000	5.644	0.000	0.000	0.000	0.000	1.000
1816	161926	2	-0.275	66.00	0.02244	-1.21127	0.000	0.725	0.000	0.000	0.000	0.000	-1.000
1817	161975	1	3.437	66.00	0.02267	-1.22577	0.000	2.437	0.000	0.000	0.000	0.000	1.000
1818	162068	2	3.197	65.00	0.02268	-1.21990	0.000	4.197	0.000	0.000	0.000	0.000	-1.000
1819	162107	2	0.821	64.00	0.02379	-1.22639	0.000	1.821	0.000	0.000	0.000	0.000	-1.000
1820	162152	1	5.107	64.00	0.02177	-1.22095	0.000	4.107	0.000	0.000	0.000	0.000	1.000
1821	162254	1	8.771	64.00	0.02260	-1.22740	0.000	7.771	0.000	0.000	0.000	0.000	1.000
1822	162362	1	9.589	64.00	0.02315	-1.22226	0.000	8.589	0.000	0.000	0.000	0.000	1.000
1823	162452	1	6.526	64.00	0.02230	-1.23347	0.000	5.526	0.000	0.000	0.000	0.000	1.000
1824	162482	2	0.576	64.00	0.02252	-1.22180	0.000	1.576	0.000	0.000	0.000	0.000	-1.000
1825	162512	1	3.430	64.00	0.02085	-1.24320	0.000	2.430	0.000	0.000	0.000	0.000	1.000
1826	162583	1	7.693	64.00	0.02240	-1.22760	0.000	6.693	0.000	0.000	0.000	0.000	1.000
1827	162626	1	4.607	65.00	0.02242	-1.22841	0.000	3.607	0.000	0.000	0.000	0.000	1.000
1828	162721	1	9.169	65.00	0.02208	-1.22661	0.000	8.169	0.000	0.000	0.000	0.000	1.000
1829	162757	1	4.305	65.00	0.02150	-1.22851	0.000	3.305	0.000	0.000	0.000	0.000	1.000
1830	162798	1	4.878	65.00	0.02239	-1.22630	0.000	3.878	0.000	0.000	0.000	0.000	1.000
1831	162855	1	4.904	65.00	0.02108	-1.22522	0.000	3.904	0.000	0.000	0.000	0.000	1.000
1832	162969	1	11.483	65.00	0.02181	-1.22956	0.000	10.483	0.000	0.000	0.000	0.000	1.000
1833	162999	2	0.397	65.00	0.02169	-1.23089	0.000	1.397	0.000	0.000	0.000	0.000	-1.000
1834	163031	5	0.703	64.00	0.02222	-1.22091	0.000	0.703	0.000	0.000	0.000	0.000	0.000
1835	163062	2	-0.153	63.00	0.02312	-1.23746	0.000	0.847	0.000	0.000	0.000	0.000	-1.000
1836	163117	2	0.945	63.00	0.02187	-1.23911	0.000	1.945	0.000	0.000	0.000	0.000	-1.000
1837	163147	1	2.805	64.00	0.02188	-1.23229	0.000	1.805	0.000	0.000	0.000	0.000	1.000
1838	163188	1	5.127	64.00	0.02249	-1.22974	0.000	4.127	0.000	0.000	0.000	0.000	1.000
1839	163281	1	10.085	64.00	0.02285	-1.22375	0.000	9.085	0.000	0.000	0.000	0.000	1.000
1840	163387	1	9.397	64.00	0.02292	-1.22715	0.000	8.397	0.000	0.000	0.000	0.000	1.000
1841	163546	1	8.796	65.00	0.02343	-1.22867	0.000	7.796	0.000	0.000	0.000	0.000	1.000
1842	163601	1	4.917	65.00	0.02193	-1.22717	0.000	3.917	0.000	0.000	0.000	0.000	1.000
1843	163657	2	3.736	65.00	0.02232	-1.22910	0.000	4.736	0.000	0.000	0.000	0.000	-1.000
1844	163692	2	0.690	64.00	0.02113	-1.22021	0.000	1.690	0.000	0.000	0.000	0.000	-1.000
1845	163722	1	2.888	65.00	0.02214	-1.22250	0.000	1.888	0.000	0.000	0.000	0.000	1.000
1846	163779	2	4.747	65.00	0.02267	-1.22796	0.000	5.747	0.000	0.000	0.000	0.000	-1.000
1847	163839	1	6.326	65.00	0.02179	-1.23215	0.000	5.326	0.000	0.000	0.000	0.000	1.000
1848	163883	2	3.171	64.00	0.02403	-1.23031	0.000	4.171	0.000	0.000	0.000	0.000	-1.000
1849	163914	1	2.701	65.00	0.02199	-1.23575	0.000	1.701	0.000	0.000	0.000	0.000	1.000
1850	163957	1	5.096	65.00	0.02174	-1.22987	0.000	4.096	0.000	0.000	0.000	0.000	1.000
1851	163987	1	3.603	66.00	0.02158	-1.22171	0.000	2.603	0.000	0.000	0.000	0.000	1.000
1852	164056	1	7.801	66.00	0.02216	-1.22738	0.000	6.801	0.000	0.000	0.000	0.000	1.000
1853	164184	1	8.870	67.00	0.02318	-1.23381	0.000	7.870	0.000	0.000	0.000	0.000	1.000
1854	164218	2	2.354	67.00	0.02135	-1.24169	0.000	3.354	0.000	0.000	0.000	0.000	-1.000
1855	164248	2	-0.812	67.00	0.02147	-1.23582	0.000	0.188	0.000	0.000	0.000	0.000	-1.000
1856	164282	2	-0.837	67.00	0.02211	-1.23138	0.000	0.163	0.000	0.000	0.000	0.000	-1.000
1857	164332	1	5.096	67.00	0.02255	-1.23188	0.000	4.096	0.000	0.000	0.000	0.000	1.000
1858	164405	1	7.595	68.00	0.02259	-1.22922	0.000	6.595	0.000	0.000	0.000	0.000	1.000
1859	164508	1	5.583	68.00	0.02188	-1.23507	0.000	4.583	0.000	0.000	0.000	0.000	1.000
1860	164569	2	5.492	67.00	0.02109	-1.23595	0.000	6.492	0.000	0.000	0.000	0.000	-1.000
1861	164606	1	5.081	67.00	0.02115	-1.23471	0.000	4.081	0.000	0.000	0.000	0.000	1.000
1862	164636	2	-3.048	66.00	0.02205	-1.21822	0.000	-2.048	0.000	0.000	0.000	0.000	-1.000
1863	164667	5	-0.519	65.00	0.02277	-1.23352	0.000	-0.519	0.000	0.000	0.000	0.000	0.000
1864	164697	5	1.575	65.00	0.02184	-1.23566	0.000	1.575	0.000	0.000	0.000	0.000	0.000
1865	164800	1	7.432	65.00	0.02154	-1.24385	0.000	6.432	0.000	0.000	0.000	0.000	1.000
1866	164861	2	4.115	64.00	0.02186	-1.23154	0.000	5.115	0.000	0.000	0.000	0.000	-1.000
1867	164942	1	4.990	64.00	0.02240	-1.24015	0.000	3.990	0.000	0.000	0.000	0.000	1.000
1868	164997	1	5.705	65.00	0.02250	-1.22968	0.000	4.705	0.000	0.000	0.000	0.000	1.000
1869	165101	1	6.503	65.00	0.02293	-1.24318	0.000	5.503	0.000	0.000	0.000	0.000	1.000
1870	165170	1	6.323	65.00	0.02390	-1.23778	0.000	5.323	0.000	0.000	0.000	0.000	1.000
1871	165221	1	5.661	66.00	0.02219	-1.23350	0.000	4.661	0.000	0.000	0.000	0.000	1.000
1872	165265	2	2.039	65.00	0.02456	-1.24170	0.000	3.039	0.000	0.000	0.000	0.000	-1.000
1873	165322	1	7.419	66.00	0.02383	-1.23766	0.000	6.419	0.000	0.000	0.000	0.000	1.000
1874	165370	1	5.314	66.00	0.02160	-1.23841	0.000	4.314	0.000	0.000	0.000	0.000	1.000
1875	165412	1	5.183	66.00	0.02216	-1.23546	0.000	4.183	0.000	0.000	0.000	0.000	1.000
1876	165468	1	6.885	67.00	0.02229	-1.23769	0.000	5.885	0.000	0.000	0.000	0.000	1.000
1877	165498	1	3.998	67.00	0.02364	-1.22960	0.000	2.998	0.000	0.000	0.000	0.000	1.000
1878	165559	1	5.370	67.00	0.02257	-1.23492	0.000	4.370	0.000	0.000	0.000	0.000	1.000
1879	165589	2	-1.726	67.00	0.02333	-1.23703	0.000	-0.726	0.000	0.000	0.000	0.000	-1.000
1880	165619	5	-0.151	67.00	0.02173	-1.23651	0.000	-0.151	0.000	0.000	0.000	0.000	0.000
1881	165667	1	5.157	67.00	0.02248	-1.22515	0.000	4.157	0.000	0.000	0.000	0.000	1.000
1882	165697	1	3.960	67.00	0.02174	-1.24342	0.000	2.960	0.000	0.000	0.000	0.000	1.000
1883	165736	1	3.464	67.00	0.02150	-1.24080	0.000	2.464	0.000	0.000	0.000	0.000	1.000
1884	165784	2	3.774	66.00	0.02212	-1.23612	0.000	4.774	0.000	0.000	0.000	0.000	-1.000
1885	165849	1	5.056	67.00	0.02246	-1.24406	0.000	4.056	0.000	0.000	0.000	0.000	1.000
1886	165927	1	7.326	67.00	0.02302	-1.24014	0.000	6.326	0.000	0.000	0.000	0.000	1.000
1887	166051	1	7.015	68.00	0.02325	-1.23354	0.000	6.015	0.000	0.000	0.000	0.000	1.000
1888	166153	1	12.107	69.00	0.02142	-1.23790	0.000	11.107	0.000	0.000	0.000	0.000	1.000
1889	166243	1	8.587	70.00	0.02420	-1.23646	0.000	7.587	0.000	0.000	0.000	0.000	1.000
1890	166311	1	7.632	70.00	0.02122	-1.23382	0.000	6.632	0.000	0.000	0.000	0.000	1.000
1891	166426	1	12.004	70.00	0.02188	-1.23875	0.000	11.004	0.000	0.000	0.000	0.000	1.000
1892	166520	1	9.139	70.00	0.02270	-1.23784	0.000	8.139	0.000	0.000	0.000	0.000	1.000
1893	166564	1	3.719	70.00	0.02230	-1.23945	0.000	2.719	0.000	0.000	0.000	0.000	1.000
1894	166594	1	3.925	71.00	0.02228	-1.23598	0.000	2.925	0.000	0.000	0.000	0.000	1.000
1895	166663	1	7.297	71.00	0.02139	-1.24624	0.000	6.297	0.000	0.000	0.000	0.000	1.000
1896	166724	1	6.746	71.00	0.02190	-1.23825	0.000	5.746	0.000	0.000	0.000	0.000	1.000
1897	166833	2	4.493	70.00	0.02254	-1.23544	0.000	5.493	0.000	0.000	0.000	0.000	-1.000
1898	166890	1	5.141	70.00	0.02214	-1.23901	0.000	4.141	0.000	0.000	0.000	0.000	1.000
1899	166933	1	4.076	71.00	0.02230	-1.24566	0.000	3.076	0.000	0.000	0.000	0.000	1.000
1900	166972	1	4.280	71.00	0.02128	-1.24148	0.000	3.280	0.000	0.000	0.000	0.000	1.000
1901	167011	1	2.629	72.00	0.02359	-1.23991	0.000	1.629	0.000	0.000	0.000	0.000	1.000
1902	167046	2	1.480	71.00	0.02284	-1.24337	0.000	2.480	0.000	0.000	0.000	0.000	-1.000
1903	167161	1	7.413	71.00	0.02314	-1.24117	0.000	6.413	0.000	0.000	0.000	0.000	1.000
1904	167288	2	6.854	70.00	0.02218	-1.24350	0.000	7.854	0.000	0.000	0.000	0.000	-1.000
1905	167362	1	6.593	70.00	0.02346	-1.24403	0.000	5.593	0.000	0.000	0.000	0.000	1.000
1906	167416	1	5.012	70.00	0.02233	-1.24383	0.000	4.012	0.000	0.000	0.000	0.000	1.000
1907	167475	2	2.634	70.00	0.02311	-1.24562	0.000	3.634	0.000	0.000	0.000	0.000	-1.000
1908	167562	1	5.032	70.00	0.02203	-1.24325	0.000	4.032	0.000	0.000	0.000	0.000	1.000
1909	167604	2	1.562	69.00	0.02235	-1.24881	0.000	2.562	0.000	0.000	0.000	0.000	-1.000
1910	167671	1	6.565	69.00	0.02118	-1.24864	0.000	5.565	0.000	0.000	0.000	0.000	1.000
1911	167737	2	2.067	69.00	0.02202	-1.24602	0.000	3.067	0.000	0.000	0.000	0.000	-1.000
1912	167841	1	7.394	69.00	0.02273	-1.24297	0.000	6.394	0.000	0.000	0.000	0.000	1.000
1913	168036	1	11.556	70.00	0.02230	-1.24951	0.000	10.556	0.000	0.000	0.000	0.000	1.000
1914	168221	1	11.418	70.00	0.02267	-1.24411	0.000	10.418	0.000	0.000	0.000	0.000	1.000
1915	168281	1	5.182	70.00	0.02193	-1.23764	0.000	4.182	0.000	0.000	0.000	0.000	1.000
1916	168359	1	6.176	71.00	0.02205	-1.25724	0.000	5.176	0.000	0.000	0.000	0.000	1.000
1917	168452	1	5.549	71.00	0.02254	-1.24698	0.000	4.549	0.000	0.000	0.000	0.000	1.000
1918	168482	2	-0.612	71.00	0.02312	-1.24761	0.000	0.388	0.000	0.000	0.000	0.000	-1.000
1919	168520	1	2.672	72.00	0.02222	-1.24559	0.000	1.672	0.000	0.000	0.000	0.000	1.000
1920	168607	1	6.022	72.00	0.02196	-1.25089	0.000	5.022	0.000	0.000	0.000	0.000	1.000
1921	168687	1	8.383	72.00	0.02126	-1.25569	0.000	7.383	0.000	0.000	0.000	0.000	1.000
1922	168750	1	6.496	72.00	0.02157	-1.24445	0.000	5.496	0.000	0.000	0.000	0.000	1.000
1923	168811	1	5.129	72.00	0.02122	-1.25091	0.000	4.129	0.000	0.000	0.000	0.000	1.000
1924	168881	1	5.508	73.00	0.02227	-1.24486	0.000	4.508	0.000	0.000	0.000	0.000	1.000
1925	169020	1	12.343	73.00	0.02197	-1.25275	0.000	11.343	0.000	0.000	0.000	0.000	1.000
1926	169079	2	2.053	72.00	0.02211	-1.25748	0.000	3.053	0.000	0.000	0.000	0.000	-1.000
1927	169120	1	4.647	72.00	0.02293	-1.24902	0.000	3.647	0.000	0.000	0.000	0.000	1.000
1928	169236	2	6.472	71.00	0.02209	-1.25887	0.000	7.472	0.000	0.000	0.000	0.000	-1.000
1929	169304	1	5.001	71.00	0.02317	-1.24505	0.000	4.001	0.000	0.000	0.000	0.000	1.000
1930	169364	1	5.123	71.00	0.02332	-1.25196	0.000	4.123	0.000	0.000	0.000	0.000	1.000
1931	169418	1	5.089	71.00	0.02209	-1.25673	0.000	4.089	0.000	0.000	0.000	0.000	1.000
1932	169481	1	5.591	71.00	0.02302	-1.25413	0.000	4.591	0.000	0.000	0.000	0.000	1.000
1933	169530	1	4.715	72.00	0.02265	-1.25271	0.000	3.715	0.000	0.000	0.000	0.000	1.000
1934	169645	1	9.243	73.00	0.02183	-1.25192	0.000	8.243	0.000	0.000	0.000	0.000	1.000
1935	169717	1	5.198	74.00	0.02285	-1.24558	0.000	4.198	0.000	0.000	0.000	0.000	1.000
1936	169776	1	5.817	75.00	0.02394	-1.26048	0.000	4.817	0.000	0.000	0.000	0.000	1.000
1937	169827	1	4.588	75.00	0.02334	-1.24826	0.000	3.588	0.000	0.000	0.000	0.000	1.000
1938	169893	2	3.208	74.00	0.02327	-1.25336	0.000	4.208	0.000	0.000	0.000	0.000	-1.000
1939	169983	1	7.385	74.00	0.02310	-1.26467	0.000	6.385	0.000	0.000	0.000	0.000	1.000
1940	170026	2	1.692	73.00	0.02171	-1.25388	0.000	2.692	0.000	0.000	0.000	0.000	-1.000
1941	170064	1	5.173	73.00	0.02334	-1.25923	0.000	4.173	0.000	0.000	0.000	0.000	1.000
1942	170137	1	8.685	73.00	0.02223	-1.26148	0.000	7.685	0.000	0.000	0.000	0.000	1.000
1943	170167	2	1.780	73.00	0.02065	-1.26451	0.000	2.780	0.000	0.000	0.000	0.000	-1.000
1944	170234	1	7.447	74.00	0.02160	-1.26287	0.000	6.447	0.000	0.000	0.000	0.000	1.000
1945	170264	2	1.867	73.00	0.02345	-1.26125	0.000	2.867	0.000	0.000	0.000	0.000	-1.000
1946	170304	2	1.142	73.00	0.02185	-1.26381	0.000	2.142	0.000	0.000	0.000	0.000	-1.000
1947	170357	1	4.621	73.00	0.02209	-1.25733	0.000	3.621	0.000	0.000	0.000	0.000	1.000
1948	170439	1	7.331	74.00	0.02162	-1.25357	0.000	6.331	0.000	0.000	0.000	0.000	1.000
1949	170513	2	-0.015	73.00	0.02184	-1.25098	0.000	0.985	0.000	0.000	0.000	0.000	-1.000
1950	170578	1	4.967	73.00	0.02292	-1.26241	0.000	3.967	0.000	0.000	0.000	0.000	1.000
1951	170636	2	3.485	72.00	0.02246	-1.25711	0.000	4.485	0.000	0.000	0.000	0.000	-1.000
1952	170700	2	5.305	71.00	0.02137	-1.25388	0.000	6.305	0.000	0.000	0.000	0.000	-1.000
1953	170754	1	4.801	71.00	0.02160	-1.26484	0.000	3.801	0.000	0.000	0.000	0.000	1.000
1954	170797	2	1.400	71.00	0.02323	-1.25377	0.000	2.400	0.000	0.000	0.000	0.000	-1.000
1955	170830	2	-0.549	71.00	0.02094	-1.26532	0.000	0.451	0.000	0.000	0.000	0.000	-1.000
1956	170882	1	5.154	72.00	0.02198	-1.24794	0.000	4.154	0.000	0.000	0.000	0.000	1.000
1957	170996	2	8.166	71.00	0.02231	-1.25737	0.000	9.166	0.000	0.000	0.000	0.000	-1.000
1958	171026	1	2.853	71.00	0.02166	-1.25034	0.000	1.853	0.000	0.000	0.000	0.000	1.000
1959	171083	1	5.975	71.00	0.02123	-1.26463	0.000	4.975	0.000	0.000	0.000	0.000	1.000
1960	171153	1	5.531	72.00	0.02140	-1.26145	0.000	4.531	0.000	0.000	0.000	0.000	1.000
1961	171192	1	4.413	72.00	0.02227	-1.25629	0.000	3.413	0.000	0.000	0.000	0.000	1.000
1962	171245	1	6.885	73.00	0.02129	-1.25741	0.000	5.885	0.000	0.000	0.000	0.000	1.000
1963	171275	2	1.224	73.00	0.02145	-1.25869	0.000	2.224	0.000	0.000	0.000	0.000	-1.000
1964	171353	1	5.081	74.00	0.02367	-1.26213	0.000	4.081	0.000	0.000	0.000	0.000	1.000
1965	171449	1	8.823	74.00	0.02257	-1.25400	0.000	7.823	0.000	0.000	0.000	0.000	1.000
1966	171506	2	3.255	74.00	0.02325	-1.25218	0.000	4.255	0.000	0.000	0.000	0.000	-1.000
1967	171538	2	0.373	73.00	0.02065	-1.26036	0.000	1.373	0.000	0.000	0.000	0.000	-1.000
1968	171580	1	3.714	73.00	0.02262	-1.25089	0.000	2.714	0.000	0.000	0.000	0.000	1.000
1969	171647	2	3.348	72.00	0.02192	-1.25191	0.000	4.348	0.000	0.000	0.000	0.000	-1.000
1970	171708	1	5.226	72.00	0.02135	-1.25444	0.000	4.226	0.000	0.000	0.000	0.000	1.000
1971	171742	1	3.688	72.00	0.02108	-1.25782	0.000	2.688	0.000	0.000	0.000	0.000	1.000
1972	171775	1	4.093	73.00	0.02284	-1.24483	0.000	3.093	0.000	0.000	0.000	0.000	1.000
1973	171835	1	4.781	73.00	0.02299	-1.25473	0.000	3.781	0.000	0.000	0.000	0.000	1.000
1974	171948	1	10.314	73.00	0.02289	-1.25398	0.000	9.314	0.000	0.000	0.000	0.000	1.000
1975	172012	1	5.128	73.00	0.02341	-1.25391	0.000	4.128	0.000	0.000	0.000	0.000	1.000
1976	172085	2	4.626	72.00	0.02162	-1.25597	0.000	5.626	0.000	0.000	0.000	0.000	-1.000
1977	172120	2	1.594	71.00	0.02151	-1.25060	0.000	2.594	0.000	0.000	0.000	0.000	-1.000
1978	172205	1	7.365	71.00	0.02218	-1.25615	0.000	6.365	0.000	0.000	0.000	0.000	1.000
1979	172235	2	1.078	71.00	0.02389	-1.26574	0.000	2.078	0.000	0.000	0.000	0.000	-1.000
1980	172368	1	6.260	72.00	0.02323	-1.25110	0.000	5.260	0.000	0.000	0.000	0.000	1.000
1981	172448	1	8.518	72.00	0.02176	-1.25141	0.000	7.518	0.000	0.000	0.000	0.000	1.000
1982	172486	2	2.170	71.00	0.02235	-1.26070	0.000	3.170	0.000	0.000	0.000	0.000	-1.000
1983	172552	1	4.968	71.00	0.02260	-1.25022	0.000	3.968	0.000	0.000	0.000	0.000	1.000
1984	172622	1	7.557	72.00	0.02201	-1.25426	0.000	6.557	0.000	0.000	0.000	0.000	1.000
1985	172709	1	7.663	72.00	0.02208	-1.25597	0.000	6.663	0.000	0.000	0.000	0.000	1.000
1986	172763	1	6.473	72.00	0.02317	-1.25419	0.000	5.473	0.000	0.000	0.000	0.000	1.000
1987	172833	2	2.542	71.00	0.02266	-1.25558	0.000	3.542	0.000	0.000	0.000	0.000	-1.000
1988	172863	1	3.535	71.00	0.02138	-1.26539	0.000	2.535	0.000	0.000	0.000	0.000	1.000
1989	172894	2	1.336	70.00	0.02393	-1.26086	0.000	2.336	0.000	0.000	0.000	0.000	-1.000
1990	172955	1	5.633	70.00	0.02240	-1.25430	0.000	4.633	0.000	0.000	0.000	0.000	1.000
1991	172986	1	3.918	70.00	0.02166	-1.25728	0.000	2.918	0.000	0.000	0.000	0.000	1.000
1992	173025	2	0.568	69.00	0.02199	-1.26006	0.000	1.568	0.000	0.000	0.000	0.000	-1.000
1993	173068	1	5.156	69.00	0.02319	-1.25208	0.000	4.156	0.000	0.000	0.000	0.000	1.000
1994	173118	1	4.947	69.00	0.02084	-1.25522	0.000	3.947	0.000	0.000	0.000	0.000	1.000
1995	173148	1	3.807	69.00	0.02132	-1.24929	0.000	2.807	0.000	0.000	0.000	0.000	1.000
1996	173178	1	3.799	69.00	0.02108	-1.25465	0.000	2.799	0.000	0.000	0.000	0.000	1.000
1997	173208	5	-0.238	69.00	0.02353	-1.25233	0.000	-0.238	0.000	0.000	0.000	0.000	0.000
1998	173241	5	0.162	68.00	0.02170	-1.25721	0.000	0.162	0.000	0.000	0.000	0.000	0.000
1999	173352	1	5.102	68.00	0.02210	-1.25521	0.000	4.102	0.000	0.000	0.000	0.000	1.000
2000	173446	1	8.936	68.00	0.02214	-1.25098	0.000	7.936	0.000	0.000	0.000	0.000	1.000
2001	173535	1	8.247	68.00	0.02242	-1.25677	0.000	7.247	0.000	0.000	0.000	0.000	1.000
2002	173584	2	3.574	68.00	0.02255	-1.25456	0.000	4.574	0.000	0.000	0.000	0.000	-1.000
2003	173614	1	2.844	68.00	0.02221	-1.25326	0.000	1.844	0.000	0.000	0.000	0.000	1.000
2004	173676	1	6.836	69.00	0.02153	-1.25614	0.000	5.836	0.000	0.000	0.000	0.000	1.000
2005	173741	1	6.125	69.00	0.02305	-1.25055	0.000	5.125	0.000	0.000	0.000	0.000	1.000
2006	173782	2	0.641	68.00	0.02244	-1.25400	0.000	1.641	0.000	0.000	0.000	0.000	-1.000
2007	173812	1	2.865	69.00	0.02172	-1.25003	0.000	1.865	0.000	0.000	0.000	0.000	1.000
2008	173874	1	5.844	69.00	0.02112	-1.25354	0.000	4.844	0.000	0.000	0.000	0.000	1.000
2009	173959	1	8.835	70.00	0.02202	-1.25277	0.000	7.835	0.000	0.000	0.000	0.000	1.000
2010	174017	1	6.990	70.00	0.02220	-1.25877	0.000	5.990	0.000	0.000	0.000	0.000	1.000
2011	174081	1	7.359	71.00	0.02158	-1.25518	0.000	6.359	0.000	0.000	0.000	0.000	1.000
2012	174184	1	10.832	71.00	0.02159	-1.26010	0.000	9.832	0.000	0.000	0.000	0.000	1.000
2013	174304	1	11.461	71.00	0.02193	-1.26040	0.000	10.461	0.000	0.000	0.000	0.000	1.000
2014	174334	1	3.806	71.00	0.02108	-1.25840	0.000	2.806	0.000	0.000	0.000	0.000	1.000
2015	174364	2	0.783	70.00	0.02197	-1.25175	0.000	1.783	0.000	0.000	0.000	0.000	-1.000
2016	174419	1	6.537	70.00	0.02176	-1.26032	0.000	5.537	0.000	0.000	0.000	0.000	1.000
2017	174464	2	2.678	69.00	0.02239	-1.25805	0.000	3.678	0.000	0.000	0.000	0.000	-1.000
2018	174514	1	6.615	70.00	0.02171	-1.26727	0.000	5.615	0.000	0.000	0.000	0.000	1.000
2019	174588	1	7.226	70.00	0.02216	-1.25922	0.000	6.226	0.000	0.000	0.000	0.000	1.000
2020	174685	1	9.108	70.00	0.02104	-1.25899	0.000	8.108	0.000	0.000	0.000	0.000	1.000
2021	174739	2	3.398	69.00	0.02193	-1.26425	0.000	4.398	0.000	0.000	0.000	0.000	-1.000
2022	174769	1	2.818	69.00	0.02300	-1.25880	0.000	1.818	0.000	0.000	0.000	0.000	1.000
2023	174830	1	5.652	69.00	0.02254	-1.26257	0.000	4.652	0.000	0.000	0.000	0.000	1.000
2024	174919	2	3.470	68.00	0.02170	-1.25774	0.000	4.470	0.000	0.000	0.000	0.000	-1.000
2025	175012	1	7.393	68.00	0.02154	-1.26393	0.000	6.393	0.000	0.000	0.000	0.000	1.000
2026	175107	1	9.594	69.00	0.02255	-1.25524	0.000	8.594	0.000	0.000	0.000	0.000	1.000
2027	175197	1	9.729	69.00	0.02222	-1.25987	0.000	8.729	0.000	0.000	0.000	0.000	1.000
2028	175254	1	6.528	70.00	0.02202	-1.26147	0.000	5.528	0.000	0.000	0.000	0.000	1.000
2029	175321	1	7.169	70.00	0.02255	-1.25695	0.000	6.169	0.000	0.000	0.000	0.000	1.000
2030	175366	1	5.593	70.00	0.02131	-1.26459	0.000	4.593	0.000	0.000	0.000	0.000	1.000
2031	175471	1	8.908	70.00	0.02239	-1.26393	0.000	7.908	0.000	0.000	0.000	0.000	1.000
2032	175584	1	11.496	70.00	0.02219	-1.26107	0.000	10.496	0.000	0.000	0.000	0.000	1.000
2033	175637	1	6.532	70.00	0.02180	-1.27012	0.000	5.532	0.000	0.000	0.000	0.000	1.000
2034	175671	1	3.988	70.00	0.02225	-1.27894	0.000	2.988	0.000	0.000	0.000	0.000	1.000
2035	175722	1	5.778	70.00	0.02294	-1.25313	0.000	4.778	0.000	0.000	0.000	0.000	1.000
2036	175784	1	6.417	70.00	0.02174	-1.25843	0.000	5.417	0.000	0.000	0.000	0.000	1.000
2037	175855	2	3.083	69.00	0.02214	-1.26592	0.000	4.083	0.000	0.000	0.000	0.000	-1.000
2038	175903	1	5.663	70.00	0.02305	-1.26835	0.000	4.663	0.000	0.000	0.000	0.000	1.000
2039	175979	2	2.490	69.00	0.02160	-1.25971	0.000	3.490	0.000	0.000	0.000	0.000	-1.000
2040	176009	1	2.849	70.00	0.02140	-1.26180	0.000	1.849	0.000	0.000	0.000	0.000	1.000
2041	176061	1	5.528	70.00	0.02190	-1.25354	0.000	4.528	0.000	0.000	0.000	0.000	1.000
2042	176104	1	4.652	70.00	0.02240	-1.26997	0.000	3.652	0.000	0.000	0.000	0.000	1.000
2043	176181	1	6.583	71.00	0.02154	-1.26645	0.000	5.583	0.000	0.000	0.000	0.000	1.000
2044	176222	2	2.481	70.00	0.02145	-1.26606	0.000	3.481	0.000	0.000	0.000	0.000	-1.000
2045	176274	1	5.168	71.00	0.02265	-1.26805	0.000	4.168	0.000	0.000	0.000	0.000	1.000
2046	176317	1	5.024	72.00	0.02097	-1.26616	0.000	4.024	0.000	0.000	0.000	0.000	1.000
2047	176360	1	5.608	72.00	0.02156	-1.26926	0.000	4.608	0.000	0.000	0.000	0.000	1.000
2048	176468	2	7.309	71.00	0.02227	-1.26603	0.000	8.309	0.000	0.000	0.000	0.000	-1.000
2049	176569	1	5.610	72.00	0.02168	-1.26513	0.000	4.610	0.000	0.000	0.000	0.000	1.000
2050	176612	2	0.315	71.00	0.02202	-1.25876	0.000	1.315	0.000	0.000	0.000	0.000	-1.000
2051	176669	1	2.851	72.00	0.02241	-1.26746	0.000	1.851	0.000	0.000	0.000	0.000	1.000
2052	176750	2	2.865	72.00	0.02142	-1.26292	0.000	3.865	0.000	0.000	0.000	0.000	-1.000
2053	176898	1	6.293	72.00	0.02186	-1.26508	0.000	5.293	0.000	0.000	0.000	0.000	1.000
2054	177081	1	8.627	73.00	0.02238	-1.27144	0.000	7.627	0.000	0.000	0.000	0.000	1.000
2055	177204	1	6.915	74.00	0.02197	-1.26557	0.000	5.915	0.000	0.000	0.000	0.000	1.000
2056	177283	1	6.392	74.00	0.02206	-1.26783	0.000	5.392	0.000	0.000	0.000	0.000	1.000
2057	177485	1	11.676	75.00	0.02199	-1.26884	0.000	10.676	0.000	0.000	0.000	0.000	1.000
2058	177518	5	1.021	74.00	0.02119	-1.26080	0.000	1.021	0.000	0.000	0.000	0.000	0.000
2059	177548	5	0.978	73.00	0.02009	-1.28719	0.000	0.978	0.000	0.000	0.000	0.000	0.000
2060	177591	2	1.158	72.00	0.02408	-1.26915	0.000	2.158	0.000	0.000	0.000	0.000	-1.000
2061	177622	1	3.422	72.00	0.02279	-1.26461	0.000	2.422	0.000	0.000	0.000	0.000	1.000
2062	177696	1	7.489	72.00	0.02106	-1.26660	0.000	6.489	0.000	0.000	0.000	0.000	1.000
2063	177735	1	3.121	73.00	0.02300	-1.26966	0.000	2.121	0.000	0.000	0.000	0.000	1.000
2064	177819	1	7.964	73.00	0.02244	-1.26879	0.000	6.964	0.000	0.000	0.000	0.000	1.000
2065	177861	1	4.763	73.00	0.02085	-1.27075	0.000	3.763	0.000	0.000	0.000	0.000	1.000
2066	177921	2	4.282	73.00	0.02263	-1.26752	0.000	5.282	0.000	0.000	0.000	0.000	-1.000
2067	177962	1	5.071	74.00	0.02332	-1.26665	0.000	4.071	0.000	0.000	0.000	0.000	1.000
2068	178032	1	6.678	74.00	0.02174	-1.26900	0.000	5.678	0.000	0.000	0.000	0.000	1.000
2069	178114	1	6.953	75.00	0.02224	-1.27301	0.000	5.953	0.000	0.000	0.000	0.000	1.000
2070	178179	1	8.167	75.00	0.02193	-1.26967	0.000	7.167	0.000	0.000	0.000	0.000	1.000
2071	178252	1	8.081	75.00	0.02113	-1.26982	0.000	7.081	0.000	0.000	0.000	0.000	1.000
2072	178308	2	3.237	74.00	0.02229	-1.26388	0.000	4.237	0.000	0.000	0.000	0.000	-1.000
2073	178367	2	0.805	73.00	0.02312	-1.26623	0.000	1.805	0.000	0.000	0.000	0.000	-1.000
2074	178449	2	-0.554	72.00	0.02287	-1.27107	0.000	0.446	0.000	0.000	0.000	0.000	-1.000
2075	178492	2	1.799	71.00	0.02176	-1.27547	0.000	2.799	0.000	0.000	0.000	0.000	-1.000
2076	178553	1	6.564	72.00	0.02199	-1.26673	0.000	5.564	0.000	0.000	0.000	0.000	1.000
2077	178603	2	2.159	72.00	0.02245	-1.27726	0.000	3.159	0.000	0.000	0.000	0.000	-1.000
2078	178667	1	5.022	72.00	0.02109	-1.26654	0.000	4.022	0.000	0.000	0.000	0.000	1.000
2079	178753	1	9.223	73.00	0.02186	-1.27005	0.000	8.223	0.000	0.000	0.000	0.000	1.000
2080	178783	2	1.485	72.00	0.02137	-1.29360	0.000	2.485	0.000	0.000	0.000	0.000	-1.000
2081	178854	1	6.559	72.00	0.02145	-1.26866	0.000	5.559	0.000	0.000	0.000	0.000	1.000
2082	178924	2	6.509	72.00	0.02187	-1.27415	0.000	7.509	0.000	0.000	0.000	0.000	-1.000
2083	178990	1	4.823	72.00	0.02154	-1.27086	0.000	3.823	0.000	0.000	0.000	0.000	1.000
2084	179049	1	7.193	72.00	0.02285	-1.26816	0.000	6.193	0.000	0.000	0.000	0.000	1.000
2085	179114	2	4.537	71.00	0.02142	-1.26289	0.000	5.537	0.000	0.000	0.000	0.000	-1.000
2086	179144	1	2.829	71.00	0.02229	-1.26634	0.000	1.829	0.000	0.000	0.000	0.000	1.000
2087	179182	1	4.235	72.00	0.02154	-1.26757	0.000	3.235	0.000	0.000	0.000	0.000	1.000
2088	179212	1	3.537	72.00	0.02047	-1.26594	0.000	2.537	0.000	0.000	0.000	0.000	1.000
2089	179270	1	5.216	73.00	0.02136	-1.27132	0.000	4.216	0.000	0.000	0.000	0.000	1.000
2090	179315	1	4.759	73.00	0.02215	-1.27425	0.000	3.759	0.000	0.000	0.000	0.000	1.000
2091	179370	2	3.577	72.00	0.02232	-1.27112	0.000	4.577	0.000	0.000	0.000	0.000	-1.000
2092	179428	1	6.591	73.00	0.02235	-1.27851	0.000	5.591	0.000	0.000	0.000	0.000	1.000
2093	179463	1	4.985	73.00	0.02297	-1.27679	0.000	3.985	0.000	0.000	0.000	0.000	1.000
2094	179540	1	6.920	73.00	0.02193	-1.26849	0.000	5.920	0.000	0.000	0.000	0.000	1.000
2095	179573	2	-0.418	72.00	0.02110	-1.27947	0.000	0.582	0.000	0.000	0.000	0.000	-1.000
2096	179665	1	6.629	72.00	0.02224	-1.27337	0.000	5.629	0.000	0.000	0.000	0.000	1.000
2097	179733	1	8.236	73.00	0.02225	-1.27121	0.000	7.236	0.000	0.000	0.000	0.000	1.000
2098	179763	1	4.101	74.00	0.02094	-1.28083	0.000	3.101	0.000	0.000	0.000	0.000	1.000
2099	179793	1	3.651	74.00	0.02328	-1.28409	0.000	2.651	0.000	0.000	0.000	0.000	1.000
2100	179831	1	4.615	74.00	0.02159	-1.28381	0.000	3.615	0.000	0.000	0.000	0.000	1.000
2101	179888	1	6.504	74.00	0.02155	-1.27820	0.000	5.504	0.000	0.000	0.000	0.000	1.000
2102	180018	2	9.395	74.00	0.02263	-1.27170	0.000	10.395	0.000	0.000	0.000	0.000	-1.000
2103	180083	1	6.318	74.00	0.02126	-1.27494	0.000	5.318	0.000	0.000	0.000	0.000	1.000
2104	180196	1	10.400	74.00	0.02249	-1.27150	0.000	9.400	0.000	0.000	0.000	0.000	1.000
2105	180284	1	6.977	74.00	0.02196	-1.28265	0.000	5.977	0.000	0.000	0.000	0.000	1.000
2106	180333	1	5.442	75.00	0.02400	-1.28174	0.000	4.442	0.000	0.000	0.000	0.000	1.000
2107	180367	1	4.250	75.00	0.02219	-1.27236	0.000	3.250	0.000	0.000	0.000	0.000	1.000
2108	180442	1	6.792	75.00	0.02107	-1.28054	0.000	5.792	0.000	0.000	0.000	0.000	1.000
2109	180543	1	9.379	75.00	0.02222	-1.27721	0.000	8.379	0.000	0.000	0.000	0.000	1.000
2110	180620	1	6.519	75.00	0.02189	-1.27864	0.000	5.519	0.000	0.000	0.000	0.000	1.000
2111	180676	1	5.798	75.00	0.02298	-1.27537	0.000	4.798	0.000	0.000	0.000	0.000	1.000
2112	180718	1	3.786	75.00	0.02233	-1.27143	0.000	2.786	0.000	0.000	0.000	0.000	1.000
2113	180750	1	3.644	75.00	0.02240	-1.28239	0.000	2.644	0.000	0.000	0.000	0.000	1.000
2114	180785	2	1.314	74.00	0.02198	-1.27183	0.000	2.314	0.000	0.000	0.000	0.000	-1.000
2115	180815	1	2.738	75.00	0.02228	-1.28087	0.000	1.738	0.000	0.000	0.000	0.000	1.000
2116	180873	1	6.774	75.00	0.02175	-1.28269	0.000	5.774	0.000	0.000	0.000	0.000	1.000
2117	180908	1	3.121	76.00	0.02150	-1.28404	0.000	2.121	0.000	0.000	0.000	0.000	1.000
2118	180949	1	4.566	76.00	0.02212	-1.28376	0.000	3.566	0.000	0.000	0.000	0.000	1.000
2119	181017	1	8.194	76.00	0.02127	-1.28087	0.000	7.194	0.000	0.000	0.000	0.000	1.000
2120	181060	1	5.000	76.00	0.02250	-1.27600	0.000	4.000	0.000	0.000	0.000	0.000	1.000
2121	181113	1	5.790	77.00	0.02247	-1.28116	0.000	4.790	0.000	0.000	0.000	0.000	1.000
2122	181188	1	6.504	77.00	0.02282	-1.27592	0.000	5.504	0.000	0.000	0.000	0.000	1.000
2123	181231	2	2.013	76.00	0.02213	-1.27539	0.000	3.013	0.000	0.000	0.000	0.000	-1.000
2124	181265	1	3.436	77.00	0.02369	-1.28275	0.000	2.436	0.000	0.000	0.000	0.000	1.000
2125	181303	1	4.872	77.00	0.02184	-1.26609	0.000	3.872	0.000	0.000	0.000	0.000	1.000
2126	181358	1	6.555	77.00	0.02244	-1.27423	0.000	5.555	0.000	0.000	0.000	0.000	1.000
2127	181420	1	5.061	77.00	0.02219	-1.27372	0.000	4.061	0.000	0.000	0.000	0.000	1.000
2128	181464	2	1.233	76.00	0.02104	-1.29135	0.000	2.233	0.000	0.000	0.000	0.000	-1.000
2129	181556	1	6.547	76.00	0.02206	-1.27967	0.000	5.547	0.000	0.000	0.000	0.000	1.000
2130	181595	2	2.387	75.00	0.02219	-1.29053	0.000	3.387	0.000	0.000	0.000	0.000	-1.000
2131	181658	1	3.734	75.00	0.02231	-1.28006	0.000	2.734	0.000	0.000	0.000	0.000	1.000
2132	181699	1	5.309	75.00	0.02148	-1.28147	0.000	4.309	0.000	0.000	0.000	0.000	1.000
2133	181744	2	3.096	74.00	0.02000	-1.27985	0.000	4.096	0.000	0.000	0.000	0.000	-1.000
2134	181803	1	4.772	74.00	0.02148	-1.27568	0.000	3.772	0.000	0.000	0.000	0.000	1.000
2135	181833	2	1.202	73.00	0.02311	-1.28127	0.000	2.202	0.000	0.000	0.000	0.000	-1.000
2136	181863	1	4.078	73.00	0.02388	-1.28243	0.000	3.078	0.000	0.000	0.000	0.000	1.000
2137	181923	1	6.646	74.00	0.02071	-1.28575	0.000	5.646	0.000	0.000	0.000	0.000	1.000
2138	182017	1	9.347	74.00	0.02239	-1.27820	0.000	8.347	0.000	0.000	0.000	0.000	1.000
2139	182112	1	6.538	75.00	0.02232	-1.27933	0.000	5.538	0.000	0.000	0.000	0.000	1.000
2140	182192	1	6.735	75.00	0.02236	-1.28538	0.000	5.735	0.000	0.000	0.000	0.000	1.000
2141	182245	1	5.675	75.00	0.02095	-1.27776	0.000	4.675	0.000	0.000	0.000	0.000	1.000
2142	182304	1	6.604	75.00	0.02155	-1.27787	0.000	5.604	0.000	0.000	0.000	0.000	1.000
2143	182477	4	8.002	74.00	0.02258	-1.28206	0.000	8.002	0.000	0.000	0.000	0.000	0.000
2144	182525	1	4.998	75.00	0.02164	-1.27764	0.000	3.998	0.000	0.000	0.000	0.000	1.000
2145	182579	2	3.044	74.00	0.02111	-1.27742	0.000	4.044	0.000	0.000	0.000	0.000	-1.000
2146	182609	1	2.889	74.00	0.02229	-1.28412	0.000	1.889	0.000	0.000	0.000	0.000	1.000
2147	182669	2	3.160	73.00	0.02124	-1.28103	0.000	4.160	0.000	0.000	0.000	0.000	-1.000
2148	182731	2	3.217	73.00	0.02093	-1.28816	0.000	4.217	0.000	0.000	0.000	0.000	-1.000
2149	182782	1	4.010	73.00	0.02273	-1.28518	0.000	3.010	0.000	0.000	0.000	0.000	1.000
2150	182851	1	7.113	74.00	0.02194	-1.28126	0.000	6.113	0.000	0.000	0.000	0.000	1.000
2151	182881	5	1.067	73.00	0.02366	-1.26139	0.000	1.067	0.000	0.000	0.000	0.000	0.000
2152	182911	5	-1.157	73.00	0.02329	-1.28175	0.000	-1.157	0.000	0.000	0.000	0.000	0.000
2153	182941	5	-0.229	72.00	0.02208	-1.28740	0.000	-0.229	0.000	0.000	0.000	0.000	0.000
2154	182974	5	0.725	71.00	0.02076	-1.27953	0.000	0.725	0.000	0.000	0.000	0.000	0.000
2155	183032	1	5.179	71.00	0.02174	-1.27771	0.000	4.179	0.000	0.000	0.000	0.000	1.000
2156	183090	1	7.564	71.00	0.02267	-1.27836	0.000	6.564	0.000	0.000	0.000	0.000	1.000
2157	183146	2	3.039	70.00	0.02239	-1.27262	0.000	4.039	0.000	0.000	0.000	0.000	-1.000
2158	183191	1	5.111	71.00	0.02275	-1.27937	0.000	4.111	0.000	0.000	0.000	0.000	1.000
2159	183222	5	1.085	71.00	0.02158	-1.28205	0.000	1.085	0.000	0.000	0.000	0.000	0.000
2160	183252	5	-0.142	71.00	0.02373	-1.29235	0.000	-0.142	0.000	0.000	0.000	0.000	0.000
2161	183353	1	3.678	71.00	0.02156	-1.28293	0.000	2.678	0.000	0.000	0.000	0.000	1.000
2162	183407	1	5.642	71.00	0.02056	-1.28720	0.000	4.642	0.000	0.000	0.000	0.000	1.000
2163	183461	2	3.997	70.00	0.02079	-1.27807	0.000	4.997	0.000	0.000	0.000	0.000	-1.000
2164	183514	1	4.656	70.00	0.02212	-1.28631	0.000	3.656	0.000	0.000	0.000	0.000	1.000
2165	183588	1	7.065	70.00	0.02144	-1.28407	0.000	6.065	0.000	0.000	0.000	0.000	1.000
2166	183659	1	8.391	71.00	0.02192	-1.28506	0.000	7.391	0.000	0.000	0.000	0.000	1.000
2167	183798	2	6.882	70.00	0.02177	-1.28819	0.000	7.882	0.000	0.000	0.000	0.000	-1.000
2168	183833	1	2.638	70.00	0.02183	-1.29111	0.000	1.638	0.000	0.000	0.000	0.000	1.000
2169	183876	2	2.713	69.00	0.02035	-1.28474	0.000	3.713	0.000	0.000	0.000	0.000	-1.000
2170	183906	1	2.786	69.00	0.02184	-1.29050	0.000	1.786	0.000	0.000	0.000	0.000	1.000
2171	183963	1	6.547	69.00	0.02130	-1.28674	0.000	5.547	0.000	0.000	0.000	0.000	1.000
2172	183996	1	4.586	70.00	0.02017	-1.29660	0.000	3.586	0.000	0.000	0.000	0.000	1.000
2173	184034	1	4.298	71.00	0.02230	-1.28918	0.000	3.298	0.000	0.000	0.000	0.000	1.000
2174	184111	1	7.306	72.00	0.02147	-1.29098	0.000	6.306	0.000	0.000	0.000	0.000	1.000
2175	184151	2	-0.648	72.00	0.02375	-1.28102	0.000	0.352	0.000	0.000	0.000	0.000	-1.000
2176	184181	1	3.517	72.00	0.02277	-1.27745	0.000	2.517	0.000	0.000	0.000	0.000	1.000
2177	184211	1	3.616	73.00	0.02291	-1.28989	0.000	2.616	0.000	0.000	0.000	0.000	1.000
2178	184264	1	5.546	73.00	0.02175	-1.28210	0.000	4.546	0.000	0.000	0.000	0.000	1.000
2179	184294	2	-1.284	72.00	0.02308	-1.28259	0.000	-0.284	0.000	0.000	0.000	0.000	-1.000
2180	184332	5	1.092	72.00	0.02086	-1.29823	0.000	1.092	0.000	0.000	0.000	0.000	0.000
2181	184364	1	2.723	72.00	0.02112	-1.28905	0.000	1.723	0.000	0.000	0.000	0.000	1.000
2182	184394	2	0.922	72.00	0.02353	-1.28496	0.000	1.922	0.000	0.000	0.000	0.000	-1.000
2183	184436	1	4.742	72.00	0.02181	-1.28317	0.000	3.742	0.000	0.000	0.000	0.000	1.000
2184	184501	2	2.774	71.00	0.02215	-1.28632	0.000	3.774	0.000	0.000	0.000	0.000	-1.000
2185	184571	1	5.669	72.00	0.02371	-1.28988	0.000	4.669	0.000	0.000	0.000	0.000	1.000
2186	184674	1	11.263	72.00	0.02298	-1.28849	0.000	10.263	0.000	0.000	0.000	0.000	1.000
2187	184717	1	4.847	72.00	0.02214	-1.29754	0.000	3.847	0.000	0.000	0.000	0.000	1.000
2188	184747	2	1.213	71.00	0.02286	-1.28243	0.000	2.213	0.000	0.000	0.000	0.000	-1.000
2189	184777	1	2.992	71.00	0.02247	-1.28305	0.000	1.992	0.000	0.000	0.000	0.000	1.000
2190	184817	1	4.684	71.00	0.02214	-1.28824	0.000	3.684	0.000	0.000	0.000	0.000	1.000
2191	184880	1	7.620	72.00	0.02146	-1.28544	0.000	6.620	0.000	0.000	0.000	0.000	1.000
2192	184969	1	5.022	72.00	0.02257	-1.28986	0.000	4.022	0.000	0.000	0.000	0.000	1.000
2193	185055	1	9.022	72.00	0.02294	-1.29036	0.000	8.022	0.000	0.000	0.000	0.000	1.000
2194	185089	2	0.456	71.00	0.02257	-1.29423	0.000	1.456	0.000	0.000	0.000	0.000	-1.000
2195	185126	1	2.783	72.00	0.02243	-1.28942	0.000	1.783	0.000	0.000	0.000	0.000	1.000
2196	185200	2	6.142	71.00	0.02152	-1.29484	0.000	7.142	0.000	0.000	0.000	0.000	-1.000
2197	185253	1	6.318	71.00	0.02148	-1.29051	0.000	5.318	0.000	0.000	0.000	0.000	1.000
2198	185297	1	5.393	71.00	0.02221	-1.29265	0.000	4.393	0.000	0.000	0.000	0.000	1.000
2199	185369	1	7.249	71.00	0.02258	-1.28671	0.000	6.249	0.000	0.000	0.000	0.000	1.000
2200	185420	1	6.614	71.00	0.02280	-1.28905	0.000	5.614	0.000	0.000	0.000	0.000	1.000
2201	185477	1	6.537	71.00	0.02221	-1.29098	0.000	5.537	0.000	0.000	0.000	0.000	1.000
2202	185524	1	5.366	72.00	0.02126	-1.29640	0.000	4.366	0.000	0.000	0.000	0.000	1.000
2203	185592	2	3.201	71.00	0.02147	-1.28710	0.000	4.201	0.000	0.000	0.000	0.000	-1.000
2204	185641	1	5.109	71.00	0.02127	-1.28974	0.000	4.109	0.000	0.000	0.000	0.000	1.000
2205	185671	1	3.416	71.00	0.02205	-1.28626	0.000	2.416	0.000	0.000	0.000	0.000	1.000
2206	185710	1	5.122	71.00	0.02190	-1.28824	0.000	4.122	0.000	0.000	0.000	0.000	1.000
2207	185745	2	2.747	70.00	0.02231	-1.27919	0.000	3.747	0.000	0.000	0.000	0.000	-1.000
2208	185781	1	3.763	70.00	0.02390	-1.28963	0.000	2.763	0.000	0.000	0.000	0.000	1.000
2209	185816	1	4.340	70.00	0.02222	-1.28957	0.000	3.340	0.000	0.000	0.000	0.000	1.000
2210	185901	1	9.090	70.00	0.02161	-1.29537	0.000	8.090	0.000	0.000	0.000	0.000	1.000
2211	185947	2	2.689	69.00	0.02333	-1.29334	0.000	3.689	0.000	0.000	0.000	0.000	-1.000
2212	185993	2	2.282	68.00	0.02308	-1.29185	0.000	3.282	0.000	0.000	0.000	0.000	-1.000
2213	186031	1	4.662	68.00	0.02187	-1.30033	0.000	3.662	0.000	0.000	0.000	0.000	1.000
2214	186095	1	7.679	69.00	0.02224	-1.28504	0.000	6.679	0.000	0.000	0.000	0.000	1.000
2215	186126	2	1.970	68.00	0.02207	-1.27834	0.000	2.970	0.000	0.000	0.000	0.000	-1.000
2216	186160	2	0.894	67.00	0.02329	-1.28815	0.000	1.894	0.000	0.000	0.000	0.000	-1.000
2217	186246	1	6.551	67.00	0.02306	-1.28717	0.000	5.551	0.000	0.000	0.000	0.000	1.000
2218	186332	1	8.497	67.00	0.02218	-1.29495	0.000	7.497	0.000	0.000	0.000	0.000	1.000
2219	186411	1	8.722	67.00	0.02159	-1.29212	0.000	7.722	0.000	0.000	0.000	0.000	1.000
2220	186441	2	1.795	66.00	0.02328	-1.29055	0.000	2.795	0.000	0.000	0.000	0.000	-1.000
2221	186481	1	2.647	66.00	0.02302	-1.29396	0.000	1.647	0.000	0.000	0.000	0.000	1.000
2222	186544	1	4.803	66.00	0.02169	-1.28656	0.000	3.803	0.000	0.000	0.000	0.000	1.000
2223	186613	1	7.541	67.00	0.02268	-1.29473	0.000	6.541	0.000	0.000	0.000	0.000	1.000
2224	186667	1	4.607	67.00	0.02156	-1.29282	0.000	3.607	0.000	0.000	0.000	0.000	1.000
2225	186740	1	5.197	67.00	0.02282	-1.29462	0.000	4.197	0.000	0.000	0.000	0.000	1.000
2226	186840	1	8.609	67.00	0.02281	-1.28096	0.000	7.609	0.000	0.000	0.000	0.000	1.000
2227	186927	1	9.507	67.00	0.02324	-1.27827	0.000	8.507	0.000	0.000	0.000	0.000	1.000
2228	187022	2	5.798	67.00	0.02232	-1.29166	0.000	6.798	0.000	0.000	0.000	0.000	-1.000
2229	187053	2	2.102	66.00	0.02132	-1.29045	0.000	3.102	0.000	0.000	0.000	0.000	-1.000
2230	187083	2	0.997	66.00	0.02122	-1.28524	0.000	1.997	0.000	0.000	0.000	0.000	-1.000
2231	187129	1	4.796	66.00	0.02266	-1.29042	0.000	3.796	0.000	0.000	0.000	0.000	1.000
2232	187174	2	3.366	65.00	0.02252	-1.27973	0.000	4.366	0.000	0.000	0.000	0.000	-1.000
2233	187216	1	5.128	66.00	0.02384	-1.28882	0.000	4.128	0.000	0.000	0.000	0.000	1.000
2234	187252	1	3.601	66.00	0.02283	-1.29296	0.000	2.601	0.000	0.000	0.000	0.000	1.000
2235	187303	1	5.451	67.00	0.02258	-1.28391	0.000	4.451	0.000	0.000	0.000	0.000	1.000
2236	187396	2	6.224	66.00	0.02246	-1.29849	0.000	7.224	0.000	0.000	0.000	0.000	-1.000
2237	187445	1	5.125	66.00	0.02358	-1.29969	0.000	4.125	0.000	0.000	0.000	0.000	1.000
2238	187494	1	5.551	66.00	0.02287	-1.29024	0.000	4.551	0.000	0.000	0.000	0.000	1.000
2239	187570	1	8.626	66.00	0.02221	-1.29734	0.000	7.626	0.000	0.000	0.000	0.000	1.000
2240	187632	1	6.709	66.00	0.02258	-1.30093	0.000	5.709	0.000	0.000	0.000	0.000	1.000
2241	187669	2	1.362	65.00	0.02323	-1.29046	0.000	2.362	0.000	0.000	0.000	0.000	-1.000
2242	187728	2	2.744	64.00	0.02167	-1.29589	0.000	3.744	0.000	0.000	0.000	0.000	-1.000
2243	187764	1	3.753	65.00	0.02103	-1.29333	0.000	2.753	0.000	0.000	0.000	0.000	1.000
2244	187835	1	5.673	65.00	0.02277	-1.29998	0.000	4.673	0.000	0.000	0.000	0.000	1.000
2245	187873	1	5.183	66.00	0.02269	-1.29813	0.000	4.183	0.000	0.000	0.000	0.000	1.000
2246	187911	1	5.778	66.00	0.02188	-1.29820	0.000	4.778	0.000	0.000	0.000	0.000	1.000
2247	187950	1	4.754	67.00	0.02287	-1.29411	0.000	3.754	0.000	0.000	0.000	0.000	1.000
2248	187989	1	4.967	68.00	0.02262	-1.28981	0.000	3.967	0.000	0.000	0.000	0.000	1.000
2249	188019	2	-0.072	67.00	0.02266	-1.28974	0.000	0.928	0.000	0.000	0.000	0.000	-1.000
2250	188078	1	3.668	67.00	0.02153	-1.29875	0.000	2.668	0.000	0.000	0.000	0.000	1.000
2251	188136	1	3.159	68.00	0.02235	-1.29375	0.000	2.159	0.000	0.000	0.000	0.000	1.000
2252	188226	1	8.744	69.00	0.02138	-1.29413	0.000	7.744	0.000	0.000	0.000	0.000	1.000
2253	188261	1	4.707	70.00	0.02262	-1.28943	0.000	3.707	0.000	0.000	0.000	0.000	1.000
2254	188328	1	5.445	71.00	0.02232	-1.29443	0.000	4.445	0.000	0.000	0.000	0.000	1.000
2255	188358	1	3.667	71.00	0.02351	-1.28763	0.000	2.667	0.000	0.000	0.000	0.000	1.000
2256	188431	2	4.146	70.00	0.02269	-1.29848	0.000	5.146	0.000	0.000	0.000	0.000	-1.000
2257	188474	1	5.180	71.00	0.02297	-1.29692	0.000	4.180	0.000	0.000	0.000	0.000	1.000
2258	188523	1	4.945	71.00	0.02147	-1.29690	0.000	3.945	0.000	0.000	0.000	0.000	1.000
2259	188592	1	7.035	72.00	0.02209	-1.30016	0.000	6.035	0.000	0.000	0.000	0.000	1.000
2260	188652	1	5.684	73.00	0.02344	-1.30110	0.000	4.684	0.000	0.000	0.000	0.000	1.000
2261	188774	1	6.404	73.00	0.02237	-1.29692	0.000	5.404	0.000	0.000	0.000	0.000	1.000
2262	188910	1	6.322	73.00	0.02203	-1.29595	0.000	5.322	0.000	0.000	0.000	0.000	1.000
2263	188982	1	4.848	74.00	0.02271	-1.30138	0.000	3.848	0.000	0.000	0.000	0.000	1.000
2264	189025	2	1.523	73.00	0.02108	-1.28920	0.000	2.523	0.000	0.000	0.000	0.000	-1.000
2265	189055	2	-0.187	72.00	0.02177	-1.27879	0.000	0.813	0.000	0.000	0.000	0.000	-1.000
2266	189104	1	5.079	72.00	0.02305	-1.29500	0.000	4.079	0.000	0.000	0.000	0.000	1.000
2267	189191	1	6.326	73.00	0.02222	-1.28992	0.000	5.326	0.000	0.000	0.000	0.000	1.000
2268	189242	1	5.804	73.00	0.02349	-1.29234	0.000	4.804	0.000	0.000	0.000	0.000	1.000
2269	189272	1	3.794	74.00	0.02492	-1.29571	0.000	2.794	0.000	0.000	0.000	0.000	1.000
2270	189318	1	5.040	74.00	0.02103	-1.30742	0.000	4.040	0.000	0.000	0.000	0.000	1.000
2271	189378	2	4.627	73.00	0.02218	-1.29273	0.000	5.627	0.000	0.000	0.000	0.000	-1.000
2272	189420	1	5.057	73.00	0.02200	-1.30110	0.000	4.057	0.000	0.000	0.000	0.000	1.000
2273	189465	1	4.969	73.00	0.02271	-1.31025	0.000	3.969	0.000	0.000	0.000	0.000	1.000
2274	189503	2	2.256	72.00	0.02327	-1.29844	0.000	3.256	0.000	0.000	0.000	0.000	-1.000
2275	189536	1	2.789	73.00	0.02266	-1.29929	0.000	1.789	0.000	0.000	0.000	0.000	1.000
2276	189588	2	2.868	72.00	0.02212	-1.29443	0.000	3.868	0.000	0.000	0.000	0.000	-1.000
2277	189752	1	5.041	72.00	0.02129	-1.30543	0.000	4.041	0.000	0.000	0.000	0.000	1.000
2278	189881	2	4.966	71.00	0.02147	-1.30179	0.000	5.966	0.000	0.000	0.000	0.000	-1.000
2279	189962	1	5.043	72.00	0.02253	-1.30168	0.000	4.043	0.000	0.000	0.000	0.000	1.000
2280	190041	1	7.967	73.00	0.02269	-1.30420	0.000	6.967	0.000	0.000	0.000	0.000	1.000
2281	190071	1	3.343	73.00	0.02266	-1.29744	0.000	2.343	0.000	0.000	0.000	0.000	1.000
2282	190117	1	5.573	74.00	0.02246	-1.29716	0.000	4.573	0.000	0.000	0.000	0.000	1.000
2283	190158	1	5.151	74.00	0.02179	-1.30152	0.000	4.151	0.000	0.000	0.000	0.000	1.000
2284	190197	1	4.828	75.00	0.02106	-1.30557	0.000	3.828	0.000	0.000	0.000	0.000	1.000
2285	190277	1	8.883	75.00	0.02162	-1.30070	0.000	7.883	0.000	0.000	0.000	0.000	1.000
2286	190342	1	8.341	75.00	0.02350	-1.29465	0.000	7.341	0.000	0.000	0.000	0.000	1.000
2287	190423	1	9.222	75.00	0.02144	-1.30066	0.000	8.222	0.000	0.000	0.000	0.000	1.000
2288	190547	2	6.168	75.00	0.02246	-1.30015	0.000	7.168	0.000	0.000	0.000	0.000	-1.000
2289	190584	1	3.781	75.00	0.02147	-1.31347	0.000	2.781	0.000	0.000	0.000	0.000	1.000
2290	190628	1	5.224	75.00	0.02306	-1.30462	0.000	4.224	0.000	0.000	0.000	0.000	1.000
2291	190701	1	6.667	75.00	0.02136	-1.30424	0.000	5.667	0.000	0.000	0.000	0.000	1.000
2292	190731	2	2.385	74.00	0.02268	-1.28718	0.000	3.385	0.000	0.000	0.000	0.000	-1.000
2293	190780	1	5.099	74.00	0.02378	-1.29583	0.000	4.099	0.000	0.000	0.000	0.000	1.000
2294	190835	1	6.398	75.00	0.02257	-1.30167	0.000	5.398	0.000	0.000	0.000	0.000	1.000
2295	190881	1	4.898	75.00	0.02112	-1.29761	0.000	3.898	0.000	0.000	0.000	0.000	1.000
2296	190952	1	5.967	76.00	0.02316	-1.30389	0.000	4.967	0.000	0.000	0.000	0.000	1.000
2297	190993	2	3.425	75.00	0.02203	-1.30313	0.000	4.425	0.000	0.000	0.000	0.000	-1.000
2298	191048	2	3.008	74.00	0.02153	-1.30215	0.000	4.008	0.000	0.000	0.000	0.000	-1.000
2299	191094	2	1.397	73.00	0.02282	-1.28953	0.000	2.397	0.000	0.000	0.000	0.000	-1.000
2300	191129	2	0.052	72.00	0.02257	-1.29848	0.000	1.052	0.000	0.000	0.000	0.000	-1.000
2301	191188	1	6.955	72.00	0.02271	-1.29400	0.000	5.955	0.000	0.000	0.000	0.000	1.000
2302	191225	2	0.407	71.00	0.02270	-1.29496	0.000	1.407	0.000	0.000	0.000	0.000	-1.000
2303	191258	1	4.688	72.00	0.02165	-1.30685	0.000	3.688	0.000	0.000	0.000	0.000	1.000
2304	191297	1	3.173	72.00	0.02319	-1.29963	0.000	2.173	0.000	0.000	0.000	0.000	1.000
2305	191366	1	7.131	72.00	0.02218	-1.30157	0.000	6.131	0.000	0.000	0.000	0.000	1.000
2306	191396	1	3.289	72.00	0.02315	-1.28823	0.000	2.289	0.000	0.000	0.000	0.000	1.000
2307	191428	1	3.651	73.00	0.02315	-1.29846	0.000	2.651	0.000	0.000	0.000	0.000	1.000
2308	191458	1	3.460	73.00	0.02352	-1.30384	0.000	2.460	0.000	0.000	0.000	0.000	1.000
2309	191543	1	8.403	73.00	0.02142	-1.30078	0.000	7.403	0.000	0.000	0.000	0.000	1.000
2310	191665	1	8.435	73.00	0.02224	-1.30411	0.000	7.435	0.000	0.000	0.000	0.000	1.000
2311	191727	1	7.161	74.00	0.02256	-1.30147	0.000	6.161	0.000	0.000	0.000	0.000	1.000
2312	191778	1	6.645	75.00	0.02557	-1.30164	0.000	5.645	0.000	0.000	0.000	0.000	1.000
2313	191863	1	8.499	75.00	0.02317	-1.30017	0.000	7.499	0.000	0.000	0.000	0.000	1.000
2314	191950	1	9.595	75.00	0.02260	-1.30108	0.000	8.595	0.000	0.000	0.000	0.000	1.000
2315	192003	2	4.340	75.00	0.02199	-1.31073	0.000	5.340	0.000	0.000	0.000	0.000	-1.000
2316	192052	1	5.084	76.00	0.02216	-1.31091	0.000	4.084	0.000	0.000	0.000	0.000	1.000
2317	192125	1	7.573	76.00	0.02356	-1.30348	0.000	6.573	0.000	0.000	0.000	0.000	1.000
2318	192206	1	8.822	76.00	0.02195	-1.30179	0.000	7.822	0.000	0.000	0.000	0.000	1.000
2319	192243	2	2.050	75.00	0.02134	-1.30617	0.000	3.050	0.000	0.000	0.000	0.000	-1.000
2320	192273	1	2.774	76.00	0.02298	-1.31029	0.000	1.774	0.000	0.000	0.000	0.000	1.000
2321	192327	1	4.426	76.00	0.02174	-1.30290	0.000	3.426	0.000	0.000	0.000	0.000	1.000
2322	192365	1	4.860	76.00	0.02212	-1.30827	0.000	3.860	0.000	0.000	0.000	0.000	1.000
2323	192414	2	2.003	75.00	0.02135	-1.31538	0.000	3.003	0.000	0.000	0.000	0.000	-1.000
2324	192444	1	2.920	75.00	0.02335	-1.30991	0.000	1.920	0.000	0.000	0.000	0.000	1.000
2325	192517	1	6.594	75.00	0.02362	-1.30542	0.000	5.594	0.000	0.000	0.000	0.000	1.000
2326	192585	1	6.266	75.00	0.02152	-1.30110	0.000	5.266	0.000	0.000	0.000	0.000	1.000
2327	192615	1	3.777	75.00	0.02377	-1.30488	0.000	2.777	0.000	0.000	0.000	0.000	1.000
2328	192647	2	-0.401	75.00	0.02285	-1.29644	0.000	0.599	0.000	0.000	0.000	0.000	-1.000
2329	192677	1	3.553	76.00	0.02262	-1.29415	0.000	2.553	0.000	0.000	0.000	0.000	1.000
2330	192722	1	3.864	77.00	0.02326	-1.30422	0.000	2.864	0.000	0.000	0.000	0.000	1.000
2331	192752	1	3.696	77.00	0.02420	-1.30023	0.000	2.696	0.000	0.000	0.000	0.000	1.000
2332	192840	1	7.846	78.00	0.02149	-1.30905	0.000	6.846	0.000	0.000	0.000	0.000	1.000
2333	192870	2	-0.650	77.00	0.02579	-1.29487	0.000	0.350	0.000	0.000	0.000	0.000	-1.000
2334	192936	1	4.734	77.00	0.02176	-1.29427	0.000	3.734	0.000	0.000	0.000	0.000	1.000
2335	193021	1	8.801	77.00	0.02204	-1.30129	0.000	7.801	0.000	0.000	0.000	0.000	1.000
2336	193074	2	3.472	77.00	0.02128	-1.30809	0.000	4.472	0.000	0.000	0.000	0.000	-1.000
2337	193124	1	5.156	77.00	0.02139	-1.30532	0.000	4.156	0.000	0.000	0.000	0.000	1.000
2338	193154	2	1.337	76.00	0.02075	-1.30322	0.000	2.337	0.000	0.000	0.000	0.000	-1.000
2339	193203	1	5.124	76.00	0.02168	-1.30724	0.000	4.124	0.000	0.000	0.000	0.000	1.000
2340	193247	1	4.935	76.00	0.02247	-1.30201	0.000	3.935	0.000	0.000	0.000	0.000	1.000
2341	193293	1	5.402	77.00	0.02283	-1.30164	0.000	4.402	0.000	0.000	0.000	0.000	1.000
2342	193349	1	6.606	78.00	0.02328	-1.30464	0.000	5.606	0.000	0.000	0.000	0.000	1.000
2343	193407	1	6.614	78.00	0.02347	-1.30482	0.000	5.614	0.000	0.000	0.000	0.000	1.000
2344	193455	2	0.803	77.00	0.02227	-1.30148	0.000	1.803	0.000	0.000	0.000	0.000	-1.000
2345	193485	1	3.515	77.00	0.02268	-1.30169	0.000	2.515	0.000	0.000	0.000	0.000	1.000
2346	193544	1	7.884	77.00	0.02334	-1.29890	0.000	6.884	0.000	0.000	0.000	0.000	1.000
2347	193618	2	6.113	76.00	0.02299	-1.30987	0.000	7.113	0.000	0.000	0.000	0.000	-1.000
2348	193648	1	2.609	76.00	0.02416	-1.30507	0.000	1.609	0.000	0.000	0.000	0.000	1.000
2349	193678	1	4.058	77.00	0.02302	-1.31787	0.000	3.058	0.000	0.000	0.000	0.000	1.000
2350	193708	1	3.598	77.00	0.02228	-1.29463	0.000	2.598	0.000	0.000	0.000	0.000	1.000
2351	193753	1	4.768	77.00	0.02253	-1.30075	0.000	3.768	0.000	0.000	0.000	0.000	1.000
2352	193958	1	10.960	77.00	0.02237	-1.30031	0.000	9.960	0.000	0.000	0.000	0.000	1.000
2353	194066	1	9.638	77.00	0.02253	-1.29798	0.000	8.638	0.000	0.000	0.000	0.000	1.000
2354	194132	2	5.577	76.00	0.02212	-1.30478	0.000	6.577	0.000	0.000	0.000	0.000	-1.000
2355	194162	1	2.604	76.00	0.02188	-1.31396	0.000	1.604	0.000	0.000	0.000	0.000	1.000
2356	194194	2	1.626	76.00	0.02088	-1.30831	0.000	2.626	0.000	0.000	0.000	0.000	-1.000
2357	194243	1	5.038	76.00	0.02133	-1.31308	0.000	4.038	0.000	0.000	0.000	0.000	1.000
2358	194374	1	9.641	76.00	0.02320	-1.30125	0.000	8.641	0.000	0.000	0.000	0.000	1.000
2359	194482	1	10.687	76.00	0.02256	-1.30656	0.000	9.687	0.000	0.000	0.000	0.000	1.000
2360	194547	1	6.628	76.00	0.02167	-1.30237	0.000	5.628	0.000	0.000	0.000	0.000	1.000
2361	194726	1	9.031	76.00	0.02181	-1.30983	0.000	8.031	0.000	0.000	0.000	0.000	1.000
2362	194805	2	2.725	75.00	0.02440	-1.30262	0.000	3.725	0.000	0.000	0.000	0.000	-1.000
2363	194852	1	3.972	75.00	0.02178	-1.30619	0.000	2.972	0.000	0.000	0.000	0.000	1.000
2364	194904	1	7.013	76.00	0.02243	-1.29771	0.000	6.013	0.000	0.000	0.000	0.000	1.000
2365	194994	1	6.517	77.00	0.02256	-1.30359	0.000	5.517	0.000	0.000	0.000	0.000	1.000
2366	195024	1	4.072	77.00	0.02163	-1.31033	0.000	3.072	0.000	0.000	0.000	0.000	1.000
2367	195054	2	0.768	76.00	0.02052	-1.30818	0.000	1.768	0.000	0.000	0.000	0.000	-1.000
2368	195109	1	5.243	76.00	0.02154	-1.30252	0.000	4.243	0.000	0.000	0.000	0.000	1.000
2369	195193	1	5.421	76.00	0.02117	-1.31133	0.000	4.421	0.000	0.000	0.000	0.000	1.000
2370	195223	1	3.638	76.00	0.02188	-1.32612	0.000	2.638	0.000	0.000	0.000	0.000	1.000
2371	195288	2	3.691	76.00	0.02345	-1.30083	0.000	4.691	0.000	0.000	0.000	0.000	-1.000
2372	195320	1	2.655	76.00	0.02235	-1.30235	0.000	1.655	0.000	0.000	0.000	0.000	1.000
2373	195361	1	3.482	76.00	0.02047	-1.30520	0.000	2.482	0.000	0.000	0.000	0.000	1.000
2374	195425	1	6.651	77.00	0.02239	-1.30744	0.000	5.651	0.000	0.000	0.000	0.000	1.000
2375	195501	2	3.520	76.00	0.02124	-1.30939	0.000	4.520	0.000	0.000	0.000	0.000	-1.000
2376	195561	1	7.438	77.00	0.02332	-1.29948	0.000	6.438	0.000	0.000	0.000	0.000	1.000
2377	195599	1	5.122	77.00	0.02208	-1.30879	0.000	4.122	0.000	0.000	0.000	0.000	1.000
2378	195703	1	9.640	78.00	0.02256	-1.30297	0.000	8.640	0.000	0.000	0.000	0.000	1.000
2379	195775	1	6.489	78.00	0.02304	-1.30631	0.000	5.489	0.000	0.000	0.000	0.000	1.000
2380	195862	1	7.829	78.00	0.02282	-1.30224	0.000	6.829	0.000	0.000	0.000	0.000	1.000
2381	195897	1	4.557	78.00	0.02161	-1.30390	0.000	3.557	0.000	0.000	0.000	0.000	1.000
2382	195931	1	4.636	78.00	0.02177	-1.31502	0.000	3.636	0.000	0.000	0.000	0.000	1.000
2383	195961	2	0.901	77.00	0.02301	-1.31770	0.000	1.901	0.000	0.000	0.000	0.000	-1.000
2384	195996	2	0.953	76.00	0.02144	-1.30518	0.000	1.953	0.000	0.000	0.000	0.000	-1.000
2385	196052	2	1.858	75.00	0.02365	-1.30487	0.000	2.858	0.000	0.000	0.000	0.000	-1.000
2386	196082	1	2.967	75.00	0.02187	-1.30005	0.000	1.967	0.000	0.000	0.000	0.000	1.000
2387	196121	1	5.333	75.00	0.02294	-1.30209	0.000	4.333	0.000	0.000	0.000	0.000	1.000
2388	196157	1	4.821	76.00	0.02215	-1.31244	0.000	3.821	0.000	0.000	0.000	0.000	1.000
2389	196251	2	5.445	75.00	0.02220	-1.31003	0.000	6.445	0.000	0.000	0.000	0.000	-1.000
2390	196282	1	2.783	75.00	0.02255	-1.31149	0.000	1.783	0.000	0.000	0.000	0.000	1.000
2391	196312	1	3.769	75.00	0.02295	-1.31606	0.000	2.769	0.000	0.000	0.000	0.000	1.000
2392	196342	1	4.076	76.00	0.02294	-1.31225	0.000	3.076	0.000	0.000	0.000	0.000	1.000
2393	196408	2	5.260	75.00	0.02259	-1.31345	0.000	6.260	0.000	0.000	0.000	0.000	-1.000
2394	196441	1	2.756	75.00	0.02217	-1.29360	0.000	1.756	0.000	0.000	0.000	0.000	1.000
2395	196512	1	7.576	75.00	0.02152	-1.30573	0.000	6.576	0.000	0.000	0.000	0.000	1.000
2396	196577	1	6.454	75.00	0.02381	-1.31535	0.000	5.454	0.000	0.000	0.000	0.000	1.000
2397	196676	1	7.679	76.00	0.02172	-1.31185	0.000	6.679	0.000	0.000	0.000	0.000	1.000
2398	196742	1	6.646	77.00	0.02286	-1.31789	0.000	5.646	0.000	0.000	0.000	0.000	1.000
2399	196772	2	1.067	77.00	0.02345	-1.31390	0.000	2.067	0.000	0.000	0.000	0.000	-1.000
2400	196817	1	6.533	78.00	0.02344	-1.31647	0.000	5.533	0.000	0.000	0.000	0.000	1.000
2401	196847	2	1.321	77.00	0.02150	-1.30749	0.000	2.321	0.000	0.000	0.000	0.000	-1.000
2402	196895	1	3.456	78.00	0.02254	-1.32180	0.000	2.456	0.000	0.000	0.000	0.000	1.000
2403	196969	1	3.698	78.00	0.02254	-1.31295	0.000	2.698	0.000	0.000	0.000	0.000	1.000
2404	197049	1	5.310	78.00	0.02161	-1.31367	0.000	4.310	0.000	0.000	0.000	0.000	1.000
2405	197107	1	4.318	78.00	0.02239	-1.31569	0.000	3.318	0.000	0.000	0.000	0.000	1.000
2406	197154	1	5.121	78.00	0.02257	-1.30738	0.000	4.121	0.000	0.000	0.000	0.000	1.000
2407	197194	2	2.553	77.00	0.02215	-1.30659	0.000	3.553	0.000	0.000	0.000	0.000	-1.000
2408	197237	2	1.474	76.00	0.02168	-1.31912	0.000	2.474	0.000	0.000	0.000	0.000	-1.000
2409	197282	1	3.466	76.00	0.02281	-1.32171	0.000	2.466	0.000	0.000	0.000	0.000	1.000
2410	197328	1	4.739	76.00	0.02250	-1.30975	0.000	3.739	0.000	0.000	0.000	0.000	1.000
2411	197374	1	5.263	76.00	0.02281	-1.30793	0.000	4.263	0.000	0.000	0.000	0.000	1.000
2412	197490	1	5.685	76.00	0.02206	-1.31216	0.000	4.685	0.000	0.000	0.000	0.000	1.000
2413	197523	2	-0.406	75.00	0.02116	-1.31350	0.000	0.594	0.000	0.000	0.000	0.000	-1.000
2414	197593	1	2.774	75.00	0.02173	-1.31270	0.000	1.774	0.000	0.000	0.000	0.000	1.000
2415	197667	1	8.211	76.00	0.02133	-1.31526	0.000	7.211	0.000	0.000	0.000	0.000	1.000
2416	197731	2	3.898	75.00	0.02343	-1.31564	0.000	4.898	0.000	0.000	0.000	0.000	-1.000
2417	197773	1	4.712	75.00	0.02263	-1.31571	0.000	3.712	0.000	0.000	0.000	0.000	1.000
2418	197857	1	7.149	75.00	0.02252	-1.31110	0.000	6.149	0.000	0.000	0.000	0.000	1.000
2419	197911	1	5.501	76.00	0.02201	-1.32385	0.000	4.501	0.000	0.000	0.000	0.000	1.000
2420	197943	2	-0.180	75.00	0.02360	-1.30444	0.000	0.820	0.000	0.000	0.000	0.000	-1.000
2421	197973	1	2.919	75.00	0.02216	-1.31064	0.000	1.919	0.000	0.000	0.000	0.000	1.000
2422	198026	2	0.902	74.00	0.02242	-1.31098	0.000	1.902	0.000	0.000	0.000	0.000	-1.000
2423	198095	2	1.650	74.00	0.02285	-1.31379	0.000	2.650	0.000	0.000	0.000	0.000	-1.000
2424	198158	1	6.273	74.00	0.02291	-1.30781	0.000	5.273	0.000	0.000	0.000	0.000	1.000
2425	198190	2	0.567	73.00	0.02257	-1.31870	0.000	1.567	0.000	0.000	0.000	0.000	-1.000
2426	198226	1	3.429	73.00	0.02544	-1.31263	0.000	2.429	0.000	0.000	0.000	0.000	1.000
2427	198300	1	7.764	73.00	0.02222	-1.31604	0.000	6.764	0.000	0.000	0.000	0.000	1.000
2428	198362	2	4.029	73.00	0.02138	-1.31185	0.000	5.029	0.000	0.000	0.000	0.000	-1.000
2429	198447	1	5.065	73.00	0.02236	-1.31693	0.000	4.065	0.000	0.000	0.000	0.000	1.000
2430	198522	1	5.269	73.00	0.02190	-1.31781	0.000	4.269	0.000	0.000	0.000	0.000	1.000
2431	198658	1	8.233	73.00	0.02288	-1.31739	0.000	7.233	0.000	0.000	0.000	0.000	1.000
2432	198823	1	8.196	73.00	0.02202	-1.31420	0.000	7.196	0.000	0.000	0.000	0.000	1.000
2433	198925	1	9.631	74.00	0.02216	-1.31489	0.000	8.631	0.000	0.000	0.000	0.000	1.000
2434	199000	1	5.017	74.00	0.02325	-1.31350	0.000	4.017	0.000	0.000	0.000	0.000	1.000
2435	199043	1	3.773	74.00	0.02221	-1.32583	0.000	2.773	0.000	0.000	0.000	0.000	1.000
2436	199077	1	4.034	75.00	0.02194	-1.32117	0.000	3.034	0.000	0.000	0.000	0.000	1.000
2437	199184	1	8.507	75.00	0.02333	-1.31792	0.000	7.507	0.000	0.000	0.000	0.000	1.000
2438	199260	1	4.956	76.00	0.02129	-1.32325	0.000	3.956	0.000	0.000	0.000	0.000	1.000
2439	199362	1	9.092	76.00	0.02167	-1.31560	0.000	8.092	0.000	0.000	0.000	0.000	1.000
2440	199406	2	0.378	75.00	0.02181	-1.31281	0.000	1.378	0.000	0.000	0.000	0.000	-1.000
2441	199482	1	4.623	75.00	0.02197	-1.31778	0.000	3.623	0.000	0.000	0.000	0.000	1.000
2442	199522	2	0.835	74.00	0.02236	-1.30352	0.000	1.835	0.000	0.000	0.000	0.000	-1.000
2443	199561	2	1.560	73.00	0.02311	-1.31771	0.000	2.560	0.000	0.000	0.000	0.000	-1.000
2444	199621	1	3.929	74.00	0.02186	-1.32193	0.000	2.929	0.000	0.000	0.000	0.000	1.000
2445	199689	1	5.110	74.00	0.02292	-1.31751	0.000	4.110	0.000	0.000	0.000	0.000	1.000
2446	199736	1	3.613	74.00	0.02146	-1.32190	0.000	2.613	0.000	0.000	0.000	0.000	1.000
2447	199766	2	1.018	74.00	0.02124	-1.31307	0.000	2.018	0.000	0.000	0.000	0.000	-1.000
2448	199807	2	1.342	73.00	0.02166	-1.31844	0.000	2.342	0.000	0.000	0.000	0.000	-1.000
2449	199856	1	4.607	73.00	0.02224	-1.31437	0.000	3.607	0.000	0.000	0.000	0.000	1.000
2450	199915	1	4.803	73.00	0.02235	-1.32185	0.000	3.803	0.000	0.000	0.000	0.000	1.000
2451	199970	1	5.556	73.00	0.02219	-1.31208	0.000	4.556	0.000	0.000	0.000	0.000	1.000
2452	200014	1	4.388	73.00	0.02263	-1.30985	0.000	3.388	0.000	0.000	0.000	0.000	1.000
2453	200071	1	6.360	73.00	0.02276	-1.31732	0.000	5.360	0.000	0.000	0.000	0.000	1.000
2454	200133	1	6.359	74.00	0.02185	-1.31711	0.000	5.359	0.000	0.000	0.000	0.000	1.000
2455	200214	1	8.548	74.00	0.02233	-1.31722	0.000	7.548	0.000	0.000	0.000	0.000	1.000
2456	200281	1	6.394	75.00	0.02118	-1.32059	0.000	5.394	0.000	0.000	0.000	0.000	1.000
2457	200322	1	3.166	75.00	0.02163	-1.31748	0.000	2.166	0.000	0.000	0.000	0.000	1.000
2458	200356	1	3.154	75.00	0.02124	-1.32245	0.000	2.154	0.000	0.000	0.000	0.000	1.000
2459	200386	2	1.251	74.00	0.02253	-1.31999	0.000	2.251	0.000	0.000	0.000	0.000	-1.000
2460	200416	1	2.931	74.00	0.02224	-1.31305	0.000	1.931	0.000	0.000	0.000	0.000	1.000
2461	200477	1	7.563	74.00	0.02218	-1.32174	0.000	6.563	0.000	0.000	0.000	0.000	1.000
2462	200567	1	8.662	75.00	0.02184	-1.31489	0.000	7.662	0.000	0.000	0.000	0.000	1.000
2463	200599	1	3.647	75.00	0.02231	-1.32301	0.000	2.647	0.000	0.000	0.000	0.000	1.000
2464	200642	1	4.805	75.00	0.02224	-1.32144	0.000	3.805	0.000	0.000	0.000	0.000	1.000
2465	200672	2	0.677	74.00	0.02226	-1.32532	0.000	1.677	0.000	0.000	0.000	0.000	-1.000
2466	200731	1	7.362	74.00	0.02293	-1.32141	0.000	6.362	0.000	0.000	0.000	0.000	1.000
2467	200762	2	1.259	74.00	0.02260	-1.31919	0.000	2.259	0.000	0.000	0.000	0.000	-1.000
2468	200816	1	6.618	74.00	0.02201	-1.32211	0.000	5.618	0.000	0.000	0.000	0.000	1.000
2469	200903	1	8.849	74.00	0.02057	-1.32035	0.000	7.849	0.000	0.000	0.000	0.000	1.000
2470	200964	1	6.644	74.00	0.02190	-1.31152	0.000	5.644	0.000	0.000	0.000	0.000	1.000
2471	200999	1	4.414	75.00	0.02345	-1.31825	0.000	3.414	0.000	0.000	0.000	0.000	1.000
2472	201029	1	4.466	75.00	0.02125	-1.31972	0.000	3.466	0.000	0.000	0.000	0.000	1.000
2473	201152	2	0.400	74.00	0.02137	-1.31623	0.000	1.400	0.000	0.000	0.000	0.000	-1.000
2474	201182	1	2.854	74.00	0.02168	-1.31991	0.000	1.854	0.000	0.000	0.000	0.000	1.000
2475	201227	2	1.648	74.00	0.02243	-1.31144	0.000	2.648	0.000	0.000	0.000	0.000	-1.000
2476	201266	1	4.653	74.00	0.02182	-1.32033	0.000	3.653	0.000	0.000	0.000	0.000	1.000
2477	201319	2	3.284	73.00	0.02346	-1.31376	0.000	4.284	0.000	0.000	0.000	0.000	-1.000
2478	201392	1	6.320	73.00	0.02281	-1.32106	0.000	5.320	0.000	0.000	0.000	0.000	1.000
2479	201439	1	4.273	73.00	0.02164	-1.32483	0.000	3.273	0.000	0.000	0.000	0.000	1.000
2480	201473	1	3.924	73.00	0.02264	-1.32998	0.000	2.924	0.000	0.000	0.000	0.000	1.000
2481	201586	1	8.997	73.00	0.02171	-1.32240	0.000	7.997	0.000	0.000	0.000	0.000	1.000
2482	201707	1	9.358	73.00	0.02228	-1.32070	0.000	8.358	0.000	0.000	0.000	0.000	1.000
2483	201769	2	4.416	73.00	0.02223	-1.32518	0.000	5.416	0.000	0.000	0.000	0.000	-1.000
2484	201833	1	6.332	74.00	0.02318	-1.31664	0.000	5.332	0.000	0.000	0.000	0.000	1.000
2485	201946	1	11.938	75.00	0.02199	-1.32267	0.000	10.938	0.000	0.000	0.000	0.000	1.000
2486	201976	1	3.479	75.00	0.02299	-1.32367	0.000	2.479	0.000	0.000	0.000	0.000	1.000
2487	202024	1	4.029	75.00	0.02147	-1.32516	0.000	3.029	0.000	0.000	0.000	0.000	1.000
2488	202106	1	9.828	75.00	0.02169	-1.32557	0.000	8.828	0.000	0.000	0.000	0.000	1.000
2489	202163	1	5.612	76.00	0.02263	-1.31686	0.000	4.612	0.000	0.000	0.000	0.000	1.000
2490	202193	1	3.497	76.00	0.02193	-1.32890	0.000	2.497	0.000	0.000	0.000	0.000	1.000
2491	202251	1	7.235	76.00	0.02230	-1.31370	0.000	6.235	0.000	0.000	0.000	0.000	1.000
2492	202298	1	5.448	76.00	0.02107	-1.32231	0.000	4.448	0.000	0.000	0.000	0.000	1.000
2493	202363	2	2.978	76.00	0.02230	-1.32083	0.000	3.978	0.000	0.000	0.000	0.000	-1.000
2494	202405	1	2.810	76.00	0.02155	-1.31972	0.000	1.810	0.000	0.000	0.000	0.000	1.000
2495	202440	2	-0.144	75.00	0.02243	-1.31581	0.000	0.856	0.000	0.000	0.000	0.000	-1.000
2496	202514	1	5.616	75.00	0.02196	-1.32195	0.000	4.616	0.000	0.000	0.000	0.000	1.000
2497	202561	1	5.507	75.00	0.02142	-1.33065	0.000	4.507	0.000	0.000	0.000	0.000	1.000
2498	202627	1	7.591	75.00	0.02287	-1.32367	0.000	6.591	0.000	0.000	0.000	0.000	1.000
2499	202658	2	1.090	75.00	0.02397	-1.32070	0.000	2.090	0.000	0.000	0.000	0.000	-1.000
2500	202725	1	7.378	75.00	0.02203	-1.31466	0.000	6.378	0.000	0.000	0.000	0.000	1.000
2501	202768	2	2.939	75.00	0.02086	-1.31712	0.000	3.939	0.000	0.000	0.000	0.000	-1.000
2502	202808	2	2.359	74.00	0.02116	-1.32849	0.000	3.359	0.000	0.000	0.000	0.000	-1.000
2503	202840	1	5.130	74.00	0.02208	-1.33022	0.000	4.130	0.000	0.000	0.000	0.000	1.000
2504	202883	2	3.505	73.00	0.02163	-1.33602	0.000	4.505	0.000	0.000	0.000	0.000	-1.000
2505	202918	1	5.077	73.00	0.02149	-1.32054	0.000	4.077	0.000	0.000	0.000	0.000	1.000
2506	202974	1	6.483	73.00	0.02190	-1.32066	0.000	5.483	0.000	0.000	0.000	0.000	1.000
2507	203008	1	4.896	74.00	0.02295	-1.32690	0.000	3.896	0.000	0.000	0.000	0.000	1.000
2508	203083	1	9.329	75.00	0.02231	-1.32246	0.000	8.329	0.000	0.000	0.000	0.000	1.000
2509	203163	2	6.507	74.00	0.02198	-1.33204	0.000	7.507	0.000	0.000	0.000	0.000	-1.000
2510	203215	1	3.535	74.00	0.02176	-1.31392	0.000	2.535	0.000	0.000	0.000	0.000	1.000
2511	203281	1	6.822	74.00	0.02351	-1.32998	0.000	5.822	0.000	0.000	0.000	0.000	1.000
2512	203417	1	11.485	74.00	0.02150	-1.32397	0.000	10.485	0.000	0.000	0.000	0.000	1.000
2513	203582	2	9.620	74.00	0.02220	-1.32071	0.000	10.620	0.000	0.000	0.000	0.000	-1.000
2514	203615	1	3.473	74.00	0.02347	-1.32251	0.000	2.473	0.000	0.000	0.000	0.000	1.000
2515	203665	1	4.698	74.00	0.02178	-1.32091	0.000	3.698	0.000	0.000	0.000	0.000	1.000
2516	203755	1	8.588	75.00	0.02102	-1.32294	0.000	7.588	0.000	0.000	0.000	0.000	1.000
2517	203888	1	9.880	75.00	0.02179	-1.32786	0.000	8.880	0.000	0.000	0.000	0.000	1.000
2518	203918	1	3.489	75.00	0.02242	-1.32466	0.000	2.489	0.000	0.000	0.000	0.000	1.000
2519	204019	2	5.914	74.00	0.02170	-1.32173	0.000	6.914	0.000	0.000	0.000	0.000	-1.000
2520	204063	1	2.743	75.00	0.02130	-1.32848	0.000	1.743	0.000	0.000	0.000	0.000	1.000
2521	204107	1	4.923	75.00	0.02256	-1.32588	0.000	3.923	0.000	0.000	0.000	0.000	1.000
2522	204145	1	4.403	76.00	0.02106	-1.32209	0.000	3.403	0.000	0.000	0.000	0.000	1.000
2523	204238	1	4.143	77.00	0.02180	-1.32113	0.000	3.143	0.000	0.000	0.000	0.000	1.000
2524	204290	1	4.837	77.00	0.02234	-1.32854	0.000	3.837	0.000	0.000	0.000	0.000	1.000
2525	204333	1	4.604	78.00	0.02206	-1.31497	0.000	3.604	0.000	0.000	0.000	0.000	1.000
2526	204380	1	5.463	78.00	0.02187	-1.33215	0.000	4.463	0.000	0.000	0.000	0.000	1.000
2527	204425	1	4.552	78.00	0.02165	-1.33006	0.000	3.552	0.000	0.000	0.000	0.000	1.000
2528	204490	1	6.447	79.00	0.02087	-1.33421	0.000	5.447	0.000	0.000	0.000	0.000	1.000
2529	204527	2	-0.217	78.00	0.02290	-1.32550	0.000	0.783	0.000	0.000	0.000	0.000	-1.000
2530	204596	1	5.023	78.00	0.02097	-1.32940	0.000	4.023	0.000	0.000	0.000	0.000	1.000
2531	204650	1	5.085	78.00	0.02183	-1.33007	0.000	4.085	0.000	0.000	0.000	0.000	1.000
2532	204733	1	9.630	78.00	0.02194	-1.32714	0.000	8.630	0.000	0.000	0.000	0.000	1.000
2533	204765	5	0.859	77.00	0.02286	-1.32651	0.000	0.859	0.000	0.000	0.000	0.000	0.000
2534	204795	5	1.106	76.00	0.02283	-1.31663	0.000	1.106	0.000	0.000	0.000	0.000	0.000
2535	204825	5	1.193	75.00	0.02177	-1.32500	0.000	1.193	0.000	0.000	0.000	0.000	0.000
2536	204875	1	5.125	75.00	0.02130	-1.33213	0.000	4.125	0.000	0.000	0.000	0.000	1.000
2537	204914	2	2.802	74.00	0.02208	-1.33320	0.000	3.802	0.000	0.000	0.000	0.000	-1.000
2538	204965	1	5.075	74.00	0.02198	-1.32326	0.000	4.075	0.000	0.000	0.000	0.000	1.000
2539	205033	2	3.610	73.00	0.02119	-1.32439	0.000	4.610	0.000	0.000	0.000	0.000	-1.000
2540	205080	1	5.065	74.00	0.02124	-1.32712	0.000	4.065	0.000	0.000	0.000	0.000	1.000
2541	205110	2	-0.517	73.00	0.02238	-1.33011	0.000	0.483	0.000	0.000	0.000	0.000	-1.000
2542	205211	1	5.143	74.00	0.02243	-1.33607	0.000	4.143	0.000	0.000	0.000	0.000	1.000
2543	205257	1	4.335	75.00	0.02341	-1.32508	0.000	3.335	0.000	0.000	0.000	0.000	1.000
2544	205356	1	6.323	75.00	0.02169	-1.32384	0.000	5.323	0.000	0.000	0.000	0.000	1.000
2545	205386	2	0.342	74.00	0.02100	-1.32712	0.000	1.342	0.000	0.000	0.000	0.000	-1.000
2546	205439	1	5.152	74.00	0.02187	-1.33324	0.000	4.152	0.000	0.000	0.000	0.000	1.000
2547	205504	2	2.523	74.00	0.02157	-1.32640	0.000	3.523	0.000	0.000	0.000	0.000	-1.000
2548	205534	1	2.956	75.00	0.02121	-1.33311	0.000	1.956	0.000	0.000	0.000	0.000	1.000
2549	205587	1	5.258	75.00	0.02194	-1.32764	0.000	4.258	0.000	0.000	0.000	0.000	1.000
2550	205680	2	8.412	74.00	0.02268	-1.32145	0.000	9.412	0.000	0.000	0.000	0.000	-1.000
2551	205714	1	4.647	74.00	0.02079	-1.31761	0.000	3.647	0.000	0.000	0.000	0.000	1.000
2552	205813	1	8.834	74.00	0.02166	-1.32913	0.000	7.834	0.000	0.000	0.000	0.000	1.000
2553	205897	1	8.028	74.00	0.02169	-1.33131	0.000	7.028	0.000	0.000	0.000	0.000	1.000
2554	205953	1	4.799	74.00	0.02190	-1.33421	0.000	3.799	0.000	0.000	0.000	0.000	1.000
2555	206033	1	7.084	74.00	0.02125	-1.32460	0.000	6.084	0.000	0.000	0.000	0.000	1.000
2556	206205	1	9.411	74.00	0.02223	-1.33320	0.000	8.411	0.000	0.000	0.000	0.000	1.000
2557	206236	2	0.312	73.00	0.02290	-1.33469	0.000	1.312	0.000	0.000	0.000	0.000	-1.000
2558	206271	1	3.766	73.00	0.02252	-1.33593	0.000	2.766	0.000	0.000	0.000	0.000	1.000
2559	206336	1	7.050	74.00	0.02155	-1.33676	0.000	6.050	0.000	0.000	0.000	0.000	1.000
2560	206433	1	9.348	74.00	0.02293	-1.33302	0.000	8.348	0.000	0.000	0.000	0.000	1.000
2561	206551	1	10.364	74.00	0.02230	-1.32900	0.000	9.364	0.000	0.000	0.000	0.000	1.000
2562	206635	1	8.842	74.00	0.02220	-1.32721	0.000	7.842	0.000	0.000	0.000	0.000	1.000
2563	206677	1	4.655	74.00	0.02277	-1.32493	0.000	3.655	0.000	0.000	0.000	0.000	1.000
2564	206720	1	5.628	74.00	0.02232	-1.33312	0.000	4.628	0.000	0.000	0.000	0.000	1.000
2565	206772	1	5.219	75.00	0.02047	-1.32947	0.000	4.219	0.000	0.000	0.000	0.000	1.000
2566	206813	1	4.867	75.00	0.02240	-1.32764	0.000	3.867	0.000	0.000	0.000	0.000	1.000
2567	206843	1	3.548	76.00	0.02175	-1.34195	0.000	2.548	0.000	0.000	0.000	0.000	1.000
2568	206906	1	7.069	76.00	0.02328	-1.33018	0.000	6.069	0.000	0.000	0.000	0.000	1.000
2569	206993	2	5.562	75.00	0.02399	-1.33289	0.000	6.562	0.000	0.000	0.000	0.000	-1.000
2570	207023	1	2.998	75.00	0.02120	-1.33056	0.000	1.998	0.000	0.000	0.000	0.000	1.000
2571	207066	1	5.795	75.00	0.02241	-1.33285	0.000	4.795	0.000	0.000	0.000	0.000	1.000
2572	207183	1	9.707	75.00	0.02274	-1.32468	0.000	8.707	0.000	0.000	0.000	0.000	1.000
2573	207257	2	5.651	75.00	0.02256	-1.33586	0.000	6.651	0.000	0.000	0.000	0.000	-1.000
2574	207323	1	5.132	75.00	0.02310	-1.32131	0.000	4.132	0.000	0.000	0.000	0.000	1.000
2575	207407	1	8.856	76.00	0.02137	-1.33148	0.000	7.856	0.000	0.000	0.000	0.000	1.000
2576	207481	2	5.986	75.00	0.02129	-1.33841	0.000	6.986	0.000	0.000	0.000	0.000	-1.000
2577	207540	1	4.808	76.00	0.02271	-1.33330	0.000	3.808	0.000	0.000	0.000	0.000	1.000
2578	207595	2	1.830	75.00	0.02226	-1.33686	0.000	2.830	0.000	0.000	0.000	0.000	-1.000
2579	207628	1	2.707	75.00	0.02275	-1.32829	0.000	1.707	0.000	0.000	0.000	0.000	1.000
2580	207685	1	6.010	75.00	0.02241	-1.33324	0.000	5.010	0.000	0.000	0.000	0.000	1.000
2581	207715	1	3.629	75.00	0.02147	-1.32810	0.000	2.629	0.000	0.000	0.000	0.000	1.000
2582	207805	1	8.215	75.00	0.02208	-1.32983	0.000	7.215	0.000	0.000	0.000	0.000	1.000
2583	207835	1	3.391	76.00	0.02188	-1.33252	0.000	2.391	0.000	0.000	0.000	0.000	1.000
2584	207884	2	3.570	75.00	0.02128	-1.32446	0.000	4.570	0.000	0.000	0.000	0.000	-1.000
2585	207916	1	2.674	75.00	0.02311	-1.33368	0.000	1.674	0.000	0.000	0.000	0.000	1.000
2586	207968	2	0.349	74.00	0.02208	-1.32166	0.000	1.349	0.000	0.000	0.000	0.000	-1.000
2587	208044	1	6.337	74.00	0.02221	-1.33050	0.000	5.337	0.000	0.000	0.000	0.000	1.000
2588	208076	1	4.415	74.00	0.02261	-1.33925	0.000	3.415	0.000	0.000	0.000	0.000	1.000
2589	208122	1	5.017	74.00	0.02297	-1.33099	0.000	4.017	0.000	0.000	0.000	0.000	1.000
2590	208179	1	7.143	74.00	0.02159	-1.33521	0.000	6.143	0.000	0.000	0.000	0.000	1.000
2591	208244	1	6.632	74.00	0.02078	-1.34206	0.000	5.632	0.000	0.000	0.000	0.000	1.000
2592	208297	1	6.578	74.00	0.02169	-1.33659	0.000	5.578	0.000	0.000	0.000	0.000	1.000
2593	208333	2	2.607	74.00	0.02237	-1.33679	0.000	3.607	0.000	0.000	0.000	0.000	-1.000
2594	208378	1	5.753	74.00	0.02215	-1.33205	0.000	4.753	0.000	0.000	0.000	0.000	1.000
2595	208408	1	3.649	75.00	0.02323	-1.33099	0.000	2.649	0.000	0.000	0.000	0.000	1.000
2596	208438	1	3.888	75.00	0.02404	-1.32902	0.000	2.888	0.000	0.000	0.000	0.000	1.000
2597	208525	2	5.375	74.00	0.02112	-1.33616	0.000	6.375	0.000	0.000	0.000	0.000	-1.000
2598	208555	1	2.807	74.00	0.02239	-1.35182	0.000	1.807	0.000	0.000	0.000	0.000	1.000
2599	208587	2	1.227	74.00	0.02121	-1.33128	0.000	2.227	0.000	0.000	0.000	0.000	-1.000
2600	208617	1	3.013	74.00	0.02067	-1.33760	0.000	2.013	0.000	0.000	0.000	0.000	1.000
2601	208666	1	3.420	75.00	0.02202	-1.33548	0.000	2.420	0.000	0.000	0.000	0.000	1.000
2602	208704	1	4.521	76.00	0.02188	-1.33778	0.000	3.521	0.000	0.000	0.000	0.000	1.000
2603	208756	1	3.908	76.00	0.02077	-1.32894	0.000	2.908	0.000	0.000	0.000	0.000	1.000
2604	208816	1	5.628	77.00	0.02313	-1.33365	0.000	4.628	0.000	0.000	0.000	0.000	1.000
2605	208874	1	4.915	77.00	0.02264	-1.33849	0.000	3.915	0.000	0.000	0.000	0.000	1.000
2606	208904	2	-2.255	76.00	0.02245	-1.34298	0.000	-1.255	0.000	0.000	0.000	0.000	-1.000
2607	208934	5	0.259	75.00	0.02175	-1.33653	0.000	0.259	0.000	0.000	0.000	0.000	0.000
2608	208964	2	1.225	74.00	0.02289	-1.32649	0.000	2.225	0.000	0.000	0.000	0.000	-1.000
2609	209012	1	4.747	75.00	0.02267	-1.32728	0.000	3.747	0.000	0.000	0.000	0.000	1.000
2610	209062	1	4.407	75.00	0.02172	-1.33692	0.000	3.407	0.000	0.000	0.000	0.000	1.000
2611	209111	1	5.307	75.00	0.02208	-1.32353	0.000	4.307	0.000	0.000	0.000	0.000	1.000
2612	209169	1	6.473	75.00	0.02187	-1.33120	0.000	5.473	0.000	0.000	0.000	0.000	1.000
2613	209231	1	7.534	76.00	0.02258	-1.34218	0.000	6.534	0.000	0.000	0.000	0.000	1.000
2614	209361	1	9.895	76.00	0.02185	-1.33243	0.000	8.895	0.000	0.000	0.000	0.000	1.000
2615	209458	1	9.584	76.00	0.02174	-1.33700	0.000	8.584	0.000	0.000	0.000	0.000	1.000
2616	209512	1	6.578	76.00	0.02191	-1.34337	0.000	5.578	0.000	0.000	0.000	0.000	1.000
2617	209557	2	2.561	75.00	0.02189	-1.33178	0.000	3.561	0.000	0.000	0.000	0.000	-1.000
2618	209632	1	5.149	75.00	0.02401	-1.33861	0.000	4.149	0.000	0.000	0.000	0.000	1.000
2619	209663	1	3.344	76.00	0.02116	-1.32620	0.000	2.344	0.000	0.000	0.000	0.000	1.000
2620	209771	1	11.706	76.00	0.02265	-1.32992	0.000	10.706	0.000	0.000	0.000	0.000	1.000
2621	209809	1	5.087	76.00	0.02420	-1.33007	0.000	4.087	0.000	0.000	0.000	0.000	1.000
2622	209839	2	1.290	75.00	0.02309	-1.34365	0.000	2.290	0.000	0.000	0.000	0.000	-1.000
2623	209888	1	5.149	75.00	0.02242	-1.33580	0.000	4.149	0.000	0.000	0.000	0.000	1.000
2624	209930	1	4.391	75.00	0.02242	-1.34494	0.000	3.391	0.000	0.000	0.000	0.000	1.000
2625	209988	1	6.690	75.00	0.02169	-1.33629	0.000	5.690	0.000	0.000	0.000	0.000	1.000
2626	210032	1	5.359	75.00	0.02290	-1.33633	0.000	4.359	0.000	0.000	0.000	0.000	1.000
2627	210102	2	4.289	74.00	0.02196	-1.34040	0.000	5.289	0.000	0.000	0.000	0.000	-1.000
2628	210134	1	3.472	74.00	0.02234	-1.32045	0.000	2.472	0.000	0.000	0.000	0.000	1.000
2629	210198	1	7.395	75.00	0.02407	-1.33067	0.000	6.395	0.000	0.000	0.000	0.000	1.000
2630	210254	2	2.504	74.00	0.02358	-1.33490	0.000	3.504	0.000	0.000	0.000	0.000	-1.000
2631	210324	1	3.901	74.00	0.02174	-1.33392	0.000	2.901	0.000	0.000	0.000	0.000	1.000
2632	210367	1	5.041	74.00	0.02260	-1.33567	0.000	4.041	0.000	0.000	0.000	0.000	1.000
2633	210433	1	8.027	75.00	0.02276	-1.33851	0.000	7.027	0.000	0.000	0.000	0.000	1.000
2634	210499	1	8.022	76.00	0.02209	-1.33550	0.000	7.022	0.000	0.000	0.000	0.000	1.000
2635	210559	2	3.366	76.00	0.02267	-1.33940	0.000	4.366	0.000	0.000	0.000	0.000	-1.000
2636	210599	1	5.124	76.00	0.02213	-1.33975	0.000	4.124	0.000	0.000	0.000	0.000	1.000
2637	210670	1	7.569	77.00	0.02155	-1.33777	0.000	6.569	0.000	0.000	0.000	0.000	1.000
2638	210716	2	3.265	76.00	0.02310	-1.33225	0.000	4.265	0.000	0.000	0.000	0.000	-1.000
2639	210746	1	3.825	77.00	0.02290	-1.32341	0.000	2.825	0.000	0.000	0.000	0.000	1.000
2640	210776	2	0.367	76.00	0.02328	-1.34014	0.000	1.367	0.000	0.000	0.000	0.000	-1.000
2641	210866	2	2.211	76.00	0.02156	-1.33784	0.000	3.211	0.000	0.000	0.000	0.000	-1.000
2642	210914	1	5.149	76.00	0.02241	-1.34208	0.000	4.149	0.000	0.000	0.000	0.000	1.000
2643	211008	1	9.077	76.00	0.02211	-1.34500	0.000	8.077	0.000	0.000	0.000	0.000	1.000
2644	211075	1	6.579	76.00	0.02305	-1.33299	0.000	5.579	0.000	0.000	0.000	0.000	1.000
2645	211126	2	2.092	76.00	0.02305	-1.34128	0.000	3.092	0.000	0.000	0.000	0.000	-1.000
2646	211156	1	2.795	76.00	0.02140	-1.33409	0.000	1.795	0.000	0.000	0.000	0.000	1.000
2647	211233	1	6.461	77.00	0.02078	-1.33900	0.000	5.461	0.000	0.000	0.000	0.000	1.000
2648	211347	1	8.561	77.00	0.02237	-1.33777	0.000	7.561	0.000	0.000	0.000	0.000	1.000
2649	211418	1	7.931	77.00	0.02335	-1.33211	0.000	6.931	0.000	0.000	0.000	0.000	1.000
2650	211493	2	4.869	77.00	0.02150	-1.33984	0.000	5.869	0.000	0.000	0.000	0.000	-1.000
2651	211537	1	3.944	77.00	0.02130	-1.33522	0.000	2.944	0.000	0.000	0.000	0.000	1.000
2652	211587	1	5.154	77.00	0.02198	-1.33697	0.000	4.154	0.000	0.000	0.000	0.000	1.000
2653	211627	1	5.604	77.00	0.02171	-1.34162	0.000	4.604	0.000	0.000	0.000	0.000	1.000
2654	211740	1	9.820	77.00	0.02194	-1.34613	0.000	8.820	0.000	0.000	0.000	0.000	1.000
2655	211819	1	6.382	77.00	0.02229	-1.33270	0.000	5.382	0.000	0.000	0.000	0.000	1.000
2656	211909	1	4.790	77.00	0.02251	-1.33880	0.000	3.790	0.000	0.000	0.000	0.000	1.000
2657	212015	1	8.794	78.00	0.02172	-1.33925	0.000	7.794	0.000	0.000	0.000	0.000	1.000
2658	212117	1	9.668	78.00	0.02218	-1.34020	0.000	8.668	0.000	0.000	0.000	0.000	1.000
2659	212160	1	3.929	78.00	0.02139	-1.33447	0.000	2.929	0.000	0.000	0.000	0.000	1.000
2660	212190	2	1.917	77.00	0.02273	-1.33686	0.000	2.917	0.000	0.000	0.000	0.000	-1.000
2661	212251	2	4.490	76.00	0.02196	-1.34375	0.000	5.490	0.000	0.000	0.000	0.000	-1.000
2662	212281	2	0.713	75.00	0.02098	-1.34509	0.000	1.713	0.000	0.000	0.000	0.000	-1.000
2663	212311	1	2.941	75.00	0.02314	-1.34393	0.000	1.941	0.000	0.000	0.000	0.000	1.000
2664	212343	1	3.481	75.00	0.02243	-1.32821	0.000	2.481	0.000	0.000	0.000	0.000	1.000
2665	212400	1	6.350	75.00	0.02138	-1.34489	0.000	5.350	0.000	0.000	0.000	0.000	1.000
2666	212439	1	3.583	75.00	0.02186	-1.34255	0.000	2.583	0.000	0.000	0.000	0.000	1.000
2667	212496	2	2.583	74.00	0.02329	-1.33769	0.000	3.583	0.000	0.000	0.000	0.000	-1.000
2668	212531	1	3.999	74.00	0.02242	-1.34596	0.000	2.999	0.000	0.000	0.000	0.000	1.000
2669	212564	2	1.472	74.00	0.02149	-1.34318	0.000	2.472	0.000	0.000	0.000	0.000	-1.000
2670	212612	1	6.552	74.00	0.02126	-1.34314	0.000	5.552	0.000	0.000	0.000	0.000	1.000
2671	212642	2	1.676	73.00	0.02429	-1.33321	0.000	2.676	0.000	0.000	0.000	0.000	-1.000
2672	212694	1	5.010	73.00	0.02264	-1.34951	0.000	4.010	0.000	0.000	0.000	0.000	1.000
2673	212746	1	5.145	74.00	0.02317	-1.34080	0.000	4.145	0.000	0.000	0.000	0.000	1.000
2674	212779	2	1.093	73.00	0.02126	-1.34164	0.000	2.093	0.000	0.000	0.000	0.000	-1.000
2675	212831	1	5.094	73.00	0.02251	-1.33236	0.000	4.094	0.000	0.000	0.000	0.000	1.000
2676	212882	2	0.198	73.00	0.02249	-1.34431	0.000	1.198	0.000	0.000	0.000	0.000	-1.000
2677	212925	1	2.789	73.00	0.02350	-1.33238	0.000	1.789	0.000	0.000	0.000	0.000	1.000
2678	212973	1	6.391	74.00	0.02196	-1.34227	0.000	5.391	0.000	0.000	0.000	0.000	1.000
2679	213019	1	6.452	74.00	0.02378	-1.33971	0.000	5.452	0.000	0.000	0.000	0.000	1.000
2680	213054	1	4.484	74.00	0.02334	-1.32858	0.000	3.484	0.000	0.000	0.000	0.000	1.000
2681	213108	1	4.366	74.00	0.02332	-1.34554	0.000	3.366	0.000	0.000	0.000	0.000	1.000
2682	213191	1	9.280	74.00	0.02235	-1.33684	0.000	8.280	0.000	0.000	0.000	0.000	1.000
2683	213277	1	9.456	74.00	0.02241	-1.34392	0.000	8.456	0.000	0.000	0.000	0.000	1.000
2684	213342	1	6.853	75.00	0.02234	-1.33993	0.000	5.853	0.000	0.000	0.000	0.000	1.000
2685	213382	1	3.640	75.00	0.02303	-1.33708	0.000	2.640	0.000	0.000	0.000	0.000	1.000
2686	213412	2	1.069	75.00	0.02273	-1.33367	0.000	2.069	0.000	0.000	0.000	0.000	-1.000
2687	213442	1	3.850	75.00	0.02120	-1.34115	0.000	2.850	0.000	0.000	0.000	0.000	1.000
2688	213482	1	5.704	75.00	0.02167	-1.32662	0.000	4.704	0.000	0.000	0.000	0.000	1.000
2689	213535	1	7.291	75.00	0.02179	-1.32926	0.000	6.291	0.000	0.000	0.000	0.000	1.000
2690	213597	2	4.243	74.00	0.02176	-1.34720	0.000	5.243	0.000	0.000	0.000	0.000	-1.000
2691	213653	2	2.624	73.00	0.02211	-1.34027	0.000	3.624	0.000	0.000	0.000	0.000	-1.000
2692	213688	1	2.727	73.00	0.02190	-1.34042	0.000	1.727	0.000	0.000	0.000	0.000	1.000
2693	213758	1	6.933	74.00	0.02110	-1.34221	0.000	5.933	0.000	0.000	0.000	0.000	1.000
2694	213800	1	4.613	74.00	0.02234	-1.33437	0.000	3.613	0.000	0.000	0.000	0.000	1.000
2695	213869	1	5.004	74.00	0.02294	-1.33490	0.000	4.004	0.000	0.000	0.000	0.000	1.000
2696	213916	1	4.483	74.00	0.02253	-1.34469	0.000	3.483	0.000	0.000	0.000	0.000	1.000
2697	214002	1	6.489	75.00	0.02211	-1.34903	0.000	5.489	0.000	0.000	0.000	0.000	1.000
2698	214043	1	5.228	75.00	0.02198	-1.33401	0.000	4.228	0.000	0.000	0.000	0.000	1.000
2699	214081	1	4.744	76.00	0.02300	-1.34650	0.000	3.744	0.000	0.000	0.000	0.000	1.000
2700	214149	1	5.122	76.00	0.02105	-1.34111	0.000	4.122	0.000	0.000	0.000	0.000	1.000
2701	214209	1	5.000	76.00	0.02198	-1.34579	0.000	4.000	0.000	0.000	0.000	0.000	1.000
2702	214255	2	2.810	75.00	0.02121	-1.34149	0.000	3.810	0.000	0.000	0.000	0.000	-1.000
2703	214301	2	3.255	74.00	0.02265	-1.33944	0.000	4.255	0.000	0.000	0.000	0.000	-1.000
2704	214351	1	5.648	74.00	0.02242	-1.34572	0.000	4.648	0.000	0.000	0.000	0.000	1.000
2705	214427	1	4.387	74.00	0.02253	-1.33760	0.000	3.387	0.000	0.000	0.000	0.000	1.000
2706	214467	2	0.848	74.00	0.02295	-1.34360	0.000	1.848	0.000	0.000	0.000	0.000	-1.000
2707	214523	2	3.459	74.00	0.02251	-1.33456	0.000	4.459	0.000	0.000	0.000	0.000	-1.000
2708	214553	1	2.984	75.00	0.02380	-1.34578	0.000	1.984	0.000	0.000	0.000	0.000	1.000
2709	214606	1	4.788	75.00	0.02271	-1.33960	0.000	3.788	0.000	0.000	0.000	0.000	1.000
2710	214726	1	9.749	75.00	0.02338	-1.34794	0.000	8.749	0.000	0.000	0.000	0.000	1.000
2711	214773	1	5.489	75.00	0.02339	-1.34761	0.000	4.489	0.000	0.000	0.000	0.000	1.000
2712	214911	2	9.084	74.00	0.02170	-1.35041	0.000	10.084	0.000	0.000	0.000	0.000	-1.000
2713	214955	1	4.614	74.00	0.02279	-1.34829	0.000	3.614	0.000	0.000	0.000	0.000	1.000
2714	215032	2	3.396	73.00	0.02245	-1.34103	0.000	4.396	0.000	0.000	0.000	0.000	-1.000
2715	215063	1	2.655	73.00	0.02266	-1.34490	0.000	1.655	0.000	0.000	0.000	0.000	1.000
2716	215102	1	5.356	73.00	0.02268	-1.33786	0.000	4.356	0.000	0.000	0.000	0.000	1.000
2717	215161	1	8.372	74.00	0.02218	-1.35208	0.000	7.372	0.000	0.000	0.000	0.000	1.000
2718	215213	1	6.676	74.00	0.02263	-1.34411	0.000	5.676	0.000	0.000	0.000	0.000	1.000
2719	215269	1	6.528	74.00	0.02217	-1.33993	0.000	5.528	0.000	0.000	0.000	0.000	1.000
2720	215299	2	0.713	73.00	0.02124	-1.34594	0.000	1.713	0.000	0.000	0.000	0.000	-1.000
2721	215364	1	6.567	73.00	0.02318	-1.34163	0.000	5.567	0.000	0.000	0.000	0.000	1.000
2722	215410	1	5.021	74.00	0.02239	-1.35167	0.000	4.021	0.000	0.000	0.000	0.000	1.000
2723	215592	1	8.769	74.00	0.02229	-1.34697	0.000	7.769	0.000	0.000	0.000	0.000	1.000
2724	215746	1	11.445	74.00	0.02260	-1.34760	0.000	10.445	0.000	0.000	0.000	0.000	1.000
2725	215850	1	11.759	74.00	0.02265	-1.34836	0.000	10.759	0.000	0.000	0.000	0.000	1.000
2726	215902	2	3.885	73.00	0.02223	-1.34574	0.000	4.885	0.000	0.000	0.000	0.000	-1.000
2727	215941	2	2.405	73.00	0.02301	-1.34841	0.000	3.405	0.000	0.000	0.000	0.000	-1.000
2728	215971	1	3.513	73.00	0.02159	-1.34811	0.000	2.513	0.000	0.000	0.000	0.000	1.000
2729	216020	2	4.079	72.00	0.02126	-1.35562	0.000	5.079	0.000	0.000	0.000	0.000	-1.000
2730	216050	1	2.835	73.00	0.02145	-1.34186	0.000	1.835	0.000	0.000	0.000	0.000	1.000
2731	216092	1	5.520	73.00	0.02412	-1.33582	0.000	4.520	0.000	0.000	0.000	0.000	1.000
2732	216136	1	4.021	73.00	0.02209	-1.34875	0.000	3.021	0.000	0.000	0.000	0.000	1.000
2733	216220	1	9.327	73.00	0.02231	-1.34938	0.000	8.327	0.000	0.000	0.000	0.000	1.000
2734	216327	2	5.159	72.00	0.02193	-1.34730	0.000	6.159	0.000	0.000	0.000	0.000	-1.000
2735	216368	1	4.779	73.00	0.02258	-1.34355	0.000	3.779	0.000	0.000	0.000	0.000	1.000
2736	216460	1	8.733	73.00	0.02271	-1.35078	0.000	7.733	0.000	0.000	0.000	0.000	1.000
2737	216505	1	4.924	73.00	0.02271	-1.35579	0.000	3.924	0.000	0.000	0.000	0.000	1.000
2738	216573	1	8.242	74.00	0.02200	-1.35534	0.000	7.242	0.000	0.000	0.000	0.000	1.000
2739	216603	1	3.938	74.00	0.02265	-1.34765	0.000	2.938	0.000	0.000	0.000	0.000	1.000
2740	216633	1	3.644	75.00	0.02149	-1.35321	0.000	2.644	0.000	0.000	0.000	0.000	1.000
2741	216706	1	7.862	76.00	0.02268	-1.35603	0.000	6.862	0.000	0.000	0.000	0.000	1.000
2742	216745	1	4.457	76.00	0.02353	-1.34338	0.000	3.457	0.000	0.000	0.000	0.000	1.000
2743	216801	1	6.637	76.00	0.02316	-1.34255	0.000	5.637	0.000	0.000	0.000	0.000	1.000
2744	216851	1	5.348	76.00	0.02351	-1.35228	0.000	4.348	0.000	0.000	0.000	0.000	1.000
2745	216892	1	4.680	77.00	0.02229	-1.33908	0.000	3.680	0.000	0.000	0.000	0.000	1.000
2746	216924	2	1.540	76.00	0.02315	-1.34485	0.000	2.540	0.000	0.000	0.000	0.000	-1.000
2747	216969	1	4.675	76.00	0.02301	-1.34964	0.000	3.675	0.000	0.000	0.000	0.000	1.000
2748	216999	2	1.551	75.00	0.02153	-1.35506	0.000	2.551	0.000	0.000	0.000	0.000	-1.000
2749	217029	1	2.875	75.00	0.02322	-1.34198	0.000	1.875	0.000	0.000	0.000	0.000	1.000
2750	217108	1	9.286	76.00	0.02208	-1.35700	0.000	8.286	0.000	0.000	0.000	0.000	1.000
2751	217139	2	0.833	75.00	0.02305	-1.34670	0.000	1.833	0.000	0.000	0.000	0.000	-1.000
2752	217169	1	4.056	75.00	0.02439	-1.35303	0.000	3.056	0.000	0.000	0.000	0.000	1.000
2753	217199	1	3.509	75.00	0.02183	-1.34437	0.000	2.509	0.000	0.000	0.000	0.000	1.000
2754	217279	1	10.009	75.00	0.02156	-1.35527	0.000	9.009	0.000	0.000	0.000	0.000	1.000
2755	217373	2	8.810	74.00	0.02362	-1.35764	0.000	9.810	0.000	0.000	0.000	0.000	-1.000
2756	217406	1	3.968	74.00	0.02259	-1.35345	0.000	2.968	0.000	0.000	0.000	0.000	1.000
2757	217436	2	-2.216	73.00	0.02107	-1.34717	0.000	-1.216	0.000	0.000	0.000	0.000	-1.000
2758	217467	5	1.451	72.00	0.02123	-1.35915	0.000	1.451	0.000	0.000	0.000	0.000	0.000
2759	217551	1	3.528	72.00	0.02236	-1.34266	0.000	2.528	0.000	0.000	0.000	0.000	1.000
2760	217581	5	0.664	72.00	0.02283	-1.33960	0.000	0.664	0.000	0.000	0.000	0.000	0.000
2761	217611	5	0.225	72.00	0.02180	-1.35870	0.000	0.225	0.000	0.000	0.000	0.000	0.000
2762	217700	1	5.090	73.00	0.02340	-1.34789	0.000	4.090	0.000	0.000	0.000	0.000	1.000
2763	217772	1	7.850	73.00	0.02174	-1.35565	0.000	6.850	0.000	0.000	0.000	0.000	1.000
2764	217828	1	5.720	73.00	0.02354	-1.35401	0.000	4.720	0.000	0.000	0.000	0.000	1.000
2765	217873	1	5.632	73.00	0.02258	-1.35340	0.000	4.632	0.000	0.000	0.000	0.000	1.000
2766	217937	1	8.379	73.00	0.02383	-1.34575	0.000	7.379	0.000	0.000	0.000	0.000	1.000
2767	217972	2	0.656	73.00	0.02472	-1.35451	0.000	1.656	0.000	0.000	0.000	0.000	-1.000
2768	218009	2	1.672	72.00	0.02178	-1.35535	0.000	2.672	0.000	0.000	0.000	0.000	-1.000
2769	218094	2	3.875	72.00	0.02353	-1.35890	0.000	4.875	0.000	0.000	0.000	0.000	-1.000
2770	218127	1	3.439	72.00	0.02318	-1.34986	0.000	2.439	0.000	0.000	0.000	0.000	1.000
2771	218162	1	4.884	73.00	0.02306	-1.35907	0.000	3.884	0.000	0.000	0.000	0.000	1.000
2772	218218	1	6.918	73.00	0.02340	-1.34869	0.000	5.918	0.000	0.000	0.000	0.000	1.000
2773	218272	1	6.443	73.00	0.02297	-1.35307	0.000	5.443	0.000	0.000	0.000	0.000	1.000
2774	218331	2	0.659	73.00	0.02199	-1.35866	0.000	1.659	0.000	0.000	0.000	0.000	-1.000
2775	218376	1	5.053	73.00	0.02218	-1.35657	0.000	4.053	0.000	0.000	0.000	0.000	1.000
2776	218430	1	6.437	74.00	0.02295	-1.35075	0.000	5.437	0.000	0.000	0.000	0.000	1.000
2777	218481	1	5.829	74.00	0.02280	-1.35022	0.000	4.829	0.000	0.000	0.000	0.000	1.000
2778	218582	1	8.486	74.00	0.02297	-1.35617	0.000	7.486	0.000	0.000	0.000	0.000	1.000
2779	218618	2	1.949	73.00	0.02312	-1.35992	0.000	2.949	0.000	0.000	0.000	0.000	-1.000
2780	218689	1	6.385	73.00	0.02251	-1.36151	0.000	5.385	0.000	0.000	0.000	0.000	1.000
2781	218786	1	9.249	73.00	0.02280	-1.35138	0.000	8.249	0.000	0.000	0.000	0.000	1.000
2782	218885	1	9.350	73.00	0.02330	-1.35516	0.000	8.350	0.000	0.000	0.000	0.000	1.000
2783	218945	1	6.415	73.00	0.02208	-1.35585	0.000	5.415	0.000	0.000	0.000	0.000	1.000
2784	219013	1	5.992	73.00	0.02337	-1.36051	0.000	4.992	0.000	0.000	0.000	0.000	1.000
2785	219072	1	5.670	73.00	0.02226	-1.35813	0.000	4.670	0.000	0.000	0.000	0.000	1.000
2786	219160	1	7.523	74.00	0.02263	-1.36656	0.000	6.523	0.000	0.000	0.000	0.000	1.000
2787	219202	1	4.374	74.00	0.02214	-1.36085	0.000	3.374	0.000	0.000	0.000	0.000	1.000
2788	219281	1	6.967	74.00	0.02203	-1.35760	0.000	5.967	0.000	0.000	0.000	0.000	1.000
2789	219375	1	8.835	74.00	0.02240	-1.36437	0.000	7.835	0.000	0.000	0.000	0.000	1.000
2790	219448	1	7.057	75.00	0.02267	-1.36232	0.000	6.057	0.000	0.000	0.000	0.000	1.000
2791	219572	1	5.178	76.00	0.02241	-1.36074	0.000	4.178	0.000	0.000	0.000	0.000	1.000
2792	219634	1	5.036	76.00	0.02239	-1.36468	0.000	4.036	0.000	0.000	0.000	0.000	1.000
2793	219664	2	1.542	75.00	0.02130	-1.36427	0.000	2.542	0.000	0.000	0.000	0.000	-1.000
2794	219708	2	0.561	74.00	0.02190	-1.35494	0.000	1.561	0.000	0.000	0.000	0.000	-1.000
2795	219738	1	2.914	74.00	0.02327	-1.36383	0.000	1.914	0.000	0.000	0.000	0.000	1.000
2796	219781	1	4.349	74.00	0.02165	-1.35965	0.000	3.349	0.000	0.000	0.000	0.000	1.000
2797	219826	1	4.088	74.00	0.02320	-1.36130	0.000	3.088	0.000	0.000	0.000	0.000	1.000
2798	219944	1	11.723	74.00	0.02332	-1.36761	0.000	10.723	0.000	0.000	0.000	0.000	1.000
2799	220044	1	9.477	74.00	0.02274	-1.35837	0.000	8.477	0.000	0.000	0.000	0.000	1.000
2800	220109	2	4.917	73.00	0.02204	-1.34948	0.000	5.917	0.000	0.000	0.000	0.000	-1.000
2801	220144	1	5.133	73.00	0.02312	-1.35731	0.000	4.133	0.000	0.000	0.000	0.000	1.000
2802	220202	2	5.035	73.00	0.02143	-1.36258	0.000	6.035	0.000	0.000	0.000	0.000	-1.000
2803	220256	1	6.550	74.00	0.02266	-1.37008	0.000	5.550	0.000	0.000	0.000	0.000	1.000
2804	220342	1	9.781	74.00	0.02276	-1.36553	0.000	8.781	0.000	0.000	0.000	0.000	1.000
2805	220374	2	2.058	73.00	0.02297	-1.35433	0.000	3.058	0.000	0.000	0.000	0.000	-1.000
2806	220417	1	5.185	74.00	0.02314	-1.36396	0.000	4.185	0.000	0.000	0.000	0.000	1.000
2807	220447	2	0.453	74.00	0.02285	-1.36145	0.000	1.453	0.000	0.000	0.000	0.000	-1.000
2808	220480	1	3.452	74.00	0.02287	-1.36845	0.000	2.452	0.000	0.000	0.000	0.000	1.000
2809	220510	5	-0.577	73.00	0.02201	-1.35664	0.000	-0.577	0.000	0.000	0.000	0.000	0.000
2810	220540	2	-0.629	72.00	0.02346	-1.35106	0.000	0.371	0.000	0.000	0.000	0.000	-1.000
2811	220570	5	0.705	71.00	0.02275	-1.36939	0.000	0.705	0.000	0.000	0.000	0.000	0.000
2812	220631	2	2.591	71.00	0.02328	-1.35250	0.000	3.591	0.000	0.000	0.000	0.000	-1.000
2813	220661	5	-0.306	70.00	0.02402	-1.36683	0.000	-0.306	0.000	0.000	0.000	0.000	0.000
2814	220691	5	1.134	70.00	0.02332	-1.36210	0.000	1.134	0.000	0.000	0.000	0.000	0.000
2815	220721	1	2.858	70.00	0.02409	-1.35700	0.000	1.858	0.000	0.000	0.000	0.000	1.000
2816	220805	1	5.043	70.00	0.02336	-1.36257	0.000	4.043	0.000	0.000	0.000	0.000	1.000
2817	220837	1	3.407	70.00	0.02232	-1.36303	0.000	2.407	0.000	0.000	0.000	0.000	1.000
2818	220932	1	9.252	70.00	0.02356	-1.36362	0.000	8.252	0.000	0.000	0.000	0.000	1.000
2819	221023	1	8.182	70.00	0.02209	-1.36276	0.000	7.182	0.000	0.000	0.000	0.000	1.000
2820	221117	1	9.314	71.00	0.02367	-1.35586	0.000	8.314	0.000	0.000	0.000	0.000	1.000
2821	221203	2	2.819	70.00	0.02310	-1.35915	0.000	3.819	0.000	0.000	0.000	0.000	-1.000
2822	221283	1	7.506	70.00	0.02363	-1.35387	0.000	6.506	0.000	0.000	0.000	0.000	1.000
2823	221320	2	3.144	69.00	0.02430	-1.36640	0.000	4.144	0.000	0.000	0.000	0.000	-1.000
2824	221362	1	5.049	69.00	0.02259	-1.37111	0.000	4.049	0.000	0.000	0.000	0.000	1.000
2825	221404	1	4.775	69.00	0.02169	-1.36137	0.000	3.775	0.000	0.000	0.000	0.000	1.000
2826	221463	2	4.842	69.00	0.02258	-1.36033	0.000	5.842	0.000	0.000	0.000	0.000	-1.000
2827	221494	1	3.418	70.00	0.02354	-1.36528	0.000	2.418	0.000	0.000	0.000	0.000	1.000
2828	221595	1	8.825	70.00	0.02288	-1.36477	0.000	7.825	0.000	0.000	0.000	0.000	1.000
2829	221629	2	0.204	70.00	0.02304	-1.35673	0.000	1.204	0.000	0.000	0.000	0.000	-1.000
2830	221688	2	1.318	69.00	0.02252	-1.35426	0.000	2.318	0.000	0.000	0.000	0.000	-1.000
2831	221732	1	4.622	69.00	0.02214	-1.36065	0.000	3.622	0.000	0.000	0.000	0.000	1.000
2832	221780	1	4.865	69.00	0.02267	-1.35387	0.000	3.865	0.000	0.000	0.000	0.000	1.000
2833	221882	2	7.760	68.00	0.02094	-1.36792	0.000	8.760	0.000	0.000	0.000	0.000	-1.000
2834	221919	2	1.984	68.00	0.02309	-1.37473	0.000	2.984	0.000	0.000	0.000	0.000	-1.000
2835	221949	1	2.913	68.00	0.02167	-1.35410	0.000	1.913	0.000	0.000	0.000	0.000	1.000
2836	221981	1	5.019	68.00	0.02410	-1.35818	0.000	4.019	0.000	0.000	0.000	0.000	1.000
2837	222019	1	4.873	68.00	0.02229	-1.36849	0.000	3.873	0.000	0.000	0.000	0.000	1.000
2838	222081	1	6.497	68.00	0.02285	-1.37234	0.000	5.497	0.000	0.000	0.000	0.000	1.000
2839	222124	1	5.137	68.00	0.02146	-1.37348	0.000	4.137	0.000	0.000	0.000	0.000	1.000
2840	222154	1	3.689	68.00	0.02201	-1.35988	0.000	2.689	0.000	0.000	0.000	0.000	1.000
2841	222251	1	7.806	68.00	0.02271	-1.37394	0.000	6.806	0.000	0.000	0.000	0.000	1.000
2842	222335	1	7.327	68.00	0.02243	-1.36271	0.000	6.327	0.000	0.000	0.000	0.000	1.000
2843	222386	1	5.984	68.00	0.02294	-1.36280	0.000	4.984	0.000	0.000	0.000	0.000	1.000
2844	222447	1	5.280	68.00	0.02223	-1.35663	0.000	4.280	0.000	0.000	0.000	0.000	1.000
2845	222478	1	3.377	68.00	0.02016	-1.35011	0.000	2.377	0.000	0.000	0.000	0.000	1.000
2846	222548	1	7.651	69.00	0.02326	-1.35956	0.000	6.651	0.000	0.000	0.000	0.000	1.000
2847	222580	2	0.753	68.00	0.02347	-1.35290	0.000	1.753	0.000	0.000	0.000	0.000	-1.000
2848	222621	2	2.755	68.00	0.02378	-1.36834	0.000	3.755	0.000	0.000	0.000	0.000	-1.000
2849	222651	1	2.857	68.00	0.02317	-1.37502	0.000	1.857	0.000	0.000	0.000	0.000	1.000
2850	222725	1	6.007	68.00	0.02232	-1.36557	0.000	5.007	0.000	0.000	0.000	0.000	1.000
2851	222756	1	3.671	69.00	0.02212	-1.36677	0.000	2.671	0.000	0.000	0.000	0.000	1.000
2852	222855	2	3.049	68.00	0.02259	-1.35700	0.000	4.049	0.000	0.000	0.000	0.000	-1.000
2853	222908	2	2.817	67.00	0.02497	-1.36810	0.000	3.817	0.000	0.000	0.000	0.000	-1.000
2854	222940	1	3.958	67.00	0.02255	-1.36591	0.000	2.958	0.000	0.000	0.000	0.000	1.000
2855	222970	2	0.249	67.00	0.02302	-1.37081	0.000	1.249	0.000	0.000	0.000	0.000	-1.000
2856	223020	2	0.888	66.00	0.02196	-1.36428	0.000	1.888	0.000	0.000	0.000	0.000	-1.000
2857	223094	1	5.106	67.00	0.02178	-1.36645	0.000	4.106	0.000	0.000	0.000	0.000	1.000
2858	223140	1	3.238	68.00	0.02286	-1.36528	0.000	2.238	0.000	0.000	0.000	0.000	1.000
2859	223266	1	9.297	68.00	0.02251	-1.36500	0.000	8.297	0.000	0.000	0.000	0.000	1.000
2860	223347	2	5.706	68.00	0.02344	-1.36714	0.000	6.706	0.000	0.000	0.000	0.000	-1.000
2861	223407	1	5.082	69.00	0.02290	-1.36854	0.000	4.082	0.000	0.000	0.000	0.000	1.000
2862	223471	1	6.306	69.00	0.02098	-1.36325	0.000	5.306	0.000	0.000	0.000	0.000	1.000
2863	223556	1	8.758	69.00	0.02284	-1.37116	0.000	7.758	0.000	0.000	0.000	0.000	1.000
2864	223631	2	4.084	68.00	0.02173	-1.36258	0.000	5.084	0.000	0.000	0.000	0.000	-1.000
2865	223687	2	2.747	67.00	0.02185	-1.37575	0.000	3.747	0.000	0.000	0.000	0.000	-1.000
2866	223717	1	3.928	67.00	0.02196	-1.37395	0.000	2.928	0.000	0.000	0.000	0.000	1.000
2867	223788	1	6.764	68.00	0.02248	-1.36406	0.000	5.764	0.000	0.000	0.000	0.000	1.000
2868	223853	1	7.192	69.00	0.02297	-1.36899	0.000	6.192	0.000	0.000	0.000	0.000	1.000
2869	223889	1	4.799	70.00	0.02282	-1.36492	0.000	3.799	0.000	0.000	0.000	0.000	1.000
2870	223934	1	4.673	70.00	0.02186	-1.36573	0.000	3.673	0.000	0.000	0.000	0.000	1.000
2871	223967	2	2.249	69.00	0.02160	-1.37270	0.000	3.249	0.000	0.000	0.000	0.000	-1.000
2872	224016	2	1.973	68.00	0.02388	-1.36230	0.000	2.973	0.000	0.000	0.000	0.000	-1.000
2873	224106	1	5.100	68.00	0.02363	-1.36751	0.000	4.100	0.000	0.000	0.000	0.000	1.000
2874	224146	1	4.952	69.00	0.02239	-1.36940	0.000	3.952	0.000	0.000	0.000	0.000	1.000
2875	224176	1	3.218	69.00	0.02258	-1.37590	0.000	2.218	0.000	0.000	0.000	0.000	1.000
2876	224245	2	4.299	68.00	0.02275	-1.37119	0.000	5.299	0.000	0.000	0.000	0.000	-1.000
2877	224308	1	7.427	68.00	0.02237	-1.38027	0.000	6.427	0.000	0.000	0.000	0.000	1.000
2878	224418	1	8.379	68.00	0.02273	-1.36989	0.000	7.379	0.000	0.000	0.000	0.000	1.000
2879	224466	1	5.113	69.00	0.02129	-1.37219	0.000	4.113	0.000	0.000	0.000	0.000	1.000
2880	224532	1	5.105	69.00	0.02254	-1.36628	0.000	4.105	0.000	0.000	0.000	0.000	1.000
2881	224609	1	6.911	69.00	0.02323	-1.37073	0.000	5.911	0.000	0.000	0.000	0.000	1.000
2882	224732	1	10.982	69.00	0.02337	-1.36640	0.000	9.982	0.000	0.000	0.000	0.000	1.000
2883	224817	1	9.138	69.00	0.02264	-1.37405	0.000	8.138	0.000	0.000	0.000	0.000	1.000
2884	224867	1	5.656	69.00	0.02323	-1.37548	0.000	4.656	0.000	0.000	0.000	0.000	1.000
2885	224960	1	8.742	69.00	0.02324	-1.37371	0.000	7.742	0.000	0.000	0.000	0.000	1.000
2886	225012	1	3.890	69.00	0.02375	-1.36183	0.000	2.890	0.000	0.000	0.000	0.000	1.000
2887	225042	1	4.102	69.00	0.02116	-1.37073	0.000	3.102	0.000	0.000	0.000	0.000	1.000
2888	225073	1	4.571	69.00	0.02260	-1.37772	0.000	3.571	0.000	0.000	0.000	0.000	1.000
2889	225144	1	8.507	69.00	0.02328	-1.37578	0.000	7.507	0.000	0.000	0.000	0.000	1.000
2890	225190	1	5.029	69.00	0.02231	-1.36825	0.000	4.029	0.000	0.000	0.000	0.000	1.000
2891	225260	1	8.555	69.00	0.02238	-1.37275	0.000	7.555	0.000	0.000	0.000	0.000	1.000
2892	225394	1	9.777	69.00	0.02232	-1.37256	0.000	8.777	0.000	0.000	0.000	0.000	1.000
2893	225464	1	7.780	70.00	0.02163	-1.37884	0.000	6.780	0.000	0.000	0.000	0.000	1.000
2894	225495	2	2.203	70.00	0.02315	-1.36739	0.000	3.203	0.000	0.000	0.000	0.000	-1.000
2895	225535	1	5.170	70.00	0.02382	-1.37832	0.000	4.170	0.000	0.000	0.000	0.000	1.000
2896	225610	1	7.583	70.00	0.02273	-1.36977	0.000	6.583	0.000	0.000	0.000	0.000	1.000
2897	225646	1	4.879	70.00	0.02255	-1.38632	0.000	3.879	0.000	0.000	0.000	0.000	1.000
2898	225710	1	7.510	70.00	0.02244	-1.36774	0.000	6.510	0.000	0.000	0.000	0.000	1.000
2899	225764	2	4.731	69.00	0.02241	-1.37878	0.000	5.731	0.000	0.000	0.000	0.000	-1.000
2900	225794	1	2.974	70.00	0.02126	-1.36357	0.000	1.974	0.000	0.000	0.000	0.000	1.000
2901	225917	2	5.848	69.00	0.02295	-1.36872	0.000	6.848	0.000	0.000	0.000	0.000	-1.000
2902	225962	2	1.875	69.00	0.02221	-1.37592	0.000	2.875	0.000	0.000	0.000	0.000	-1.000
2903	226072	2	2.959	68.00	0.02209	-1.37696	0.000	3.959	0.000	0.000	0.000	0.000	-1.000
2904	226142	1	6.293	68.00	0.02295	-1.36685	0.000	5.293	0.000	0.000	0.000	0.000	1.000
2905	226228	2	5.165	68.00	0.02271	-1.37350	0.000	6.165	0.000	0.000	0.000	0.000	-1.000
2906	226258	1	2.788	68.00	0.02389	-1.37972	0.000	1.788	0.000	0.000	0.000	0.000	1.000
2907	226318	1	5.388	69.00	0.02274	-1.36907	0.000	4.388	0.000	0.000	0.000	0.000	1.000
2908	226411	1	8.425	69.00	0.02313	-1.37229	0.000	7.425	0.000	0.000	0.000	0.000	1.000
2909	226455	1	3.626	70.00	0.02169	-1.37583	0.000	2.626	0.000	0.000	0.000	0.000	1.000
2910	226523	1	6.744	71.00	0.02312	-1.36865	0.000	5.744	0.000	0.000	0.000	0.000	1.000
2911	226580	1	4.745	72.00	0.02282	-1.36825	0.000	3.745	0.000	0.000	0.000	0.000	1.000
2912	226622	1	4.359	73.00	0.02309	-1.37399	0.000	3.359	0.000	0.000	0.000	0.000	1.000
2913	226673	1	4.547	74.00	0.02379	-1.37278	0.000	3.547	0.000	0.000	0.000	0.000	1.000
2914	226744	1	5.641	75.00	0.02192	-1.37466	0.000	4.641	0.000	0.000	0.000	0.000	1.000
2915	226850	1	8.193	75.00	0.02211	-1.37694	0.000	7.193	0.000	0.000	0.000	0.000	1.000
2916	226901	2	2.499	74.00	0.02383	-1.37860	0.000	3.499	0.000	0.000	0.000	0.000	-1.000
2917	226996	1	6.625	74.00	0.02333	-1.37268	0.000	5.625	0.000	0.000	0.000	0.000	1.000
2918	227026	1	3.454	74.00	0.02310	-1.38078	0.000	2.454	0.000	0.000	0.000	0.000	1.000
2919	227094	1	6.538	74.00	0.02361	-1.37453	0.000	5.538	0.000	0.000	0.000	0.000	1.000
2920	227161	2	2.867	73.00	0.02217	-1.37577	0.000	3.867	0.000	0.000	0.000	0.000	-1.000
2921	227199	1	3.458	74.00	0.02397	-1.38173	0.000	2.458	0.000	0.000	0.000	0.000	1.000
2922	227315	2	5.272	73.00	0.02313	-1.37970	0.000	6.272	0.000	0.000	0.000	0.000	-1.000
2923	227345	1	2.924	74.00	0.02207	-1.37200	0.000	1.924	0.000	0.000	0.000	0.000	1.000
2924	227409	1	5.558	74.00	0.02307	-1.37414	0.000	4.558	0.000	0.000	0.000	0.000	1.000
2925	227528	1	9.610	74.00	0.02312	-1.37530	0.000	8.610	0.000	0.000	0.000	0.000	1.000
2926	227571	2	1.108	74.00	0.02450	-1.37463	0.000	2.108	0.000	0.000	0.000	0.000	-1.000
2927	227635	1	5.134	74.00	0.02305	-1.36862	0.000	4.134	0.000	0.000	0.000	0.000	1.000
2928	227703	1	6.502	74.00	0.02345	-1.37798	0.000	5.502	0.000	0.000	0.000	0.000	1.000
2929	227766	1	5.750	75.00	0.02269	-1.37913	0.000	4.750	0.000	0.000	0.000	0.000	1.000
2930	227821	1	5.709	76.00	0.02208	-1.38649	0.000	4.709	0.000	0.000	0.000	0.000	1.000
2931	227901	1	6.627	76.00	0.02194	-1.37601	0.000	5.627	0.000	0.000	0.000	0.000	1.000
2932	227981	1	4.749	76.00	0.02236	-1.37229	0.000	3.749	0.000	0.000	0.000	0.000	1.000
2933	228039	1	5.034	77.00	0.02123	-1.37779	0.000	4.034	0.000	0.000	0.000	0.000	1.000
2934	228113	1	7.214	78.00	0.02438	-1.37798	0.000	6.214	0.000	0.000	0.000	0.000	1.000
2935	228166	2	2.903	77.00	0.02300	-1.37865	0.000	3.903	0.000	0.000	0.000	0.000	-1.000
2936	228224	1	4.617	77.00	0.02282	-1.37546	0.000	3.617	0.000	0.000	0.000	0.000	1.000
2937	228334	1	9.210	77.00	0.02184	-1.37830	0.000	8.210	0.000	0.000	0.000	0.000	1.000
2938	228376	2	0.865	76.00	0.02226	-1.37452	0.000	1.865	0.000	0.000	0.000	0.000	-1.000
2939	228427	1	2.753	76.00	0.02094	-1.38076	0.000	1.753	0.000	0.000	0.000	0.000	1.000
2940	228511	2	3.599	75.00	0.02223	-1.37569	0.000	4.599	0.000	0.000	0.000	0.000	-1.000
2941	228541	2	0.247	74.00	0.02340	-1.37236	0.000	1.247	0.000	0.000	0.000	0.000	-1.000
2942	228591	1	5.131	74.00	0.02228	-1.38125	0.000	4.131	0.000	0.000	0.000	0.000	1.000
2943	228671	1	6.540	74.00	0.02288	-1.38124	0.000	5.540	0.000	0.000	0.000	0.000	1.000
2944	228722	2	0.578	73.00	0.02379	-1.37842	0.000	1.578	0.000	0.000	0.000	0.000	-1.000
2945	228786	1	5.009	73.00	0.02462	-1.36768	0.000	4.009	0.000	0.000	0.000	0.000	1.000
2946	228865	1	5.304	73.00	0.02417	-1.36956	0.000	4.304	0.000	0.000	0.000	0.000	1.000
2947	228910	2	1.250	73.00	0.02383	-1.37298	0.000	2.250	0.000	0.000	0.000	0.000	-1.000
2948	228972	1	4.625	74.00	0.02193	-1.38666	0.000	3.625	0.000	0.000	0.000	0.000	1.000
2949	229010	1	3.732	74.00	0.02245	-1.37532	0.000	2.732	0.000	0.000	0.000	0.000	1.000
2950	229046	2	2.346	73.00	0.02352	-1.37377	0.000	3.346	0.000	0.000	0.000	0.000	-1.000
2951	229126	1	7.384	73.00	0.02218	-1.38028	0.000	6.384	0.000	0.000	0.000	0.000	1.000
2952	229345	2	8.732	73.00	0.02248	-1.37810	0.000	9.732	0.000	0.000	0.000	0.000	-1.000
2953	229386	1	5.094	74.00	0.02244	-1.38068	0.000	4.094	0.000	0.000	0.000	0.000	1.000
2954	229488	1	8.810	74.00	0.02331	-1.37164	0.000	7.810	0.000	0.000	0.000	0.000	1.000
2955	229531	2	0.970	74.00	0.02226	-1.37157	0.000	1.970	0.000	0.000	0.000	0.000	-1.000
2956	229592	1	2.709	75.00	0.02222	-1.38447	0.000	1.709	0.000	0.000	0.000	0.000	1.000
2957	229634	2	0.535	74.00	0.02188	-1.38130	0.000	1.535	0.000	0.000	0.000	0.000	-1.000
2958	229689	1	4.778	74.00	0.02304	-1.38045	0.000	3.778	0.000	0.000	0.000	0.000	1.000
2959	229822	1	6.503	74.00	0.02243	-1.37679	0.000	5.503	0.000	0.000	0.000	0.000	1.000
2960	229881	2	1.926	74.00	0.02274	-1.36852	0.000	2.926	0.000	0.000	0.000	0.000	-1.000
2961	229952	1	7.524	74.00	0.02274	-1.37469	0.000	6.524	0.000	0.000	0.000	0.000	1.000
2962	230057	1	9.622	74.00	0.02287	-1.38131	0.000	8.622	0.000	0.000	0.000	0.000	1.000
2963	230161	1	9.542	74.00	0.02328	-1.37470	0.000	8.542	0.000	0.000	0.000	0.000	1.000
2964	230191	1	3.523	75.00	0.02244	-1.38913	0.000	2.523	0.000	0.000	0.000	0.000	1.000
2965	230253	1	7.391	76.00	0.02273	-1.38214	0.000	6.391	0.000	0.000	0.000	0.000	1.000
2966	230313	1	6.411	76.00	0.02247	-1.37838	0.000	5.411	0.000	0.000	0.000	0.000	1.000
2967	230343	1	3.579	76.00	0.02144	-1.39342	0.000	2.579	0.000	0.000	0.000	0.000	1.000
2968	230381	2	2.151	75.00	0.02173	-1.39286	0.000	3.151	0.000	0.000	0.000	0.000	-1.000
2969	230423	1	4.753	75.00	0.02153	-1.37663	0.000	3.753	0.000	0.000	0.000	0.000	1.000
2970	230462	1	5.006	75.00	0.02318	-1.38652	0.000	4.006	0.000	0.000	0.000	0.000	1.000
2971	230492	1	3.652	76.00	0.02295	-1.38745	0.000	2.652	0.000	0.000	0.000	0.000	1.000
2972	230540	1	4.945	77.00	0.02275	-1.38096	0.000	3.945	0.000	0.000	0.000	0.000	1.000
2973	230572	2	1.088	76.00	0.02254	-1.38797	0.000	2.088	0.000	0.000	0.000	0.000	-1.000
2974	230631	1	5.084	76.00	0.02318	-1.37000	0.000	4.084	0.000	0.000	0.000	0.000	1.000
2975	230678	1	6.374	76.00	0.02068	-1.38332	0.000	5.374	0.000	0.000	0.000	0.000	1.000
2976	230708	1	4.135	77.00	0.02305	-1.38304	0.000	3.135	0.000	0.000	0.000	0.000	1.000
2977	230742	1	4.269	77.00	0.02240	-1.38629	0.000	3.269	0.000	0.000	0.000	0.000	1.000
2978	230827	1	8.886	77.00	0.02354	-1.38729	0.000	7.886	0.000	0.000	0.000	0.000	1.000
2979	230945	1	9.271	77.00	0.02280	-1.38168	0.000	8.271	0.000	0.000	0.000	0.000	1.000
2980	231048	1	7.628	77.00	0.02352	-1.39089	0.000	6.628	0.000	0.000	0.000	0.000	1.000
2981	231113	2	4.183	76.00	0.02258	-1.38573	0.000	5.183	0.000	0.000	0.000	0.000	-1.000
2982	231189	1	5.163	76.00	0.02286	-1.37801	0.000	4.163	0.000	0.000	0.000	0.000	1.000
2983	231269	1	7.869	76.00	0.02193	-1.38349	0.000	6.869	0.000	0.000	0.000	0.000	1.000
2984	231344	1	6.920	76.00	0.02249	-1.38164	0.000	5.920	0.000	0.000	0.000	0.000	1.000
2985	231392	1	4.390	76.00	0.02380	-1.39182	0.000	3.390	0.000	0.000	0.000	0.000	1.000
2986	231451	2	1.433	75.00	0.02178	-1.38722	0.000	2.433	0.000	0.000	0.000	0.000	-1.000
2987	231482	1	2.804	75.00	0.02238	-1.38608	0.000	1.804	0.000	0.000	0.000	0.000	1.000
2988	231517	2	1.092	74.00	0.02293	-1.38573	0.000	2.092	0.000	0.000	0.000	0.000	-1.000
2989	231574	1	5.661	74.00	0.02174	-1.39233	0.000	4.661	0.000	0.000	0.000	0.000	1.000
2990	231642	1	7.691	74.00	0.02379	-1.37913	0.000	6.691	0.000	0.000	0.000	0.000	1.000
