gpu torch available:  True
device name:  NVIDIA H100 NVL
training on stage: 9
making new model dir: /home/kaushik/project/deep-rl-robot-navigation/src/turtlebot3_drl/model/fond-filly/sac_4_stage_9
Observe phase: 62/25000 steps
Observe phase: 243/25000 steps
Observe phase: 295/25000 steps
Observe phase: 416/25000 steps
Observe phase: 449/25000 steps
Observe phase: 551/25000 steps
Observe phase: 659/25000 steps
Observe phase: 828/25000 steps
Observe phase: 1045/25000 steps
Observe phase: 1086/25000 steps
Observe phase: 1116/25000 steps
Observe phase: 1244/25000 steps
Observe phase: 1445/25000 steps
Observe phase: 1511/25000 steps
Observe phase: 1708/25000 steps
Observe phase: 1855/25000 steps
Observe phase: 2005/25000 steps
Observe phase: 2121/25000 steps
Observe phase: 2162/25000 steps
Observe phase: 2353/25000 steps
Observe phase: 2384/25000 steps
Observe phase: 2523/25000 steps
Observe phase: 2689/25000 steps
Observe phase: 2787/25000 steps
Observe phase: 2938/25000 steps
Observe phase: 3156/25000 steps
Observe phase: 3204/25000 steps
Observe phase: 3234/25000 steps
Observe phase: 3424/25000 steps
Observe phase: 3612/25000 steps
Observe phase: 3818/25000 steps
Observe phase: 3966/25000 steps
Observe phase: 4189/25000 steps
Observe phase: 4318/25000 steps
Observe phase: 4515/25000 steps
Observe phase: 4560/25000 steps
Observe phase: 4764/25000 steps
Observe phase: 4967/25000 steps
Observe phase: 5016/25000 steps
Observe phase: 5241/25000 steps
Observe phase: 5513/25000 steps
Observe phase: 5553/25000 steps
Observe phase: 5585/25000 steps
Observe phase: 5634/25000 steps
Observe phase: 5761/25000 steps
Observe phase: 5986/25000 steps
Observe phase: 6050/25000 steps
Observe phase: 6220/25000 steps
Observe phase: 6503/25000 steps
Observe phase: 6578/25000 steps
Observe phase: 6727/25000 steps
Observe phase: 6789/25000 steps
Observe phase: 6884/25000 steps
Observe phase: 6916/25000 steps
Observe phase: 7051/25000 steps
Observe phase: 7321/25000 steps
Observe phase: 7576/25000 steps
Observe phase: 7606/25000 steps
Observe phase: 7637/25000 steps
Observe phase: 7890/25000 steps
Observe phase: 8120/25000 steps
Observe phase: 8270/25000 steps
Observe phase: 8317/25000 steps
Observe phase: 8364/25000 steps
Observe phase: 8426/25000 steps
Observe phase: 8670/25000 steps
Observe phase: 8739/25000 steps
Observe phase: 8962/25000 steps
Observe phase: 9155/25000 steps
Observe phase: 9187/25000 steps
Observe phase: 9380/25000 steps
Observe phase: 9605/25000 steps
Observe phase: 9675/25000 steps
Observe phase: 9797/25000 steps
Observe phase: 9866/25000 steps
Observe phase: 10114/25000 steps
Observe phase: 10181/25000 steps
Observe phase: 10212/25000 steps
Observe phase: 10414/25000 steps
Observe phase: 10641/25000 steps
Observe phase: 10672/25000 steps
Observe phase: 10783/25000 steps
Observe phase: 10813/25000 steps
Observe phase: 10858/25000 steps
Observe phase: 11079/25000 steps
Observe phase: 11111/25000 steps
Observe phase: 11279/25000 steps
Observe phase: 11314/25000 steps
Observe phase: 11387/25000 steps
Observe phase: 11419/25000 steps
Observe phase: 11710/25000 steps
Observe phase: 11907/25000 steps
Observe phase: 12110/25000 steps
Observe phase: 12162/25000 steps
Observe phase: 12218/25000 steps
Observe phase: 12478/25000 steps
Observe phase: 12601/25000 steps
Observe phase: 12705/25000 steps
Observe phase: 12753/25000 steps
Observe phase: 12822/25000 steps
Observe phase: 13009/25000 steps
Observe phase: 13254/25000 steps
Observe phase: 13474/25000 steps
Observe phase: 13713/25000 steps
Observe phase: 13934/25000 steps
Observe phase: 14096/25000 steps
Observe phase: 14261/25000 steps
Observe phase: 14312/25000 steps
Observe phase: 14470/25000 steps
Observe phase: 14678/25000 steps
Observe phase: 14712/25000 steps
Observe phase: 14866/25000 steps
Observe phase: 15073/25000 steps
Observe phase: 15279/25000 steps
Observe phase: 15337/25000 steps
Observe phase: 15558/25000 steps
Observe phase: 15610/25000 steps
Observe phase: 15785/25000 steps
Observe phase: 16001/25000 steps
Observe phase: 16036/25000 steps
Observe phase: 16150/25000 steps
Observe phase: 16186/25000 steps
Observe phase: 16368/25000 steps
Observe phase: 16441/25000 steps
Observe phase: 16601/25000 steps
Observe phase: 16865/25000 steps
Observe phase: 16970/25000 steps
Observe phase: 17000/25000 steps
Observe phase: 17226/25000 steps
Observe phase: 17525/25000 steps
Observe phase: 17559/25000 steps
Observe phase: 17736/25000 steps
Observe phase: 17935/25000 steps
Observe phase: 18007/25000 steps
Observe phase: 18160/25000 steps
Observe phase: 18204/25000 steps
Observe phase: 18359/25000 steps
Observe phase: 18581/25000 steps
Observe phase: 18741/25000 steps
Observe phase: 18776/25000 steps
Observe phase: 18881/25000 steps
Observe phase: 19045/25000 steps
Observe phase: 19217/25000 steps
Observe phase: 19279/25000 steps
Observe phase: 19450/25000 steps
Observe phase: 19503/25000 steps
Observe phase: 19698/25000 steps
Observe phase: 19990/25000 steps
Observe phase: 20027/25000 steps
Observe phase: 20216/25000 steps
Observe phase: 20248/25000 steps
Observe phase: 20396/25000 steps
Observe phase: 20595/25000 steps
Observe phase: 20794/25000 steps
Observe phase: 20968/25000 steps
Observe phase: 21145/25000 steps
Observe phase: 21210/25000 steps
Observe phase: 21428/25000 steps
Observe phase: 21661/25000 steps
Observe phase: 21835/25000 steps
Observe phase: 21865/25000 steps
Observe phase: 21999/25000 steps
Observe phase: 22035/25000 steps
Observe phase: 22074/25000 steps
Observe phase: 22254/25000 steps
Observe phase: 22288/25000 steps
Observe phase: 22441/25000 steps
Observe phase: 22655/25000 steps
Observe phase: 22713/25000 steps
Observe phase: 22885/25000 steps
Observe phase: 23071/25000 steps
Observe phase: 23379/25000 steps
Observe phase: 23596/25000 steps
Observe phase: 23833/25000 steps
Observe phase: 23969/25000 steps
Observe phase: 24001/25000 steps
Observe phase: 24173/25000 steps
Observe phase: 24399/25000 steps
Observe phase: 24629/25000 steps
Observe phase: 24686/25000 steps
Observe phase: 24748/25000 steps
Observe phase: 24778/25000 steps
Epi 1      | COLL_WALL   | steps 229  | total 25k   | 23.4s | MA100   0%
saving data for episode: 1, location: /home/kaushik/project/deep-rl-robot-navigation/src/turtlebot3_drl/model/fond-filly/sac_4_stage_9
saving actor model for episode: 1
saving critic model for episode: 1
saving target_critic model for episode: 1
Epi 2      | COLL_WALL   | steps 148  | total 25k   | 17.4s | MA100   0%
Epi 3      | COLL_WALL   | steps 76   | total 25k   |  8.5s | MA100   0%
Epi 4      | COLL_WALL   | steps 58   | total 25k   |  6.9s | MA100   0%
Epi 5      | COLL_WALL   | steps 53   | total 25k   |  6.2s | MA100   0%
Epi 6      | COLL_WALL   | steps 177  | total 26k   | 20.6s | MA100   0%
Epi 7      | TIMEOUT     | steps 147  | total 26k   | 16.9s | MA100   0%
Epi 8      | COLL_WALL   | steps 45   | total 26k   |  5.3s | MA100   0%
Epi 9      | COLL_WALL   | steps 30   | total 26k   |  3.5s | MA100   0%
Epi 10     | COLL_WALL   | steps 60   | total 26k   |  6.9s | MA100   0%
Epi 11     | TIMEOUT     | steps 200  | total 26k   | 22.6s | MA100   0%
Epi 12     | COLL_WALL   | steps 65   | total 26k   |  7.0s | MA100   0%
Epi 13     | COLL_WALL   | steps 90   | total 26k   | 10.4s | MA100   0%
Epi 14     | COLL_WALL   | steps 67   | total 26k   |  7.3s | MA100   0%
Epi 15     | COLL_WALL   | steps 30   | total 26k   |  3.4s | MA100   0%
Epi 16     | COLL_WALL   | steps 207  | total 26k   | 23.1s | MA100   0%
Epi 17     | COLL_WALL   | steps 60   | total 27k   |  6.8s | MA100   0%
Epi 18     | SUCCESS     | steps 202  | total 27k   | 22.4s | MA100   6%
Epi 19     | TIMEOUT     | steps 194  | total 27k   | 21.6s | MA100   5%
Epi 20     | COLL_WALL   | steps 48   | total 27k   |  5.5s | MA100   5%
Epi 21     | TIMEOUT     | steps 180  | total 27k   | 20.0s | MA100   5%
Epi 22     | TIMEOUT     | steps 198  | total 27k   | 21.9s | MA100   5%
Epi 23     | COLL_WALL   | steps 35   | total 27k   |  4.0s | MA100   4%
Epi 24     | COLL_WALL   | steps 145  | total 28k   | 15.5s | MA100   4%
Epi 25     | TIMEOUT     | steps 156  | total 28k   | 17.1s | MA100   4%
Epi 26     | TIMEOUT     | steps 200  | total 28k   | 22.3s | MA100   4%
Epi 27     | COLL_WALL   | steps 36   | total 28k   |  3.7s | MA100   4%
Epi 28     | TIMEOUT     | steps 201  | total 28k   | 22.5s | MA100   4%
Epi 29     | COLL_WALL   | steps 108  | total 28k   | 12.0s | MA100   3%
Epi 30     | COLL_WALL   | steps 123  | total 28k   | 13.3s | MA100   3%
Epi 31     | COLL_WALL   | steps 41   | total 28k   |  4.7s | MA100   3%
Epi 32     | TIMEOUT     | steps 240  | total 29k   | 26.7s | MA100   3%
Epi 33     | COLL_WALL   | steps 36   | total 29k   |  4.1s | MA100   3%
Epi 34     | TIMEOUT     | steps 145  | total 29k   | 15.9s | MA100   3%
Epi 35     | TIMEOUT     | steps 137  | total 29k   | 15.4s | MA100   3%
Epi 36     | TIMEOUT     | steps 149  | total 29k   | 16.4s | MA100   3%
Epi 37     | TIMEOUT     | steps 143  | total 29k   | 15.8s | MA100   3%
Epi 38     | COLL_WALL   | steps 50   | total 29k   |  5.7s | MA100   3%
Epi 39     | COLL_WALL   | steps 83   | total 29k   |  9.4s | MA100   3%
Epi 40     | TIMEOUT     | steps 192  | total 30k   | 21.9s | MA100   2%
Epi 41     | TIMEOUT     | steps 150  | total 30k   | 16.6s | MA100   2%
Epi 42     | TIMEOUT     | steps 167  | total 30k   | 18.4s | MA100   2%
Epi 43     | COLL_WALL   | steps 125  | total 30k   | 14.2s | MA100   2%
Epi 44     | TIMEOUT     | steps 160  | total 30k   | 17.8s | MA100   2%
Epi 45     | TIMEOUT     | steps 210  | total 30k   | 23.9s | MA100   2%
Epi 46     | TIMEOUT     | steps 207  | total 31k   | 23.4s | MA100   2%
Epi 47     | COLL_WALL   | steps 197  | total 31k   | 22.0s | MA100   2%
Epi 48     | COLL_WALL   | steps 64   | total 31k   |  7.3s | MA100   2%
Epi 49     | COLL_WALL   | steps 177  | total 31k   | 20.0s | MA100   2%
Epi 50     | TIMEOUT     | steps 154  | total 31k   | 16.9s | MA100   2%
Epi 51     | COLL_WALL   | steps 30   | total 31k   |  3.4s | MA100   2%
Epi 52     | COLL_WALL   | steps 66   | total 31k   |  6.8s | MA100   2%
Epi 53     | TIMEOUT     | steps 192  | total 31k   | 21.6s | MA100   2%
Epi 54     | TIMEOUT     | steps 171  | total 32k   | 18.9s | MA100   2%
Epi 55     | COLL_WALL   | steps 147  | total 32k   | 16.0s | MA100   2%
Epi 56     | COLL_WALL   | steps 55   | total 32k   |  6.2s | MA100   2%
Epi 57     | TIMEOUT     | steps 176  | total 32k   | 19.6s | MA100   2%
Epi 58     | COLL_WALL   | steps 79   | total 32k   |  8.9s | MA100   2%
Epi 59     | SUCCESS     | steps 99   | total 32k   | 11.0s | MA100   3%
Epi 60     | COLL_WALL   | steps 45   | total 32k   |  5.1s | MA100   3%
Epi 61     | COLL_WALL   | steps 52   | total 32k   |  5.8s | MA100   3%
Epi 62     | COLL_WALL   | steps 42   | total 32k   |  4.2s | MA100   3%
Epi 63     | TIMEOUT     | steps 147  | total 32k   | 16.7s | MA100   3%
Epi 64     | COLL_WALL   | steps 102  | total 33k   | 11.0s | MA100   3%
Epi 65     | COLL_WALL   | steps 157  | total 33k   | 17.2s | MA100   3%
Epi 66     | COLL_WALL   | steps 32   | total 33k   |  3.6s | MA100   3%
Epi 67     | TIMEOUT     | steps 172  | total 33k   | 19.1s | MA100   3%
Epi 68     | TIMEOUT     | steps 147  | total 33k   | 17.0s | MA100   3%
Epi 69     | COLL_WALL   | steps 32   | total 33k   |  3.6s | MA100   3%
Epi 70     | COLL_WALL   | steps 95   | total 33k   | 10.5s | MA100   3%
Epi 71     | COLL_WALL   | steps 56   | total 33k   |  6.4s | MA100   3%
Epi 72     | TIMEOUT     | steps 147  | total 33k   | 16.2s | MA100   3%
Epi 73     | COLL_WALL   | steps 32   | total 33k   |  3.7s | MA100   3%
Epi 74     | COLL_WALL   | steps 94   | total 34k   | 10.6s | MA100   3%
Epi 75     | TIMEOUT     | steps 143  | total 34k   | 15.7s | MA100   3%
Epi 76     | COLL_WALL   | steps 102  | total 34k   | 10.9s | MA100   3%
Epi 77     | TIMEOUT     | steps 130  | total 34k   | 14.7s | MA100   3%
Epi 78     | COLL_WALL   | steps 71   | total 34k   |  7.4s | MA100   3%
Epi 79     | TIMEOUT     | steps 136  | total 34k   | 15.3s | MA100   3%
Epi 80     | TIMEOUT     | steps 149  | total 34k   | 16.2s | MA100   2%
Epi 81     | COLL_WALL   | steps 125  | total 34k   | 13.8s | MA100   2%
Epi 82     | TIMEOUT     | steps 149  | total 35k   | 16.1s | MA100   2%
Epi 83     | TIMEOUT     | steps 147  | total 35k   | 16.0s | MA100   2%
Epi 84     | COLL_WALL   | steps 105  | total 35k   | 11.9s | MA100   2%
Epi 85     | COLL_WALL   | steps 115  | total 35k   | 12.5s | MA100   2%
Epi 86     | COLL_WALL   | steps 266  | total 35k   | 29.5s | MA100   2%
Epi 87     | TIMEOUT     | steps 153  | total 35k   | 16.5s | MA100   2%
Epi 88     | TIMEOUT     | steps 153  | total 35k   | 16.6s | MA100   2%
Epi 89     | COLL_WALL   | steps 39   | total 36k   |  4.3s | MA100   2%
Epi 90     | TIMEOUT     | steps 157  | total 36k   | 17.0s | MA100   2%
Epi 91     | COLL_WALL   | steps 189  | total 36k   | 20.7s | MA100   2%
Epi 92     | COLL_WALL   | steps 52   | total 36k   |  5.9s | MA100   2%
Epi 93     | TIMEOUT     | steps 149  | total 36k   | 16.1s | MA100   2%
Epi 94     | TIMEOUT     | steps 146  | total 36k   | 16.2s | MA100   2%
Epi 95     | COLL_WALL   | steps 68   | total 36k   |  6.9s | MA100   2%
Epi 96     | TIMEOUT     | steps 153  | total 36k   | 17.0s | MA100   2%
Epi 97     | TIMEOUT     | steps 147  | total 37k   | 15.5s | MA100   2%
Epi 98     | COLL_WALL   | steps 105  | total 37k   | 11.7s | MA100   2%
Epi 99     | TIMEOUT     | steps 204  | total 37k   | 22.6s | MA100   2%
Epi 100    | COLL_WALL   | steps 66   | total 37k   |  6.8s | MA100   2%
saving data for episode: 100, location: /home/kaushik/project/deep-rl-robot-navigation/src/turtlebot3_drl/model/fond-filly/sac_4_stage_9
saving actor model for episode: 100
saving critic model for episode: 100
saving target_critic model for episode: 100
[val] ep 100: 0.0% over 40 det. eps  |  best: -100.0% @ ep 0
[val] NEW BEST CHECKPOINT — ep 100, success 0.0%
Epi 101    | COLL_WALL   | steps 51   | total 37k   |  4.6s | MA100   2%
Epi 102    | TIMEOUT     | steps 154  | total 37k   | 16.3s | MA100   2%
Epi 103    | TIMEOUT     | steps 155  | total 37k   | 15.7s | MA100   2%
Epi 104    | TIMEOUT     | steps 161  | total 37k   | 16.5s | MA100   2%
Epi 105    | TIMEOUT     | steps 246  | total 38k   | 24.4s | MA100   2%
Epi 106    | TIMEOUT     | steps 255  | total 38k   | 25.6s | MA100   2%
Epi 107    | COLL_WALL   | steps 38   | total 38k   |  3.9s | MA100   2%
Epi 108    | TIMEOUT     | steps 205  | total 38k   | 21.0s | MA100   2%
Epi 109    | TIMEOUT     | steps 125  | total 38k   | 13.5s | MA100   2%
Epi 110    | TIMEOUT     | steps 125  | total 38k   | 13.0s | MA100   2%
Epi 111    | TIMEOUT     | steps 176  | total 39k   | 18.4s | MA100   2%
Epi 112    | TIMEOUT     | steps 221  | total 39k   | 23.2s | MA100   2%
Epi 113    | TIMEOUT     | steps 152  | total 39k   | 15.7s | MA100   2%
Epi 114    | TIMEOUT     | steps 162  | total 39k   | 16.9s | MA100   2%
Epi 115    | TIMEOUT     | steps 139  | total 39k   | 14.7s | MA100   2%
Epi 116    | COLL_WALL   | steps 126  | total 39k   | 13.9s | MA100   2%
Epi 117    | SUCCESS     | steps 74   | total 40k   |  7.6s | MA100   3%
Epi 118    | TIMEOUT     | steps 128  | total 40k   | 14.4s | MA100   2%
Epi 119    | COLL_WALL   | steps 68   | total 40k   |  7.2s | MA100   2%
Epi 120    | COLL_WALL   | steps 69   | total 40k   |  7.7s | MA100   2%
Epi 121    | TIMEOUT     | steps 138  | total 40k   | 14.6s | MA100   2%
Epi 122    | TIMEOUT     | steps 150  | total 40k   | 16.7s | MA100   2%
Epi 123    | TIMEOUT     | steps 164  | total 40k   | 17.6s | MA100   2%
Epi 124    | COLL_WALL   | steps 100  | total 40k   | 11.0s | MA100   2%
Epi 125    | TIMEOUT     | steps 149  | total 40k   | 16.1s | MA100   2%
Epi 126    | TIMEOUT     | steps 178  | total 41k   | 18.5s | MA100   2%
Epi 127    | TIMEOUT     | steps 161  | total 41k   | 16.4s | MA100   2%
Epi 128    | TIMEOUT     | steps 150  | total 41k   | 15.7s | MA100   2%
Epi 129    | COLL_WALL   | steps 46   | total 41k   |  4.4s | MA100   2%
Epi 130    | TIMEOUT     | steps 154  | total 41k   | 16.7s | MA100   2%
Epi 131    | TIMEOUT     | steps 159  | total 41k   | 16.3s | MA100   2%
Epi 132    | TIMEOUT     | steps 185  | total 42k   | 18.8s | MA100   2%
Epi 133    | TIMEOUT     | steps 208  | total 42k   | 21.9s | MA100   2%
Epi 134    | COLL_WALL   | steps 73   | total 42k   |  7.9s | MA100   2%
Epi 135    | TIMEOUT     | steps 188  | total 42k   | 20.4s | MA100   2%
Epi 136    | COLL_WALL   | steps 59   | total 42k   |  6.4s | MA100   2%
Epi 137    | TIMEOUT     | steps 149  | total 42k   | 16.0s | MA100   2%
Epi 138    | COLL_WALL   | steps 101  | total 42k   | 10.7s | MA100   2%
Epi 139    | TIMEOUT     | steps 154  | total 42k   | 17.0s | MA100   2%
Epi 140    | TIMEOUT     | steps 172  | total 43k   | 18.3s | MA100   2%
Epi 141    | COLL_WALL   | steps 30   | total 43k   |  3.3s | MA100   2%
Epi 142    | COLL_WALL   | steps 242  | total 43k   | 26.2s | MA100   2%
Epi 143    | COLL_WALL   | steps 94   | total 43k   | 10.0s | MA100   2%
Epi 144    | COLL_WALL   | steps 65   | total 43k   |  7.3s | MA100   2%
Epi 145    | TIMEOUT     | steps 170  | total 43k   | 18.6s | MA100   2%
Epi 146    | TIMEOUT     | steps 180  | total 43k   | 19.9s | MA100   2%
Epi 147    | TIMEOUT     | steps 164  | total 44k   | 18.1s | MA100   2%
Epi 148    | TIMEOUT     | steps 143  | total 44k   | 16.0s | MA100   2%
Epi 149    | COLL_WALL   | steps 63   | total 44k   |  6.4s | MA100   2%
Epi 150    | COLL_WALL   | steps 50   | total 44k   |  5.4s | MA100   2%
Epi 151    | TIMEOUT     | steps 196  | total 44k   | 21.1s | MA100   2%
Epi 152    | COLL_WALL   | steps 47   | total 44k   |  5.3s | MA100   2%
Epi 153    | TIMEOUT     | steps 159  | total 44k   | 17.3s | MA100   2%
Epi 154    | COLL_WALL   | steps 201  | total 44k   | 21.9s | MA100   2%
Epi 155    | COLL_WALL   | steps 33   | total 44k   |  3.7s | MA100   2%
Epi 156    | SUCCESS     | steps 121  | total 45k   | 13.3s | MA100   3%
Epi 157    | COLL_WALL   | steps 42   | total 45k   |  4.5s | MA100   3%
Epi 158    | SUCCESS     | steps 163  | total 45k   | 18.1s | MA100   4%
Epi 159    | TIMEOUT     | steps 195  | total 45k   | 21.5s | MA100   3%
Epi 160    | TIMEOUT     | steps 164  | total 45k   | 17.8s | MA100   3%
Epi 161    | TIMEOUT     | steps 187  | total 45k   | 20.7s | MA100   3%
Epi 162    | TIMEOUT     | steps 181  | total 46k   | 19.4s | MA100   3%
Epi 163    | COLL_WALL   | steps 70   | total 46k   |  7.7s | MA100   3%
Epi 164    | COLL_WALL   | steps 70   | total 46k   |  7.4s | MA100   3%
Epi 165    | COLL_WALL   | steps 56   | total 46k   |  6.3s | MA100   3%
Epi 166    | COLL_WALL   | steps 71   | total 46k   |  8.0s | MA100   3%
Epi 167    | TIMEOUT     | steps 166  | total 46k   | 18.3s | MA100   3%
Epi 168    | TIMEOUT     | steps 165  | total 46k   | 18.1s | MA100   3%
Epi 169    | SUCCESS     | steps 159  | total 46k   | 17.6s | MA100   4%
Epi 170    | COLL_WALL   | steps 85   | total 46k   |  9.3s | MA100   4%
Epi 171    | TIMEOUT     | steps 206  | total 47k   | 23.0s | MA100   4%
Epi 172    | TIMEOUT     | steps 194  | total 47k   | 21.7s | MA100   4%
Epi 173    | COLL_WALL   | steps 128  | total 47k   | 14.5s | MA100   4%
Epi 174    | TIMEOUT     | steps 221  | total 47k   | 24.7s | MA100   4%
Epi 175    | TIMEOUT     | steps 185  | total 47k   | 21.6s | MA100   4%
Epi 176    | SUCCESS     | steps 89   | total 47k   |  9.9s | MA100   5%
Epi 177    | TIMEOUT     | steps 206  | total 48k   | 23.2s | MA100   5%
Epi 178    | COLL_WALL   | steps 68   | total 48k   |  7.7s | MA100   5%
Epi 179    | COLL_WALL   | steps 193  | total 48k   | 21.7s | MA100   5%
Epi 180    | SUCCESS     | steps 56   | total 48k   |  6.4s | MA100   6%
Epi 181    | COLL_WALL   | steps 140  | total 48k   | 15.8s | MA100   6%
Epi 182    | TIMEOUT     | steps 163  | total 48k   | 18.3s | MA100   6%
Epi 183    | TIMEOUT     | steps 170  | total 48k   | 19.0s | MA100   6%
Epi 184    | COLL_WALL   | steps 48   | total 48k   |  5.5s | MA100   6%
Epi 185    | COLL_WALL   | steps 85   | total 49k   |  9.8s | MA100   6%
Epi 186    | TIMEOUT     | steps 168  | total 49k   | 19.1s | MA100   6%
Epi 187    | TIMEOUT     | steps 188  | total 49k   | 21.1s | MA100   6%
Epi 188    | COLL_WALL   | steps 112  | total 49k   | 12.7s | MA100   6%
Epi 189    | COLL_WALL   | steps 36   | total 49k   |  4.2s | MA100   6%
Epi 190    | TIMEOUT     | steps 197  | total 49k   | 22.0s | MA100   6%
Epi 191    | TIMEOUT     | steps 196  | total 49k   | 22.0s | MA100   6%
Epi 192    | TIMEOUT     | steps 240  | total 50k   | 27.3s | MA100   6%
Epi 193    | TIMEOUT     | steps 193  | total 50k   | 20.9s | MA100   6%
Epi 194    | SUCCESS     | steps 61   | total 50k   |  6.9s | MA100   7%
Epi 195    | TIMEOUT     | steps 160  | total 50k   | 17.8s | MA100   7%
Epi 196    | TIMEOUT     | steps 201  | total 50k   | 23.5s | MA100   7%
Epi 197    | TIMEOUT     | steps 215  | total 50k   | 24.5s | MA100   7%
Epi 198    | COLL_WALL   | steps 74   | total 51k   |  8.6s | MA100   7%
Epi 199    | TIMEOUT     | steps 199  | total 51k   | 22.7s | MA100   7%
Epi 200    | TIMEOUT     | steps 199  | total 51k   | 22.5s | MA100   7%
saving data for episode: 200, location: /home/kaushik/project/deep-rl-robot-navigation/src/turtlebot3_drl/model/fond-filly/sac_4_stage_9
saving actor model for episode: 200
saving critic model for episode: 200
saving target_critic model for episode: 200
[val] ep 200: 12.5% over 40 det. eps  |  best: 0.0% @ ep 100
[val] NEW BEST CHECKPOINT — ep 200, success 12.5%
Epi 201    | COLL_WALL   | steps 126  | total 51k   | 14.5s | MA100   7%
Epi 202    | SUCCESS     | steps 79   | total 51k   |  8.1s | MA100   8%
Epi 203    | TIMEOUT     | steps 159  | total 51k   | 17.7s | MA100   8%
Epi 204    | TIMEOUT     | steps 201  | total 52k   | 21.4s | MA100   8%
Epi 205    | COLL_WALL   | steps 77   | total 52k   |  7.9s | MA100   8%
Epi 206    | COLL_WALL   | steps 64   | total 52k   |  7.0s | MA100   8%
Epi 207    | TIMEOUT     | steps 153  | total 52k   | 16.6s | MA100   8%
Epi 208    | COLL_WALL   | steps 65   | total 52k   |  7.3s | MA100   8%
Epi 209    | TIMEOUT     | steps 149  | total 52k   | 16.0s | MA100   8%
Epi 210    | COLL_WALL   | steps 31   | total 52k   |  3.4s | MA100   8%
Epi 211    | COLL_WALL   | steps 31   | total 52k   |  3.4s | MA100   8%
Epi 212    | TIMEOUT     | steps 134  | total 52k   | 14.4s | MA100   8%
Epi 213    | COLL_WALL   | steps 84   | total 52k   |  9.3s | MA100   8%
Epi 214    | COLL_WALL   | steps 166  | total 52k   | 17.8s | MA100   8%
Epi 215    | COLL_WALL   | steps 88   | total 53k   |  9.8s | MA100   8%
Epi 216    | COLL_WALL   | steps 83   | total 53k   |  8.9s | MA100   8%
Epi 217    | TIMEOUT     | steps 195  | total 53k   | 21.1s | MA100   7%
Epi 218    | COLL_WALL   | steps 86   | total 53k   |  9.0s | MA100   7%
Epi 219    | SUCCESS     | steps 44   | total 53k   |  5.0s | MA100   8%
Epi 220    | SUCCESS     | steps 168  | total 53k   | 18.1s | MA100   9%
Epi 221    | COLL_WALL   | steps 73   | total 53k   |  8.3s | MA100   9%
Epi 222    | COLL_WALL   | steps 239  | total 53k   | 25.8s | MA100   9%
Epi 223    | COLL_WALL   | steps 30   | total 53k   |  3.3s | MA100   9%
Epi 224    | SUCCESS     | steps 62   | total 54k   |  6.4s | MA100  10%
Epi 225    | TIMEOUT     | steps 149  | total 54k   | 16.7s | MA100  10%
Epi 226    | COLL_WALL   | steps 62   | total 54k   |  6.2s | MA100  10%
Epi 227    | COLL_WALL   | steps 89   | total 54k   |  9.9s | MA100  10%
Epi 228    | COLL_WALL   | steps 111  | total 54k   | 11.8s | MA100  10%
Epi 229    | COLL_WALL   | steps 108  | total 54k   | 12.4s | MA100  10%
Epi 230    | SUCCESS     | steps 36   | total 54k   |  4.1s | MA100  11%
Epi 231    | TIMEOUT     | steps 154  | total 54k   | 17.0s | MA100  11%
Epi 232    | SUCCESS     | steps 34   | total 54k   |  3.9s | MA100  12%
Epi 233    | COLL_WALL   | steps 32   | total 54k   |  3.6s | MA100  12%
Epi 234    | COLL_WALL   | steps 156  | total 54k   | 16.6s | MA100  12%
Epi 235    | TIMEOUT     | steps 155  | total 55k   | 16.5s | MA100  12%
Epi 236    | COLL_WALL   | steps 78   | total 55k   |  8.6s | MA100  12%
Epi 237    | TIMEOUT     | steps 261  | total 55k   | 28.1s | MA100  12%
Epi 238    | SUCCESS     | steps 155  | total 55k   | 15.9s | MA100  13%
Epi 239    | COLL_WALL   | steps 31   | total 55k   |  3.6s | MA100  13%
Epi 240    | COLL_WALL   | steps 41   | total 55k   |  4.6s | MA100  13%
Epi 241    | COLL_WALL   | steps 106  | total 55k   | 10.6s | MA100  13%
Epi 242    | COLL_WALL   | steps 89   | total 55k   |  9.4s | MA100  13%
Epi 243    | COLL_WALL   | steps 33   | total 55k   |  3.5s | MA100  13%
Epi 244    | TIMEOUT     | steps 144  | total 56k   | 15.2s | MA100  13%
Epi 245    | SUCCESS     | steps 127  | total 56k   | 13.2s | MA100  14%
Epi 246    | COLL_WALL   | steps 57   | total 56k   |  6.2s | MA100  14%
Epi 247    | TIMEOUT     | steps 163  | total 56k   | 17.3s | MA100  14%
Epi 248    | TIMEOUT     | steps 153  | total 56k   | 16.8s | MA100  14%
Epi 249    | COLL_WALL   | steps 32   | total 56k   |  3.2s | MA100  14%
Epi 250    | COLL_WALL   | steps 39   | total 56k   |  4.3s | MA100  14%
Epi 251    | COLL_WALL   | steps 83   | total 56k   |  9.0s | MA100  14%
Epi 252    | COLL_WALL   | steps 118  | total 56k   | 12.0s | MA100  14%
Epi 253    | TIMEOUT     | steps 121  | total 56k   | 13.1s | MA100  14%
Epi 254    | COLL_WALL   | steps 80   | total 57k   |  8.1s | MA100  14%
Epi 255    | TIMEOUT     | steps 167  | total 57k   | 18.0s | MA100  14%
Epi 256    | TIMEOUT     | steps 154  | total 57k   | 16.1s | MA100  13%
Epi 257    | COLL_WALL   | steps 35   | total 57k   |  3.8s | MA100  13%
Epi 258    | COLL_WALL   | steps 35   | total 57k   |  3.8s | MA100  12%
Epi 259    | COLL_WALL   | steps 41   | total 57k   |  4.2s | MA100  12%
Epi 260    | COLL_WALL   | steps 64   | total 57k   |  7.3s | MA100  12%
Epi 261    | TIMEOUT     | steps 159  | total 57k   | 17.5s | MA100  12%
Epi 262    | TIMEOUT     | steps 179  | total 57k   | 20.2s | MA100  12%
Epi 263    | SUCCESS     | steps 105  | total 57k   | 11.4s | MA100  13%
Epi 264    | TIMEOUT     | steps 167  | total 58k   | 18.4s | MA100  13%
Epi 265    | SUCCESS     | steps 79   | total 58k   |  8.9s | MA100  14%
Epi 266    | TIMEOUT     | steps 185  | total 58k   | 20.4s | MA100  14%
Epi 267    | SUCCESS     | steps 40   | total 58k   |  4.5s | MA100  15%
Epi 268    | TIMEOUT     | steps 172  | total 58k   | 19.0s | MA100  15%
Epi 269    | COLL_WALL   | steps 45   | total 58k   |  5.1s | MA100  14%
Epi 270    | TIMEOUT     | steps 172  | total 58k   | 18.9s | MA100  14%
Epi 271    | TIMEOUT     | steps 185  | total 59k   | 20.6s | MA100  14%
Epi 272    | COLL_WALL   | steps 163  | total 59k   | 18.1s | MA100  14%
Epi 273    | SUCCESS     | steps 38   | total 59k   |  4.4s | MA100  15%
Epi 274    | COLL_WALL   | steps 82   | total 59k   |  9.4s | MA100  15%
Epi 275    | COLL_WALL   | steps 126  | total 59k   | 13.9s | MA100  15%
Epi 276    | TIMEOUT     | steps 154  | total 59k   | 16.7s | MA100  14%
Epi 277    | SUCCESS     | steps 55   | total 59k   |  6.1s | MA100  15%
Epi 278    | COLL_WALL   | steps 53   | total 59k   |  5.9s | MA100  15%
Epi 279    | TUMBLE      | steps 30   | total 59k   |  3.3s | MA100  15%
Epi 280    | TIMEOUT     | steps 150  | total 59k   | 15.9s | MA100  14%
Epi 281    | TIMEOUT     | steps 174  | total 60k   | 19.0s | MA100  14%
Epi 282    | TIMEOUT     | steps 166  | total 60k   | 18.3s | MA100  14%
Epi 283    | SUCCESS     | steps 31   | total 60k   |  3.5s | MA100  15%
Epi 284    | COLL_WALL   | steps 63   | total 60k   |  7.0s | MA100  15%
Epi 285    | COLL_WALL   | steps 137  | total 60k   | 15.7s | MA100  15%
Epi 286    | TIMEOUT     | steps 143  | total 60k   | 16.8s | MA100  15%
Epi 287    | COLL_WALL   | steps 72   | total 60k   |  8.1s | MA100  15%
Epi 288    | TIMEOUT     | steps 137  | total 60k   | 16.3s | MA100  15%
Epi 289    | COLL_WALL   | steps 70   | total 60k   |  7.9s | MA100  15%
Epi 290    | TIMEOUT     | steps 154  | total 61k   | 17.2s | MA100  15%
Epi 291    | TIMEOUT     | steps 148  | total 61k   | 16.7s | MA100  15%
Epi 292    | COLL_WALL   | steps 65   | total 61k   |  6.7s | MA100  15%
Epi 293    | TIMEOUT     | steps 143  | total 61k   | 16.6s | MA100  15%
Epi 294    | COLL_WALL   | steps 68   | total 61k   |  7.2s | MA100  14%
Epi 295    | TUMBLE      | steps 30   | total 61k   |  3.4s | MA100  14%
Epi 296    | TUMBLE      | steps 30   | total 61k   |  3.3s | MA100  14%
Epi 297    | TUMBLE      | steps 32   | total 61k   |  3.7s | MA100  14%
Epi 298    | SUCCESS     | steps 73   | total 61k   |  8.6s | MA100  15%
Epi 299    | TIMEOUT     | steps 149  | total 61k   | 16.5s | MA100  15%
Epi 300    | COLL_WALL   | steps 41   | total 61k   |  4.7s | MA100  15%
saving data for episode: 300, location: /home/kaushik/project/deep-rl-robot-navigation/src/turtlebot3_drl/model/fond-filly/sac_4_stage_9
saving actor model for episode: 300
saving critic model for episode: 300
saving target_critic model for episode: 300
[val] ep 300: 37.5% over 40 det. eps  |  best: 12.5% @ ep 200
[val] NEW BEST CHECKPOINT — ep 300, success 37.5%
Epi 301    | TIMEOUT     | steps 170  | total 61k   | 18.8s | MA100  15%
Epi 302    | TIMEOUT     | steps 151  | total 62k   | 17.1s | MA100  14%
Epi 303    | TIMEOUT     | steps 146  | total 62k   | 17.4s | MA100  14%
Epi 304    | COLL_WALL   | steps 50   | total 62k   |  5.5s | MA100  14%
Epi 305    | COLL_WALL   | steps 31   | total 62k   |  3.6s | MA100  14%
Epi 306    | TIMEOUT     | steps 152  | total 62k   | 17.2s | MA100  14%
Epi 307    | TIMEOUT     | steps 148  | total 62k   | 16.7s | MA100  14%
Epi 308    | SUCCESS     | steps 57   | total 62k   |  5.7s | MA100  15%
Epi 309    | SUCCESS     | steps 77   | total 62k   |  8.5s | MA100  16%
Epi 310    | TIMEOUT     | steps 181  | total 62k   | 19.4s | MA100  16%
Epi 311    | COLL_WALL   | steps 70   | total 63k   |  7.7s | MA100  16%
Epi 312    | SUCCESS     | steps 30   | total 63k   |  3.3s | MA100  17%
Epi 313    | COLL_WALL   | steps 30   | total 63k   |  3.3s | MA100  17%
Epi 314    | COLL_WALL   | steps 106  | total 63k   | 11.4s | MA100  17%
Epi 315    | SUCCESS     | steps 31   | total 63k   |  3.5s | MA100  18%
Epi 316    | SUCCESS     | steps 55   | total 63k   |  6.2s | MA100  19%
Epi 317    | COLL_WALL   | steps 60   | total 63k   |  6.2s | MA100  19%
Epi 318    | COLL_WALL   | steps 34   | total 63k   |  3.9s | MA100  19%
Epi 319    | COLL_WALL   | steps 73   | total 63k   |  8.2s | MA100  18%
Epi 320    | TIMEOUT     | steps 163  | total 63k   | 17.4s | MA100  17%
Epi 321    | SUCCESS     | steps 93   | total 63k   | 10.9s | MA100  18%
Epi 322    | COLL_WALL   | steps 48   | total 63k   |  5.2s | MA100  18%
Epi 323    | COLL_WALL   | steps 30   | total 63k   |  3.5s | MA100  18%
Epi 324    | TUMBLE      | steps 31   | total 63k   |  3.6s | MA100  17%
Epi 325    | SUCCESS     | steps 47   | total 63k   |  5.3s | MA100  18%
Epi 326    | SUCCESS     | steps 48   | total 63k   |  5.3s | MA100  19%
Epi 327    | COLL_WALL   | steps 54   | total 63k   |  5.8s | MA100  19%
Epi 328    | SUCCESS     | steps 143  | total 64k   | 16.3s | MA100  20%
Epi 329    | COLL_WALL   | steps 90   | total 64k   |  9.7s | MA100  20%
Epi 330    | SUCCESS     | steps 30   | total 64k   |  3.4s | MA100  20%
Epi 331    | TIMEOUT     | steps 151  | total 64k   | 16.7s | MA100  20%
Epi 332    | COLL_WALL   | steps 73   | total 64k   |  8.3s | MA100  19%
Epi 333    | COLL_WALL   | steps 114  | total 64k   | 12.6s | MA100  19%
Epi 334    | SUCCESS     | steps 30   | total 64k   |  3.4s | MA100  20%
Epi 335    | COLL_WALL   | steps 38   | total 64k   |  4.4s | MA100  20%
Epi 336    | TIMEOUT     | steps 195  | total 64k   | 21.1s | MA100  20%
Epi 337    | SUCCESS     | steps 48   | total 64k   |  5.4s | MA100  21%
Epi 338    | TIMEOUT     | steps 200  | total 65k   | 21.9s | MA100  20%
Epi 339    | TIMEOUT     | steps 170  | total 65k   | 18.2s | MA100  20%
Epi 340    | COLL_WALL   | steps 101  | total 65k   | 11.2s | MA100  20%
Epi 341    | SUCCESS     | steps 114  | total 65k   | 12.5s | MA100  21%
Epi 342    | SUCCESS     | steps 54   | total 65k   |  6.3s | MA100  22%
Epi 343    | COLL_WALL   | steps 69   | total 65k   |  7.7s | MA100  22%
Epi 344    | COLL_WALL   | steps 38   | total 65k   |  4.0s | MA100  22%
Epi 345    | SUCCESS     | steps 37   | total 65k   |  4.2s | MA100  22%
Epi 346    | TIMEOUT     | steps 198  | total 65k   | 22.3s | MA100  22%
Epi 347    | COLL_WALL   | steps 116  | total 65k   | 13.2s | MA100  22%
Epi 348    | COLL_WALL   | steps 65   | total 66k   |  6.9s | MA100  22%
Epi 349    | TIMEOUT     | steps 288  | total 66k   | 32.5s | MA100  22%
Epi 350    | COLL_WALL   | steps 33   | total 66k   |  3.8s | MA100  22%
Epi 351    | SUCCESS     | steps 59   | total 66k   |  6.3s | MA100  23%
Epi 352    | COLL_WALL   | steps 225  | total 66k   | 25.1s | MA100  23%
Epi 353    | TIMEOUT     | steps 147  | total 66k   | 16.4s | MA100  23%
Epi 354    | TIMEOUT     | steps 141  | total 66k   | 15.4s | MA100  23%
Epi 355    | SUCCESS     | steps 81   | total 67k   |  8.9s | MA100  24%
Epi 356    | TIMEOUT     | steps 149  | total 67k   | 16.8s | MA100  24%
Epi 357    | COLL_WALL   | steps 37   | total 67k   |  4.1s | MA100  24%
Epi 358    | TIMEOUT     | steps 146  | total 67k   | 16.1s | MA100  24%
Epi 359    | SUCCESS     | steps 38   | total 67k   |  4.2s | MA100  25%
Epi 360    | COLL_WALL   | steps 45   | total 67k   |  4.8s | MA100  25%
Epi 361    | COLL_WALL   | steps 39   | total 67k   |  4.5s | MA100  25%
Epi 362    | SUCCESS     | steps 36   | total 67k   |  4.1s | MA100  26%
Epi 363    | COLL_WALL   | steps 30   | total 67k   |  3.4s | MA100  25%
Epi 364    | TIMEOUT     | steps 141  | total 67k   | 15.5s | MA100  25%
Epi 365    | TIMEOUT     | steps 140  | total 67k   | 15.6s | MA100  24%
Epi 366    | COLL_WALL   | steps 104  | total 67k   | 10.9s | MA100  24%
Epi 367    | SUCCESS     | steps 30   | total 67k   |  3.3s | MA100  24%
Epi 368    | TIMEOUT     | steps 153  | total 68k   | 16.6s | MA100  24%
Epi 369    | TIMEOUT     | steps 153  | total 68k   | 17.1s | MA100  24%
Epi 370    | TIMEOUT     | steps 235  | total 68k   | 26.0s | MA100  24%
Epi 371    | COLL_WALL   | steps 85   | total 68k   |  9.8s | MA100  24%
Epi 372    | SUCCESS     | steps 72   | total 68k   |  7.9s | MA100  25%
Epi 373    | TIMEOUT     | steps 147  | total 68k   | 15.5s | MA100  24%
Epi 374    | COLL_WALL   | steps 35   | total 68k   |  3.8s | MA100  24%
Epi 375    | SUCCESS     | steps 51   | total 68k   |  5.7s | MA100  25%
Epi 376    | COLL_WALL   | steps 30   | total 68k   |  3.1s | MA100  25%
Epi 377    | SUCCESS     | steps 70   | total 68k   |  8.1s | MA100  25%
Epi 378    | SUCCESS     | steps 67   | total 69k   |  7.7s | MA100  26%
Epi 379    | COLL_WALL   | steps 102  | total 69k   | 11.2s | MA100  26%
Epi 380    | COLL_WALL   | steps 79   | total 69k   |  8.7s | MA100  26%
Epi 381    | TIMEOUT     | steps 155  | total 69k   | 16.4s | MA100  26%
Epi 382    | COLL_WALL   | steps 126  | total 69k   | 14.1s | MA100  26%
Epi 383    | COLL_WALL   | steps 73   | total 69k   |  7.9s | MA100  25%
Epi 384    | TIMEOUT     | steps 154  | total 69k   | 16.9s | MA100  25%
Epi 385    | SUCCESS     | steps 108  | total 69k   | 12.2s | MA100  26%
Epi 386    | COLL_WALL   | steps 87   | total 69k   |  9.7s | MA100  26%
Epi 387    | COLL_WALL   | steps 92   | total 70k   |  9.9s | MA100  26%
Epi 388    | COLL_WALL   | steps 90   | total 70k   | 10.0s | MA100  26%
Epi 389    | COLL_WALL   | steps 55   | total 70k   |  5.7s | MA100  26%
Epi 390    | TIMEOUT     | steps 173  | total 70k   | 19.4s | MA100  26%
Epi 391    | SUCCESS     | steps 44   | total 70k   |  4.6s | MA100  27%
Epi 392    | COLL_WALL   | steps 148  | total 70k   | 16.6s | MA100  27%
Epi 393    | COLL_WALL   | steps 31   | total 70k   |  3.2s | MA100  27%
Epi 394    | SUCCESS     | steps 124  | total 70k   | 14.2s | MA100  28%
Epi 395    | COLL_WALL   | steps 63   | total 70k   |  7.1s | MA100  28%
Epi 396    | SUCCESS     | steps 108  | total 70k   | 12.1s | MA100  29%
Epi 397    | COLL_WALL   | steps 37   | total 70k   |  4.3s | MA100  29%
Epi 398    | COLL_WALL   | steps 58   | total 70k   |  6.5s | MA100  28%
Epi 399    | SUCCESS     | steps 41   | total 70k   |  4.2s | MA100  29%
Epi 400    | COLL_WALL   | steps 129  | total 71k   | 14.9s | MA100  29%
saving data for episode: 400, location: /home/kaushik/project/deep-rl-robot-navigation/src/turtlebot3_drl/model/fond-filly/sac_4_stage_9
saving actor model for episode: 400
saving critic model for episode: 400
saving target_critic model for episode: 400
[val] ep 400: 42.5% over 40 det. eps  |  best: 37.5% @ ep 300
[val] NEW BEST CHECKPOINT — ep 400, success 42.5%
Epi 401    | TIMEOUT     | steps 133  | total 71k   | 15.0s | MA100  29%
Epi 402    | COLL_WALL   | steps 55   | total 71k   |  6.0s | MA100  29%
Epi 403    | SUCCESS     | steps 30   | total 71k   |  3.1s | MA100  30%
Epi 404    | TIMEOUT     | steps 147  | total 71k   | 16.4s | MA100  30%
Epi 405    | COLL_WALL   | steps 99   | total 71k   | 10.7s | MA100  30%
Epi 406    | SUCCESS     | steps 162  | total 71k   | 18.0s | MA100  31%
Epi 407    | SUCCESS     | steps 73   | total 71k   |  8.9s | MA100  32%
Epi 408    | COLL_WALL   | steps 211  | total 72k   | 23.4s | MA100  31%
Epi 409    | SUCCESS     | steps 187  | total 72k   | 20.9s | MA100  31%
Epi 410    | SUCCESS     | steps 93   | total 72k   | 10.7s | MA100  32%
Epi 411    | SUCCESS     | steps 111  | total 72k   | 11.1s | MA100  33%
Epi 412    | COLL_WALL   | steps 159  | total 72k   | 17.8s | MA100  32%
Epi 413    | TIMEOUT     | steps 239  | total 72k   | 26.6s | MA100  32%
Epi 414    | COLL_WALL   | steps 51   | total 72k   |  5.7s | MA100  32%
Epi 415    | SUCCESS     | steps 30   | total 72k   |  3.3s | MA100  32%
Epi 416    | COLL_WALL   | steps 86   | total 72k   |  9.2s | MA100  31%
Epi 417    | SUCCESS     | steps 30   | total 73k   |  3.4s | MA100  32%
Epi 418    | COLL_WALL   | steps 88   | total 73k   |  9.7s | MA100  32%
Epi 419    | COLL_WALL   | steps 93   | total 73k   |  9.8s | MA100  32%
Epi 420    | SUCCESS     | steps 42   | total 73k   |  4.7s | MA100  33%
Epi 421    | SUCCESS     | steps 58   | total 73k   |  6.5s | MA100  33%
Epi 422    | COLL_WALL   | steps 35   | total 73k   |  3.9s | MA100  33%
Epi 423    | TIMEOUT     | steps 146  | total 73k   | 16.1s | MA100  33%
Epi 424    | COLL_WALL   | steps 135  | total 73k   | 14.9s | MA100  33%
Epi 425    | COLL_WALL   | steps 54   | total 73k   |  6.0s | MA100  32%
Epi 426    | TIMEOUT     | steps 163  | total 73k   | 17.9s | MA100  31%
Epi 427    | COLL_WALL   | steps 110  | total 73k   | 12.4s | MA100  31%
Epi 428    | SUCCESS     | steps 56   | total 73k   |  5.9s | MA100  31%
Epi 429    | TIMEOUT     | steps 208  | total 74k   | 23.4s | MA100  31%
Epi 430    | SUCCESS     | steps 48   | total 74k   |  5.3s | MA100  31%
Epi 431    | COLL_WALL   | steps 30   | total 74k   |  3.4s | MA100  31%
Epi 432    | COLL_WALL   | steps 122  | total 74k   | 13.7s | MA100  31%
Epi 433    | COLL_WALL   | steps 127  | total 74k   | 14.4s | MA100  31%
Epi 434    | TIMEOUT     | steps 151  | total 74k   | 17.2s | MA100  30%
Epi 435    | SUCCESS     | steps 137  | total 74k   | 15.7s | MA100  31%
Epi 436    | COLL_WALL   | steps 33   | total 74k   |  4.0s | MA100  31%
Epi 437    | COLL_WALL   | steps 30   | total 74k   |  3.6s | MA100  30%
Epi 438    | TUMBLE      | steps 32   | total 74k   |  3.8s | MA100  30%
Epi 439    | TUMBLE      | steps 33   | total 74k   |  3.7s | MA100  30%
Epi 440    | TUMBLE      | steps 50   | total 74k   |  5.4s | MA100  30%
Epi 441    | COLL_WALL   | steps 33   | total 75k   |  3.7s | MA100  29%
Epi 442    | COLL_WALL   | steps 56   | total 75k   |  6.4s | MA100  28%
Epi 443    | COLL_WALL   | steps 86   | total 75k   |  9.6s | MA100  28%
Epi 444    | COLL_WALL   | steps 114  | total 75k   | 12.4s | MA100  28%
Epi 445    | COLL_WALL   | steps 95   | total 75k   | 10.6s | MA100  27%
Epi 446    | SUCCESS     | steps 30   | total 75k   |  2.9s | MA100  28%
Epi 447    | COLL_WALL   | steps 41   | total 75k   |  4.7s | MA100  28%
Epi 448    | COLL_WALL   | steps 116  | total 75k   | 13.3s | MA100  28%
Epi 449    | SUCCESS     | steps 30   | total 75k   |  3.2s | MA100  29%
Epi 450    | TIMEOUT     | steps 136  | total 75k   | 14.9s | MA100  29%
Epi 451    | SUCCESS     | steps 38   | total 75k   |  4.2s | MA100  29%
Epi 452    | TIMEOUT     | steps 138  | total 75k   | 14.5s | MA100  29%
Epi 453    | TIMEOUT     | steps 135  | total 76k   | 14.4s | MA100  29%
Epi 454    | COLL_WALL   | steps 48   | total 76k   |  5.5s | MA100  29%
Epi 455    | COLL_WALL   | steps 43   | total 76k   |  4.9s | MA100  28%
Epi 456    | SUCCESS     | steps 142  | total 76k   | 15.5s | MA100  29%
Epi 457    | COLL_WALL   | steps 30   | total 76k   |  3.4s | MA100  29%
Epi 458    | COLL_WALL   | steps 100  | total 76k   | 11.3s | MA100  29%
Epi 459    | TUMBLE      | steps 30   | total 76k   |  3.2s | MA100  28%
Epi 460    | COLL_WALL   | steps 95   | total 76k   | 10.3s | MA100  28%
Epi 461    | TIMEOUT     | steps 149  | total 76k   | 16.3s | MA100  28%
Epi 462    | SUCCESS     | steps 87   | total 76k   |  9.8s | MA100  28%
Epi 463    | SUCCESS     | steps 105  | total 76k   | 11.6s | MA100  29%
Epi 464    | SUCCESS     | steps 70   | total 76k   |  8.2s | MA100  30%
Epi 465    | COLL_WALL   | steps 144  | total 77k   | 15.7s | MA100  30%
Epi 466    | SUCCESS     | steps 35   | total 77k   |  4.0s | MA100  31%
Epi 467    | SUCCESS     | steps 42   | total 77k   |  4.9s | MA100  31%
Epi 468    | TIMEOUT     | steps 159  | total 77k   | 17.5s | MA100  31%
Epi 469    | COLL_WALL   | steps 47   | total 77k   |  5.4s | MA100  31%
Epi 470    | COLL_WALL   | steps 105  | total 77k   | 11.5s | MA100  31%
Epi 471    | COLL_WALL   | steps 108  | total 77k   | 12.4s | MA100  31%
Epi 472    | SUCCESS     | steps 49   | total 77k   |  5.6s | MA100  31%
Epi 473    | COLL_WALL   | steps 51   | total 77k   |  5.4s | MA100  31%
Epi 474    | SUCCESS     | steps 31   | total 77k   |  3.5s | MA100  32%
Epi 475    | TIMEOUT     | steps 147  | total 77k   | 16.9s | MA100  31%
Epi 476    | COLL_WALL   | steps 83   | total 77k   |  9.6s | MA100  31%
Epi 477    | TIMEOUT     | steps 172  | total 78k   | 19.8s | MA100  30%
Epi 478    | TIMEOUT     | steps 193  | total 78k   | 21.0s | MA100  29%
Epi 479    | COLL_WALL   | steps 68   | total 78k   |  7.6s | MA100  29%
Epi 480    | SUCCESS     | steps 45   | total 78k   |  5.0s | MA100  30%
Epi 481    | COLL_WALL   | steps 57   | total 78k   |  6.3s | MA100  30%
Epi 482    | COLL_WALL   | steps 84   | total 78k   |  9.1s | MA100  30%
Epi 483    | COLL_WALL   | steps 183  | total 78k   | 20.4s | MA100  30%
Epi 484    | SUCCESS     | steps 30   | total 78k   |  3.5s | MA100  31%
Epi 485    | COLL_WALL   | steps 48   | total 78k   |  5.5s | MA100  30%
Epi 486    | SUCCESS     | steps 121  | total 78k   | 13.5s | MA100  31%
Epi 487    | COLL_WALL   | steps 59   | total 79k   |  6.9s | MA100  31%
Epi 488    | COLL_WALL   | steps 68   | total 79k   |  7.8s | MA100  31%
Epi 489    | COLL_WALL   | steps 36   | total 79k   |  3.8s | MA100  31%
Epi 490    | COLL_WALL   | steps 110  | total 79k   | 12.6s | MA100  31%
Epi 491    | SUCCESS     | steps 38   | total 79k   |  4.4s | MA100  31%
Epi 492    | TIMEOUT     | steps 170  | total 79k   | 18.9s | MA100  31%
Epi 493    | SUCCESS     | steps 94   | total 79k   | 10.5s | MA100  32%
Epi 494    | SUCCESS     | steps 79   | total 79k   |  9.1s | MA100  32%
Epi 495    | TIMEOUT     | steps 176  | total 79k   | 19.4s | MA100  32%
Epi 496    | SUCCESS     | steps 47   | total 79k   |  5.4s | MA100  32%
Epi 497    | TIMEOUT     | steps 180  | total 80k   | 19.5s | MA100  32%
Epi 498    | SUCCESS     | steps 32   | total 80k   |  3.5s | MA100  33%
Epi 499    | SUCCESS     | steps 131  | total 80k   | 14.1s | MA100  33%
Epi 500    | TIMEOUT     | steps 173  | total 80k   | 19.6s | MA100  33%
saving data for episode: 500, location: /home/kaushik/project/deep-rl-robot-navigation/src/turtlebot3_drl/model/fond-filly/sac_4_stage_9
saving actor model for episode: 500
saving critic model for episode: 500
saving target_critic model for episode: 500
[val] ep 500: 40.0% over 40 det. eps  |  best: 42.5% @ ep 400
Epi 501    | COLL_WALL   | steps 30   | total 80k   |  3.5s | MA100  33%
Epi 502    | COLL_WALL   | steps 30   | total 80k   |  3.5s | MA100  33%
Epi 503    | COLL_WALL   | steps 107  | total 80k   | 12.1s | MA100  32%
Epi 504    | SUCCESS     | steps 36   | total 80k   |  3.6s | MA100  33%
Epi 505    | SUCCESS     | steps 169  | total 80k   | 19.1s | MA100  34%
Epi 506    | COLL_WALL   | steps 38   | total 80k   |  4.0s | MA100  33%
Epi 507    | TUMBLE      | steps 30   | total 80k   |  3.5s | MA100  32%
Epi 508    | TUMBLE      | steps 30   | total 80k   |  3.5s | MA100  32%
Epi 509    | TUMBLE      | steps 32   | total 80k   |  3.7s | MA100  31%
Epi 510    | SUCCESS     | steps 47   | total 80k   |  5.3s | MA100  31%
Epi 511    | COLL_WALL   | steps 50   | total 80k   |  5.3s | MA100  30%
Epi 512    | SUCCESS     | steps 32   | total 80k   |  3.6s | MA100  31%
Epi 513    | TIMEOUT     | steps 160  | total 81k   | 17.9s | MA100  31%
Epi 514    | SUCCESS     | steps 89   | total 81k   | 10.1s | MA100  32%
Epi 515    | COLL_WALL   | steps 108  | total 81k   | 11.9s | MA100  31%
Epi 516    | COLL_WALL   | steps 47   | total 81k   |  5.0s | MA100  31%
Epi 517    | TIMEOUT     | steps 153  | total 81k   | 17.5s | MA100  30%
Epi 518    | TIMEOUT     | steps 147  | total 81k   | 16.4s | MA100  30%
Epi 519    | SUCCESS     | steps 165  | total 81k   | 18.5s | MA100  31%
Epi 520    | TIMEOUT     | steps 151  | total 81k   | 16.7s | MA100  30%
Epi 521    | SUCCESS     | steps 86   | total 82k   |  9.8s | MA100  30%
Epi 522    | TUMBLE      | steps 30   | total 82k   |  3.4s | MA100  30%
Epi 523    | TUMBLE      | steps 30   | total 82k   |  3.3s | MA100  30%
Epi 524    | TUMBLE      | steps 38   | total 82k   |  3.6s | MA100  30%
Epi 525    | SUCCESS     | steps 100  | total 82k   | 10.9s | MA100  31%
Epi 526    | COLL_WALL   | steps 37   | total 82k   |  4.1s | MA100  31%
Epi 527    | SUCCESS     | steps 66   | total 82k   |  7.1s | MA100  32%
Epi 528    | COLL_WALL   | steps 46   | total 82k   |  5.2s | MA100  31%
Epi 529    | SUCCESS     | steps 89   | total 82k   | 10.0s | MA100  32%
Epi 530    | SUCCESS     | steps 110  | total 82k   | 11.7s | MA100  32%
Epi 531    | COLL_WALL   | steps 88   | total 82k   | 10.0s | MA100  32%
Epi 532    | TIMEOUT     | steps 252  | total 82k   | 28.0s | MA100  32%
Epi 533    | COLL_WALL   | steps 51   | total 83k   |  5.1s | MA100  32%
Epi 534    | SUCCESS     | steps 194  | total 83k   | 21.5s | MA100  33%
Epi 535    | COLL_WALL   | steps 32   | total 83k   |  3.2s | MA100  32%
Epi 536    | COLL_WALL   | steps 76   | total 83k   |  8.5s | MA100  32%
Epi 537    | SUCCESS     | steps 47   | total 83k   |  5.4s | MA100  33%
Epi 538    | COLL_WALL   | steps 98   | total 83k   | 10.5s | MA100  33%
Epi 539    | SUCCESS     | steps 82   | total 83k   |  9.4s | MA100  34%
Epi 540    | COLL_WALL   | steps 30   | total 83k   |  3.5s | MA100  34%
Epi 541    | COLL_WALL   | steps 63   | total 83k   |  6.6s | MA100  34%
Epi 542    | SUCCESS     | steps 57   | total 83k   |  6.6s | MA100  35%
Epi 543    | SUCCESS     | steps 130  | total 83k   | 14.6s | MA100  36%
Epi 544    | COLL_WALL   | steps 143  | total 83k   | 15.9s | MA100  36%
Epi 545    | SUCCESS     | steps 130  | total 84k   | 14.2s | MA100  37%
Epi 546    | COLL_WALL   | steps 73   | total 84k   |  8.3s | MA100  36%
Epi 547    | COLL_WALL   | steps 56   | total 84k   |  6.3s | MA100  36%
Epi 548    | COLL_WALL   | steps 101  | total 84k   | 10.9s | MA100  36%
Epi 549    | COLL_WALL   | steps 80   | total 84k   |  9.2s | MA100  35%
Epi 550    | COLL_WALL   | steps 45   | total 84k   |  5.0s | MA100  35%
Epi 551    | COLL_WALL   | steps 75   | total 84k   |  8.1s | MA100  34%
Epi 552    | COLL_WALL   | steps 141  | total 84k   | 15.9s | MA100  34%
Epi 553    | SUCCESS     | steps 51   | total 84k   |  5.8s | MA100  35%
Epi 554    | COLL_WALL   | steps 61   | total 84k   |  7.1s | MA100  35%
Epi 555    | SUCCESS     | steps 30   | total 84k   |  3.6s | MA100  36%
Epi 556    | COLL_WALL   | steps 43   | total 84k   |  4.4s | MA100  35%
Epi 557    | TIMEOUT     | steps 203  | total 85k   | 23.1s | MA100  35%
Epi 558    | COLL_WALL   | steps 53   | total 85k   |  6.0s | MA100  35%
Epi 559    | SUCCESS     | steps 39   | total 85k   |  4.6s | MA100  36%
Epi 560    | SUCCESS     | steps 108  | total 85k   | 12.4s | MA100  37%
Epi 561    | COLL_WALL   | steps 49   | total 85k   |  5.7s | MA100  37%
Epi 562    | SUCCESS     | steps 55   | total 85k   |  6.3s | MA100  37%
Epi 563    | SUCCESS     | steps 144  | total 85k   | 16.1s | MA100  37%
Epi 564    | COLL_WALL   | steps 34   | total 85k   |  3.9s | MA100  36%
Epi 565    | SUCCESS     | steps 132  | total 85k   | 14.7s | MA100  37%
Epi 566    | COLL_WALL   | steps 44   | total 85k   |  5.1s | MA100  36%
Epi 567    | COLL_WALL   | steps 78   | total 85k   |  9.0s | MA100  35%
Epi 568    | SUCCESS     | steps 96   | total 85k   | 10.4s | MA100  36%
Epi 569    | COLL_WALL   | steps 57   | total 85k   |  6.6s | MA100  36%
Epi 570    | SUCCESS     | steps 34   | total 85k   |  3.9s | MA100  37%
Epi 571    | COLL_WALL   | steps 144  | total 86k   | 15.8s | MA100  37%
Epi 572    | SUCCESS     | steps 38   | total 86k   |  4.4s | MA100  37%
Epi 573    | COLL_WALL   | steps 30   | total 86k   |  3.5s | MA100  37%
Epi 574    | COLL_WALL   | steps 99   | total 86k   | 11.0s | MA100  36%
Epi 575    | SUCCESS     | steps 56   | total 86k   |  6.5s | MA100  37%
Epi 576    | COLL_WALL   | steps 45   | total 86k   |  5.2s | MA100  37%
Epi 577    | COLL_WALL   | steps 72   | total 86k   |  8.2s | MA100  37%
Epi 578    | SUCCESS     | steps 135  | total 86k   | 15.5s | MA100  38%
Epi 579    | SUCCESS     | steps 138  | total 86k   | 15.2s | MA100  39%
Epi 580    | COLL_WALL   | steps 83   | total 86k   |  9.8s | MA100  38%
Epi 581    | COLL_WALL   | steps 39   | total 86k   |  4.3s | MA100  38%
Epi 582    | SUCCESS     | steps 189  | total 87k   | 20.8s | MA100  39%
Epi 583    | COLL_WALL   | steps 33   | total 87k   |  3.4s | MA100  39%
Epi 584    | SUCCESS     | steps 32   | total 87k   |  3.6s | MA100  39%
Epi 585    | COLL_WALL   | steps 89   | total 87k   | 10.1s | MA100  39%
Epi 586    | COLL_WALL   | steps 33   | total 87k   |  3.7s | MA100  38%
Epi 587    | COLL_WALL   | steps 97   | total 87k   | 10.6s | MA100  38%
Epi 588    | COLL_WALL   | steps 36   | total 87k   |  4.1s | MA100  38%
Epi 589    | COLL_WALL   | steps 30   | total 87k   |  3.5s | MA100  38%
Epi 590    | SUCCESS     | steps 48   | total 87k   |  5.2s | MA100  39%
Epi 591    | SUCCESS     | steps 98   | total 87k   | 10.8s | MA100  39%
Epi 592    | SUCCESS     | steps 62   | total 87k   |  6.9s | MA100  40%
Epi 593    | COLL_WALL   | steps 57   | total 87k   |  6.1s | MA100  39%
Epi 594    | COLL_WALL   | steps 39   | total 87k   |  4.4s | MA100  38%
Epi 595    | SUCCESS     | steps 84   | total 87k   |  9.5s | MA100  39%
Epi 596    | TIMEOUT     | steps 154  | total 87k   | 16.9s | MA100  38%
Epi 597    | COLL_WALL   | steps 107  | total 88k   | 11.5s | MA100  38%
Epi 598    | SUCCESS     | steps 66   | total 88k   |  7.6s | MA100  38%
Epi 599    | SUCCESS     | steps 108  | total 88k   | 12.0s | MA100  38%
Epi 600    | SUCCESS     | steps 63   | total 88k   |  6.6s | MA100  39%
saving data for episode: 600, location: /home/kaushik/project/deep-rl-robot-navigation/src/turtlebot3_drl/model/fond-filly/sac_4_stage_9
saving actor model for episode: 600
saving critic model for episode: 600
saving target_critic model for episode: 600
[val] ep 600: 27.5% over 40 det. eps  |  best: 42.5% @ ep 400
Epi 601    | SUCCESS     | steps 107  | total 88k   | 11.8s | MA100  40%
Epi 602    | COLL_WALL   | steps 36   | total 88k   |  4.2s | MA100  40%
Epi 603    | COLL_WALL   | steps 32   | total 88k   |  3.7s | MA100  40%
Epi 604    | COLL_WALL   | steps 44   | total 88k   |  4.9s | MA100  39%
Epi 605    | COLL_WALL   | steps 43   | total 88k   |  4.3s | MA100  38%
Epi 606    | TIMEOUT     | steps 209  | total 88k   | 23.0s | MA100  38%
Epi 607    | COLL_WALL   | steps 94   | total 88k   | 10.7s | MA100  38%
Epi 608    | SUCCESS     | steps 66   | total 88k   |  7.4s | MA100  39%
Epi 609    | COLL_WALL   | steps 74   | total 88k   |  8.2s | MA100  39%
Epi 610    | COLL_WALL   | steps 51   | total 89k   |  5.9s | MA100  38%
Epi 611    | COLL_WALL   | steps 30   | total 89k   |  3.5s | MA100  38%
Epi 612    | SUCCESS     | steps 45   | total 89k   |  4.6s | MA100  38%
Epi 613    | COLL_WALL   | steps 41   | total 89k   |  4.2s | MA100  38%
Epi 614    | SUCCESS     | steps 107  | total 89k   | 12.2s | MA100  38%
Epi 615    | COLL_WALL   | steps 45   | total 89k   |  5.2s | MA100  38%
Epi 616    | SUCCESS     | steps 101  | total 89k   | 10.6s | MA100  39%
Epi 617    | COLL_WALL   | steps 66   | total 89k   |  7.4s | MA100  39%
Epi 618    | SUCCESS     | steps 36   | total 89k   |  4.0s | MA100  40%
Epi 619    | SUCCESS     | steps 96   | total 89k   | 10.2s | MA100  40%
Epi 620    | TIMEOUT     | steps 212  | total 89k   | 23.6s | MA100  40%
Epi 621    | SUCCESS     | steps 67   | total 89k   |  7.7s | MA100  40%
Epi 622    | SUCCESS     | steps 135  | total 90k   | 15.0s | MA100  41%
Epi 623    | SUCCESS     | steps 72   | total 90k   |  8.3s | MA100  42%
Epi 624    | COLL_WALL   | steps 132  | total 90k   | 15.5s | MA100  42%
Epi 625    | COLL_WALL   | steps 127  | total 90k   | 15.4s | MA100  41%
Epi 626    | SUCCESS     | steps 37   | total 90k   |  4.2s | MA100  42%
Epi 627    | SUCCESS     | steps 76   | total 90k   |  9.1s | MA100  42%
Epi 628    | SUCCESS     | steps 108  | total 90k   | 12.0s | MA100  43%
Epi 629    | COLL_WALL   | steps 35   | total 90k   |  3.9s | MA100  42%
Epi 630    | SUCCESS     | steps 30   | total 90k   |  3.4s | MA100  42%
Epi 631    | COLL_WALL   | steps 96   | total 90k   | 10.9s | MA100  42%
Epi 632    | COLL_WALL   | steps 115  | total 90k   | 12.6s | MA100  42%
Epi 633    | COLL_WALL   | steps 71   | total 90k   |  8.1s | MA100  42%
Epi 634    | SUCCESS     | steps 119  | total 91k   | 13.6s | MA100  42%
Epi 635    | COLL_WALL   | steps 119  | total 91k   | 14.1s | MA100  42%
Epi 636    | COLL_WALL   | steps 75   | total 91k   |  8.5s | MA100  42%
Epi 637    | COLL_WALL   | steps 45   | total 91k   |  5.2s | MA100  41%
Epi 638    | SUCCESS     | steps 72   | total 91k   |  8.5s | MA100  42%
Epi 639    | COLL_WALL   | steps 32   | total 91k   |  3.2s | MA100  41%
Epi 640    | SUCCESS     | steps 95   | total 91k   | 11.1s | MA100  42%
Epi 641    | TIMEOUT     | steps 143  | total 91k   | 16.0s | MA100  42%
Epi 642    | SUCCESS     | steps 89   | total 91k   |  9.9s | MA100  42%
Epi 643    | SUCCESS     | steps 200  | total 91k   | 22.6s | MA100  42%
Epi 644    | COLL_WALL   | steps 71   | total 91k   |  7.8s | MA100  42%
Epi 645    | TIMEOUT     | steps 143  | total 92k   | 16.1s | MA100  41%
Epi 646    | SUCCESS     | steps 132  | total 92k   | 14.4s | MA100  42%
Epi 647    | SUCCESS     | steps 43   | total 92k   |  4.9s | MA100  43%
Epi 648    | SUCCESS     | steps 60   | total 92k   |  6.7s | MA100  44%
Epi 649    | COLL_WALL   | steps 30   | total 92k   |  2.9s | MA100  44%
Epi 650    | COLL_WALL   | steps 88   | total 92k   | 10.1s | MA100  44%
Epi 651    | SUCCESS     | steps 30   | total 92k   |  3.4s | MA100  45%
Epi 652    | COLL_WALL   | steps 154  | total 92k   | 16.5s | MA100  45%
Epi 653    | COLL_WALL   | steps 93   | total 92k   | 10.5s | MA100  44%
Epi 654    | COLL_WALL   | steps 86   | total 92k   |  9.3s | MA100  44%
Epi 655    | SUCCESS     | steps 103  | total 92k   | 11.7s | MA100  44%
Epi 656    | SUCCESS     | steps 57   | total 92k   |  6.3s | MA100  45%
Epi 657    | COLL_WALL   | steps 90   | total 93k   | 10.6s | MA100  45%
Epi 658    | COLL_WALL   | steps 57   | total 93k   |  6.4s | MA100  45%
Epi 659    | COLL_WALL   | steps 30   | total 93k   |  3.2s | MA100  44%
Epi 660    | COLL_WALL   | steps 45   | total 93k   |  5.0s | MA100  43%
Epi 661    | SUCCESS     | steps 30   | total 93k   |  3.4s | MA100  44%
Epi 662    | COLL_WALL   | steps 40   | total 93k   |  4.5s | MA100  43%
Epi 663    | COLL_WALL   | steps 31   | total 93k   |  3.5s | MA100  42%
Epi 664    | SUCCESS     | steps 79   | total 93k   |  8.7s | MA100  43%
Epi 665    | COLL_WALL   | steps 120  | total 93k   | 14.0s | MA100  42%
Epi 666    | COLL_WALL   | steps 40   | total 93k   |  4.7s | MA100  42%
Epi 667    | SUCCESS     | steps 30   | total 93k   |  3.1s | MA100  43%
Epi 668    | COLL_WALL   | steps 74   | total 93k   |  8.8s | MA100  42%
Epi 669    | SUCCESS     | steps 38   | total 93k   |  4.5s | MA100  43%
Epi 670    | COLL_WALL   | steps 90   | total 93k   |  9.7s | MA100  42%
Epi 671    | SUCCESS     | steps 51   | total 93k   |  6.0s | MA100  43%
Epi 672    | SUCCESS     | steps 61   | total 93k   |  6.9s | MA100  43%
Epi 673    | COLL_WALL   | steps 61   | total 93k   |  6.5s | MA100  43%
Epi 674    | COLL_WALL   | steps 134  | total 94k   | 15.4s | MA100  43%
Epi 675    | SUCCESS     | steps 47   | total 94k   |  5.2s | MA100  43%
Epi 676    | COLL_WALL   | steps 63   | total 94k   |  6.8s | MA100  43%
Epi 677    | SUCCESS     | steps 37   | total 94k   |  4.3s | MA100  44%
Epi 678    | COLL_WALL   | steps 198  | total 94k   | 22.1s | MA100  43%
Epi 679    | SUCCESS     | steps 30   | total 94k   |  3.5s | MA100  43%
Epi 680    | SUCCESS     | steps 101  | total 94k   | 11.0s | MA100  44%
Epi 681    | SUCCESS     | steps 93   | total 94k   | 10.8s | MA100  45%
Epi 682    | SUCCESS     | steps 69   | total 94k   |  7.8s | MA100  45%
Epi 683    | COLL_WALL   | steps 49   | total 94k   |  5.1s | MA100  45%
Epi 684    | SUCCESS     | steps 36   | total 94k   |  4.1s | MA100  45%
Epi 685    | SUCCESS     | steps 83   | total 94k   |  9.6s | MA100  46%
Epi 686    | COLL_WALL   | steps 38   | total 94k   |  4.2s | MA100  46%
Epi 687    | SUCCESS     | steps 76   | total 95k   |  8.4s | MA100  47%
Epi 688    | COLL_WALL   | steps 78   | total 95k   |  8.9s | MA100  47%
Epi 689    | COLL_WALL   | steps 45   | total 95k   |  5.0s | MA100  47%
Epi 690    | SUCCESS     | steps 43   | total 95k   |  4.6s | MA100  47%
Epi 691    | COLL_WALL   | steps 45   | total 95k   |  5.2s | MA100  46%
Epi 692    | COLL_WALL   | steps 81   | total 95k   |  9.4s | MA100  45%
Epi 693    | SUCCESS     | steps 61   | total 95k   |  6.3s | MA100  46%
Epi 694    | SUCCESS     | steps 148  | total 95k   | 16.6s | MA100  47%
Epi 695    | SUCCESS     | steps 160  | total 95k   | 17.4s | MA100  47%
Epi 696    | COLL_WALL   | steps 112  | total 95k   | 12.3s | MA100  47%
Epi 697    | SUCCESS     | steps 87   | total 95k   |  9.9s | MA100  48%
Epi 698    | SUCCESS     | steps 44   | total 95k   |  5.0s | MA100  48%
Epi 699    | SUCCESS     | steps 67   | total 95k   |  7.1s | MA100  48%
Epi 700    | COLL_WALL   | steps 30   | total 96k   |  3.5s | MA100  47%
saving data for episode: 700, location: /home/kaushik/project/deep-rl-robot-navigation/src/turtlebot3_drl/model/fond-filly/sac_4_stage_9
saving actor model for episode: 700
saving critic model for episode: 700
saving target_critic model for episode: 700
[val] ep 700: 55.0% over 40 det. eps  |  best: 42.5% @ ep 400
[val] NEW BEST CHECKPOINT — ep 700, success 55.0%
Epi 701    | COLL_WALL   | steps 72   | total 96k   |  8.1s | MA100  46%
Epi 702    | SUCCESS     | steps 67   | total 96k   |  7.6s | MA100  47%
Epi 703    | COLL_WALL   | steps 33   | total 96k   |  3.8s | MA100  47%
Epi 704    | SUCCESS     | steps 89   | total 96k   |  9.4s | MA100  48%
Epi 705    | SUCCESS     | steps 49   | total 96k   |  5.4s | MA100  49%
Epi 706    | SUCCESS     | steps 31   | total 96k   |  3.4s | MA100  50%
Epi 707    | SUCCESS     | steps 61   | total 96k   |  6.2s | MA100  51%
Epi 708    | SUCCESS     | steps 47   | total 96k   |  5.1s | MA100  51%
Epi 709    | SUCCESS     | steps 81   | total 96k   |  8.8s | MA100  52%
Epi 710    | SUCCESS     | steps 94   | total 96k   | 10.1s | MA100  53%
Epi 711    | COLL_WALL   | steps 43   | total 96k   |  5.0s | MA100  53%
Epi 712    | COLL_WALL   | steps 124  | total 96k   | 14.4s | MA100  52%
Epi 713    | COLL_WALL   | steps 47   | total 96k   |  5.1s | MA100  52%
Epi 714    | SUCCESS     | steps 75   | total 96k   |  8.9s | MA100  52%
Epi 715    | COLL_WALL   | steps 68   | total 96k   |  8.0s | MA100  52%
Epi 716    | COLL_WALL   | steps 35   | total 97k   |  3.6s | MA100  51%
Epi 717    | SUCCESS     | steps 75   | total 97k   |  8.8s | MA100  52%
Epi 718    | COLL_WALL   | steps 62   | total 97k   |  7.2s | MA100  51%
Epi 719    | TUMBLE      | steps 30   | total 97k   |  3.4s | MA100  50%
Epi 720    | SUCCESS     | steps 45   | total 97k   |  5.1s | MA100  51%
Epi 721    | COLL_WALL   | steps 60   | total 97k   |  7.1s | MA100  50%
Epi 722    | SUCCESS     | steps 43   | total 97k   |  5.1s | MA100  50%
Epi 723    | COLL_WALL   | steps 52   | total 97k   |  5.7s | MA100  49%
Epi 724    | SUCCESS     | steps 72   | total 97k   |  7.9s | MA100  50%
Epi 725    | COLL_WALL   | steps 55   | total 97k   |  6.5s | MA100  50%
Epi 726    | SUCCESS     | steps 57   | total 97k   |  6.8s | MA100  50%
Epi 727    | COLL_WALL   | steps 52   | total 97k   |  5.9s | MA100  49%
Epi 728    | SUCCESS     | steps 30   | total 97k   |  3.5s | MA100  49%
Epi 729    | COLL_WALL   | steps 80   | total 97k   |  9.2s | MA100  49%
Epi 730    | SUCCESS     | steps 34   | total 97k   |  3.9s | MA100  49%
Epi 731    | SUCCESS     | steps 65   | total 97k   |  7.3s | MA100  50%
Epi 732    | SUCCESS     | steps 51   | total 97k   |  6.1s | MA100  51%
Epi 733    | SUCCESS     | steps 96   | total 97k   | 10.5s | MA100  52%
Epi 734    | COLL_WALL   | steps 75   | total 98k   |  8.9s | MA100  51%
Epi 735    | COLL_WALL   | steps 43   | total 98k   |  5.0s | MA100  51%
Epi 736    | COLL_WALL   | steps 76   | total 98k   |  8.4s | MA100  51%
Epi 737    | SUCCESS     | steps 48   | total 98k   |  5.6s | MA100  52%
Epi 738    | COLL_WALL   | steps 57   | total 98k   |  6.6s | MA100  51%
Epi 739    | SUCCESS     | steps 86   | total 98k   |  9.9s | MA100  52%
Epi 740    | SUCCESS     | steps 45   | total 98k   |  5.3s | MA100  52%
Epi 741    | SUCCESS     | steps 38   | total 98k   |  4.5s | MA100  53%
Epi 742    | COLL_WALL   | steps 46   | total 98k   |  5.6s | MA100  52%
Epi 743    | TIMEOUT     | steps 221  | total 98k   | 25.2s | MA100  51%
Epi 744    | SUCCESS     | steps 116  | total 98k   | 12.6s | MA100  52%
Epi 745    | COLL_WALL   | steps 47   | total 98k   |  5.2s | MA100  52%
Epi 746    | SUCCESS     | steps 31   | total 98k   |  3.4s | MA100  52%
Epi 747    | SUCCESS     | steps 41   | total 98k   |  4.4s | MA100  52%
Epi 748    | TUMBLE      | steps 30   | total 98k   |  3.0s | MA100  51%
Epi 749    | TUMBLE      | steps 30   | total 99k   |  3.3s | MA100  51%
Epi 750    | SUCCESS     | steps 138  | total 99k   | 15.4s | MA100  52%
Epi 751    | COLL_WALL   | steps 50   | total 99k   |  5.0s | MA100  51%
Epi 752    | SUCCESS     | steps 30   | total 99k   |  3.3s | MA100  52%
Epi 753    | SUCCESS     | steps 66   | total 99k   |  7.5s | MA100  53%
Epi 754    | SUCCESS     | steps 58   | total 99k   |  6.4s | MA100  54%
Epi 755    | SUCCESS     | steps 47   | total 99k   |  4.8s | MA100  54%
Epi 756    | COLL_WALL   | steps 82   | total 99k   |  9.3s | MA100  53%
Epi 757    | SUCCESS     | steps 44   | total 99k   |  5.0s | MA100  54%
Epi 758    | SUCCESS     | steps 66   | total 99k   |  6.8s | MA100  55%
Epi 759    | COLL_WALL   | steps 39   | total 99k   |  4.4s | MA100  55%
Epi 760    | SUCCESS     | steps 30   | total 99k   |  3.4s | MA100  56%
Epi 761    | COLL_WALL   | steps 53   | total 99k   |  6.0s | MA100  55%
Epi 762    | COLL_WALL   | steps 49   | total 99k   |  5.5s | MA100  55%
Epi 763    | COLL_WALL   | steps 78   | total 99k   |  8.6s | MA100  55%
Epi 764    | COLL_WALL   | steps 44   | total 99k   |  5.1s | MA100  54%
Epi 765    | COLL_WALL   | steps 30   | total 99k   |  3.5s | MA100  54%
Epi 766    | COLL_WALL   | steps 37   | total 99k   |  4.1s | MA100  54%
Epi 767    | SUCCESS     | steps 31   | total 99k   |  3.2s | MA100  54%
Epi 768    | COLL_WALL   | steps 43   | total 100k  |  5.0s | MA100  54%
Epi 769    | SUCCESS     | steps 45   | total 100k  |  5.3s | MA100  54%
Epi 770    | COLL_WALL   | steps 33   | total 100k  |  3.9s | MA100  54%
Epi 771    | SUCCESS     | steps 62   | total 100k  |  6.8s | MA100  54%
Epi 772    | SUCCESS     | steps 68   | total 100k  |  7.8s | MA100  54%
Epi 773    | COLL_WALL   | steps 52   | total 100k  |  5.9s | MA100  54%
Epi 774    | COLL_WALL   | steps 45   | total 100k  |  5.0s | MA100  54%
Epi 775    | TUMBLE      | steps 30   | total 100k  |  3.1s | MA100  53%
Epi 776    | SUCCESS     | steps 125  | total 100k  | 15.1s | MA100  54%
Epi 777    | COLL_WALL   | steps 54   | total 100k  |  6.1s | MA100  53%
Epi 778    | COLL_WALL   | steps 41   | total 100k  |  4.4s | MA100  53%
Epi 779    | SUCCESS     | steps 61   | total 100k  |  7.2s | MA100  53%
Epi 780    | COLL_WALL   | steps 71   | total 100k  |  8.3s | MA100  52%
Epi 781    | COLL_WALL   | steps 48   | total 100k  |  4.9s | MA100  51%
Epi 782    | COLL_WALL   | steps 46   | total 100k  |  5.3s | MA100  50%
Epi 783    | SUCCESS     | steps 144  | total 100k  | 16.4s | MA100  51%
Epi 784    | COLL_WALL   | steps 33   | total 100k  |  3.9s | MA100  50%
Epi 785    | SUCCESS     | steps 31   | total 101k  |  3.6s | MA100  50%
Epi 786    | COLL_WALL   | steps 54   | total 101k  |  6.2s | MA100  50%
Epi 787    | SUCCESS     | steps 54   | total 101k  |  6.2s | MA100  50%
Epi 788    | SUCCESS     | steps 92   | total 101k  | 10.4s | MA100  51%
Epi 789    | COLL_WALL   | steps 30   | total 101k  |  3.5s | MA100  51%
Epi 790    | COLL_WALL   | steps 93   | total 101k  | 10.6s | MA100  50%
Epi 791    | SUCCESS     | steps 138  | total 101k  | 16.0s | MA100  51%
Epi 792    | SUCCESS     | steps 98   | total 101k  | 10.8s | MA100  52%
Epi 793    | COLL_WALL   | steps 98   | total 101k  | 11.4s | MA100  51%
Epi 794    | COLL_WALL   | steps 61   | total 101k  |  5.8s | MA100  50%
Epi 795    | COLL_WALL   | steps 51   | total 101k  |  5.4s | MA100  49%
Epi 796    | SUCCESS     | steps 135  | total 101k  | 16.0s | MA100  50%
Epi 797    | COLL_WALL   | steps 151  | total 102k  | 17.0s | MA100  49%
Epi 798    | SUCCESS     | steps 63   | total 102k  |  7.5s | MA100  49%
Epi 799    | COLL_WALL   | steps 30   | total 102k  |  3.4s | MA100  48%
Epi 800    | COLL_WALL   | steps 61   | total 102k  |  6.9s | MA100  48%
saving data for episode: 800, location: /home/kaushik/project/deep-rl-robot-navigation/src/turtlebot3_drl/model/fond-filly/sac_4_stage_9
saving actor model for episode: 800
saving critic model for episode: 800
saving target_critic model for episode: 800
[val] ep 800: 52.5% over 40 det. eps  |  best: 55.0% @ ep 700
Epi 801    | SUCCESS     | steps 35   | total 102k  |  4.0s | MA100  49%
Epi 802    | TIMEOUT     | steps 190  | total 102k  | 21.3s | MA100  48%
Epi 803    | COLL_WALL   | steps 48   | total 102k  |  5.5s | MA100  48%
Epi 804    | SUCCESS     | steps 57   | total 102k  |  6.4s | MA100  48%
Epi 805    | COLL_WALL   | steps 215  | total 102k  | 24.4s | MA100  47%
Epi 806    | SUCCESS     | steps 30   | total 102k  |  3.5s | MA100  47%
Epi 807    | SUCCESS     | steps 30   | total 102k  |  3.4s | MA100  47%
Epi 808    | SUCCESS     | steps 65   | total 102k  |  7.5s | MA100  47%
Epi 809    | SUCCESS     | steps 64   | total 102k  |  7.1s | MA100  47%
Epi 810    | COLL_WALL   | steps 52   | total 103k  |  5.7s | MA100  46%
Epi 811    | SUCCESS     | steps 30   | total 103k  |  3.4s | MA100  47%
Epi 812    | COLL_WALL   | steps 60   | total 103k  |  7.0s | MA100  47%
Epi 813    | COLL_WALL   | steps 55   | total 103k  |  6.2s | MA100  47%
Epi 814    | COLL_WALL   | steps 46   | total 103k  |  5.4s | MA100  46%
Epi 815    | TUMBLE      | steps 30   | total 103k  |  3.6s | MA100  46%
Epi 816    | COLL_WALL   | steps 50   | total 103k  |  5.7s | MA100  46%
Epi 817    | COLL_WALL   | steps 31   | total 103k  |  3.5s | MA100  45%
Epi 818    | COLL_WALL   | steps 71   | total 103k  |  7.8s | MA100  45%
Epi 819    | SUCCESS     | steps 65   | total 103k  |  7.7s | MA100  46%
Epi 820    | COLL_WALL   | steps 51   | total 103k  |  5.9s | MA100  45%
Epi 821    | TUMBLE      | steps 30   | total 103k  |  3.3s | MA100  45%
Epi 822    | SUCCESS     | steps 54   | total 103k  |  6.1s | MA100  45%
Epi 823    | SUCCESS     | steps 77   | total 103k  |  8.9s | MA100  46%
Epi 824    | COLL_WALL   | steps 30   | total 103k  |  3.5s | MA100  45%
Epi 825    | SUCCESS     | steps 45   | total 103k  |  4.6s | MA100  46%
Epi 826    | SUCCESS     | steps 30   | total 103k  |  3.5s | MA100  46%
Epi 827    | SUCCESS     | steps 45   | total 103k  |  5.2s | MA100  47%
Epi 828    | COLL_WALL   | steps 30   | total 103k  |  3.4s | MA100  46%
Epi 829    | SUCCESS     | steps 55   | total 103k  |  6.3s | MA100  47%
Epi 830    | SUCCESS     | steps 30   | total 103k  |  3.1s | MA100  47%
Epi 831    | TIMEOUT     | steps 147  | total 104k  | 17.0s | MA100  46%
Epi 832    | SUCCESS     | steps 30   | total 104k  |  3.3s | MA100  46%
Epi 833    | SUCCESS     | steps 79   | total 104k  |  8.8s | MA100  46%
Epi 834    | COLL_WALL   | steps 31   | total 104k  |  3.5s | MA100  46%
Epi 835    | COLL_WALL   | steps 56   | total 104k  |  6.4s | MA100  46%
Epi 836    | COLL_WALL   | steps 54   | total 104k  |  5.9s | MA100  46%
Epi 837    | TIMEOUT     | steps 167  | total 104k  | 19.6s | MA100  45%
Epi 838    | SUCCESS     | steps 32   | total 104k  |  3.5s | MA100  46%
Epi 839    | SUCCESS     | steps 42   | total 104k  |  4.7s | MA100  46%
Epi 840    | SUCCESS     | steps 71   | total 104k  |  8.2s | MA100  46%
Epi 841    | COLL_WALL   | steps 47   | total 104k  |  5.3s | MA100  45%
Epi 842    | SUCCESS     | steps 30   | total 104k  |  3.2s | MA100  46%
Epi 843    | COLL_WALL   | steps 30   | total 104k  |  3.1s | MA100  46%
Epi 844    | SUCCESS     | steps 50   | total 104k  |  5.8s | MA100  46%
Epi 845    | COLL_WALL   | steps 39   | total 104k  |  4.4s | MA100  46%
Epi 846    | COLL_WALL   | steps 42   | total 104k  |  4.8s | MA100  45%
Epi 847    | COLL_WALL   | steps 62   | total 104k  |  6.5s | MA100  44%
Epi 848    | SUCCESS     | steps 42   | total 104k  |  4.8s | MA100  45%
Epi 849    | COLL_WALL   | steps 32   | total 105k  |  3.7s | MA100  45%
Epi 850    | SUCCESS     | steps 55   | total 105k  |  6.3s | MA100  45%
Epi 851    | COLL_WALL   | steps 74   | total 105k  |  7.6s | MA100  45%
Epi 852    | SUCCESS     | steps 30   | total 105k  |  3.4s | MA100  45%
Epi 853    | TIMEOUT     | steps 138  | total 105k  | 15.3s | MA100  44%
Epi 854    | SUCCESS     | steps 76   | total 105k  |  8.4s | MA100  44%
Epi 855    | COLL_WALL   | steps 42   | total 105k  |  4.7s | MA100  43%
Epi 856    | SUCCESS     | steps 46   | total 105k  |  5.2s | MA100  44%
Epi 857    | SUCCESS     | steps 57   | total 105k  |  5.8s | MA100  44%
Epi 858    | SUCCESS     | steps 72   | total 105k  |  8.1s | MA100  44%
Epi 859    | COLL_WALL   | steps 30   | total 105k  |  3.3s | MA100  44%
Epi 860    | SUCCESS     | steps 58   | total 105k  |  6.4s | MA100  44%
Epi 861    | COLL_WALL   | steps 49   | total 105k  |  5.1s | MA100  44%
Epi 862    | TUMBLE      | steps 30   | total 105k  |  3.5s | MA100  44%
Epi 863    | COLL_WALL   | steps 50   | total 105k  |  5.7s | MA100  44%
Epi 864    | SUCCESS     | steps 30   | total 105k  |  3.4s | MA100  45%
Epi 865    | SUCCESS     | steps 57   | total 105k  |  6.1s | MA100  46%
Epi 866    | COLL_WALL   | steps 51   | total 105k  |  5.5s | MA100  46%
Epi 867    | SUCCESS     | steps 90   | total 106k  | 10.3s | MA100  46%
Epi 868    | COLL_WALL   | steps 47   | total 106k  |  5.1s | MA100  46%
Epi 869    | SUCCESS     | steps 30   | total 106k  |  3.0s | MA100  46%
Epi 870    | COLL_WALL   | steps 121  | total 106k  | 13.5s | MA100  46%
Epi 871    | SUCCESS     | steps 58   | total 106k  |  6.7s | MA100  46%
Epi 872    | SUCCESS     | steps 30   | total 106k  |  3.4s | MA100  46%
Epi 873    | SUCCESS     | steps 63   | total 106k  |  7.0s | MA100  47%
Epi 874    | SUCCESS     | steps 45   | total 106k  |  5.2s | MA100  48%
Epi 875    | SUCCESS     | steps 64   | total 106k  |  7.4s | MA100  49%
Epi 876    | COLL_WALL   | steps 81   | total 106k  |  8.9s | MA100  48%
Epi 877    | COLL_WALL   | steps 52   | total 106k  |  6.0s | MA100  48%
Epi 878    | SUCCESS     | steps 81   | total 106k  |  9.1s | MA100  49%
Epi 879    | COLL_WALL   | steps 67   | total 106k  |  7.4s | MA100  48%
Epi 880    | SUCCESS     | steps 169  | total 106k  | 18.6s | MA100  49%
Epi 881    | SUCCESS     | steps 52   | total 107k  |  6.0s | MA100  50%
Epi 882    | SUCCESS     | steps 69   | total 107k  |  8.1s | MA100  51%
Epi 883    | SUCCESS     | steps 30   | total 107k  |  3.4s | MA100  51%
Epi 884    | COLL_WALL   | steps 34   | total 107k  |  3.6s | MA100  51%
Epi 885    | SUCCESS     | steps 33   | total 107k  |  3.8s | MA100  51%
Epi 886    | SUCCESS     | steps 30   | total 107k  |  3.3s | MA100  52%
Epi 887    | COLL_WALL   | steps 30   | total 107k  |  3.4s | MA100  51%
Epi 888    | COLL_WALL   | steps 30   | total 107k  |  3.4s | MA100  50%
Epi 889    | SUCCESS     | steps 36   | total 107k  |  4.1s | MA100  51%
Epi 890    | COLL_WALL   | steps 30   | total 107k  |  3.1s | MA100  51%
Epi 891    | COLL_WALL   | steps 126  | total 107k  | 14.7s | MA100  50%
Epi 892    | COLL_WALL   | steps 44   | total 107k  |  4.8s | MA100  49%
Epi 893    | COLL_WALL   | steps 60   | total 107k  |  6.6s | MA100  49%
Epi 894    | SUCCESS     | steps 46   | total 107k  |  5.3s | MA100  50%
Epi 895    | COLL_WALL   | steps 37   | total 107k  |  4.3s | MA100  50%
Epi 896    | SUCCESS     | steps 62   | total 107k  |  7.0s | MA100  50%
Epi 897    | COLL_WALL   | steps 56   | total 107k  |  6.2s | MA100  50%
Epi 898    | TIMEOUT     | steps 145  | total 107k  | 16.9s | MA100  49%
Epi 899    | SUCCESS     | steps 47   | total 107k  |  5.2s | MA100  50%
Epi 900    | SUCCESS     | steps 38   | total 107k  |  4.3s | MA100  51%
saving data for episode: 900, location: /home/kaushik/project/deep-rl-robot-navigation/src/turtlebot3_drl/model/fond-filly/sac_4_stage_9
saving actor model for episode: 900
saving critic model for episode: 900
saving target_critic model for episode: 900
[val] ep 900: 65.0% over 40 det. eps  |  best: 55.0% @ ep 700
[val] NEW BEST CHECKPOINT — ep 900, success 65.0%
Epi 901    | SUCCESS     | steps 40   | total 108k  |  4.8s | MA100  51%
Epi 902    | COLL_WALL   | steps 30   | total 108k  |  3.5s | MA100  51%
Epi 903    | SUCCESS     | steps 104  | total 108k  | 11.7s | MA100  52%
Epi 904    | SUCCESS     | steps 146  | total 108k  | 16.2s | MA100  52%
Epi 905    | SUCCESS     | steps 49   | total 108k  |  5.8s | MA100  53%
Epi 906    | SUCCESS     | steps 100  | total 108k  | 11.5s | MA100  53%
Epi 907    | SUCCESS     | steps 44   | total 108k  |  4.7s | MA100  53%
Epi 908    | SUCCESS     | steps 113  | total 108k  | 12.9s | MA100  53%
Epi 909    | SUCCESS     | steps 95   | total 108k  | 10.3s | MA100  53%
Epi 910    | COLL_WALL   | steps 33   | total 108k  |  3.8s | MA100  53%
Epi 911    | COLL_WALL   | steps 51   | total 108k  |  5.9s | MA100  52%
Epi 912    | TUMBLE      | steps 34   | total 108k  |  3.9s | MA100  52%
Epi 913    | TUMBLE      | steps 30   | total 108k  |  3.3s | MA100  52%
Epi 914    | TUMBLE      | steps 38   | total 108k  |  3.8s | MA100  52%
Epi 915    | SUCCESS     | steps 62   | total 108k  |  7.1s | MA100  53%
Epi 916    | SUCCESS     | steps 37   | total 109k  |  4.2s | MA100  54%
Epi 917    | SUCCESS     | steps 77   | total 109k  |  8.3s | MA100  55%
Epi 918    | COLL_WALL   | steps 72   | total 109k  |  7.5s | MA100  55%
Epi 919    | SUCCESS     | steps 35   | total 109k  |  3.8s | MA100  55%
Epi 920    | SUCCESS     | steps 46   | total 109k  |  5.1s | MA100  56%
Epi 921    | COLL_WALL   | steps 68   | total 109k  |  7.1s | MA100  56%
Epi 922    | SUCCESS     | steps 82   | total 109k  |  9.3s | MA100  56%
Epi 923    | COLL_WALL   | steps 53   | total 109k  |  6.0s | MA100  55%
Epi 924    | SUCCESS     | steps 79   | total 109k  |  8.5s | MA100  56%
Epi 925    | SUCCESS     | steps 46   | total 109k  |  5.2s | MA100  56%
Epi 926    | SUCCESS     | steps 67   | total 109k  |  7.7s | MA100  56%
Epi 927    | COLL_WALL   | steps 31   | total 109k  |  3.6s | MA100  55%
Epi 928    | SUCCESS     | steps 44   | total 109k  |  4.6s | MA100  56%
Epi 929    | SUCCESS     | steps 40   | total 109k  |  4.6s | MA100  56%
Epi 930    | COLL_WALL   | steps 74   | total 109k  |  8.4s | MA100  55%
Epi 931    | SUCCESS     | steps 30   | total 109k  |  3.5s | MA100  56%
Epi 932    | TIMEOUT     | steps 157  | total 110k  | 18.0s | MA100  55%
Epi 933    | SUCCESS     | steps 75   | total 110k  |  8.8s | MA100  55%
Epi 934    | COLL_WALL   | steps 45   | total 110k  |  4.7s | MA100  55%
Epi 935    | SUCCESS     | steps 88   | total 110k  | 10.4s | MA100  56%
Epi 936    | SUCCESS     | steps 102  | total 110k  | 11.4s | MA100  57%
Epi 937    | COLL_WALL   | steps 35   | total 110k  |  4.1s | MA100  57%
Epi 938    | SUCCESS     | steps 80   | total 110k  |  9.4s | MA100  57%
Epi 939    | SUCCESS     | steps 65   | total 110k  |  7.3s | MA100  57%
Epi 940    | SUCCESS     | steps 77   | total 110k  |  8.6s | MA100  57%
Epi 941    | SUCCESS     | steps 59   | total 110k  |  6.9s | MA100  58%
Epi 942    | SUCCESS     | steps 40   | total 110k  |  4.3s | MA100  58%
Epi 943    | TUMBLE      | steps 30   | total 110k  |  3.0s | MA100  58%
Epi 944    | COLL_WALL   | steps 30   | total 110k  |  3.4s | MA100  57%
Epi 945    | TUMBLE      | steps 37   | total 110k  |  4.1s | MA100  57%
Epi 946    | TUMBLE      | steps 30   | total 110k  |  3.4s | MA100  57%
Epi 947    | COLL_WALL   | steps 43   | total 110k  |  4.8s | MA100  57%
Epi 948    | SUCCESS     | steps 70   | total 110k  |  7.2s | MA100  57%
Epi 949    | SUCCESS     | steps 102  | total 111k  | 11.5s | MA100  58%
Epi 950    | SUCCESS     | steps 114  | total 111k  | 12.5s | MA100  58%
Epi 951    | SUCCESS     | steps 57   | total 111k  |  6.7s | MA100  59%
Epi 952    | SUCCESS     | steps 53   | total 111k  |  6.4s | MA100  59%
Epi 953    | SUCCESS     | steps 72   | total 111k  |  8.1s | MA100  60%
Epi 954    | COLL_WALL   | steps 62   | total 111k  |  7.4s | MA100  59%
Epi 955    | COLL_WALL   | steps 67   | total 111k  |  8.0s | MA100  59%
Epi 956    | SUCCESS     | steps 72   | total 111k  |  8.0s | MA100  59%
Epi 957    | COLL_WALL   | steps 69   | total 111k  |  8.0s | MA100  58%
Epi 958    | SUCCESS     | steps 40   | total 111k  |  4.5s | MA100  58%
Epi 959    | COLL_WALL   | steps 54   | total 111k  |  6.1s | MA100  58%
Epi 960    | SUCCESS     | steps 72   | total 111k  |  8.0s | MA100  58%
Epi 961    | COLL_WALL   | steps 56   | total 111k  |  6.6s | MA100  58%
Epi 962    | SUCCESS     | steps 71   | total 111k  |  8.0s | MA100  59%
Epi 963    | COLL_WALL   | steps 43   | total 111k  |  4.5s | MA100  59%
Epi 964    | SUCCESS     | steps 54   | total 111k  |  6.2s | MA100  59%
Epi 965    | COLL_WALL   | steps 30   | total 111k  |  3.5s | MA100  58%
Epi 966    | COLL_WALL   | steps 31   | total 112k  |  3.6s | MA100  58%
Epi 967    | SUCCESS     | steps 47   | total 112k  |  5.1s | MA100  58%
Epi 968    | SUCCESS     | steps 80   | total 112k  |  8.8s | MA100  59%
Epi 969    | SUCCESS     | steps 53   | total 112k  |  6.1s | MA100  59%
Epi 970    | COLL_WALL   | steps 62   | total 112k  |  6.9s | MA100  59%
Epi 971    | COLL_WALL   | steps 44   | total 112k  |  4.5s | MA100  58%
Epi 972    | COLL_WALL   | steps 45   | total 112k  |  5.2s | MA100  57%
Epi 973    | SUCCESS     | steps 52   | total 112k  |  5.9s | MA100  57%
Epi 974    | SUCCESS     | steps 35   | total 112k  |  4.0s | MA100  57%
Epi 975    | SUCCESS     | steps 43   | total 112k  |  4.6s | MA100  57%
Epi 976    | COLL_WALL   | steps 30   | total 112k  |  3.3s | MA100  57%
Epi 977    | TUMBLE      | steps 30   | total 112k  |  3.5s | MA100  57%
Epi 978    | TUMBLE      | steps 30   | total 112k  |  3.5s | MA100  56%
Epi 979    | COLL_WALL   | steps 51   | total 112k  |  5.9s | MA100  56%
Epi 980    | SUCCESS     | steps 36   | total 112k  |  3.9s | MA100  56%
Epi 981    | COLL_WALL   | steps 30   | total 112k  |  3.1s | MA100  55%
Epi 982    | COLL_WALL   | steps 30   | total 112k  |  3.5s | MA100  54%
Epi 983    | COLL_WALL   | steps 106  | total 112k  | 12.0s | MA100  53%
Epi 984    | SUCCESS     | steps 33   | total 112k  |  3.6s | MA100  54%
Epi 985    | SUCCESS     | steps 67   | total 112k  |  7.2s | MA100  54%
Epi 986    | COLL_WALL   | steps 52   | total 112k  |  5.9s | MA100  53%
Epi 987    | TUMBLE      | steps 30   | total 113k  |  3.4s | MA100  53%
Epi 988    | TUMBLE      | steps 32   | total 113k  |  3.6s | MA100  53%
Epi 989    | SUCCESS     | steps 135  | total 113k  | 14.3s | MA100  53%
Epi 990    | SUCCESS     | steps 135  | total 113k  | 14.7s | MA100  54%
Epi 991    | COLL_WALL   | steps 50   | total 113k  |  5.7s | MA100  54%
Epi 992    | SUCCESS     | steps 62   | total 113k  |  7.0s | MA100  55%
Epi 993    | SUCCESS     | steps 58   | total 113k  |  6.4s | MA100  56%
Epi 994    | COLL_WALL   | steps 63   | total 113k  |  6.7s | MA100  55%
Epi 995    | SUCCESS     | steps 71   | total 113k  |  8.2s | MA100  56%
Epi 996    | SUCCESS     | steps 128  | total 113k  | 14.0s | MA100  56%
Epi 997    | SUCCESS     | steps 42   | total 113k  |  4.7s | MA100  57%
Epi 998    | COLL_WALL   | steps 30   | total 113k  |  3.4s | MA100  57%
Epi 999    | SUCCESS     | steps 30   | total 113k  |  3.4s | MA100  57%
Epi 1000   | COLL_WALL   | steps 30   | total 113k  |  3.3s | MA100  56%
saving data for episode: 1000, location: /home/kaushik/project/deep-rl-robot-navigation/src/turtlebot3_drl/model/fond-filly/sac_4_stage_9
saving actor model for episode: 1000
saving critic model for episode: 1000
saving target_critic model for episode: 1000
[val] ep 1000: 55.0% over 40 det. eps  |  best: 65.0% @ ep 900
Epi 1001   | COLL_WALL   | steps 38   | total 113k  |  4.5s | MA100  55%
Epi 1002   | SUCCESS     | steps 30   | total 113k  |  3.4s | MA100  56%
Epi 1003   | COLL_WALL   | steps 38   | total 113k  |  4.4s | MA100  55%
Epi 1004   | SUCCESS     | steps 30   | total 114k  |  3.5s | MA100  55%
Epi 1005   | COLL_WALL   | steps 79   | total 114k  |  8.7s | MA100  54%
Epi 1006   | COLL_WALL   | steps 30   | total 114k  |  3.5s | MA100  53%
Epi 1007   | SUCCESS     | steps 30   | total 114k  |  3.5s | MA100  53%
Epi 1008   | SUCCESS     | steps 35   | total 114k  |  4.2s | MA100  53%
Epi 1009   | SUCCESS     | steps 45   | total 114k  |  5.0s | MA100  53%
Epi 1010   | SUCCESS     | steps 87   | total 114k  |  9.5s | MA100  54%
Epi 1011   | SUCCESS     | steps 46   | total 114k  |  5.3s | MA100  55%
Epi 1012   | COLL_WALL   | steps 30   | total 114k  |  3.5s | MA100  55%
Epi 1013   | SUCCESS     | steps 30   | total 114k  |  3.4s | MA100  56%
Epi 1014   | SUCCESS     | steps 52   | total 114k  |  5.5s | MA100  57%
Epi 1015   | SUCCESS     | steps 36   | total 114k  |  4.0s | MA100  57%
Epi 1016   | SUCCESS     | steps 95   | total 114k  | 10.6s | MA100  57%
Epi 1017   | SUCCESS     | steps 104  | total 114k  | 11.1s | MA100  57%
Epi 1018   | SUCCESS     | steps 79   | total 114k  |  8.8s | MA100  58%
Epi 1019   | SUCCESS     | steps 76   | total 114k  |  8.0s | MA100  58%
Epi 1020   | COLL_WALL   | steps 34   | total 114k  |  3.9s | MA100  57%
Epi 1021   | COLL_WALL   | steps 47   | total 114k  |  5.4s | MA100  57%
Epi 1022   | SUCCESS     | steps 55   | total 115k  |  6.2s | MA100  57%
Epi 1023   | SUCCESS     | steps 39   | total 115k  |  4.1s | MA100  58%
Epi 1024   | COLL_WALL   | steps 41   | total 115k  |  4.4s | MA100  57%
Epi 1025   | SUCCESS     | steps 69   | total 115k  |  7.7s | MA100  57%
Epi 1026   | COLL_WALL   | steps 33   | total 115k  |  3.7s | MA100  56%
Epi 1027   | SUCCESS     | steps 55   | total 115k  |  5.9s | MA100  57%
Epi 1028   | SUCCESS     | steps 49   | total 115k  |  5.2s | MA100  57%
Epi 1029   | COLL_WALL   | steps 30   | total 115k  |  3.4s | MA100  56%
Epi 1030   | SUCCESS     | steps 101  | total 115k  | 11.2s | MA100  57%
Epi 1031   | COLL_WALL   | steps 53   | total 115k  |  5.5s | MA100  56%
Epi 1032   | SUCCESS     | steps 85   | total 115k  |  9.3s | MA100  57%
Epi 1033   | SUCCESS     | steps 120  | total 115k  | 12.5s | MA100  57%
Epi 1034   | COLL_WALL   | steps 30   | total 115k  |  3.3s | MA100  57%
Epi 1035   | SUCCESS     | steps 48   | total 115k  |  5.3s | MA100  57%
Epi 1036   | SUCCESS     | steps 39   | total 115k  |  4.3s | MA100  57%
Epi 1037   | SUCCESS     | steps 62   | total 115k  |  6.4s | MA100  58%
Epi 1038   | SUCCESS     | steps 47   | total 115k  |  5.0s | MA100  58%
Epi 1039   | SUCCESS     | steps 31   | total 115k  |  3.4s | MA100  58%
Epi 1040   | SUCCESS     | steps 92   | total 116k  | 10.2s | MA100  58%
Epi 1041   | COLL_WALL   | steps 36   | total 116k  |  3.8s | MA100  57%
Epi 1042   | SUCCESS     | steps 33   | total 116k  |  3.6s | MA100  57%
Epi 1043   | COLL_WALL   | steps 31   | total 116k  |  3.5s | MA100  57%
Epi 1044   | COLL_WALL   | steps 35   | total 116k  |  4.0s | MA100  57%
Epi 1045   | COLL_WALL   | steps 50   | total 116k  |  5.8s | MA100  57%
Epi 1046   | SUCCESS     | steps 79   | total 116k  |  8.6s | MA100  58%
Epi 1047   | SUCCESS     | steps 126  | total 116k  | 14.4s | MA100  59%
Epi 1048   | COLL_WALL   | steps 36   | total 116k  |  4.0s | MA100  58%
Epi 1049   | SUCCESS     | steps 53   | total 116k  |  5.9s | MA100  58%
Epi 1050   | COLL_WALL   | steps 66   | total 116k  |  7.4s | MA100  57%
Epi 1051   | COLL_WALL   | steps 38   | total 116k  |  4.3s | MA100  56%
Epi 1052   | COLL_WALL   | steps 31   | total 116k  |  3.2s | MA100  55%
Epi 1053   | SUCCESS     | steps 30   | total 116k  |  3.0s | MA100  55%
Epi 1054   | SUCCESS     | steps 51   | total 116k  |  5.8s | MA100  56%
Epi 1055   | SUCCESS     | steps 34   | total 116k  |  3.9s | MA100  57%
Epi 1056   | SUCCESS     | steps 207  | total 116k  | 23.2s | MA100  57%
Epi 1057   | SUCCESS     | steps 54   | total 117k  |  6.2s | MA100  58%
Epi 1058   | SUCCESS     | steps 96   | total 117k  | 10.3s | MA100  58%
Epi 1059   | SUCCESS     | steps 65   | total 117k  |  7.2s | MA100  59%
Epi 1060   | SUCCESS     | steps 72   | total 117k  |  8.1s | MA100  59%
Epi 1061   | COLL_WALL   | steps 65   | total 117k  |  7.0s | MA100  59%
Epi 1062   | COLL_WALL   | steps 38   | total 117k  |  4.3s | MA100  58%
Epi 1063   | SUCCESS     | steps 54   | total 117k  |  6.2s | MA100  59%
Epi 1064   | SUCCESS     | steps 47   | total 117k  |  5.0s | MA100  59%
Epi 1065   | COLL_WALL   | steps 30   | total 117k  |  3.1s | MA100  59%
Epi 1066   | SUCCESS     | steps 48   | total 117k  |  5.5s | MA100  60%
Epi 1067   | COLL_WALL   | steps 65   | total 117k  |  7.4s | MA100  59%
Epi 1068   | SUCCESS     | steps 71   | total 117k  |  7.6s | MA100  59%
Epi 1069   | COLL_WALL   | steps 54   | total 117k  |  6.1s | MA100  58%
Epi 1070   | SUCCESS     | steps 60   | total 117k  |  6.9s | MA100  59%
Epi 1071   | SUCCESS     | steps 30   | total 117k  |  3.4s | MA100  60%
Epi 1072   | SUCCESS     | steps 44   | total 117k  |  4.7s | MA100  61%
Epi 1073   | COLL_WALL   | steps 58   | total 117k  |  6.2s | MA100  60%
Epi 1074   | COLL_WALL   | steps 102  | total 118k  | 11.5s | MA100  59%
Epi 1075   | COLL_WALL   | steps 34   | total 118k  |  3.7s | MA100  58%
Epi 1076   | SUCCESS     | steps 80   | total 118k  |  8.8s | MA100  59%
Epi 1077   | SUCCESS     | steps 123  | total 118k  | 13.5s | MA100  60%
Epi 1078   | COLL_WALL   | steps 31   | total 118k  |  3.2s | MA100  60%
Epi 1079   | COLL_WALL   | steps 75   | total 118k  |  8.5s | MA100  60%
Epi 1080   | SUCCESS     | steps 65   | total 118k  |  7.3s | MA100  60%
Epi 1081   | COLL_WALL   | steps 30   | total 118k  |  2.9s | MA100  60%
Epi 1082   | COLL_WALL   | steps 30   | total 118k  |  3.3s | MA100  60%
Epi 1083   | COLL_WALL   | steps 30   | total 118k  |  3.3s | MA100  60%
Epi 1084   | SUCCESS     | steps 35   | total 118k  |  4.0s | MA100  60%
Epi 1085   | SUCCESS     | steps 70   | total 118k  |  7.9s | MA100  60%
Epi 1086   | COLL_WALL   | steps 31   | total 118k  |  3.1s | MA100  60%
Epi 1087   | COLL_WALL   | steps 68   | total 118k  |  7.7s | MA100  60%
Epi 1088   | SUCCESS     | steps 30   | total 118k  |  3.5s | MA100  61%
Epi 1089   | COLL_WALL   | steps 39   | total 118k  |  4.4s | MA100  60%
Epi 1090   | SUCCESS     | steps 53   | total 118k  |  5.8s | MA100  60%
Epi 1091   | SUCCESS     | steps 67   | total 118k  |  7.6s | MA100  61%
Epi 1092   | COLL_WALL   | steps 43   | total 118k  |  4.9s | MA100  60%
Epi 1093   | SUCCESS     | steps 48   | total 119k  |  5.5s | MA100  60%
Epi 1094   | SUCCESS     | steps 80   | total 119k  |  8.4s | MA100  61%
Epi 1095   | SUCCESS     | steps 82   | total 119k  |  9.4s | MA100  61%
Epi 1096   | COLL_WALL   | steps 106  | total 119k  | 11.6s | MA100  60%
Epi 1097   | SUCCESS     | steps 30   | total 119k  |  3.4s | MA100  60%
Epi 1098   | SUCCESS     | steps 40   | total 119k  |  4.6s | MA100  61%
Epi 1099   | SUCCESS     | steps 71   | total 119k  |  8.1s | MA100  61%
Epi 1100   | SUCCESS     | steps 42   | total 119k  |  4.5s | MA100  62%
saving data for episode: 1100, location: /home/kaushik/project/deep-rl-robot-navigation/src/turtlebot3_drl/model/fond-filly/sac_4_stage_9
saving actor model for episode: 1100
saving critic model for episode: 1100
saving target_critic model for episode: 1100
[val] ep 1100: 75.0% over 40 det. eps  |  best: 65.0% @ ep 900
[val] NEW BEST CHECKPOINT — ep 1100, success 75.0%
Epi 1101   | SUCCESS     | steps 44   | total 119k  |  5.0s | MA100  63%
Epi 1102   | SUCCESS     | steps 65   | total 119k  |  7.3s | MA100  63%
Epi 1103   | SUCCESS     | steps 35   | total 119k  |  3.8s | MA100  64%
Epi 1104   | SUCCESS     | steps 52   | total 119k  |  5.8s | MA100  64%
Epi 1105   | SUCCESS     | steps 31   | total 119k  |  3.6s | MA100  65%
Epi 1106   | COLL_WALL   | steps 46   | total 119k  |  5.3s | MA100  65%
Epi 1107   | COLL_WALL   | steps 172  | total 119k  | 19.5s | MA100  64%
Epi 1108   | COLL_WALL   | steps 83   | total 119k  |  9.6s | MA100  63%
Epi 1109   | SUCCESS     | steps 39   | total 120k  |  4.1s | MA100  63%
Epi 1110   | COLL_WALL   | steps 49   | total 120k  |  5.6s | MA100  62%
Epi 1111   | TIMEOUT     | steps 160  | total 120k  | 17.5s | MA100  61%
Epi 1112   | SUCCESS     | steps 72   | total 120k  |  8.2s | MA100  62%
Epi 1113   | COLL_WALL   | steps 30   | total 120k  |  3.5s | MA100  61%
Epi 1114   | SUCCESS     | steps 123  | total 120k  | 13.5s | MA100  61%
Epi 1115   | SUCCESS     | steps 57   | total 120k  |  6.5s | MA100  61%
Epi 1116   | COLL_WALL   | steps 72   | total 120k  |  8.0s | MA100  60%
Epi 1117   | SUCCESS     | steps 81   | total 120k  |  8.8s | MA100  60%
Epi 1118   | SUCCESS     | steps 79   | total 120k  |  9.0s | MA100  60%
Epi 1119   | SUCCESS     | steps 101  | total 120k  | 10.9s | MA100  60%
Epi 1120   | SUCCESS     | steps 81   | total 120k  |  9.2s | MA100  61%
Epi 1121   | SUCCESS     | steps 61   | total 120k  |  6.6s | MA100  62%
Epi 1122   | SUCCESS     | steps 105  | total 121k  | 11.5s | MA100  62%
Epi 1123   | SUCCESS     | steps 83   | total 121k  |  9.3s | MA100  62%
Epi 1124   | COLL_WALL   | steps 30   | total 121k  |  3.0s | MA100  62%
Epi 1125   | SUCCESS     | steps 30   | total 121k  |  3.5s | MA100  62%
Epi 1126   | COLL_WALL   | steps 138  | total 121k  | 16.0s | MA100  62%
Epi 1127   | SUCCESS     | steps 48   | total 121k  |  5.2s | MA100  62%
Epi 1128   | COLL_WALL   | steps 53   | total 121k  |  6.1s | MA100  61%
Epi 1129   | SUCCESS     | steps 40   | total 121k  |  4.6s | MA100  62%
Epi 1130   | SUCCESS     | steps 83   | total 121k  |  9.3s | MA100  62%
Epi 1131   | SUCCESS     | steps 123  | total 121k  | 14.1s | MA100  63%
Epi 1132   | COLL_WALL   | steps 56   | total 121k  |  6.2s | MA100  62%
Epi 1133   | SUCCESS     | steps 123  | total 121k  | 13.3s | MA100  62%
Epi 1134   | COLL_WALL   | steps 31   | total 121k  |  3.4s | MA100  62%
Epi 1135   | SUCCESS     | steps 48   | total 121k  |  5.4s | MA100  62%
Epi 1136   | SUCCESS     | steps 98   | total 122k  |  9.5s | MA100  62%
Epi 1137   | COLL_WALL   | steps 31   | total 122k  |  3.5s | MA100  61%
Epi 1138   | SUCCESS     | steps 67   | total 122k  |  7.5s | MA100  61%
Epi 1139   | SUCCESS     | steps 95   | total 122k  | 10.3s | MA100  61%
Epi 1140   | SUCCESS     | steps 62   | total 122k  |  6.7s | MA100  61%
Epi 1141   | SUCCESS     | steps 30   | total 122k  |  3.3s | MA100  62%
Epi 1142   | SUCCESS     | steps 72   | total 122k  |  7.7s | MA100  62%
Epi 1143   | SUCCESS     | steps 54   | total 122k  |  5.5s | MA100  63%
Epi 1144   | SUCCESS     | steps 57   | total 122k  |  6.1s | MA100  64%
Epi 1145   | COLL_WALL   | steps 30   | total 122k  |  3.2s | MA100  64%
Epi 1146   | TUMBLE      | steps 35   | total 122k  |  3.8s | MA100  63%
Epi 1147   | SUCCESS     | steps 30   | total 122k  |  2.9s | MA100  63%
Epi 1148   | COLL_WALL   | steps 30   | total 122k  |  2.8s | MA100  63%
Epi 1149   | SUCCESS     | steps 30   | total 122k  |  3.2s | MA100  63%
Epi 1150   | SUCCESS     | steps 120  | total 122k  | 12.6s | MA100  64%
Epi 1151   | SUCCESS     | steps 98   | total 122k  |  9.8s | MA100  65%
Epi 1152   | SUCCESS     | steps 62   | total 122k  |  6.5s | MA100  66%
Epi 1153   | SUCCESS     | steps 72   | total 123k  |  7.6s | MA100  66%
Epi 1154   | SUCCESS     | steps 51   | total 123k  |  4.8s | MA100  66%
Epi 1155   | SUCCESS     | steps 30   | total 123k  |  3.2s | MA100  66%
Epi 1156   | SUCCESS     | steps 70   | total 123k  |  7.6s | MA100  66%
Epi 1157   | SUCCESS     | steps 77   | total 123k  |  8.3s | MA100  66%
Epi 1158   | SUCCESS     | steps 137  | total 123k  | 14.3s | MA100  66%
Epi 1159   | SUCCESS     | steps 57   | total 123k  |  6.1s | MA100  66%
Epi 1160   | SUCCESS     | steps 55   | total 123k  |  5.4s | MA100  66%
Epi 1161   | COLL_WALL   | steps 39   | total 123k  |  4.1s | MA100  66%
Epi 1162   | SUCCESS     | steps 52   | total 123k  |  5.5s | MA100  67%
Epi 1163   | SUCCESS     | steps 32   | total 123k  |  3.4s | MA100  67%
Epi 1164   | COLL_WALL   | steps 30   | total 123k  |  3.2s | MA100  66%
Epi 1165   | SUCCESS     | steps 54   | total 123k  |  5.2s | MA100  67%
Epi 1166   | SUCCESS     | steps 61   | total 123k  |  6.6s | MA100  67%
Epi 1167   | SUCCESS     | steps 59   | total 123k  |  6.3s | MA100  68%
Epi 1168   | SUCCESS     | steps 54   | total 123k  |  5.9s | MA100  68%
Epi 1169   | SUCCESS     | steps 65   | total 123k  |  6.8s | MA100  69%
Epi 1170   | SUCCESS     | steps 74   | total 124k  |  8.4s | MA100  69%
Epi 1171   | SUCCESS     | steps 48   | total 124k  |  5.5s | MA100  69%
Epi 1172   | TUMBLE      | steps 31   | total 124k  |  3.3s | MA100  68%
Epi 1173   | TUMBLE      | steps 30   | total 124k  |  3.0s | MA100  68%
Epi 1174   | TUMBLE      | steps 30   | total 124k  |  3.5s | MA100  68%
Epi 1175   | SUCCESS     | steps 68   | total 124k  |  7.8s | MA100  69%
Epi 1176   | SUCCESS     | steps 68   | total 124k  |  7.4s | MA100  69%
Epi 1177   | COLL_WALL   | steps 85   | total 124k  |  9.2s | MA100  68%
Epi 1178   | COLL_WALL   | steps 31   | total 124k  |  3.5s | MA100  68%
Epi 1179   | COLL_WALL   | steps 81   | total 124k  |  9.2s | MA100  68%
Epi 1180   | SUCCESS     | steps 60   | total 124k  |  6.3s | MA100  68%
Epi 1181   | SUCCESS     | steps 46   | total 124k  |  5.2s | MA100  69%
Epi 1182   | SUCCESS     | steps 73   | total 124k  |  8.4s | MA100  70%
Epi 1183   | COLL_WALL   | steps 30   | total 124k  |  3.4s | MA100  70%
Epi 1184   | SUCCESS     | steps 62   | total 124k  |  6.5s | MA100  70%
Epi 1185   | COLL_WALL   | steps 67   | total 124k  |  7.5s | MA100  69%
Epi 1186   | COLL_WALL   | steps 33   | total 124k  |  3.8s | MA100  69%
Epi 1187   | SUCCESS     | steps 52   | total 124k  |  5.7s | MA100  70%
Epi 1188   | SUCCESS     | steps 33   | total 124k  |  3.5s | MA100  70%
Epi 1189   | COLL_WALL   | steps 36   | total 125k  |  4.1s | MA100  70%
Epi 1190   | COLL_WALL   | steps 57   | total 125k  |  6.5s | MA100  69%
Epi 1191   | SUCCESS     | steps 30   | total 125k  |  3.5s | MA100  69%
Epi 1192   | SUCCESS     | steps 34   | total 125k  |  3.5s | MA100  70%
Epi 1193   | SUCCESS     | steps 35   | total 125k  |  3.6s | MA100  70%
Epi 1194   | SUCCESS     | steps 65   | total 125k  |  7.3s | MA100  70%
Epi 1195   | SUCCESS     | steps 97   | total 125k  | 10.9s | MA100  70%
Epi 1196   | SUCCESS     | steps 53   | total 125k  |  5.6s | MA100  71%
Epi 1197   | SUCCESS     | steps 48   | total 125k  |  5.5s | MA100  71%
Epi 1198   | COLL_WALL   | steps 78   | total 125k  |  9.0s | MA100  70%
Epi 1199   | SUCCESS     | steps 74   | total 125k  |  7.6s | MA100  70%
Epi 1200   | SUCCESS     | steps 31   | total 125k  |  3.4s | MA100  70%
saving data for episode: 1200, location: /home/kaushik/project/deep-rl-robot-navigation/src/turtlebot3_drl/model/fond-filly/sac_4_stage_9
saving actor model for episode: 1200
saving critic model for episode: 1200
saving target_critic model for episode: 1200
[val] ep 1200: 70.0% over 40 det. eps  |  best: 75.0% @ ep 1100
Epi 1201   | SUCCESS     | steps 60   | total 125k  |  6.7s | MA100  70%
Epi 1202   | SUCCESS     | steps 46   | total 125k  |  5.1s | MA100  70%
Epi 1203   | COLL_WALL   | steps 34   | total 125k  |  3.9s | MA100  69%
Epi 1204   | SUCCESS     | steps 64   | total 125k  |  7.5s | MA100  69%
Epi 1205   | SUCCESS     | steps 57   | total 125k  |  6.2s | MA100  69%
Epi 1206   | COLL_WALL   | steps 57   | total 125k  |  6.8s | MA100  69%
Epi 1207   | SUCCESS     | steps 53   | total 125k  |  6.4s | MA100  70%
Epi 1208   | COLL_WALL   | steps 158  | total 126k  | 18.2s | MA100  70%
Epi 1209   | COLL_WALL   | steps 32   | total 126k  |  3.8s | MA100  69%
Epi 1210   | SUCCESS     | steps 101  | total 126k  | 11.4s | MA100  70%
Epi 1211   | SUCCESS     | steps 118  | total 126k  | 13.9s | MA100  71%
Epi 1212   | SUCCESS     | steps 166  | total 126k  | 19.3s | MA100  71%
Epi 1213   | SUCCESS     | steps 40   | total 126k  |  4.8s | MA100  72%
Epi 1214   | TUMBLE      | steps 30   | total 126k  |  3.5s | MA100  71%
Epi 1215   | COLL_WALL   | steps 37   | total 126k  |  4.1s | MA100  70%
Epi 1216   | SUCCESS     | steps 30   | total 126k  |  3.6s | MA100  71%
Epi 1217   | COLL_WALL   | steps 60   | total 126k  |  7.3s | MA100  70%
Epi 1218   | SUCCESS     | steps 49   | total 126k  |  5.7s | MA100  70%
Epi 1219   | TUMBLE      | steps 30   | total 126k  |  3.4s | MA100  69%
Epi 1220   | COLL_WALL   | steps 106  | total 126k  | 13.0s | MA100  68%
Epi 1221   | SUCCESS     | steps 76   | total 127k  |  9.0s | MA100  68%
Epi 1222   | SUCCESS     | steps 75   | total 127k  |  8.8s | MA100  68%
Epi 1223   | COLL_WALL   | steps 116  | total 127k  | 13.7s | MA100  67%
Epi 1224   | SUCCESS     | steps 41   | total 127k  |  5.0s | MA100  68%
Epi 1225   | COLL_WALL   | steps 133  | total 127k  | 15.7s | MA100  67%
Epi 1226   | SUCCESS     | steps 30   | total 127k  |  3.1s | MA100  68%
Epi 1227   | COLL_WALL   | steps 76   | total 127k  |  8.8s | MA100  67%
Epi 1228   | SUCCESS     | steps 30   | total 127k  |  3.5s | MA100  68%
Epi 1229   | COLL_WALL   | steps 30   | total 127k  |  3.4s | MA100  67%
Epi 1230   | SUCCESS     | steps 40   | total 127k  |  4.2s | MA100  67%
Epi 1231   | SUCCESS     | steps 78   | total 127k  |  8.4s | MA100  67%
Epi 1232   | COLL_WALL   | steps 139  | total 127k  | 15.7s | MA100  67%
Epi 1233   | SUCCESS     | steps 34   | total 127k  |  3.8s | MA100  67%
Epi 1234   | COLL_WALL   | steps 41   | total 127k  |  4.7s | MA100  67%
Epi 1235   | SUCCESS     | steps 39   | total 127k  |  4.5s | MA100  67%
Epi 1236   | SUCCESS     | steps 74   | total 127k  |  8.5s | MA100  67%
Epi 1237   | COLL_WALL   | steps 65   | total 128k  |  7.2s | MA100  67%
Epi 1238   | SUCCESS     | steps 102  | total 128k  | 11.8s | MA100  67%
Epi 1239   | COLL_WALL   | steps 82   | total 128k  |  8.9s | MA100  66%
Epi 1240   | COLL_WALL   | steps 35   | total 128k  |  4.0s | MA100  65%
Epi 1241   | SUCCESS     | steps 45   | total 128k  |  5.2s | MA100  65%
Epi 1242   | SUCCESS     | steps 97   | total 128k  | 10.6s | MA100  65%
Epi 1243   | SUCCESS     | steps 71   | total 128k  |  8.2s | MA100  65%
Epi 1244   | SUCCESS     | steps 30   | total 128k  |  3.4s | MA100  65%
Epi 1245   | COLL_WALL   | steps 58   | total 128k  |  6.5s | MA100  65%
Epi 1246   | SUCCESS     | steps 56   | total 128k  |  5.9s | MA100  66%
Epi 1247   | SUCCESS     | steps 74   | total 128k  |  8.4s | MA100  66%
Epi 1248   | SUCCESS     | steps 42   | total 128k  |  4.9s | MA100  67%
Epi 1249   | COLL_WALL   | steps 57   | total 128k  |  6.0s | MA100  66%
Epi 1250   | COLL_WALL   | steps 133  | total 128k  | 15.3s | MA100  65%
Epi 1251   | SUCCESS     | steps 50   | total 128k  |  5.6s | MA100  65%
Epi 1252   | SUCCESS     | steps 68   | total 129k  |  7.3s | MA100  65%
Epi 1253   | SUCCESS     | steps 88   | total 129k  | 10.1s | MA100  65%
Epi 1254   | COLL_WALL   | steps 67   | total 129k  |  7.3s | MA100  64%
Epi 1255   | COLL_WALL   | steps 37   | total 129k  |  4.1s | MA100  63%
Epi 1256   | SUCCESS     | steps 78   | total 129k  |  8.9s | MA100  63%
Epi 1257   | SUCCESS     | steps 49   | total 129k  |  5.6s | MA100  63%
Epi 1258   | SUCCESS     | steps 48   | total 129k  |  5.0s | MA100  63%
Epi 1259   | COLL_WALL   | steps 30   | total 129k  |  3.4s | MA100  62%
Epi 1260   | SUCCESS     | steps 40   | total 129k  |  4.6s | MA100  62%
Epi 1261   | SUCCESS     | steps 55   | total 129k  |  6.1s | MA100  63%
Epi 1262   | SUCCESS     | steps 36   | total 129k  |  4.0s | MA100  63%
Epi 1263   | SUCCESS     | steps 57   | total 129k  |  6.2s | MA100  63%
Epi 1264   | TIMEOUT     | steps 134  | total 129k  | 15.3s | MA100  63%
Epi 1265   | SUCCESS     | steps 54   | total 129k  |  5.5s | MA100  63%
Epi 1266   | COLL_WALL   | steps 30   | total 129k  |  3.3s | MA100  62%
Epi 1267   | SUCCESS     | steps 46   | total 129k  |  5.1s | MA100  62%
Epi 1268   | COLL_WALL   | steps 30   | total 129k  |  3.3s | MA100  61%
Epi 1269   | SUCCESS     | steps 30   | total 129k  |  3.3s | MA100  61%
Epi 1270   | SUCCESS     | steps 30   | total 129k  |  2.9s | MA100  61%
Epi 1271   | SUCCESS     | steps 45   | total 130k  |  4.4s | MA100  61%
Epi 1272   | COLL_WALL   | steps 55   | total 130k  |  6.1s | MA100  61%
Epi 1273   | COLL_WALL   | steps 72   | total 130k  |  8.2s | MA100  61%
Epi 1274   | SUCCESS     | steps 30   | total 130k  |  3.3s | MA100  62%
Epi 1275   | SUCCESS     | steps 50   | total 130k  |  5.1s | MA100  62%
Epi 1276   | COLL_WALL   | steps 38   | total 130k  |  4.3s | MA100  61%
Epi 1277   | COLL_WALL   | steps 54   | total 130k  |  6.1s | MA100  61%
Epi 1278   | SUCCESS     | steps 67   | total 130k  |  7.3s | MA100  62%
Epi 1279   | COLL_WALL   | steps 32   | total 130k  |  3.2s | MA100  62%
Epi 1280   | COLL_WALL   | steps 60   | total 130k  |  6.7s | MA100  61%
Epi 1281   | SUCCESS     | steps 30   | total 130k  |  3.3s | MA100  61%
Epi 1282   | SUCCESS     | steps 83   | total 130k  |  9.1s | MA100  61%
Epi 1283   | SUCCESS     | steps 114  | total 130k  | 12.5s | MA100  62%
Epi 1284   | SUCCESS     | steps 72   | total 130k  |  8.1s | MA100  62%
Epi 1285   | COLL_WALL   | steps 34   | total 130k  |  3.5s | MA100  62%
Epi 1286   | SUCCESS     | steps 45   | total 130k  |  5.1s | MA100  63%
Epi 1287   | SUCCESS     | steps 84   | total 130k  |  9.6s | MA100  63%
Epi 1288   | SUCCESS     | steps 116  | total 131k  | 12.5s | MA100  63%
Epi 1289   | COLL_WALL   | steps 95   | total 131k  | 10.7s | MA100  63%
Epi 1290   | SUCCESS     | steps 37   | total 131k  |  4.2s | MA100  64%
Epi 1291   | COLL_WALL   | steps 79   | total 131k  |  8.6s | MA100  63%
Epi 1292   | SUCCESS     | steps 76   | total 131k  |  8.7s | MA100  63%
Epi 1293   | COLL_WALL   | steps 35   | total 131k  |  3.9s | MA100  62%
Epi 1294   | COLL_WALL   | steps 50   | total 131k  |  5.2s | MA100  61%
Epi 1295   | SUCCESS     | steps 96   | total 131k  | 10.9s | MA100  61%
Epi 1296   | COLL_WALL   | steps 30   | total 131k  |  3.4s | MA100  60%
Epi 1297   | SUCCESS     | steps 67   | total 131k  |  7.2s | MA100  60%
Epi 1298   | COLL_WALL   | steps 31   | total 131k  |  3.2s | MA100  60%
Epi 1299   | SUCCESS     | steps 35   | total 131k  |  4.0s | MA100  60%
Epi 1300   | SUCCESS     | steps 30   | total 131k  |  3.4s | MA100  60%
saving data for episode: 1300, location: /home/kaushik/project/deep-rl-robot-navigation/src/turtlebot3_drl/model/fond-filly/sac_4_stage_9
saving actor model for episode: 1300
saving critic model for episode: 1300
saving target_critic model for episode: 1300
[val] ep 1300: 62.5% over 40 det. eps  |  best: 75.0% @ ep 1100
Epi 1301   | COLL_WALL   | steps 41   | total 131k  |  4.4s | MA100  59%
Epi 1302   | SUCCESS     | steps 32   | total 131k  |  3.7s | MA100  59%
Epi 1303   | SUCCESS     | steps 77   | total 131k  |  8.9s | MA100  60%
Epi 1304   | COLL_WALL   | steps 30   | total 131k  |  3.4s | MA100  59%
Epi 1305   | SUCCESS     | steps 75   | total 131k  |  8.4s | MA100  59%
Epi 1306   | SUCCESS     | steps 38   | total 132k  |  4.3s | MA100  60%
Epi 1307   | SUCCESS     | steps 30   | total 132k  |  3.5s | MA100  60%
Epi 1308   | COLL_WALL   | steps 61   | total 132k  |  6.9s | MA100  60%
Epi 1309   | SUCCESS     | steps 47   | total 132k  |  5.0s | MA100  61%
Epi 1310   | SUCCESS     | steps 63   | total 132k  |  7.1s | MA100  61%
Epi 1311   | SUCCESS     | steps 77   | total 132k  |  8.8s | MA100  61%
Epi 1312   | SUCCESS     | steps 76   | total 132k  |  8.3s | MA100  61%
Epi 1313   | SUCCESS     | steps 140  | total 132k  | 15.7s | MA100  61%
Epi 1314   | SUCCESS     | steps 61   | total 132k  |  6.7s | MA100  62%
Epi 1315   | SUCCESS     | steps 137  | total 132k  | 15.4s | MA100  63%
Epi 1316   | COLL_WALL   | steps 63   | total 132k  |  7.0s | MA100  62%
Epi 1317   | SUCCESS     | steps 48   | total 132k  |  5.5s | MA100  63%
Epi 1318   | SUCCESS     | steps 61   | total 132k  |  6.9s | MA100  63%
Epi 1319   | SUCCESS     | steps 98   | total 132k  | 10.4s | MA100  64%
Epi 1320   | COLL_WALL   | steps 35   | total 133k  |  3.9s | MA100  64%
Epi 1321   | SUCCESS     | steps 54   | total 133k  |  6.3s | MA100  64%
Epi 1322   | TUMBLE      | steps 34   | total 133k  |  3.9s | MA100  63%
Epi 1323   | SUCCESS     | steps 161  | total 133k  | 18.1s | MA100  64%
Epi 1324   | COLL_WALL   | steps 96   | total 133k  | 10.6s | MA100  63%
Epi 1325   | SUCCESS     | steps 30   | total 133k  |  3.5s | MA100  64%
Epi 1326   | SUCCESS     | steps 30   | total 133k  |  3.5s | MA100  64%
Epi 1327   | COLL_WALL   | steps 30   | total 133k  |  3.5s | MA100  64%
Epi 1328   | COLL_WALL   | steps 48   | total 133k  |  5.4s | MA100  63%
Epi 1329   | COLL_WALL   | steps 34   | total 133k  |  3.7s | MA100  63%
Epi 1330   | SUCCESS     | steps 37   | total 133k  |  4.3s | MA100  63%
Epi 1331   | SUCCESS     | steps 58   | total 133k  |  6.8s | MA100  63%
Epi 1332   | SUCCESS     | steps 45   | total 133k  |  5.2s | MA100  64%
Epi 1333   | SUCCESS     | steps 54   | total 133k  |  5.9s | MA100  64%
Epi 1334   | COLL_WALL   | steps 52   | total 133k  |  6.0s | MA100  64%
Epi 1335   | SUCCESS     | steps 44   | total 133k  |  5.1s | MA100  64%
Epi 1336   | SUCCESS     | steps 71   | total 133k  |  7.9s | MA100  64%
Epi 1337   | SUCCESS     | steps 58   | total 133k  |  6.4s | MA100  65%
Epi 1338   | TUMBLE      | steps 30   | total 133k  |  3.5s | MA100  64%
Epi 1339   | TUMBLE      | steps 30   | total 134k  |  3.4s | MA100  64%
Epi 1340   | TUMBLE      | steps 30   | total 134k  |  3.5s | MA100  64%
Epi 1341   | SUCCESS     | steps 136  | total 134k  | 14.7s | MA100  64%
Epi 1342   | SUCCESS     | steps 106  | total 134k  | 11.9s | MA100  64%
Epi 1343   | COLL_WALL   | steps 53   | total 134k  |  5.7s | MA100  63%
Epi 1344   | SUCCESS     | steps 30   | total 134k  |  3.4s | MA100  63%
Epi 1345   | SUCCESS     | steps 80   | total 134k  |  9.1s | MA100  64%
Epi 1346   | SUCCESS     | steps 97   | total 134k  | 10.6s | MA100  64%
Epi 1347   | COLL_WALL   | steps 41   | total 134k  |  4.8s | MA100  63%
Epi 1348   | SUCCESS     | steps 30   | total 134k  |  3.5s | MA100  63%
Epi 1349   | SUCCESS     | steps 30   | total 134k  |  3.5s | MA100  64%
Epi 1350   | SUCCESS     | steps 35   | total 134k  |  3.7s | MA100  65%
Epi 1351   | SUCCESS     | steps 32   | total 134k  |  3.4s | MA100  65%
Epi 1352   | SUCCESS     | steps 54   | total 134k  |  6.1s | MA100  65%
Epi 1353   | SUCCESS     | steps 91   | total 134k  | 10.2s | MA100  65%
Epi 1354   | SUCCESS     | steps 63   | total 134k  |  6.4s | MA100  66%
Epi 1355   | SUCCESS     | steps 71   | total 135k  |  7.9s | MA100  67%
Epi 1356   | SUCCESS     | steps 77   | total 135k  |  8.4s | MA100  67%
Epi 1357   | COLL_WALL   | steps 118  | total 135k  | 12.7s | MA100  66%
Epi 1358   | SUCCESS     | steps 30   | total 135k  |  3.3s | MA100  66%
Epi 1359   | SUCCESS     | steps 72   | total 135k  |  7.8s | MA100  67%
Epi 1360   | SUCCESS     | steps 64   | total 135k  |  6.7s | MA100  67%
Epi 1361   | SUCCESS     | steps 60   | total 135k  |  6.8s | MA100  67%
Epi 1362   | SUCCESS     | steps 92   | total 135k  | 10.1s | MA100  67%
Epi 1363   | COLL_WALL   | steps 45   | total 135k  |  5.0s | MA100  66%
Epi 1364   | SUCCESS     | steps 39   | total 135k  |  4.4s | MA100  67%
Epi 1365   | COLL_WALL   | steps 38   | total 135k  |  4.2s | MA100  66%
Epi 1366   | COLL_WALL   | steps 61   | total 135k  |  6.7s | MA100  66%
Epi 1367   | SUCCESS     | steps 79   | total 135k  |  8.5s | MA100  66%
Epi 1368   | COLL_WALL   | steps 36   | total 135k  |  4.1s | MA100  66%
Epi 1369   | TUMBLE      | steps 30   | total 135k  |  3.4s | MA100  65%
Epi 1370   | TUMBLE      | steps 33   | total 135k  |  3.8s | MA100  64%
Epi 1371   | COLL_WALL   | steps 54   | total 135k  |  5.6s | MA100  63%
Epi 1372   | COLL_WALL   | steps 56   | total 135k  |  6.3s | MA100  63%
Epi 1373   | SUCCESS     | steps 100  | total 136k  | 11.1s | MA100  64%
Epi 1374   | SUCCESS     | steps 39   | total 136k  |  3.8s | MA100  64%
Epi 1375   | SUCCESS     | steps 40   | total 136k  |  4.4s | MA100  64%
Epi 1376   | COLL_WALL   | steps 30   | total 136k  |  3.3s | MA100  64%
Epi 1377   | TUMBLE      | steps 30   | total 136k  |  3.3s | MA100  64%
Epi 1378   | COLL_WALL   | steps 79   | total 136k  |  8.7s | MA100  63%
Epi 1379   | COLL_WALL   | steps 108  | total 136k  | 11.4s | MA100  63%
Epi 1380   | SUCCESS     | steps 197  | total 136k  | 20.8s | MA100  64%
Epi 1381   | SUCCESS     | steps 134  | total 136k  | 14.7s | MA100  64%
Epi 1382   | SUCCESS     | steps 65   | total 136k  |  7.1s | MA100  64%
Epi 1383   | COLL_WALL   | steps 70   | total 136k  |  8.1s | MA100  63%
Epi 1384   | SUCCESS     | steps 30   | total 136k  |  3.4s | MA100  63%
Epi 1385   | COLL_WALL   | steps 32   | total 136k  |  3.5s | MA100  63%
Epi 1386   | SUCCESS     | steps 48   | total 136k  |  4.9s | MA100  63%
Epi 1387   | SUCCESS     | steps 68   | total 137k  |  7.7s | MA100  63%
Epi 1388   | SUCCESS     | steps 59   | total 137k  |  6.9s | MA100  63%
Epi 1389   | SUCCESS     | steps 69   | total 137k  |  7.4s | MA100  64%
Epi 1390   | SUCCESS     | steps 41   | total 137k  |  4.7s | MA100  64%
Epi 1391   | SUCCESS     | steps 66   | total 137k  |  7.5s | MA100  65%
Epi 1392   | SUCCESS     | steps 78   | total 137k  |  8.2s | MA100  65%
Epi 1393   | SUCCESS     | steps 67   | total 137k  |  7.6s | MA100  66%
Epi 1394   | SUCCESS     | steps 34   | total 137k  |  3.8s | MA100  67%
Epi 1395   | SUCCESS     | steps 30   | total 137k  |  3.4s | MA100  67%
Epi 1396   | COLL_WALL   | steps 96   | total 137k  | 10.4s | MA100  67%
Epi 1397   | COLL_WALL   | steps 31   | total 137k  |  3.5s | MA100  66%
Epi 1398   | SUCCESS     | steps 78   | total 137k  |  8.7s | MA100  67%
Epi 1399   | SUCCESS     | steps 107  | total 137k  | 11.5s | MA100  67%
Epi 1400   | COLL_WALL   | steps 82   | total 137k  |  9.2s | MA100  66%
saving data for episode: 1400, location: /home/kaushik/project/deep-rl-robot-navigation/src/turtlebot3_drl/model/fond-filly/sac_4_stage_9
saving actor model for episode: 1400
saving critic model for episode: 1400
saving target_critic model for episode: 1400
[val] ep 1400: 62.5% over 40 det. eps  |  best: 75.0% @ ep 1100
Epi 1401   | SUCCESS     | steps 30   | total 137k  |  3.5s | MA100  67%
Epi 1402   | SUCCESS     | steps 38   | total 137k  |  4.4s | MA100  67%
Epi 1403   | SUCCESS     | steps 53   | total 138k  |  6.0s | MA100  67%
Epi 1404   | SUCCESS     | steps 30   | total 138k  |  3.3s | MA100  68%
Epi 1405   | SUCCESS     | steps 133  | total 138k  | 14.7s | MA100  68%
Epi 1406   | COLL_WALL   | steps 45   | total 138k  |  5.1s | MA100  67%
Epi 1407   | SUCCESS     | steps 48   | total 138k  |  5.3s | MA100  67%
Epi 1408   | SUCCESS     | steps 30   | total 138k  |  3.1s | MA100  68%
Epi 1409   | COLL_WALL   | steps 74   | total 138k  |  8.3s | MA100  67%
Epi 1410   | COLL_WALL   | steps 32   | total 138k  |  3.7s | MA100  66%
Epi 1411   | SUCCESS     | steps 30   | total 138k  |  3.4s | MA100  66%
Epi 1412   | COLL_WALL   | steps 54   | total 138k  |  5.3s | MA100  65%
Epi 1413   | SUCCESS     | steps 68   | total 138k  |  7.8s | MA100  65%
Epi 1414   | SUCCESS     | steps 101  | total 138k  | 11.5s | MA100  65%
Epi 1415   | TIMEOUT     | steps 193  | total 138k  | 21.4s | MA100  64%
Epi 1416   | SUCCESS     | steps 30   | total 138k  |  3.1s | MA100  65%
Epi 1417   | SUCCESS     | steps 112  | total 138k  | 12.1s | MA100  65%
Epi 1418   | SUCCESS     | steps 50   | total 139k  |  5.7s | MA100  65%
Epi 1419   | SUCCESS     | steps 39   | total 139k  |  4.3s | MA100  65%
Epi 1420   | SUCCESS     | steps 98   | total 139k  | 10.6s | MA100  66%
Epi 1421   | SUCCESS     | steps 79   | total 139k  |  9.0s | MA100  66%
Epi 1422   | SUCCESS     | steps 122  | total 139k  | 13.1s | MA100  67%
Epi 1423   | SUCCESS     | steps 78   | total 139k  |  8.7s | MA100  67%
Epi 1424   | SUCCESS     | steps 123  | total 139k  | 13.3s | MA100  68%
Epi 1425   | COLL_WALL   | steps 56   | total 139k  |  6.4s | MA100  67%
Epi 1426   | SUCCESS     | steps 40   | total 139k  |  4.4s | MA100  67%
Epi 1427   | COLL_WALL   | steps 33   | total 139k  |  3.3s | MA100  67%
Epi 1428   | COLL_WALL   | steps 35   | total 139k  |  4.0s | MA100  67%
Epi 1429   | SUCCESS     | steps 78   | total 139k  |  8.9s | MA100  68%
Epi 1430   | COLL_WALL   | steps 44   | total 139k  |  4.9s | MA100  67%
Epi 1431   | SUCCESS     | steps 46   | total 139k  |  4.6s | MA100  67%
Epi 1432   | COLL_WALL   | steps 30   | total 139k  |  3.4s | MA100  66%
Epi 1433   | SUCCESS     | steps 87   | total 140k  |  9.7s | MA100  66%
Epi 1434   | SUCCESS     | steps 123  | total 140k  | 13.2s | MA100  67%
Epi 1435   | SUCCESS     | steps 63   | total 140k  |  7.2s | MA100  67%
Epi 1436   | SUCCESS     | steps 49   | total 140k  |  5.6s | MA100  67%
Epi 1437   | COLL_WALL   | steps 30   | total 140k  |  3.3s | MA100  66%
Epi 1438   | TUMBLE      | steps 31   | total 140k  |  3.2s | MA100  66%
Epi 1439   | TUMBLE      | steps 30   | total 140k  |  3.4s | MA100  66%
Epi 1440   | COLL_WALL   | steps 76   | total 140k  |  9.0s | MA100  66%
Epi 1441   | SUCCESS     | steps 66   | total 140k  |  7.6s | MA100  66%
Epi 1442   | COLL_WALL   | steps 96   | total 140k  | 10.5s | MA100  65%
Epi 1443   | TUMBLE      | steps 30   | total 140k  |  3.4s | MA100  65%
Epi 1444   | SUCCESS     | steps 78   | total 140k  |  9.0s | MA100  65%
Epi 1445   | SUCCESS     | steps 75   | total 140k  |  8.0s | MA100  65%
Epi 1446   | SUCCESS     | steps 31   | total 140k  |  3.6s | MA100  65%
Epi 1447   | SUCCESS     | steps 48   | total 140k  |  5.5s | MA100  66%
Epi 1448   | SUCCESS     | steps 50   | total 140k  |  5.3s | MA100  66%
Epi 1449   | SUCCESS     | steps 30   | total 140k  |  2.9s | MA100  66%
Epi 1450   | SUCCESS     | steps 94   | total 141k  | 10.5s | MA100  66%
Epi 1451   | SUCCESS     | steps 68   | total 141k  |  7.7s | MA100  66%
Epi 1452   | SUCCESS     | steps 106  | total 141k  | 11.6s | MA100  66%
Epi 1453   | COLL_WALL   | steps 77   | total 141k  |  8.7s | MA100  65%
Epi 1454   | SUCCESS     | steps 30   | total 141k  |  3.2s | MA100  65%
Epi 1455   | SUCCESS     | steps 85   | total 141k  |  9.4s | MA100  65%
Epi 1456   | SUCCESS     | steps 66   | total 141k  |  7.6s | MA100  65%
Epi 1457   | SUCCESS     | steps 46   | total 141k  |  5.2s | MA100  66%
Epi 1458   | SUCCESS     | steps 39   | total 141k  |  3.9s | MA100  66%
Epi 1459   | SUCCESS     | steps 118  | total 141k  | 13.3s | MA100  66%
Epi 1460   | COLL_WALL   | steps 30   | total 141k  |  3.4s | MA100  65%
Epi 1461   | TUMBLE      | steps 30   | total 141k  |  3.0s | MA100  64%
Epi 1462   | COLL_WALL   | steps 42   | total 141k  |  4.3s | MA100  63%
Epi 1463   | SUCCESS     | steps 136  | total 141k  | 15.3s | MA100  64%
Epi 1464   | SUCCESS     | steps 57   | total 141k  |  6.0s | MA100  64%
Epi 1465   | COLL_WALL   | steps 48   | total 142k  |  5.4s | MA100  64%
Epi 1466   | COLL_WALL   | steps 91   | total 142k  | 10.6s | MA100  64%
Epi 1467   | COLL_WALL   | steps 95   | total 142k  | 10.3s | MA100  63%
Epi 1468   | SUCCESS     | steps 30   | total 142k  |  3.4s | MA100  64%
Epi 1469   | SUCCESS     | steps 65   | total 142k  |  7.4s | MA100  65%
Epi 1470   | SUCCESS     | steps 87   | total 142k  |  9.5s | MA100  66%
Epi 1471   | COLL_WALL   | steps 45   | total 142k  |  5.2s | MA100  66%
Epi 1472   | SUCCESS     | steps 55   | total 142k  |  6.2s | MA100  67%
Epi 1473   | SUCCESS     | steps 35   | total 142k  |  4.0s | MA100  67%
Epi 1474   | SUCCESS     | steps 84   | total 142k  |  8.8s | MA100  67%
Epi 1475   | SUCCESS     | steps 78   | total 142k  |  8.6s | MA100  67%
Epi 1476   | SUCCESS     | steps 58   | total 142k  |  6.3s | MA100  68%
Epi 1477   | SUCCESS     | steps 95   | total 142k  | 10.2s | MA100  69%
Epi 1478   | SUCCESS     | steps 40   | total 142k  |  4.5s | MA100  70%
Epi 1479   | COLL_WALL   | steps 44   | total 142k  |  5.0s | MA100  70%
Epi 1480   | SUCCESS     | steps 81   | total 142k  |  8.5s | MA100  70%
Epi 1481   | SUCCESS     | steps 38   | total 143k  |  4.3s | MA100  70%
Epi 1482   | SUCCESS     | steps 37   | total 143k  |  4.2s | MA100  70%
Epi 1483   | SUCCESS     | steps 35   | total 143k  |  3.9s | MA100  71%
Epi 1484   | COLL_WALL   | steps 62   | total 143k  |  6.5s | MA100  70%
Epi 1485   | COLL_WALL   | steps 72   | total 143k  |  8.1s | MA100  70%
Epi 1486   | SUCCESS     | steps 49   | total 143k  |  5.5s | MA100  70%
Epi 1487   | COLL_WALL   | steps 33   | total 143k  |  3.5s | MA100  69%
Epi 1488   | COLL_WALL   | steps 34   | total 143k  |  3.3s | MA100  68%
Epi 1489   | SUCCESS     | steps 34   | total 143k  |  3.8s | MA100  68%
Epi 1490   | COLL_WALL   | steps 55   | total 143k  |  6.2s | MA100  67%
Epi 1491   | COLL_WALL   | steps 34   | total 143k  |  3.8s | MA100  66%
Epi 1492   | SUCCESS     | steps 36   | total 143k  |  4.0s | MA100  66%
Epi 1493   | SUCCESS     | steps 66   | total 143k  |  7.2s | MA100  66%
Epi 1494   | SUCCESS     | steps 42   | total 143k  |  4.7s | MA100  66%
Epi 1495   | SUCCESS     | steps 90   | total 143k  | 10.2s | MA100  66%
Epi 1496   | SUCCESS     | steps 84   | total 143k  |  9.1s | MA100  67%
Epi 1497   | SUCCESS     | steps 82   | total 143k  |  9.4s | MA100  68%
Epi 1498   | SUCCESS     | steps 58   | total 143k  |  6.5s | MA100  68%
Epi 1499   | SUCCESS     | steps 40   | total 143k  |  4.1s | MA100  68%
Epi 1500   | COLL_WALL   | steps 38   | total 144k  |  4.3s | MA100  68%
saving data for episode: 1500, location: /home/kaushik/project/deep-rl-robot-navigation/src/turtlebot3_drl/model/fond-filly/sac_4_stage_9
saving actor model for episode: 1500
saving critic model for episode: 1500
saving target_critic model for episode: 1500
[val] ep 1500: 75.0% over 40 det. eps  |  best: 75.0% @ ep 1100
Epi 1501   | COLL_WALL   | steps 73   | total 144k  |  7.7s | MA100  67%
Epi 1502   | SUCCESS     | steps 59   | total 144k  |  6.5s | MA100  67%
Epi 1503   | SUCCESS     | steps 133  | total 144k  | 14.6s | MA100  67%
Epi 1504   | SUCCESS     | steps 30   | total 144k  |  3.0s | MA100  67%
Epi 1505   | SUCCESS     | steps 72   | total 144k  |  8.0s | MA100  67%
Epi 1506   | SUCCESS     | steps 46   | total 144k  |  5.1s | MA100  68%
Epi 1507   | COLL_WALL   | steps 30   | total 144k  |  3.3s | MA100  67%
Epi 1508   | SUCCESS     | steps 33   | total 144k  |  3.4s | MA100  67%
Epi 1509   | SUCCESS     | steps 91   | total 144k  |  9.9s | MA100  68%
Epi 1510   | SUCCESS     | steps 56   | total 144k  |  6.3s | MA100  69%
Epi 1511   | SUCCESS     | steps 46   | total 144k  |  5.1s | MA100  69%
Epi 1512   | SUCCESS     | steps 93   | total 144k  | 10.3s | MA100  70%
Epi 1513   | COLL_WALL   | steps 56   | total 144k  |  6.2s | MA100  69%
Epi 1514   | SUCCESS     | steps 30   | total 144k  |  3.3s | MA100  69%
Epi 1515   | SUCCESS     | steps 71   | total 144k  |  7.3s | MA100  70%
Epi 1516   | SUCCESS     | steps 85   | total 145k  |  9.5s | MA100  70%
Epi 1517   | SUCCESS     | steps 67   | total 145k  |  7.5s | MA100  70%
Epi 1518   | SUCCESS     | steps 55   | total 145k  |  5.9s | MA100  70%
Epi 1519   | SUCCESS     | steps 119  | total 145k  | 13.7s | MA100  70%
Epi 1520   | COLL_WALL   | steps 94   | total 145k  | 10.1s | MA100  69%
Epi 1521   | SUCCESS     | steps 62   | total 145k  |  7.1s | MA100  69%
Epi 1522   | COLL_WALL   | steps 78   | total 145k  |  8.8s | MA100  68%
Epi 1523   | SUCCESS     | steps 89   | total 145k  |  9.9s | MA100  68%
Epi 1524   | COLL_WALL   | steps 30   | total 145k  |  3.4s | MA100  67%
Epi 1525   | SUCCESS     | steps 33   | total 145k  |  3.9s | MA100  68%
Epi 1526   | SUCCESS     | steps 50   | total 145k  |  5.2s | MA100  68%
Epi 1527   | SUCCESS     | steps 95   | total 145k  | 10.7s | MA100  69%
Epi 1528   | SUCCESS     | steps 62   | total 145k  |  7.0s | MA100  70%
Epi 1529   | SUCCESS     | steps 126  | total 145k  | 13.8s | MA100  70%
Epi 1530   | SUCCESS     | steps 66   | total 146k  |  7.4s | MA100  71%
Epi 1531   | SUCCESS     | steps 171  | total 146k  | 18.2s | MA100  71%
Epi 1532   | SUCCESS     | steps 105  | total 146k  | 11.6s | MA100  72%
Epi 1533   | COLL_WALL   | steps 64   | total 146k  |  6.9s | MA100  71%
Epi 1534   | COLL_WALL   | steps 33   | total 146k  |  3.7s | MA100  70%
Epi 1535   | COLL_WALL   | steps 30   | total 146k  |  3.3s | MA100  69%
Epi 1536   | SUCCESS     | steps 114  | total 146k  | 12.2s | MA100  69%
Epi 1537   | SUCCESS     | steps 75   | total 146k  |  8.3s | MA100  70%
Epi 1538   | COLL_WALL   | steps 78   | total 146k  |  8.7s | MA100  70%
Epi 1539   | SUCCESS     | steps 30   | total 146k  |  3.0s | MA100  71%
Epi 1540   | SUCCESS     | steps 107  | total 146k  | 11.9s | MA100  72%
Epi 1541   | COLL_WALL   | steps 33   | total 146k  |  3.7s | MA100  71%
Epi 1542   | SUCCESS     | steps 75   | total 146k  |  7.6s | MA100  72%
Epi 1543   | COLL_WALL   | steps 78   | total 147k  |  8.9s | MA100  72%
Epi 1544   | SUCCESS     | steps 33   | total 147k  |  3.7s | MA100  72%
Epi 1545   | SUCCESS     | steps 51   | total 147k  |  5.6s | MA100  72%
Epi 1546   | SUCCESS     | steps 79   | total 147k  |  8.2s | MA100  72%
Epi 1547   | SUCCESS     | steps 82   | total 147k  |  9.1s | MA100  72%
Epi 1548   | COLL_WALL   | steps 65   | total 147k  |  7.1s | MA100  71%
Epi 1549   | SUCCESS     | steps 78   | total 147k  |  8.3s | MA100  71%
Epi 1550   | SUCCESS     | steps 89   | total 147k  |  9.9s | MA100  71%
Epi 1551   | COLL_WALL   | steps 51   | total 147k  |  5.6s | MA100  70%
Epi 1552   | SUCCESS     | steps 56   | total 147k  |  6.1s | MA100  70%
Epi 1553   | SUCCESS     | steps 113  | total 147k  | 13.0s | MA100  71%
Epi 1554   | SUCCESS     | steps 67   | total 147k  |  6.8s | MA100  71%
Epi 1555   | SUCCESS     | steps 64   | total 147k  |  7.3s | MA100  71%
Epi 1556   | SUCCESS     | steps 45   | total 147k  |  5.1s | MA100  71%
Epi 1557   | SUCCESS     | steps 67   | total 147k  |  7.4s | MA100  71%
Epi 1558   | SUCCESS     | steps 92   | total 148k  | 10.4s | MA100  71%
Epi 1559   | COLL_WALL   | steps 79   | total 148k  |  8.9s | MA100  70%
Epi 1560   | SUCCESS     | steps 53   | total 148k  |  5.4s | MA100  71%
Epi 1561   | COLL_WALL   | steps 84   | total 148k  |  9.4s | MA100  71%
Epi 1562   | SUCCESS     | steps 58   | total 148k  |  6.5s | MA100  72%
Epi 1563   | COLL_WALL   | steps 60   | total 148k  |  6.3s | MA100  71%
Epi 1564   | COLL_WALL   | steps 31   | total 148k  |  3.5s | MA100  70%
Epi 1565   | SUCCESS     | steps 71   | total 148k  |  8.0s | MA100  71%
Epi 1566   | SUCCESS     | steps 124  | total 148k  | 13.1s | MA100  72%
Epi 1567   | SUCCESS     | steps 43   | total 148k  |  4.8s | MA100  73%
Epi 1568   | COLL_WALL   | steps 71   | total 148k  |  8.1s | MA100  72%
Epi 1569   | COLL_WALL   | steps 69   | total 148k  |  7.1s | MA100  71%
Epi 1570   | SUCCESS     | steps 31   | total 148k  |  3.5s | MA100  71%
Epi 1571   | SUCCESS     | steps 93   | total 148k  | 10.3s | MA100  72%
Epi 1572   | SUCCESS     | steps 130  | total 149k  | 13.7s | MA100  72%
Epi 1573   | COLL_WALL   | steps 56   | total 149k  |  6.1s | MA100  71%
Epi 1574   | SUCCESS     | steps 161  | total 149k  | 17.2s | MA100  71%
Epi 1575   | SUCCESS     | steps 45   | total 149k  |  4.9s | MA100  71%
Epi 1576   | SUCCESS     | steps 42   | total 149k  |  4.6s | MA100  71%
Epi 1577   | SUCCESS     | steps 38   | total 149k  |  3.9s | MA100  71%
Epi 1578   | SUCCESS     | steps 39   | total 149k  |  4.0s | MA100  71%
Epi 1579   | SUCCESS     | steps 30   | total 149k  |  3.3s | MA100  72%
Epi 1580   | SUCCESS     | steps 98   | total 149k  | 10.9s | MA100  72%
Epi 1581   | COLL_WALL   | steps 60   | total 149k  |  6.3s | MA100  71%
Epi 1582   | TIMEOUT     | steps 147  | total 149k  | 16.9s | MA100  70%
Epi 1583   | SUCCESS     | steps 66   | total 149k  |  7.0s | MA100  70%
Epi 1584   | SUCCESS     | steps 46   | total 149k  |  5.3s | MA100  71%
Epi 1585   | COLL_WALL   | steps 30   | total 149k  |  3.5s | MA100  71%
Epi 1586   | COLL_WALL   | steps 56   | total 149k  |  6.4s | MA100  70%
Epi 1587   | SUCCESS     | steps 99   | total 150k  | 11.0s | MA100  71%
Epi 1588   | SUCCESS     | steps 82   | total 150k  |  9.5s | MA100  72%
Epi 1589   | SUCCESS     | steps 49   | total 150k  |  5.3s | MA100  72%
Epi 1590   | SUCCESS     | steps 59   | total 150k  |  6.6s | MA100  73%
Epi 1591   | COLL_WALL   | steps 75   | total 150k  |  8.5s | MA100  73%
Epi 1592   | SUCCESS     | steps 44   | total 150k  |  5.0s | MA100  73%
Epi 1593   | COLL_WALL   | steps 30   | total 150k  |  3.1s | MA100  72%
Epi 1594   | TUMBLE      | steps 30   | total 150k  |  3.5s | MA100  71%
Epi 1595   | SUCCESS     | steps 77   | total 150k  |  8.9s | MA100  71%
Epi 1596   | COLL_WALL   | steps 41   | total 150k  |  4.7s | MA100  70%
Epi 1597   | SUCCESS     | steps 39   | total 150k  |  4.1s | MA100  70%
Epi 1598   | SUCCESS     | steps 37   | total 150k  |  4.2s | MA100  70%
Epi 1599   | SUCCESS     | steps 58   | total 150k  |  6.6s | MA100  70%
Epi 1600   | SUCCESS     | steps 73   | total 150k  |  8.3s | MA100  71%
saving data for episode: 1600, location: /home/kaushik/project/deep-rl-robot-navigation/src/turtlebot3_drl/model/fond-filly/sac_4_stage_9
saving actor model for episode: 1600
saving critic model for episode: 1600
saving target_critic model for episode: 1600
[val] ep 1600: 65.0% over 40 det. eps  |  best: 75.0% @ ep 1100
Epi 1601   | COLL_WALL   | steps 45   | total 150k  |  4.8s | MA100  71%
Epi 1602   | COLL_WALL   | steps 33   | total 150k  |  3.7s | MA100  70%
Epi 1603   | SUCCESS     | steps 50   | total 150k  |  5.7s | MA100  70%
Epi 1604   | COLL_WALL   | steps 54   | total 150k  |  6.1s | MA100  69%
Epi 1605   | SUCCESS     | steps 44   | total 150k  |  4.7s | MA100  69%
Epi 1606   | SUCCESS     | steps 87   | total 151k  |  9.6s | MA100  69%
Epi 1607   | TUMBLE      | steps 30   | total 151k  |  3.3s | MA100  69%
Epi 1608   | COLL_WALL   | steps 30   | total 151k  |  3.3s | MA100  68%
Epi 1609   | COLL_WALL   | steps 62   | total 151k  |  6.3s | MA100  67%
Epi 1610   | COLL_WALL   | steps 49   | total 151k  |  5.4s | MA100  66%
Epi 1611   | COLL_WALL   | steps 54   | total 151k  |  5.9s | MA100  65%
Epi 1612   | SUCCESS     | steps 100  | total 151k  | 10.1s | MA100  65%
Epi 1613   | SUCCESS     | steps 40   | total 151k  |  4.3s | MA100  66%
Epi 1614   | SUCCESS     | steps 91   | total 151k  | 10.0s | MA100  66%
Epi 1615   | SUCCESS     | steps 100  | total 151k  | 10.9s | MA100  66%
Epi 1616   | COLL_WALL   | steps 49   | total 151k  |  5.6s | MA100  65%
Epi 1617   | SUCCESS     | steps 30   | total 151k  |  3.4s | MA100  65%
Epi 1618   | SUCCESS     | steps 55   | total 151k  |  6.0s | MA100  65%
Epi 1619   | COLL_WALL   | steps 50   | total 151k  |  5.3s | MA100  64%
Epi 1620   | SUCCESS     | steps 30   | total 151k  |  3.5s | MA100  65%
Epi 1621   | SUCCESS     | steps 61   | total 151k  |  7.1s | MA100  65%
Epi 1622   | COLL_WALL   | steps 71   | total 151k  |  7.8s | MA100  65%
Epi 1623   | SUCCESS     | steps 65   | total 152k  |  7.5s | MA100  65%
Epi 1624   | SUCCESS     | steps 89   | total 152k  |  9.7s | MA100  66%
Epi 1625   | COLL_WALL   | steps 61   | total 152k  |  6.0s | MA100  65%
Epi 1626   | SUCCESS     | steps 30   | total 152k  |  3.2s | MA100  65%
Epi 1627   | SUCCESS     | steps 59   | total 152k  |  6.5s | MA100  65%
Epi 1628   | SUCCESS     | steps 30   | total 152k  |  3.3s | MA100  65%
Epi 1629   | SUCCESS     | steps 73   | total 152k  |  7.5s | MA100  65%
Epi 1630   | SUCCESS     | steps 51   | total 152k  |  5.7s | MA100  65%
Epi 1631   | SUCCESS     | steps 35   | total 152k  |  4.0s | MA100  65%
Epi 1632   | SUCCESS     | steps 30   | total 152k  |  3.4s | MA100  65%
Epi 1633   | SUCCESS     | steps 91   | total 152k  |  9.8s | MA100  66%
Epi 1634   | SUCCESS     | steps 30   | total 152k  |  3.4s | MA100  67%
Epi 1635   | SUCCESS     | steps 72   | total 152k  |  7.9s | MA100  68%
Epi 1636   | COLL_WALL   | steps 118  | total 152k  | 13.1s | MA100  67%
Epi 1637   | COLL_WALL   | steps 30   | total 152k  |  3.4s | MA100  66%
Epi 1638   | SUCCESS     | steps 31   | total 152k  |  3.4s | MA100  67%
Epi 1639   | COLL_WALL   | steps 57   | total 152k  |  6.5s | MA100  66%
Epi 1640   | SUCCESS     | steps 30   | total 152k  |  3.1s | MA100  66%
Epi 1641   | SUCCESS     | steps 40   | total 153k  |  4.2s | MA100  67%
Epi 1642   | SUCCESS     | steps 42   | total 153k  |  4.7s | MA100  67%
Epi 1643   | SUCCESS     | steps 72   | total 153k  |  8.2s | MA100  68%
Epi 1644   | SUCCESS     | steps 82   | total 153k  |  8.6s | MA100  68%
Epi 1645   | COLL_WALL   | steps 62   | total 153k  |  6.8s | MA100  67%
Epi 1646   | SUCCESS     | steps 30   | total 153k  |  3.4s | MA100  67%
Epi 1647   | SUCCESS     | steps 34   | total 153k  |  3.8s | MA100  67%
Epi 1648   | SUCCESS     | steps 49   | total 153k  |  5.0s | MA100  68%
Epi 1649   | SUCCESS     | steps 30   | total 153k  |  3.3s | MA100  68%
Epi 1650   | SUCCESS     | steps 76   | total 153k  |  8.6s | MA100  68%
Epi 1651   | COLL_WALL   | steps 31   | total 153k  |  3.5s | MA100  68%
Epi 1652   | SUCCESS     | steps 35   | total 153k  |  3.8s | MA100  68%
Epi 1653   | COLL_WALL   | steps 76   | total 153k  |  8.2s | MA100  67%
Epi 1654   | SUCCESS     | steps 41   | total 153k  |  4.7s | MA100  67%
Epi 1655   | SUCCESS     | steps 33   | total 153k  |  3.8s | MA100  67%
Epi 1656   | SUCCESS     | steps 48   | total 153k  |  5.2s | MA100  67%
Epi 1657   | COLL_WALL   | steps 147  | total 153k  | 16.5s | MA100  66%
Epi 1658   | SUCCESS     | steps 30   | total 153k  |  3.4s | MA100  66%
Epi 1659   | COLL_WALL   | steps 30   | total 153k  |  3.3s | MA100  66%
Epi 1660   | SUCCESS     | steps 30   | total 153k  |  3.2s | MA100  66%
Epi 1661   | SUCCESS     | steps 35   | total 154k  |  4.0s | MA100  67%
Epi 1662   | COLL_WALL   | steps 49   | total 154k  |  5.6s | MA100  66%
Epi 1663   | SUCCESS     | steps 59   | total 154k  |  6.7s | MA100  67%
Epi 1664   | COLL_WALL   | steps 58   | total 154k  |  6.2s | MA100  67%
Epi 1665   | COLL_WALL   | steps 32   | total 154k  |  3.7s | MA100  66%
Epi 1666   | COLL_WALL   | steps 39   | total 154k  |  4.5s | MA100  65%
Epi 1667   | SUCCESS     | steps 30   | total 154k  |  3.4s | MA100  65%
Epi 1668   | SUCCESS     | steps 30   | total 154k  |  3.3s | MA100  66%
Epi 1669   | SUCCESS     | steps 71   | total 154k  |  7.9s | MA100  67%
Epi 1670   | SUCCESS     | steps 68   | total 154k  |  7.9s | MA100  67%
Epi 1671   | SUCCESS     | steps 51   | total 154k  |  5.5s | MA100  67%
Epi 1672   | SUCCESS     | steps 47   | total 154k  |  5.1s | MA100  67%
Epi 1673   | SUCCESS     | steps 101  | total 154k  | 11.3s | MA100  68%
Epi 1674   | SUCCESS     | steps 100  | total 154k  | 10.9s | MA100  68%
Epi 1675   | SUCCESS     | steps 30   | total 154k  |  3.4s | MA100  68%
Epi 1676   | COLL_WALL   | steps 56   | total 154k  |  6.4s | MA100  67%
Epi 1677   | COLL_WALL   | steps 30   | total 154k  |  3.5s | MA100  66%
Epi 1678   | COLL_WALL   | steps 30   | total 154k  |  3.3s | MA100  65%
Epi 1679   | COLL_WALL   | steps 36   | total 154k  |  3.7s | MA100  64%
Epi 1680   | SUCCESS     | steps 30   | total 154k  |  3.5s | MA100  64%
Epi 1681   | SUCCESS     | steps 89   | total 155k  | 10.4s | MA100  65%
Epi 1682   | SUCCESS     | steps 84   | total 155k  |  9.1s | MA100  66%
Epi 1683   | COLL_WALL   | steps 58   | total 155k  |  6.4s | MA100  65%
Epi 1684   | SUCCESS     | steps 30   | total 155k  |  3.3s | MA100  65%
Epi 1685   | COLL_WALL   | steps 49   | total 155k  |  5.6s | MA100  65%
Epi 1686   | SUCCESS     | steps 84   | total 155k  |  8.6s | MA100  66%
Epi 1687   | SUCCESS     | steps 76   | total 155k  |  8.6s | MA100  66%
Epi 1688   | SUCCESS     | steps 79   | total 155k  |  8.0s | MA100  66%
Epi 1689   | SUCCESS     | steps 36   | total 155k  |  3.8s | MA100  66%
Epi 1690   | SUCCESS     | steps 46   | total 155k  |  5.3s | MA100  66%
Epi 1691   | SUCCESS     | steps 92   | total 155k  |  9.9s | MA100  67%
Epi 1692   | COLL_WALL   | steps 30   | total 155k  |  3.0s | MA100  66%
Epi 1693   | TUMBLE      | steps 30   | total 155k  |  2.9s | MA100  66%
Epi 1694   | TUMBLE      | steps 35   | total 155k  |  3.8s | MA100  66%
Epi 1695   | SUCCESS     | steps 97   | total 155k  | 10.6s | MA100  66%
Epi 1696   | SUCCESS     | steps 43   | total 155k  |  4.6s | MA100  67%
Epi 1697   | SUCCESS     | steps 65   | total 155k  |  6.8s | MA100  67%
Epi 1698   | SUCCESS     | steps 49   | total 156k  |  5.3s | MA100  67%
Epi 1699   | SUCCESS     | steps 46   | total 156k  |  5.0s | MA100  67%
Epi 1700   | COLL_WALL   | steps 30   | total 156k  |  3.3s | MA100  66%
saving data for episode: 1700, location: /home/kaushik/project/deep-rl-robot-navigation/src/turtlebot3_drl/model/fond-filly/sac_4_stage_9
saving actor model for episode: 1700
saving critic model for episode: 1700
saving target_critic model for episode: 1700
[val] ep 1700: 77.5% over 40 det. eps  |  best: 75.0% @ ep 1100
[val] NEW BEST CHECKPOINT — ep 1700, success 77.5%
Epi 1701   | SUCCESS     | steps 30   | total 156k  |  3.3s | MA100  67%
Epi 1702   | SUCCESS     | steps 51   | total 156k  |  5.4s | MA100  68%
Epi 1703   | SUCCESS     | steps 93   | total 156k  |  9.9s | MA100  68%
Epi 1704   | SUCCESS     | steps 68   | total 156k  |  7.3s | MA100  69%
Epi 1705   | SUCCESS     | steps 37   | total 156k  |  3.9s | MA100  69%
Epi 1706   | COLL_WALL   | steps 43   | total 156k  |  4.3s | MA100  68%
Epi 1707   | SUCCESS     | steps 30   | total 156k  |  3.2s | MA100  69%
Epi 1708   | TUMBLE      | steps 30   | total 156k  |  3.3s | MA100  69%
Epi 1709   | TUMBLE      | steps 30   | total 156k  |  3.3s | MA100  69%
Epi 1710   | TUMBLE      | steps 32   | total 156k  |  3.5s | MA100  69%
Epi 1711   | SUCCESS     | steps 50   | total 156k  |  5.0s | MA100  70%
Epi 1712   | SUCCESS     | steps 44   | total 156k  |  4.3s | MA100  70%
Epi 1713   | SUCCESS     | steps 119  | total 156k  | 13.2s | MA100  70%
Epi 1714   | SUCCESS     | steps 92   | total 156k  |  9.6s | MA100  70%
Epi 1715   | SUCCESS     | steps 105  | total 156k  | 11.5s | MA100  70%
Epi 1716   | SUCCESS     | steps 92   | total 157k  |  9.7s | MA100  71%
Epi 1717   | SUCCESS     | steps 49   | total 157k  |  5.4s | MA100  71%
Epi 1718   | SUCCESS     | steps 80   | total 157k  |  8.8s | MA100  71%
Epi 1719   | SUCCESS     | steps 37   | total 157k  |  4.1s | MA100  72%
Epi 1720   | SUCCESS     | steps 56   | total 157k  |  5.8s | MA100  72%
Epi 1721   | SUCCESS     | steps 55   | total 157k  |  6.3s | MA100  72%
Epi 1722   | SUCCESS     | steps 70   | total 157k  |  8.2s | MA100  73%
Epi 1723   | SUCCESS     | steps 55   | total 157k  |  5.6s | MA100  73%
Epi 1724   | COLL_WALL   | steps 78   | total 157k  |  9.1s | MA100  72%
Epi 1725   | SUCCESS     | steps 30   | total 157k  |  3.5s | MA100  73%
Epi 1726   | SUCCESS     | steps 46   | total 157k  |  5.3s | MA100  73%
Epi 1727   | COLL_WALL   | steps 87   | total 157k  |  9.5s | MA100  72%
Epi 1728   | SUCCESS     | steps 59   | total 157k  |  6.9s | MA100  72%
Epi 1729   | SUCCESS     | steps 103  | total 157k  | 10.9s | MA100  72%
Epi 1730   | SUCCESS     | steps 71   | total 157k  |  7.9s | MA100  72%
Epi 1731   | SUCCESS     | steps 37   | total 157k  |  4.2s | MA100  72%
Epi 1732   | SUCCESS     | steps 52   | total 158k  |  5.8s | MA100  72%
Epi 1733   | COLL_WALL   | steps 60   | total 158k  |  6.5s | MA100  71%
Epi 1734   | SUCCESS     | steps 30   | total 158k  |  3.5s | MA100  71%
Epi 1735   | SUCCESS     | steps 78   | total 158k  |  9.0s | MA100  71%
Epi 1736   | COLL_WALL   | steps 52   | total 158k  |  5.2s | MA100  71%
Epi 1737   | COLL_WALL   | steps 33   | total 158k  |  3.8s | MA100  71%
Epi 1738   | SUCCESS     | steps 30   | total 158k  |  3.4s | MA100  71%
Epi 1739   | SUCCESS     | steps 66   | total 158k  |  7.5s | MA100  72%
Epi 1740   | SUCCESS     | steps 81   | total 158k  |  8.5s | MA100  72%
Epi 1741   | COLL_WALL   | steps 41   | total 158k  |  4.7s | MA100  71%
Epi 1742   | SUCCESS     | steps 36   | total 158k  |  4.1s | MA100  71%
Epi 1743   | COLL_WALL   | steps 95   | total 158k  | 10.4s | MA100  70%
Epi 1744   | SUCCESS     | steps 31   | total 158k  |  3.4s | MA100  70%
Epi 1745   | COLL_WALL   | steps 43   | total 158k  |  4.8s | MA100  70%
Epi 1746   | COLL_WALL   | steps 34   | total 158k  |  3.8s | MA100  69%
Epi 1747   | SUCCESS     | steps 46   | total 158k  |  5.2s | MA100  69%
Epi 1748   | SUCCESS     | steps 31   | total 158k  |  3.3s | MA100  69%
Epi 1749   | COLL_WALL   | steps 41   | total 158k  |  4.3s | MA100  68%
Epi 1750   | SUCCESS     | steps 65   | total 158k  |  7.4s | MA100  68%
Epi 1751   | COLL_WALL   | steps 42   | total 158k  |  4.7s | MA100  68%
Epi 1752   | SUCCESS     | steps 30   | total 158k  |  3.1s | MA100  68%
Epi 1753   | TUMBLE      | steps 48   | total 159k  |  5.2s | MA100  68%
Epi 1754   | TUMBLE      | steps 30   | total 159k  |  3.4s | MA100  67%
Epi 1755   | COLL_WALL   | steps 30   | total 159k  |  3.4s | MA100  66%
Epi 1756   | TUMBLE      | steps 44   | total 159k  |  5.0s | MA100  65%
Epi 1757   | SUCCESS     | steps 72   | total 159k  |  7.8s | MA100  66%
Epi 1758   | COLL_WALL   | steps 88   | total 159k  | 10.3s | MA100  65%
Epi 1759   | SUCCESS     | steps 43   | total 159k  |  4.8s | MA100  66%
Epi 1760   | SUCCESS     | steps 37   | total 159k  |  3.8s | MA100  66%
Epi 1761   | SUCCESS     | steps 66   | total 159k  |  6.9s | MA100  66%
Epi 1762   | SUCCESS     | steps 58   | total 159k  |  6.4s | MA100  67%
Epi 1763   | SUCCESS     | steps 61   | total 159k  |  6.9s | MA100  67%
Epi 1764   | COLL_WALL   | steps 50   | total 159k  |  5.2s | MA100  67%
Epi 1765   | SUCCESS     | steps 34   | total 159k  |  3.9s | MA100  68%
Epi 1766   | SUCCESS     | steps 67   | total 159k  |  7.6s | MA100  69%
Epi 1767   | SUCCESS     | steps 43   | total 159k  |  4.9s | MA100  69%
Epi 1768   | COLL_WALL   | steps 154  | total 159k  | 17.2s | MA100  68%
Epi 1769   | SUCCESS     | steps 30   | total 159k  |  3.5s | MA100  68%
Epi 1770   | SUCCESS     | steps 43   | total 159k  |  4.6s | MA100  68%
Epi 1771   | COLL_WALL   | steps 30   | total 160k  |  3.0s | MA100  67%
Epi 1772   | SUCCESS     | steps 101  | total 160k  | 11.3s | MA100  67%
Epi 1773   | COLL_WALL   | steps 37   | total 160k  |  4.1s | MA100  66%
Epi 1774   | SUCCESS     | steps 68   | total 160k  |  7.1s | MA100  66%
Epi 1775   | SUCCESS     | steps 64   | total 160k  |  7.4s | MA100  66%
Epi 1776   | COLL_WALL   | steps 50   | total 160k  |  5.8s | MA100  66%
Epi 1777   | SUCCESS     | steps 60   | total 160k  |  6.8s | MA100  67%
Epi 1778   | SUCCESS     | steps 50   | total 160k  |  5.4s | MA100  68%
Epi 1779   | COLL_WALL   | steps 46   | total 160k  |  5.2s | MA100  68%
Epi 1780   | COLL_WALL   | steps 65   | total 160k  |  7.4s | MA100  67%
Epi 1781   | SUCCESS     | steps 89   | total 160k  |  9.6s | MA100  67%
Epi 1782   | SUCCESS     | steps 65   | total 160k  |  7.5s | MA100  67%
Epi 1783   | SUCCESS     | steps 46   | total 160k  |  5.2s | MA100  68%
Epi 1784   | SUCCESS     | steps 44   | total 160k  |  4.8s | MA100  68%
Epi 1785   | COLL_WALL   | steps 59   | total 160k  |  6.5s | MA100  68%
Epi 1786   | SUCCESS     | steps 32   | total 160k  |  3.6s | MA100  68%
Epi 1787   | COLL_WALL   | steps 30   | total 160k  |  3.4s | MA100  67%
Epi 1788   | COLL_WALL   | steps 31   | total 160k  |  3.5s | MA100  66%
Epi 1789   | COLL_WALL   | steps 31   | total 160k  |  3.3s | MA100  65%
Epi 1790   | SUCCESS     | steps 36   | total 161k  |  4.1s | MA100  65%
Epi 1791   | SUCCESS     | steps 41   | total 161k  |  4.7s | MA100  65%
Epi 1792   | SUCCESS     | steps 65   | total 161k  |  7.4s | MA100  66%
Epi 1793   | SUCCESS     | steps 38   | total 161k  |  4.0s | MA100  67%
Epi 1794   | COLL_WALL   | steps 36   | total 161k  |  3.7s | MA100  67%
Epi 1795   | SUCCESS     | steps 56   | total 161k  |  6.3s | MA100  67%
Epi 1796   | SUCCESS     | steps 105  | total 161k  | 11.6s | MA100  67%
Epi 1797   | SUCCESS     | steps 64   | total 161k  |  6.8s | MA100  67%
Epi 1798   | SUCCESS     | steps 52   | total 161k  |  5.9s | MA100  67%
Epi 1799   | COLL_WALL   | steps 34   | total 161k  |  3.9s | MA100  66%
Epi 1800   | SUCCESS     | steps 37   | total 161k  |  4.2s | MA100  67%
saving data for episode: 1800, location: /home/kaushik/project/deep-rl-robot-navigation/src/turtlebot3_drl/model/fond-filly/sac_4_stage_9
saving actor model for episode: 1800
saving critic model for episode: 1800
saving target_critic model for episode: 1800
[val] ep 1800: 75.0% over 40 det. eps  |  best: 77.5% @ ep 1700
Epi 1801   | COLL_WALL   | steps 45   | total 161k  |  4.6s | MA100  66%
Epi 1802   | SUCCESS     | steps 35   | total 161k  |  4.0s | MA100  66%
Epi 1803   | SUCCESS     | steps 65   | total 161k  |  7.4s | MA100  66%
Epi 1804   | SUCCESS     | steps 150  | total 161k  | 16.9s | MA100  66%
Epi 1805   | SUCCESS     | steps 30   | total 161k  |  3.4s | MA100  66%
Epi 1806   | SUCCESS     | steps 41   | total 161k  |  4.6s | MA100  67%
Epi 1807   | COLL_WALL   | steps 67   | total 161k  |  7.1s | MA100  66%
Epi 1808   | SUCCESS     | steps 30   | total 162k  |  3.4s | MA100  67%
Epi 1809   | SUCCESS     | steps 30   | total 162k  |  3.5s | MA100  68%
Epi 1810   | SUCCESS     | steps 52   | total 162k  |  6.0s | MA100  69%
Epi 1811   | COLL_WALL   | steps 38   | total 162k  |  4.4s | MA100  68%
Epi 1812   | SUCCESS     | steps 30   | total 162k  |  3.3s | MA100  68%
Epi 1813   | COLL_WALL   | steps 61   | total 162k  |  7.1s | MA100  67%
Epi 1814   | SUCCESS     | steps 49   | total 162k  |  5.5s | MA100  67%
Epi 1815   | SUCCESS     | steps 118  | total 162k  | 12.8s | MA100  67%
Epi 1816   | COLL_WALL   | steps 30   | total 162k  |  3.4s | MA100  66%
Epi 1817   | SUCCESS     | steps 49   | total 162k  |  5.7s | MA100  66%
Epi 1818   | COLL_WALL   | steps 93   | total 162k  | 10.6s | MA100  65%
Epi 1819   | COLL_WALL   | steps 39   | total 162k  |  4.1s | MA100  64%
Epi 1820   | SUCCESS     | steps 45   | total 162k  |  5.1s | MA100  64%
Epi 1821   | SUCCESS     | steps 102  | total 162k  | 11.7s | MA100  64%
Epi 1822   | SUCCESS     | steps 108  | total 162k  | 12.0s | MA100  64%
Epi 1823   | SUCCESS     | steps 90   | total 162k  | 10.3s | MA100  64%
Epi 1824   | COLL_WALL   | steps 30   | total 162k  |  3.1s | MA100  64%
Epi 1825   | SUCCESS     | steps 30   | total 163k  |  3.5s | MA100  64%
Epi 1826   | SUCCESS     | steps 71   | total 163k  |  8.0s | MA100  64%
Epi 1827   | SUCCESS     | steps 43   | total 163k  |  4.9s | MA100  65%
Epi 1828   | SUCCESS     | steps 95   | total 163k  | 10.2s | MA100  65%
Epi 1829   | SUCCESS     | steps 36   | total 163k  |  4.1s | MA100  65%
Epi 1830   | SUCCESS     | steps 41   | total 163k  |  4.7s | MA100  65%
Epi 1831   | SUCCESS     | steps 57   | total 163k  |  6.4s | MA100  65%
Epi 1832   | SUCCESS     | steps 114  | total 163k  | 12.5s | MA100  65%
Epi 1833   | COLL_WALL   | steps 30   | total 163k  |  3.4s | MA100  65%
Epi 1834   | TUMBLE      | steps 32   | total 163k  |  3.7s | MA100  64%
Epi 1835   | COLL_WALL   | steps 31   | total 163k  |  3.4s | MA100  63%
Epi 1836   | COLL_WALL   | steps 55   | total 163k  |  6.0s | MA100  63%
Epi 1837   | SUCCESS     | steps 30   | total 163k  |  3.4s | MA100  64%
Epi 1838   | SUCCESS     | steps 41   | total 163k  |  4.7s | MA100  64%
Epi 1839   | SUCCESS     | steps 93   | total 163k  | 10.0s | MA100  64%
Epi 1840   | SUCCESS     | steps 106  | total 163k  | 12.1s | MA100  64%
Epi 1841   | SUCCESS     | steps 159  | total 164k  | 17.5s | MA100  65%
Epi 1842   | SUCCESS     | steps 55   | total 164k  |  6.2s | MA100  65%
Epi 1843   | COLL_WALL   | steps 56   | total 164k  |  6.4s | MA100  65%
Epi 1844   | COLL_WALL   | steps 35   | total 164k  |  3.7s | MA100  64%
Epi 1845   | SUCCESS     | steps 30   | total 164k  |  3.5s | MA100  65%
Epi 1846   | COLL_WALL   | steps 57   | total 164k  |  6.5s | MA100  65%
Epi 1847   | SUCCESS     | steps 60   | total 164k  |  6.9s | MA100  65%
Epi 1848   | COLL_WALL   | steps 44   | total 164k  |  4.6s | MA100  64%
Epi 1849   | SUCCESS     | steps 31   | total 164k  |  3.6s | MA100  65%
Epi 1850   | SUCCESS     | steps 43   | total 164k  |  5.0s | MA100  65%
Epi 1851   | SUCCESS     | steps 30   | total 164k  |  3.5s | MA100  66%
Epi 1852   | SUCCESS     | steps 69   | total 164k  |  7.8s | MA100  66%
Epi 1853   | SUCCESS     | steps 128  | total 164k  | 14.6s | MA100  67%
Epi 1854   | COLL_WALL   | steps 34   | total 164k  |  4.0s | MA100  67%
Epi 1855   | COLL_WALL   | steps 30   | total 164k  |  3.1s | MA100  67%
Epi 1856   | COLL_WALL   | steps 34   | total 164k  |  3.4s | MA100  67%
Epi 1857   | SUCCESS     | steps 50   | total 164k  |  5.5s | MA100  67%
Epi 1858   | SUCCESS     | steps 73   | total 164k  |  8.2s | MA100  68%
Epi 1859   | SUCCESS     | steps 103  | total 165k  | 11.1s | MA100  68%
Epi 1860   | COLL_WALL   | steps 61   | total 165k  |  7.1s | MA100  67%
Epi 1861   | SUCCESS     | steps 37   | total 165k  |  4.3s | MA100  67%
Epi 1862   | COLL_WALL   | steps 30   | total 165k  |  3.3s | MA100  66%
Epi 1863   | TUMBLE      | steps 31   | total 165k  |  3.1s | MA100  65%
Epi 1864   | TUMBLE      | steps 30   | total 165k  |  3.4s | MA100  65%
Epi 1865   | SUCCESS     | steps 103  | total 165k  | 11.7s | MA100  65%
Epi 1866   | COLL_WALL   | steps 61   | total 165k  |  6.7s | MA100  64%
Epi 1867   | SUCCESS     | steps 81   | total 165k  |  8.9s | MA100  64%
Epi 1868   | SUCCESS     | steps 55   | total 165k  |  6.4s | MA100  65%
Epi 1869   | SUCCESS     | steps 104  | total 165k  | 11.2s | MA100  65%
Epi 1870   | SUCCESS     | steps 69   | total 165k  |  7.9s | MA100  65%
Epi 1871   | SUCCESS     | steps 51   | total 165k  |  5.8s | MA100  66%
Epi 1872   | COLL_WALL   | steps 44   | total 165k  |  4.7s | MA100  65%
Epi 1873   | SUCCESS     | steps 57   | total 165k  |  6.0s | MA100  66%
Epi 1874   | SUCCESS     | steps 48   | total 165k  |  5.4s | MA100  66%
Epi 1875   | SUCCESS     | steps 42   | total 165k  |  4.8s | MA100  66%
Epi 1876   | SUCCESS     | steps 56   | total 165k  |  6.2s | MA100  67%
Epi 1877   | SUCCESS     | steps 30   | total 165k  |  3.0s | MA100  67%
Epi 1878   | SUCCESS     | steps 61   | total 166k  |  6.8s | MA100  67%
Epi 1879   | COLL_WALL   | steps 30   | total 166k  |  3.4s | MA100  67%
Epi 1880   | TUMBLE      | steps 30   | total 166k  |  3.5s | MA100  67%
Epi 1881   | SUCCESS     | steps 48   | total 166k  |  5.3s | MA100  67%
Epi 1882   | SUCCESS     | steps 30   | total 166k  |  3.4s | MA100  67%
Epi 1883   | SUCCESS     | steps 39   | total 166k  |  4.5s | MA100  67%
Epi 1884   | COLL_WALL   | steps 48   | total 166k  |  5.5s | MA100  66%
Epi 1885   | SUCCESS     | steps 65   | total 166k  |  7.2s | MA100  67%
Epi 1886   | SUCCESS     | steps 78   | total 166k  |  8.6s | MA100  67%
Epi 1887   | SUCCESS     | steps 124  | total 166k  | 14.2s | MA100  68%
Epi 1888   | SUCCESS     | steps 102  | total 166k  | 11.3s | MA100  69%
Epi 1889   | SUCCESS     | steps 90   | total 166k  | 10.2s | MA100  70%
Epi 1890   | SUCCESS     | steps 68   | total 166k  |  7.5s | MA100  70%
Epi 1891   | SUCCESS     | steps 115  | total 166k  | 13.3s | MA100  70%
Epi 1892   | SUCCESS     | steps 94   | total 167k  | 10.1s | MA100  70%
Epi 1893   | SUCCESS     | steps 44   | total 167k  |  4.9s | MA100  70%
Epi 1894   | SUCCESS     | steps 30   | total 167k  |  3.4s | MA100  71%
Epi 1895   | SUCCESS     | steps 69   | total 167k  |  7.4s | MA100  71%
Epi 1896   | SUCCESS     | steps 61   | total 167k  |  6.6s | MA100  71%
Epi 1897   | COLL_WALL   | steps 109  | total 167k  | 12.3s | MA100  70%
Epi 1898   | SUCCESS     | steps 57   | total 167k  |  6.1s | MA100  70%
Epi 1899   | SUCCESS     | steps 43   | total 167k  |  5.0s | MA100  71%
Epi 1900   | SUCCESS     | steps 39   | total 167k  |  4.5s | MA100  71%
saving data for episode: 1900, location: /home/kaushik/project/deep-rl-robot-navigation/src/turtlebot3_drl/model/fond-filly/sac_4_stage_9
saving actor model for episode: 1900
saving critic model for episode: 1900
saving target_critic model for episode: 1900
[val] ep 1900: 77.5% over 40 det. eps  |  best: 77.5% @ ep 1700
Epi 1901   | SUCCESS     | steps 39   | total 167k  |  4.6s | MA100  72%
Epi 1902   | COLL_WALL   | steps 35   | total 167k  |  4.1s | MA100  71%
Epi 1903   | SUCCESS     | steps 115  | total 167k  | 13.0s | MA100  71%
Epi 1904   | COLL_WALL   | steps 127  | total 167k  | 14.4s | MA100  70%
Epi 1905   | SUCCESS     | steps 74   | total 167k  |  8.2s | MA100  70%
Epi 1906   | SUCCESS     | steps 54   | total 167k  |  6.2s | MA100  70%
Epi 1907   | COLL_WALL   | steps 59   | total 167k  |  6.8s | MA100  70%
Epi 1908   | SUCCESS     | steps 87   | total 168k  |  9.5s | MA100  70%
Epi 1909   | COLL_WALL   | steps 42   | total 168k  |  5.0s | MA100  69%
Epi 1910   | SUCCESS     | steps 67   | total 168k  |  7.9s | MA100  69%
Epi 1911   | COLL_WALL   | steps 66   | total 168k  |  7.0s | MA100  69%
Epi 1912   | SUCCESS     | steps 104  | total 168k  | 11.9s | MA100  69%
Epi 1913   | SUCCESS     | steps 195  | total 168k  | 21.8s | MA100  70%
Epi 1914   | SUCCESS     | steps 185  | total 168k  | 20.7s | MA100  70%
Epi 1915   | SUCCESS     | steps 60   | total 168k  |  7.0s | MA100  70%
Epi 1916   | SUCCESS     | steps 78   | total 168k  |  8.4s | MA100  71%
Epi 1917   | SUCCESS     | steps 93   | total 168k  | 10.7s | MA100  71%
Epi 1918   | COLL_WALL   | steps 30   | total 168k  |  3.5s | MA100  71%
Epi 1919   | SUCCESS     | steps 38   | total 169k  |  4.4s | MA100  72%
Epi 1920   | SUCCESS     | steps 87   | total 169k  |  9.3s | MA100  72%
Epi 1921   | SUCCESS     | steps 80   | total 169k  |  9.0s | MA100  72%
Epi 1922   | SUCCESS     | steps 63   | total 169k  |  7.0s | MA100  72%
Epi 1923   | SUCCESS     | steps 61   | total 169k  |  6.8s | MA100  72%
Epi 1924   | SUCCESS     | steps 70   | total 169k  |  7.9s | MA100  73%
Epi 1925   | SUCCESS     | steps 139  | total 169k  | 15.5s | MA100  73%
Epi 1926   | COLL_WALL   | steps 59   | total 169k  |  6.8s | MA100  72%
Epi 1927   | SUCCESS     | steps 41   | total 169k  |  4.7s | MA100  72%
Epi 1928   | COLL_WALL   | steps 116  | total 169k  | 12.6s | MA100  71%
Epi 1929   | SUCCESS     | steps 68   | total 169k  |  7.9s | MA100  71%
Epi 1930   | SUCCESS     | steps 60   | total 169k  |  6.8s | MA100  71%
Epi 1931   | SUCCESS     | steps 54   | total 169k  |  5.8s | MA100  71%
Epi 1932   | SUCCESS     | steps 63   | total 169k  |  7.2s | MA100  71%
Epi 1933   | SUCCESS     | steps 49   | total 170k  |  5.6s | MA100  72%
Epi 1934   | SUCCESS     | steps 115  | total 170k  | 12.7s | MA100  73%
Epi 1935   | SUCCESS     | steps 72   | total 170k  |  8.3s | MA100  74%
Epi 1936   | SUCCESS     | steps 59   | total 170k  |  6.6s | MA100  75%
Epi 1937   | SUCCESS     | steps 51   | total 170k  |  5.5s | MA100  75%
Epi 1938   | COLL_WALL   | steps 66   | total 170k  |  7.6s | MA100  74%
Epi 1939   | SUCCESS     | steps 90   | total 170k  | 10.0s | MA100  74%
Epi 1940   | COLL_WALL   | steps 43   | total 170k  |  4.5s | MA100  73%
Epi 1941   | SUCCESS     | steps 38   | total 170k  |  4.3s | MA100  73%
Epi 1942   | SUCCESS     | steps 73   | total 170k  |  8.3s | MA100  73%
Epi 1943   | COLL_WALL   | steps 30   | total 170k  |  3.4s | MA100  73%
Epi 1944   | SUCCESS     | steps 67   | total 170k  |  7.3s | MA100  74%
Epi 1945   | COLL_WALL   | steps 30   | total 170k  |  3.4s | MA100  73%
Epi 1946   | COLL_WALL   | steps 40   | total 170k  |  4.6s | MA100  73%
Epi 1947   | SUCCESS     | steps 53   | total 170k  |  6.0s | MA100  73%
Epi 1948   | SUCCESS     | steps 82   | total 170k  |  9.0s | MA100  74%
Epi 1949   | COLL_WALL   | steps 74   | total 171k  |  8.6s | MA100  73%
Epi 1950   | SUCCESS     | steps 65   | total 171k  |  7.2s | MA100  73%
Epi 1951   | COLL_WALL   | steps 58   | total 171k  |  6.3s | MA100  72%
Epi 1952   | COLL_WALL   | steps 64   | total 171k  |  7.3s | MA100  71%
Epi 1953   | SUCCESS     | steps 54   | total 171k  |  6.1s | MA100  71%
Epi 1954   | COLL_WALL   | steps 43   | total 171k  |  4.5s | MA100  71%
Epi 1955   | COLL_WALL   | steps 33   | total 171k  |  3.8s | MA100  71%
Epi 1956   | SUCCESS     | steps 52   | total 171k  |  6.1s | MA100  72%
Epi 1957   | COLL_WALL   | steps 114  | total 171k  | 12.0s | MA100  71%
Epi 1958   | SUCCESS     | steps 30   | total 171k  |  3.0s | MA100  71%
Epi 1959   | SUCCESS     | steps 57   | total 171k  |  6.6s | MA100  71%
Epi 1960   | SUCCESS     | steps 70   | total 171k  |  8.1s | MA100  72%
Epi 1961   | SUCCESS     | steps 39   | total 171k  |  4.0s | MA100  72%
Epi 1962   | SUCCESS     | steps 53   | total 171k  |  6.0s | MA100  73%
Epi 1963   | COLL_WALL   | steps 30   | total 171k  |  3.4s | MA100  73%
Epi 1964   | SUCCESS     | steps 78   | total 171k  |  8.9s | MA100  74%
Epi 1965   | SUCCESS     | steps 96   | total 171k  | 10.3s | MA100  74%
Epi 1966   | COLL_WALL   | steps 57   | total 172k  |  6.3s | MA100  74%
Epi 1967   | COLL_WALL   | steps 32   | total 172k  |  3.6s | MA100  73%
Epi 1968   | SUCCESS     | steps 42   | total 172k  |  4.5s | MA100  73%
Epi 1969   | COLL_WALL   | steps 67   | total 172k  |  7.3s | MA100  72%
Epi 1970   | SUCCESS     | steps 61   | total 172k  |  6.9s | MA100  72%
Epi 1971   | SUCCESS     | steps 34   | total 172k  |  3.8s | MA100  72%
Epi 1972   | SUCCESS     | steps 33   | total 172k  |  3.7s | MA100  73%
Epi 1973   | SUCCESS     | steps 60   | total 172k  |  6.4s | MA100  73%
Epi 1974   | SUCCESS     | steps 113  | total 172k  | 12.8s | MA100  73%
Epi 1975   | SUCCESS     | steps 64   | total 172k  |  6.6s | MA100  73%
Epi 1976   | COLL_WALL   | steps 73   | total 172k  |  8.2s | MA100  72%
Epi 1977   | COLL_WALL   | steps 35   | total 172k  |  3.9s | MA100  71%
Epi 1978   | SUCCESS     | steps 85   | total 172k  |  9.4s | MA100  71%
Epi 1979   | COLL_WALL   | steps 30   | total 172k  |  3.1s | MA100  71%
Epi 1980   | SUCCESS     | steps 133  | total 172k  | 15.0s | MA100  72%
Epi 1981   | SUCCESS     | steps 80   | total 172k  |  8.4s | MA100  72%
Epi 1982   | COLL_WALL   | steps 38   | total 172k  |  4.3s | MA100  71%
Epi 1983   | SUCCESS     | steps 66   | total 173k  |  7.5s | MA100  71%
Epi 1984   | SUCCESS     | steps 70   | total 173k  |  7.7s | MA100  72%
Epi 1985   | SUCCESS     | steps 87   | total 173k  |  9.9s | MA100  72%
Epi 1986   | SUCCESS     | steps 54   | total 173k  |  6.1s | MA100  72%
Epi 1987   | COLL_WALL   | steps 70   | total 173k  |  7.3s | MA100  71%
Epi 1988   | SUCCESS     | steps 30   | total 173k  |  3.4s | MA100  71%
Epi 1989   | COLL_WALL   | steps 31   | total 173k  |  3.5s | MA100  70%
Epi 1990   | SUCCESS     | steps 61   | total 173k  |  7.0s | MA100  70%
Epi 1991   | SUCCESS     | steps 31   | total 173k  |  3.5s | MA100  70%
Epi 1992   | COLL_WALL   | steps 39   | total 173k  |  3.9s | MA100  69%
Epi 1993   | SUCCESS     | steps 43   | total 173k  |  4.9s | MA100  69%
Epi 1994   | SUCCESS     | steps 50   | total 173k  |  5.7s | MA100  69%
Epi 1995   | SUCCESS     | steps 30   | total 173k  |  3.4s | MA100  69%
Epi 1996   | SUCCESS     | steps 30   | total 173k  |  3.4s | MA100  69%
Epi 1997   | TUMBLE      | steps 30   | total 173k  |  3.1s | MA100  69%
Epi 1998   | TUMBLE      | steps 33   | total 173k  |  3.4s | MA100  68%
Epi 1999   | SUCCESS     | steps 111  | total 173k  | 12.6s | MA100  68%
Epi 2000   | SUCCESS     | steps 94   | total 173k  | 10.0s | MA100  68%
saving data for episode: 2000, location: /home/kaushik/project/deep-rl-robot-navigation/src/turtlebot3_drl/model/fond-filly/sac_4_stage_9
saving actor model for episode: 2000
saving critic model for episode: 2000
saving target_critic model for episode: 2000
[val] ep 2000: 75.0% over 40 det. eps  |  best: 77.5% @ ep 1700
Epi 2001   | SUCCESS     | steps 89   | total 174k  |  9.9s | MA100  68%
Epi 2002   | COLL_WALL   | steps 49   | total 174k  |  5.8s | MA100  68%
Epi 2003   | SUCCESS     | steps 30   | total 174k  |  3.5s | MA100  68%
Epi 2004   | SUCCESS     | steps 62   | total 174k  |  7.3s | MA100  69%
Epi 2005   | SUCCESS     | steps 65   | total 174k  |  6.9s | MA100  69%
Epi 2006   | COLL_WALL   | steps 41   | total 174k  |  4.6s | MA100  68%
Epi 2007   | SUCCESS     | steps 30   | total 174k  |  3.4s | MA100  69%
Epi 2008   | SUCCESS     | steps 62   | total 174k  |  7.1s | MA100  69%
Epi 2009   | SUCCESS     | steps 85   | total 174k  |  9.2s | MA100  70%
Epi 2010   | SUCCESS     | steps 58   | total 174k  |  6.6s | MA100  70%
Epi 2011   | SUCCESS     | steps 64   | total 174k  |  7.4s | MA100  71%
Epi 2012   | SUCCESS     | steps 103  | total 174k  | 11.6s | MA100  71%
Epi 2013   | SUCCESS     | steps 120  | total 174k  | 13.5s | MA100  71%
Epi 2014   | SUCCESS     | steps 30   | total 174k  |  3.5s | MA100  71%
Epi 2015   | COLL_WALL   | steps 30   | total 174k  |  3.5s | MA100  70%
Epi 2016   | SUCCESS     | steps 55   | total 174k  |  6.5s | MA100  70%
Epi 2017   | COLL_WALL   | steps 45   | total 174k  |  5.2s | MA100  69%
Epi 2018   | SUCCESS     | steps 50   | total 175k  |  5.3s | MA100  70%
Epi 2019   | SUCCESS     | steps 74   | total 175k  |  8.4s | MA100  70%
Epi 2020   | SUCCESS     | steps 97   | total 175k  | 10.7s | MA100  70%
Epi 2021   | COLL_WALL   | steps 54   | total 175k  |  5.9s | MA100  69%
Epi 2022   | SUCCESS     | steps 30   | total 175k  |  3.5s | MA100  69%
Epi 2023   | SUCCESS     | steps 61   | total 175k  |  7.1s | MA100  69%
Epi 2024   | COLL_WALL   | steps 89   | total 175k  |  9.7s | MA100  68%
Epi 2025   | SUCCESS     | steps 93   | total 175k  | 10.9s | MA100  68%
Epi 2026   | SUCCESS     | steps 95   | total 175k  | 10.3s | MA100  69%
Epi 2027   | SUCCESS     | steps 90   | total 175k  | 10.3s | MA100  69%
Epi 2028   | SUCCESS     | steps 57   | total 175k  |  6.7s | MA100  70%
Epi 2029   | SUCCESS     | steps 67   | total 175k  |  7.1s | MA100  70%
Epi 2030   | SUCCESS     | steps 45   | total 175k  |  5.1s | MA100  70%
Epi 2031   | SUCCESS     | steps 105  | total 175k  | 12.0s | MA100  70%
Epi 2032   | SUCCESS     | steps 113  | total 176k  | 12.6s | MA100  70%
Epi 2033   | SUCCESS     | steps 53   | total 176k  |  5.9s | MA100  70%
Epi 2034   | SUCCESS     | steps 34   | total 176k  |  3.8s | MA100  70%
Epi 2035   | SUCCESS     | steps 51   | total 176k  |  5.3s | MA100  70%
Epi 2036   | SUCCESS     | steps 62   | total 176k  |  7.2s | MA100  70%
Epi 2037   | COLL_WALL   | steps 71   | total 176k  |  8.2s | MA100  69%
Epi 2038   | SUCCESS     | steps 48   | total 176k  |  5.0s | MA100  70%
Epi 2039   | COLL_WALL   | steps 76   | total 176k  |  8.7s | MA100  69%
Epi 2040   | SUCCESS     | steps 30   | total 176k  |  3.4s | MA100  70%
Epi 2041   | SUCCESS     | steps 52   | total 176k  |  6.0s | MA100  70%
Epi 2042   | SUCCESS     | steps 43   | total 176k  |  4.4s | MA100  70%
Epi 2043   | SUCCESS     | steps 77   | total 176k  |  9.0s | MA100  71%
Epi 2044   | COLL_WALL   | steps 41   | total 176k  |  4.7s | MA100  70%
Epi 2045   | SUCCESS     | steps 52   | total 176k  |  5.9s | MA100  71%
Epi 2046   | SUCCESS     | steps 43   | total 176k  |  4.5s | MA100  72%
Epi 2047   | SUCCESS     | steps 43   | total 176k  |  4.9s | MA100  72%
Epi 2048   | COLL_WALL   | steps 108  | total 176k  | 12.4s | MA100  71%
Epi 2049   | SUCCESS     | steps 101  | total 177k  | 11.4s | MA100  72%
Epi 2050   | COLL_WALL   | steps 43   | total 177k  |  5.0s | MA100  71%
Epi 2051   | SUCCESS     | steps 57   | total 177k  |  6.3s | MA100  72%
Epi 2052   | COLL_WALL   | steps 81   | total 177k  |  9.0s | MA100  72%
Epi 2053   | SUCCESS     | steps 148  | total 177k  | 16.5s | MA100  72%
Epi 2054   | SUCCESS     | steps 183  | total 177k  | 20.7s | MA100  73%
Epi 2055   | SUCCESS     | steps 123  | total 177k  | 13.5s | MA100  74%
Epi 2056   | SUCCESS     | steps 79   | total 177k  |  8.8s | MA100  74%
Epi 2057   | SUCCESS     | steps 202  | total 177k  | 22.5s | MA100  75%
Epi 2058   | TUMBLE      | steps 33   | total 178k  |  3.2s | MA100  74%
Epi 2059   | TUMBLE      | steps 30   | total 178k  |  3.4s | MA100  73%
Epi 2060   | COLL_WALL   | steps 43   | total 178k  |  4.8s | MA100  72%
Epi 2061   | SUCCESS     | steps 31   | total 178k  |  3.5s | MA100  72%
Epi 2062   | SUCCESS     | steps 74   | total 178k  |  8.1s | MA100  72%
Epi 2063   | SUCCESS     | steps 39   | total 178k  |  4.0s | MA100  73%
Epi 2064   | SUCCESS     | steps 84   | total 178k  |  9.5s | MA100  73%
Epi 2065   | SUCCESS     | steps 42   | total 178k  |  4.8s | MA100  73%
Epi 2066   | COLL_WALL   | steps 60   | total 178k  |  6.3s | MA100  73%
Epi 2067   | SUCCESS     | steps 41   | total 178k  |  4.8s | MA100  74%
Epi 2068   | SUCCESS     | steps 70   | total 178k  |  8.0s | MA100  74%
Epi 2069   | SUCCESS     | steps 82   | total 178k  |  8.9s | MA100  75%
Epi 2070   | SUCCESS     | steps 65   | total 178k  |  7.4s | MA100  75%
Epi 2071   | SUCCESS     | steps 73   | total 178k  |  8.5s | MA100  75%
Epi 2072   | COLL_WALL   | steps 56   | total 178k  |  6.1s | MA100  74%
Epi 2073   | COLL_WALL   | steps 59   | total 178k  |  6.6s | MA100  73%
Epi 2074   | COLL_WALL   | steps 82   | total 178k  |  9.5s | MA100  72%
Epi 2075   | COLL_WALL   | steps 43   | total 178k  |  4.9s | MA100  71%
Epi 2076   | SUCCESS     | steps 61   | total 179k  |  6.8s | MA100  72%
Epi 2077   | COLL_WALL   | steps 50   | total 179k  |  5.8s | MA100  72%
Epi 2078   | SUCCESS     | steps 64   | total 179k  |  7.5s | MA100  72%
Epi 2079   | SUCCESS     | steps 86   | total 179k  |  9.6s | MA100  73%
Epi 2080   | COLL_WALL   | steps 30   | total 179k  |  3.5s | MA100  72%
Epi 2081   | SUCCESS     | steps 71   | total 179k  |  8.2s | MA100  72%
Epi 2082   | COLL_WALL   | steps 70   | total 179k  |  7.3s | MA100  72%
Epi 2083   | SUCCESS     | steps 66   | total 179k  |  7.4s | MA100  72%
Epi 2084   | SUCCESS     | steps 59   | total 179k  |  6.6s | MA100  72%
Epi 2085   | COLL_WALL   | steps 65   | total 179k  |  6.6s | MA100  71%
Epi 2086   | SUCCESS     | steps 30   | total 179k  |  3.4s | MA100  71%
Epi 2087   | SUCCESS     | steps 38   | total 179k  |  4.2s | MA100  72%
Epi 2088   | SUCCESS     | steps 30   | total 179k  |  3.4s | MA100  72%
Epi 2089   | SUCCESS     | steps 58   | total 179k  |  6.4s | MA100  73%
Epi 2090   | SUCCESS     | steps 45   | total 179k  |  4.6s | MA100  73%
Epi 2091   | COLL_WALL   | steps 55   | total 179k  |  6.2s | MA100  72%
Epi 2092   | SUCCESS     | steps 58   | total 179k  |  6.6s | MA100  73%
Epi 2093   | SUCCESS     | steps 35   | total 179k  |  4.0s | MA100  73%
Epi 2094   | SUCCESS     | steps 77   | total 180k  |  8.5s | MA100  73%
Epi 2095   | COLL_WALL   | steps 33   | total 180k  |  3.7s | MA100  72%
Epi 2096   | SUCCESS     | steps 92   | total 180k  | 10.4s | MA100  72%
Epi 2097   | SUCCESS     | steps 68   | total 180k  |  7.2s | MA100  73%
Epi 2098   | SUCCESS     | steps 30   | total 180k  |  3.4s | MA100  74%
Epi 2099   | SUCCESS     | steps 30   | total 180k  |  3.4s | MA100  74%
Epi 2100   | SUCCESS     | steps 38   | total 180k  |  4.3s | MA100  74%
saving data for episode: 2100, location: /home/kaushik/project/deep-rl-robot-navigation/src/turtlebot3_drl/model/fond-filly/sac_4_stage_9
saving actor model for episode: 2100
saving critic model for episode: 2100
saving target_critic model for episode: 2100
[val] ep 2100: 65.0% over 40 det. eps  |  best: 77.5% @ ep 1700
Epi 2101   | SUCCESS     | steps 57   | total 180k  |  6.4s | MA100  74%
Epi 2102   | COLL_WALL   | steps 130  | total 180k  | 14.1s | MA100  74%
Epi 2103   | SUCCESS     | steps 65   | total 180k  |  7.3s | MA100  74%
Epi 2104   | SUCCESS     | steps 113  | total 180k  | 12.6s | MA100  74%
Epi 2105   | SUCCESS     | steps 88   | total 180k  |  9.5s | MA100  74%
Epi 2106   | SUCCESS     | steps 49   | total 180k  |  5.5s | MA100  75%
Epi 2107   | SUCCESS     | steps 34   | total 180k  |  3.8s | MA100  75%
Epi 2108   | SUCCESS     | steps 75   | total 180k  |  7.9s | MA100  75%
Epi 2109   | SUCCESS     | steps 101  | total 181k  | 11.4s | MA100  75%
Epi 2110   | SUCCESS     | steps 77   | total 181k  |  8.8s | MA100  75%
Epi 2111   | SUCCESS     | steps 56   | total 181k  |  6.5s | MA100  75%
Epi 2112   | SUCCESS     | steps 42   | total 181k  |  5.0s | MA100  75%
Epi 2113   | SUCCESS     | steps 32   | total 181k  |  3.8s | MA100  75%
Epi 2114   | COLL_WALL   | steps 35   | total 181k  |  4.0s | MA100  74%
Epi 2115   | SUCCESS     | steps 30   | total 181k  |  2.9s | MA100  75%
Epi 2116   | SUCCESS     | steps 58   | total 181k  |  6.7s | MA100  75%
Epi 2117   | SUCCESS     | steps 35   | total 181k  |  3.9s | MA100  76%
Epi 2118   | SUCCESS     | steps 41   | total 181k  |  4.7s | MA100  76%
Epi 2119   | SUCCESS     | steps 68   | total 181k  |  7.2s | MA100  76%
Epi 2120   | SUCCESS     | steps 43   | total 181k  |  4.9s | MA100  76%
Epi 2121   | SUCCESS     | steps 53   | total 181k  |  6.2s | MA100  77%
Epi 2122   | SUCCESS     | steps 75   | total 181k  |  8.2s | MA100  77%
Epi 2123   | COLL_WALL   | steps 43   | total 181k  |  4.5s | MA100  76%
Epi 2124   | SUCCESS     | steps 34   | total 181k  |  3.8s | MA100  77%
Epi 2125   | SUCCESS     | steps 38   | total 181k  |  4.3s | MA100  77%
Epi 2126   | SUCCESS     | steps 55   | total 181k  |  6.2s | MA100  77%
Epi 2127   | SUCCESS     | steps 62   | total 181k  |  6.6s | MA100  77%
Epi 2128   | COLL_WALL   | steps 44   | total 181k  |  5.0s | MA100  76%
Epi 2129   | SUCCESS     | steps 92   | total 182k  | 10.5s | MA100  76%
Epi 2130   | COLL_WALL   | steps 39   | total 182k  |  4.3s | MA100  75%
Epi 2131   | SUCCESS     | steps 63   | total 182k  |  7.0s | MA100  75%
Epi 2132   | SUCCESS     | steps 41   | total 182k  |  4.8s | MA100  75%
Epi 2133   | COLL_WALL   | steps 45   | total 182k  |  5.2s | MA100  74%
Epi 2134   | SUCCESS     | steps 59   | total 182k  |  6.1s | MA100  74%
Epi 2135   | COLL_WALL   | steps 30   | total 182k  |  3.5s | MA100  73%
Epi 2136   | SUCCESS     | steps 30   | total 182k  |  3.4s | MA100  73%
Epi 2137   | SUCCESS     | steps 60   | total 182k  |  7.0s | MA100  74%
Epi 2138   | SUCCESS     | steps 94   | total 182k  | 10.1s | MA100  74%
Epi 2139   | SUCCESS     | steps 95   | total 182k  | 10.7s | MA100  75%
Epi 2140   | SUCCESS     | steps 80   | total 182k  |  8.6s | MA100  75%
Epi 2141   | SUCCESS     | steps 53   | total 182k  |  6.2s | MA100  75%
Epi 2142   | SUCCESS     | steps 59   | total 182k  |  6.9s | MA100  75%
Epi 2143   | TIMEOUT     | steps 173  | total 182k  | 19.5s | MA100  74%
Epi 2144   | SUCCESS     | steps 48   | total 183k  |  5.6s | MA100  75%
Epi 2145   | COLL_WALL   | steps 54   | total 183k  |  5.9s | MA100  74%
Epi 2146   | SUCCESS     | steps 30   | total 183k  |  3.2s | MA100  74%
Epi 2147   | COLL_WALL   | steps 60   | total 183k  |  6.9s | MA100  73%
Epi 2148   | COLL_WALL   | steps 62   | total 183k  |  7.2s | MA100  73%
Epi 2149   | SUCCESS     | steps 51   | total 183k  |  5.5s | MA100  73%
Epi 2150   | SUCCESS     | steps 69   | total 183k  |  7.9s | MA100  74%
Epi 2151   | TUMBLE      | steps 30   | total 183k  |  3.5s | MA100  73%
Epi 2152   | TUMBLE      | steps 30   | total 183k  |  3.4s | MA100  73%
Epi 2153   | TUMBLE      | steps 30   | total 183k  |  3.4s | MA100  72%
Epi 2154   | TUMBLE      | steps 33   | total 183k  |  3.4s | MA100  71%
Epi 2155   | SUCCESS     | steps 58   | total 183k  |  6.7s | MA100  71%
Epi 2156   | SUCCESS     | steps 58   | total 183k  |  6.6s | MA100  71%
Epi 2157   | COLL_WALL   | steps 56   | total 183k  |  6.5s | MA100  70%
Epi 2158   | SUCCESS     | steps 45   | total 183k  |  4.9s | MA100  71%
Epi 2159   | TUMBLE      | steps 31   | total 183k  |  3.6s | MA100  71%
Epi 2160   | TUMBLE      | steps 30   | total 183k  |  3.5s | MA100  71%
Epi 2161   | SUCCESS     | steps 101  | total 183k  | 11.5s | MA100  71%
Epi 2162   | SUCCESS     | steps 54   | total 183k  |  5.8s | MA100  71%
Epi 2163   | COLL_WALL   | steps 54   | total 183k  |  6.4s | MA100  70%
Epi 2164   | SUCCESS     | steps 53   | total 184k  |  6.2s | MA100  70%
Epi 2165   | SUCCESS     | steps 74   | total 184k  |  8.0s | MA100  70%
Epi 2166   | SUCCESS     | steps 71   | total 184k  |  8.1s | MA100  71%
Epi 2167   | COLL_WALL   | steps 139  | total 184k  | 15.6s | MA100  70%
Epi 2168   | SUCCESS     | steps 35   | total 184k  |  4.1s | MA100  70%
Epi 2169   | COLL_WALL   | steps 43   | total 184k  |  5.0s | MA100  69%
Epi 2170   | SUCCESS     | steps 30   | total 184k  |  3.5s | MA100  69%
Epi 2171   | SUCCESS     | steps 57   | total 184k  |  6.0s | MA100  69%
Epi 2172   | SUCCESS     | steps 33   | total 184k  |  3.8s | MA100  70%
Epi 2173   | SUCCESS     | steps 38   | total 184k  |  4.4s | MA100  71%
Epi 2174   | SUCCESS     | steps 77   | total 184k  |  8.8s | MA100  72%
Epi 2175   | COLL_WALL   | steps 40   | total 184k  |  4.1s | MA100  72%
Epi 2176   | SUCCESS     | steps 30   | total 184k  |  3.5s | MA100  72%
Epi 2177   | SUCCESS     | steps 30   | total 184k  |  3.5s | MA100  73%
Epi 2178   | SUCCESS     | steps 53   | total 184k  |  6.1s | MA100  73%
Epi 2179   | COLL_WALL   | steps 30   | total 184k  |  3.4s | MA100  72%
Epi 2180   | TUMBLE      | steps 38   | total 184k  |  3.9s | MA100  72%
Epi 2181   | SUCCESS     | steps 32   | total 184k  |  3.7s | MA100  72%
Epi 2182   | COLL_WALL   | steps 30   | total 184k  |  3.4s | MA100  72%
Epi 2183   | SUCCESS     | steps 42   | total 184k  |  4.9s | MA100  72%
Epi 2184   | COLL_WALL   | steps 65   | total 185k  |  7.3s | MA100  71%
Epi 2185   | SUCCESS     | steps 70   | total 185k  |  7.5s | MA100  72%
Epi 2186   | SUCCESS     | steps 103  | total 185k  | 12.0s | MA100  72%
Epi 2187   | SUCCESS     | steps 43   | total 185k  |  4.7s | MA100  72%
Epi 2188   | COLL_WALL   | steps 30   | total 185k  |  3.5s | MA100  71%
Epi 2189   | SUCCESS     | steps 30   | total 185k  |  3.5s | MA100  71%
Epi 2190   | SUCCESS     | steps 40   | total 185k  |  4.6s | MA100  71%
Epi 2191   | SUCCESS     | steps 63   | total 185k  |  7.0s | MA100  72%
Epi 2192   | SUCCESS     | steps 89   | total 185k  | 10.0s | MA100  72%
Epi 2193   | SUCCESS     | steps 86   | total 185k  |  9.8s | MA100  72%
Epi 2194   | COLL_WALL   | steps 34   | total 185k  |  3.8s | MA100  71%
Epi 2195   | SUCCESS     | steps 37   | total 185k  |  3.9s | MA100  72%
Epi 2196   | COLL_WALL   | steps 74   | total 185k  |  8.6s | MA100  71%
Epi 2197   | SUCCESS     | steps 53   | total 185k  |  6.2s | MA100  71%
Epi 2198   | SUCCESS     | steps 44   | total 185k  |  5.0s | MA100  71%
Epi 2199   | SUCCESS     | steps 72   | total 185k  |  7.9s | MA100  71%
Epi 2200   | SUCCESS     | steps 51   | total 185k  |  5.8s | MA100  71%
saving data for episode: 2200, location: /home/kaushik/project/deep-rl-robot-navigation/src/turtlebot3_drl/model/fond-filly/sac_4_stage_9
saving actor model for episode: 2200
saving critic model for episode: 2200
saving target_critic model for episode: 2200
[val] ep 2200: 80.0% over 40 det. eps  |  best: 77.5% @ ep 1700
[val] NEW BEST CHECKPOINT — ep 2200, success 80.0%
Epi 2201   | SUCCESS     | steps 57   | total 185k  |  6.1s | MA100  71%
Epi 2202   | SUCCESS     | steps 47   | total 186k  |  5.4s | MA100  72%
Epi 2203   | COLL_WALL   | steps 68   | total 186k  |  7.9s | MA100  71%
Epi 2204   | SUCCESS     | steps 49   | total 186k  |  5.5s | MA100  71%
Epi 2205   | SUCCESS     | steps 30   | total 186k  |  3.1s | MA100  71%
Epi 2206   | SUCCESS     | steps 39   | total 186k  |  4.4s | MA100  71%
Epi 2207   | COLL_WALL   | steps 35   | total 186k  |  3.9s | MA100  70%
Epi 2208   | SUCCESS     | steps 36   | total 186k  |  4.1s | MA100  70%
Epi 2209   | SUCCESS     | steps 35   | total 186k  |  4.0s | MA100  70%
Epi 2210   | SUCCESS     | steps 85   | total 186k  |  9.2s | MA100  70%
Epi 2211   | COLL_WALL   | steps 46   | total 186k  |  5.3s | MA100  69%
Epi 2212   | COLL_WALL   | steps 46   | total 186k  |  5.3s | MA100  68%
Epi 2213   | SUCCESS     | steps 38   | total 186k  |  4.4s | MA100  68%
Epi 2214   | SUCCESS     | steps 64   | total 186k  |  6.9s | MA100  69%
Epi 2215   | COLL_WALL   | steps 31   | total 186k  |  3.6s | MA100  68%
Epi 2216   | COLL_WALL   | steps 34   | total 186k  |  3.9s | MA100  67%
Epi 2217   | SUCCESS     | steps 86   | total 186k  |  9.7s | MA100  67%
Epi 2218   | SUCCESS     | steps 86   | total 186k  |  9.6s | MA100  67%
Epi 2219   | SUCCESS     | steps 79   | total 186k  |  9.1s | MA100  67%
Epi 2220   | COLL_WALL   | steps 30   | total 186k  |  3.3s | MA100  66%
Epi 2221   | SUCCESS     | steps 40   | total 186k  |  4.3s | MA100  66%
Epi 2222   | SUCCESS     | steps 63   | total 187k  |  7.3s | MA100  66%
Epi 2223   | SUCCESS     | steps 69   | total 187k  |  7.7s | MA100  67%
Epi 2224   | SUCCESS     | steps 54   | total 187k  |  5.7s | MA100  67%
Epi 2225   | SUCCESS     | steps 73   | total 187k  |  8.4s | MA100  67%
Epi 2226   | SUCCESS     | steps 100  | total 187k  | 10.3s | MA100  67%
Epi 2227   | SUCCESS     | steps 87   | total 187k  |  9.7s | MA100  67%
Epi 2228   | COLL_WALL   | steps 95   | total 187k  | 10.8s | MA100  67%
Epi 2229   | COLL_WALL   | steps 31   | total 187k  |  3.2s | MA100  66%
Epi 2230   | COLL_WALL   | steps 30   | total 187k  |  3.5s | MA100  66%
Epi 2231   | SUCCESS     | steps 46   | total 187k  |  5.4s | MA100  66%
Epi 2232   | COLL_WALL   | steps 45   | total 187k  |  5.1s | MA100  65%
Epi 2233   | SUCCESS     | steps 42   | total 187k  |  4.8s | MA100  66%
Epi 2234   | SUCCESS     | steps 36   | total 187k  |  3.8s | MA100  66%
Epi 2235   | SUCCESS     | steps 51   | total 187k  |  6.0s | MA100  67%
Epi 2236   | COLL_WALL   | steps 93   | total 187k  | 10.6s | MA100  66%
Epi 2237   | SUCCESS     | steps 49   | total 187k  |  5.0s | MA100  66%
Epi 2238   | SUCCESS     | steps 49   | total 187k  |  5.7s | MA100  66%
Epi 2239   | SUCCESS     | steps 76   | total 188k  |  8.8s | MA100  66%
Epi 2240   | SUCCESS     | steps 62   | total 188k  |  7.1s | MA100  66%
Epi 2241   | COLL_WALL   | steps 37   | total 188k  |  3.9s | MA100  65%
Epi 2242   | COLL_WALL   | steps 59   | total 188k  |  6.7s | MA100  64%
Epi 2243   | SUCCESS     | steps 36   | total 188k  |  4.1s | MA100  65%
Epi 2244   | SUCCESS     | steps 71   | total 188k  |  7.8s | MA100  65%
Epi 2245   | SUCCESS     | steps 38   | total 188k  |  4.3s | MA100  66%
Epi 2246   | SUCCESS     | steps 38   | total 188k  |  4.3s | MA100  66%
Epi 2247   | SUCCESS     | steps 39   | total 188k  |  4.5s | MA100  67%
Epi 2248   | SUCCESS     | steps 39   | total 188k  |  4.6s | MA100  68%
Epi 2249   | COLL_WALL   | steps 30   | total 188k  |  3.2s | MA100  67%
Epi 2250   | SUCCESS     | steps 59   | total 188k  |  6.3s | MA100  67%
Epi 2251   | SUCCESS     | steps 58   | total 188k  |  6.8s | MA100  68%
Epi 2252   | SUCCESS     | steps 90   | total 188k  | 10.3s | MA100  69%
Epi 2253   | SUCCESS     | steps 35   | total 188k  |  3.9s | MA100  70%
Epi 2254   | SUCCESS     | steps 67   | total 188k  |  7.8s | MA100  71%
Epi 2255   | SUCCESS     | steps 30   | total 188k  |  3.5s | MA100  71%
Epi 2256   | COLL_WALL   | steps 73   | total 188k  |  8.0s | MA100  70%
Epi 2257   | SUCCESS     | steps 43   | total 188k  |  5.0s | MA100  71%
Epi 2258   | SUCCESS     | steps 49   | total 189k  |  5.6s | MA100  71%
Epi 2259   | SUCCESS     | steps 69   | total 189k  |  7.6s | MA100  72%
Epi 2260   | SUCCESS     | steps 60   | total 189k  |  6.5s | MA100  73%
Epi 2261   | SUCCESS     | steps 122  | total 189k  | 14.2s | MA100  73%
Epi 2262   | SUCCESS     | steps 136  | total 189k  | 15.5s | MA100  73%
Epi 2263   | SUCCESS     | steps 72   | total 189k  |  8.1s | MA100  74%
Epi 2264   | COLL_WALL   | steps 43   | total 189k  |  4.5s | MA100  73%
Epi 2265   | COLL_WALL   | steps 30   | total 189k  |  3.4s | MA100  72%
Epi 2266   | SUCCESS     | steps 49   | total 189k  |  5.6s | MA100  72%
Epi 2267   | SUCCESS     | steps 87   | total 189k  |  9.7s | MA100  73%
Epi 2268   | SUCCESS     | steps 51   | total 189k  |  5.4s | MA100  73%
Epi 2269   | SUCCESS     | steps 30   | total 189k  |  3.5s | MA100  74%
Epi 2270   | SUCCESS     | steps 46   | total 189k  |  5.4s | MA100  74%
Epi 2271   | COLL_WALL   | steps 60   | total 189k  |  6.7s | MA100  73%
Epi 2272   | SUCCESS     | steps 42   | total 189k  |  4.5s | MA100  73%
Epi 2273   | SUCCESS     | steps 45   | total 189k  |  5.1s | MA100  73%
Epi 2274   | COLL_WALL   | steps 38   | total 190k  |  4.4s | MA100  72%
Epi 2275   | SUCCESS     | steps 33   | total 190k  |  3.8s | MA100  73%
Epi 2276   | COLL_WALL   | steps 52   | total 190k  |  5.6s | MA100  72%
Epi 2277   | SUCCESS     | steps 164  | total 190k  | 18.7s | MA100  72%
Epi 2278   | COLL_WALL   | steps 129  | total 190k  | 14.2s | MA100  71%
Epi 2279   | SUCCESS     | steps 81   | total 190k  |  9.3s | MA100  72%
Epi 2280   | SUCCESS     | steps 79   | total 190k  |  8.5s | MA100  73%
Epi 2281   | SUCCESS     | steps 30   | total 190k  |  3.4s | MA100  73%
Epi 2282   | SUCCESS     | steps 46   | total 190k  |  5.3s | MA100  74%
Epi 2283   | SUCCESS     | steps 41   | total 190k  |  4.7s | MA100  74%
Epi 2284   | SUCCESS     | steps 39   | total 190k  |  4.2s | MA100  75%
Epi 2285   | SUCCESS     | steps 80   | total 190k  |  9.3s | MA100  75%
Epi 2286   | SUCCESS     | steps 65   | total 190k  |  7.6s | MA100  75%
Epi 2287   | SUCCESS     | steps 81   | total 190k  |  8.5s | MA100  75%
Epi 2288   | COLL_WALL   | steps 124  | total 191k  | 13.9s | MA100  75%
Epi 2289   | SUCCESS     | steps 37   | total 191k  |  3.9s | MA100  75%
Epi 2290   | SUCCESS     | steps 44   | total 191k  |  4.6s | MA100  75%
Epi 2291   | SUCCESS     | steps 73   | total 191k  |  8.2s | MA100  75%
Epi 2292   | COLL_WALL   | steps 30   | total 191k  |  3.3s | MA100  74%
Epi 2293   | SUCCESS     | steps 49   | total 191k  |  5.3s | MA100  74%
Epi 2294   | SUCCESS     | steps 55   | total 191k  |  5.8s | MA100  75%
Epi 2295   | SUCCESS     | steps 46   | total 191k  |  5.2s | MA100  75%
Epi 2296   | SUCCESS     | steps 71   | total 191k  |  8.0s | MA100  76%
Epi 2297   | COLL_WALL   | steps 41   | total 191k  |  4.5s | MA100  75%
Epi 2298   | COLL_WALL   | steps 55   | total 191k  |  6.1s | MA100  74%
Epi 2299   | COLL_WALL   | steps 46   | total 191k  |  5.2s | MA100  73%
Epi 2300   | COLL_WALL   | steps 35   | total 191k  |  4.0s | MA100  72%
saving data for episode: 2300, location: /home/kaushik/project/deep-rl-robot-navigation/src/turtlebot3_drl/model/fond-filly/sac_4_stage_9
saving actor model for episode: 2300
saving critic model for episode: 2300
saving target_critic model for episode: 2300
[val] ep 2300: 80.0% over 40 det. eps  |  best: 80.0% @ ep 2200
Epi 2301   | SUCCESS     | steps 59   | total 191k  |  6.8s | MA100  72%
Epi 2302   | COLL_WALL   | steps 37   | total 191k  |  4.3s | MA100  71%
Epi 2303   | SUCCESS     | steps 33   | total 191k  |  3.8s | MA100  72%
Epi 2304   | SUCCESS     | steps 39   | total 191k  |  4.0s | MA100  72%
Epi 2305   | SUCCESS     | steps 69   | total 191k  |  7.9s | MA100  72%
Epi 2306   | SUCCESS     | steps 30   | total 191k  |  3.4s | MA100  72%
Epi 2307   | SUCCESS     | steps 32   | total 191k  |  3.7s | MA100  73%
Epi 2308   | SUCCESS     | steps 30   | total 191k  |  3.3s | MA100  73%
Epi 2309   | SUCCESS     | steps 85   | total 192k  |  9.4s | MA100  73%
Epi 2310   | SUCCESS     | steps 122  | total 192k  | 13.8s | MA100  73%
Epi 2311   | SUCCESS     | steps 62   | total 192k  |  6.7s | MA100  74%
Epi 2312   | SUCCESS     | steps 51   | total 192k  |  5.8s | MA100  75%
Epi 2313   | SUCCESS     | steps 85   | total 192k  |  9.6s | MA100  75%
Epi 2314   | SUCCESS     | steps 87   | total 192k  |  9.8s | MA100  75%
Epi 2315   | COLL_WALL   | steps 53   | total 192k  |  6.1s | MA100  75%
Epi 2316   | SUCCESS     | steps 49   | total 192k  |  5.7s | MA100  76%
Epi 2317   | SUCCESS     | steps 73   | total 192k  |  8.1s | MA100  76%
Epi 2318   | SUCCESS     | steps 81   | total 192k  |  9.4s | MA100  76%
Epi 2319   | COLL_WALL   | steps 37   | total 192k  |  4.4s | MA100  75%
Epi 2320   | SUCCESS     | steps 30   | total 192k  |  3.3s | MA100  76%
Epi 2321   | SUCCESS     | steps 54   | total 192k  |  6.3s | MA100  76%
Epi 2322   | SUCCESS     | steps 38   | total 192k  |  4.5s | MA100  76%
Epi 2323   | COLL_WALL   | steps 49   | total 192k  |  5.7s | MA100  75%
Epi 2324   | SUCCESS     | steps 30   | total 192k  |  3.3s | MA100  75%
Epi 2325   | SUCCESS     | steps 73   | total 193k  |  8.1s | MA100  75%
Epi 2326   | SUCCESS     | steps 68   | total 193k  |  8.0s | MA100  75%
Epi 2327   | SUCCESS     | steps 30   | total 193k  |  3.5s | MA100  75%
Epi 2328   | COLL_WALL   | steps 32   | total 193k  |  3.6s | MA100  75%
Epi 2329   | SUCCESS     | steps 30   | total 193k  |  3.1s | MA100  76%
Epi 2330   | SUCCESS     | steps 45   | total 193k  |  5.2s | MA100  77%
Epi 2331   | SUCCESS     | steps 30   | total 193k  |  3.6s | MA100  77%
Epi 2332   | SUCCESS     | steps 88   | total 193k  |  9.8s | MA100  78%
Epi 2333   | COLL_WALL   | steps 30   | total 193k  |  3.4s | MA100  77%
Epi 2334   | SUCCESS     | steps 66   | total 193k  |  7.6s | MA100  77%
Epi 2335   | SUCCESS     | steps 85   | total 193k  |  9.9s | MA100  77%
Epi 2336   | COLL_WALL   | steps 53   | total 193k  |  5.9s | MA100  77%
Epi 2337   | SUCCESS     | steps 50   | total 193k  |  5.9s | MA100  77%
Epi 2338   | COLL_WALL   | steps 30   | total 193k  |  3.5s | MA100  76%
Epi 2339   | SUCCESS     | steps 49   | total 193k  |  5.5s | MA100  76%
Epi 2340   | SUCCESS     | steps 44   | total 193k  |  4.6s | MA100  76%
Epi 2341   | SUCCESS     | steps 46   | total 193k  |  5.4s | MA100  77%
Epi 2342   | SUCCESS     | steps 56   | total 193k  |  6.5s | MA100  78%
Epi 2343   | SUCCESS     | steps 58   | total 193k  |  6.5s | MA100  78%
Epi 2344   | COLL_WALL   | steps 48   | total 193k  |  5.2s | MA100  77%
Epi 2345   | SUCCESS     | steps 30   | total 193k  |  3.5s | MA100  77%
Epi 2346   | SUCCESS     | steps 59   | total 194k  |  6.9s | MA100  77%
Epi 2347   | COLL_WALL   | steps 74   | total 194k  |  8.3s | MA100  76%
Epi 2348   | SUCCESS     | steps 30   | total 194k  |  3.5s | MA100  76%
Epi 2349   | SUCCESS     | steps 30   | total 194k  |  3.5s | MA100  77%
Epi 2350   | SUCCESS     | steps 30   | total 194k  |  3.5s | MA100  77%
Epi 2351   | SUCCESS     | steps 45   | total 194k  |  5.3s | MA100  77%
Epi 2352   | SUCCESS     | steps 205  | total 194k  | 22.6s | MA100  77%
Epi 2353   | SUCCESS     | steps 108  | total 194k  | 11.4s | MA100  77%
Epi 2354   | COLL_WALL   | steps 66   | total 194k  |  7.3s | MA100  76%
Epi 2355   | SUCCESS     | steps 30   | total 194k  |  3.3s | MA100  76%
Epi 2356   | COLL_WALL   | steps 32   | total 194k  |  3.5s | MA100  76%
Epi 2357   | SUCCESS     | steps 49   | total 194k  |  5.1s | MA100  76%
Epi 2358   | SUCCESS     | steps 131  | total 194k  | 14.7s | MA100  76%
Epi 2359   | SUCCESS     | steps 108  | total 194k  | 11.8s | MA100  76%
Epi 2360   | SUCCESS     | steps 65   | total 195k  |  7.4s | MA100  76%
Epi 2361   | SUCCESS     | steps 179  | total 195k  | 20.2s | MA100  76%
Epi 2362   | COLL_WALL   | steps 79   | total 195k  |  9.3s | MA100  75%
Epi 2363   | SUCCESS     | steps 47   | total 195k  |  4.9s | MA100  75%
Epi 2364   | SUCCESS     | steps 52   | total 195k  |  6.0s | MA100  76%
Epi 2365   | SUCCESS     | steps 90   | total 195k  | 10.3s | MA100  77%
Epi 2366   | SUCCESS     | steps 30   | total 195k  |  3.4s | MA100  77%
Epi 2367   | COLL_WALL   | steps 30   | total 195k  |  3.2s | MA100  76%
Epi 2368   | SUCCESS     | steps 55   | total 195k  |  6.3s | MA100  76%
Epi 2369   | SUCCESS     | steps 84   | total 195k  |  9.9s | MA100  76%
Epi 2370   | SUCCESS     | steps 30   | total 195k  |  3.3s | MA100  76%
Epi 2371   | COLL_WALL   | steps 65   | total 195k  |  7.2s | MA100  76%
Epi 2372   | SUCCESS     | steps 32   | total 195k  |  3.7s | MA100  76%
Epi 2373   | SUCCESS     | steps 41   | total 195k  |  4.8s | MA100  76%
Epi 2374   | SUCCESS     | steps 64   | total 195k  |  7.3s | MA100  77%
Epi 2375   | COLL_WALL   | steps 76   | total 196k  |  8.9s | MA100  76%
Epi 2376   | SUCCESS     | steps 60   | total 196k  |  7.0s | MA100  77%
Epi 2377   | SUCCESS     | steps 38   | total 196k  |  4.3s | MA100  77%
Epi 2378   | SUCCESS     | steps 104  | total 196k  | 11.7s | MA100  78%
Epi 2379   | SUCCESS     | steps 72   | total 196k  |  8.3s | MA100  78%
Epi 2380   | SUCCESS     | steps 87   | total 196k  |  9.6s | MA100  78%
Epi 2381   | SUCCESS     | steps 35   | total 196k  |  3.8s | MA100  78%
Epi 2382   | SUCCESS     | steps 34   | total 196k  |  3.8s | MA100  78%
Epi 2383   | COLL_WALL   | steps 30   | total 196k  |  3.4s | MA100  77%
Epi 2384   | COLL_WALL   | steps 35   | total 196k  |  4.0s | MA100  76%
Epi 2385   | COLL_WALL   | steps 56   | total 196k  |  6.0s | MA100  75%
Epi 2386   | SUCCESS     | steps 30   | total 196k  |  3.4s | MA100  75%
Epi 2387   | SUCCESS     | steps 39   | total 196k  |  4.5s | MA100  75%
Epi 2388   | SUCCESS     | steps 36   | total 196k  |  4.0s | MA100  76%
Epi 2389   | COLL_WALL   | steps 94   | total 196k  | 10.4s | MA100  75%
Epi 2390   | SUCCESS     | steps 31   | total 196k  |  3.6s | MA100  75%
Epi 2391   | SUCCESS     | steps 30   | total 196k  |  3.6s | MA100  75%
Epi 2392   | SUCCESS     | steps 30   | total 196k  |  3.5s | MA100  76%
Epi 2393   | COLL_WALL   | steps 66   | total 196k  |  7.4s | MA100  75%
Epi 2394   | SUCCESS     | steps 33   | total 196k  |  3.9s | MA100  75%
Epi 2395   | SUCCESS     | steps 71   | total 197k  |  8.1s | MA100  75%
Epi 2396   | SUCCESS     | steps 65   | total 197k  |  7.5s | MA100  75%
Epi 2397   | SUCCESS     | steps 99   | total 197k  | 10.8s | MA100  76%
Epi 2398   | SUCCESS     | steps 66   | total 197k  |  7.5s | MA100  77%
Epi 2399   | COLL_WALL   | steps 30   | total 197k  |  3.5s | MA100  77%
Epi 2400   | SUCCESS     | steps 45   | total 197k  |  4.9s | MA100  78%
saving data for episode: 2400, location: /home/kaushik/project/deep-rl-robot-navigation/src/turtlebot3_drl/model/fond-filly/sac_4_stage_9
saving actor model for episode: 2400
saving critic model for episode: 2400
saving target_critic model for episode: 2400
[val] ep 2400: 85.0% over 40 det. eps  |  best: 80.0% @ ep 2200
[val] NEW BEST CHECKPOINT — ep 2400, success 85.0%
Epi 2401   | COLL_WALL   | steps 30   | total 197k  |  3.5s | MA100  77%
Epi 2402   | SUCCESS     | steps 48   | total 197k  |  5.4s | MA100  78%
Epi 2403   | SUCCESS     | steps 74   | total 197k  |  8.1s | MA100  78%
Epi 2404   | SUCCESS     | steps 80   | total 197k  |  9.2s | MA100  78%
Epi 2405   | SUCCESS     | steps 58   | total 197k  |  6.4s | MA100  78%
Epi 2406   | SUCCESS     | steps 47   | total 197k  |  5.0s | MA100  78%
Epi 2407   | COLL_WALL   | steps 40   | total 197k  |  4.6s | MA100  77%
Epi 2408   | COLL_WALL   | steps 43   | total 197k  |  5.0s | MA100  76%
Epi 2409   | SUCCESS     | steps 45   | total 197k  |  4.9s | MA100  76%
Epi 2410   | SUCCESS     | steps 46   | total 197k  |  4.9s | MA100  76%
Epi 2411   | SUCCESS     | steps 46   | total 197k  |  5.3s | MA100  76%
Epi 2412   | SUCCESS     | steps 116  | total 197k  | 13.4s | MA100  76%
Epi 2413   | COLL_WALL   | steps 33   | total 198k  |  3.4s | MA100  75%
Epi 2414   | SUCCESS     | steps 70   | total 198k  |  8.0s | MA100  75%
Epi 2415   | SUCCESS     | steps 74   | total 198k  |  8.4s | MA100  76%
Epi 2416   | COLL_WALL   | steps 64   | total 198k  |  6.8s | MA100  75%
Epi 2417   | SUCCESS     | steps 42   | total 198k  |  4.8s | MA100  75%
Epi 2418   | SUCCESS     | steps 84   | total 198k  |  9.6s | MA100  75%
Epi 2419   | SUCCESS     | steps 54   | total 198k  |  6.0s | MA100  76%
Epi 2420   | COLL_WALL   | steps 32   | total 198k  |  3.3s | MA100  75%
Epi 2421   | SUCCESS     | steps 30   | total 198k  |  3.4s | MA100  75%
Epi 2422   | COLL_WALL   | steps 53   | total 198k  |  6.1s | MA100  74%
Epi 2423   | COLL_WALL   | steps 69   | total 198k  |  7.8s | MA100  74%
Epi 2424   | SUCCESS     | steps 63   | total 198k  |  6.7s | MA100  74%
Epi 2425   | COLL_WALL   | steps 32   | total 198k  |  3.7s | MA100  73%
Epi 2426   | SUCCESS     | steps 36   | total 198k  |  4.1s | MA100  73%
Epi 2427   | SUCCESS     | steps 74   | total 198k  |  8.4s | MA100  73%
Epi 2428   | COLL_WALL   | steps 62   | total 198k  |  6.7s | MA100  73%
Epi 2429   | SUCCESS     | steps 85   | total 198k  |  9.8s | MA100  73%
Epi 2430   | SUCCESS     | steps 75   | total 199k  |  8.4s | MA100  73%
Epi 2431   | SUCCESS     | steps 136  | total 199k  | 15.3s | MA100  73%
Epi 2432   | SUCCESS     | steps 165  | total 199k  | 18.2s | MA100  73%
Epi 2433   | SUCCESS     | steps 102  | total 199k  | 11.6s | MA100  74%
Epi 2434   | SUCCESS     | steps 75   | total 199k  |  8.1s | MA100  74%
Epi 2435   | SUCCESS     | steps 43   | total 199k  |  5.0s | MA100  74%
Epi 2436   | SUCCESS     | steps 34   | total 199k  |  3.9s | MA100  75%
Epi 2437   | SUCCESS     | steps 107  | total 199k  | 11.7s | MA100  75%
Epi 2438   | SUCCESS     | steps 76   | total 199k  |  8.6s | MA100  76%
Epi 2439   | SUCCESS     | steps 102  | total 199k  | 11.4s | MA100  76%
Epi 2440   | COLL_WALL   | steps 44   | total 199k  |  4.6s | MA100  75%
Epi 2441   | SUCCESS     | steps 76   | total 199k  |  8.7s | MA100  75%
Epi 2442   | COLL_WALL   | steps 40   | total 200k  |  4.5s | MA100  74%
Epi 2443   | COLL_WALL   | steps 39   | total 200k  |  4.4s | MA100  73%
Epi 2444   | SUCCESS     | steps 60   | total 200k  |  6.5s | MA100  74%
Epi 2445   | SUCCESS     | steps 68   | total 200k  |  7.7s | MA100  74%
Epi 2446   | SUCCESS     | steps 47   | total 200k  |  5.3s | MA100  74%
Epi 2447   | COLL_WALL   | steps 30   | total 200k  |  3.2s | MA100  74%
Epi 2448   | COLL_WALL   | steps 41   | total 200k  |  4.2s | MA100  73%
Epi 2449   | SUCCESS     | steps 49   | total 200k  |  5.6s | MA100  73%
Epi 2450   | SUCCESS     | steps 59   | total 200k  |  6.7s | MA100  73%
Epi 2451   | SUCCESS     | steps 55   | total 200k  |  6.3s | MA100  73%
Epi 2452   | SUCCESS     | steps 44   | total 200k  |  4.7s | MA100  73%
Epi 2453   | SUCCESS     | steps 57   | total 200k  |  6.6s | MA100  73%
Epi 2454   | SUCCESS     | steps 62   | total 200k  |  7.2s | MA100  74%
Epi 2455   | SUCCESS     | steps 81   | total 200k  |  8.7s | MA100  74%
Epi 2456   | SUCCESS     | steps 67   | total 200k  |  7.6s | MA100  75%
Epi 2457   | SUCCESS     | steps 41   | total 200k  |  4.7s | MA100  75%
Epi 2458   | SUCCESS     | steps 34   | total 200k  |  4.0s | MA100  75%
Epi 2459   | COLL_WALL   | steps 30   | total 200k  |  3.3s | MA100  74%
Epi 2460   | SUCCESS     | steps 30   | total 200k  |  3.1s | MA100  74%
Epi 2461   | SUCCESS     | steps 61   | total 200k  |  7.1s | MA100  74%
Epi 2462   | SUCCESS     | steps 90   | total 201k  | 10.3s | MA100  75%
Epi 2463   | SUCCESS     | steps 32   | total 201k  |  3.2s | MA100  75%
Epi 2464   | SUCCESS     | steps 43   | total 201k  |  5.0s | MA100  75%
Epi 2465   | COLL_WALL   | steps 30   | total 201k  |  3.5s | MA100  74%
Epi 2466   | SUCCESS     | steps 59   | total 201k  |  6.9s | MA100  74%
Epi 2467   | COLL_WALL   | steps 31   | total 201k  |  3.5s | MA100  74%
Epi 2468   | SUCCESS     | steps 54   | total 201k  |  5.9s | MA100  74%
Epi 2469   | SUCCESS     | steps 87   | total 201k  |  9.8s | MA100  74%
Epi 2470   | SUCCESS     | steps 61   | total 201k  |  6.9s | MA100  74%
Epi 2471   | SUCCESS     | steps 35   | total 201k  |  3.8s | MA100  75%
Epi 2472   | SUCCESS     | steps 30   | total 201k  |  3.5s | MA100  75%
Epi 2473   | COLL_WALL   | steps 123  | total 201k  | 14.5s | MA100  74%
Epi 2474   | SUCCESS     | steps 30   | total 201k  |  3.1s | MA100  74%
Epi 2475   | COLL_WALL   | steps 45   | total 201k  |  5.2s | MA100  74%
Epi 2476   | SUCCESS     | steps 39   | total 201k  |  4.5s | MA100  74%
Epi 2477   | COLL_WALL   | steps 53   | total 201k  |  6.0s | MA100  73%
Epi 2478   | SUCCESS     | steps 73   | total 201k  |  8.0s | MA100  73%
Epi 2479   | SUCCESS     | steps 47   | total 201k  |  5.5s | MA100  73%
Epi 2480   | SUCCESS     | steps 34   | total 201k  |  4.0s | MA100  73%
Epi 2481   | SUCCESS     | steps 113  | total 202k  | 12.6s | MA100  73%
Epi 2482   | SUCCESS     | steps 121  | total 202k  | 14.1s | MA100  73%
Epi 2483   | COLL_WALL   | steps 62   | total 202k  |  7.0s | MA100  73%
Epi 2484   | SUCCESS     | steps 64   | total 202k  |  7.6s | MA100  74%
Epi 2485   | SUCCESS     | steps 113  | total 202k  | 13.1s | MA100  75%
Epi 2486   | SUCCESS     | steps 30   | total 202k  |  3.0s | MA100  75%
Epi 2487   | SUCCESS     | steps 48   | total 202k  |  5.7s | MA100  75%
Epi 2488   | SUCCESS     | steps 82   | total 202k  |  9.6s | MA100  75%
Epi 2489   | SUCCESS     | steps 57   | total 202k  |  6.3s | MA100  76%
Epi 2490   | SUCCESS     | steps 30   | total 202k  |  3.3s | MA100  76%
Epi 2491   | SUCCESS     | steps 58   | total 202k  |  6.6s | MA100  76%
Epi 2492   | SUCCESS     | steps 47   | total 202k  |  5.3s | MA100  76%
Epi 2493   | COLL_WALL   | steps 65   | total 202k  |  7.0s | MA100  76%
Epi 2494   | SUCCESS     | steps 42   | total 202k  |  4.8s | MA100  76%
Epi 2495   | COLL_WALL   | steps 35   | total 202k  |  4.0s | MA100  75%
Epi 2496   | SUCCESS     | steps 74   | total 203k  |  8.5s | MA100  75%
Epi 2497   | SUCCESS     | steps 47   | total 203k  |  5.0s | MA100  75%
Epi 2498   | SUCCESS     | steps 66   | total 203k  |  7.5s | MA100  75%
Epi 2499   | COLL_WALL   | steps 31   | total 203k  |  3.5s | MA100  75%
Epi 2500   | SUCCESS     | steps 67   | total 203k  |  7.6s | MA100  75%
saving data for episode: 2500, location: /home/kaushik/project/deep-rl-robot-navigation/src/turtlebot3_drl/model/fond-filly/sac_4_stage_9
saving actor model for episode: 2500
saving critic model for episode: 2500
saving target_critic model for episode: 2500
[val] ep 2500: 77.5% over 40 det. eps  |  best: 85.0% @ ep 2400
Epi 2501   | COLL_WALL   | steps 43   | total 203k  |  4.8s | MA100  75%
Epi 2502   | COLL_WALL   | steps 40   | total 203k  |  4.3s | MA100  74%
Epi 2503   | SUCCESS     | steps 32   | total 203k  |  3.1s | MA100  74%
Epi 2504   | COLL_WALL   | steps 43   | total 203k  |  4.7s | MA100  73%
Epi 2505   | SUCCESS     | steps 35   | total 203k  |  3.8s | MA100  73%
Epi 2506   | SUCCESS     | steps 56   | total 203k  |  6.1s | MA100  73%
Epi 2507   | SUCCESS     | steps 34   | total 203k  |  3.5s | MA100  74%
Epi 2508   | SUCCESS     | steps 75   | total 203k  |  7.7s | MA100  75%
Epi 2509   | COLL_WALL   | steps 80   | total 203k  |  8.4s | MA100  74%
Epi 2510   | SUCCESS     | steps 52   | total 203k  |  5.4s | MA100  74%
Epi 2511   | SUCCESS     | steps 66   | total 203k  |  6.9s | MA100  74%
Epi 2512   | SUCCESS     | steps 136  | total 203k  | 15.1s | MA100  74%
Epi 2513   | COLL_WALL   | steps 165  | total 204k  | 18.1s | MA100  74%
Epi 2514   | SUCCESS     | steps 33   | total 204k  |  3.8s | MA100  74%
Epi 2515   | SUCCESS     | steps 50   | total 204k  |  5.3s | MA100  74%
Epi 2516   | SUCCESS     | steps 90   | total 204k  | 10.4s | MA100  75%
Epi 2517   | SUCCESS     | steps 133  | total 204k  | 14.9s | MA100  75%
Epi 2518   | SUCCESS     | steps 30   | total 204k  |  3.5s | MA100  75%
Epi 2519   | COLL_WALL   | steps 101  | total 204k  | 11.7s | MA100  74%
Epi 2520   | SUCCESS     | steps 44   | total 204k  |  4.6s | MA100  75%
Epi 2521   | SUCCESS     | steps 44   | total 204k  |  5.2s | MA100  75%
Epi 2522   | SUCCESS     | steps 38   | total 204k  |  4.4s | MA100  76%
Epi 2523   | SUCCESS     | steps 93   | total 204k  | 10.8s | MA100  77%
Epi 2524   | SUCCESS     | steps 52   | total 204k  |  5.8s | MA100  77%
Epi 2525   | SUCCESS     | steps 43   | total 204k  |  5.1s | MA100  78%
Epi 2526   | SUCCESS     | steps 47   | total 204k  |  5.4s | MA100  78%
Epi 2527   | SUCCESS     | steps 45   | total 204k  |  4.9s | MA100  78%
Epi 2528   | SUCCESS     | steps 65   | total 204k  |  7.1s | MA100  79%
Epi 2529   | COLL_WALL   | steps 37   | total 205k  |  4.2s | MA100  78%
Epi 2530   | SUCCESS     | steps 69   | total 205k  |  8.0s | MA100  78%
Epi 2531   | SUCCESS     | steps 54   | total 205k  |  5.6s | MA100  78%
Epi 2532   | SUCCESS     | steps 83   | total 205k  |  9.7s | MA100  78%
Epi 2533   | TUMBLE      | steps 32   | total 205k  |  3.7s | MA100  77%
Epi 2534   | TUMBLE      | steps 30   | total 205k  |  3.5s | MA100  76%
Epi 2535   | TUMBLE      | steps 30   | total 205k  |  3.0s | MA100  75%
Epi 2536   | SUCCESS     | steps 50   | total 205k  |  5.9s | MA100  75%
Epi 2537   | COLL_WALL   | steps 39   | total 205k  |  4.5s | MA100  74%
Epi 2538   | SUCCESS     | steps 51   | total 205k  |  5.9s | MA100  74%
Epi 2539   | COLL_WALL   | steps 68   | total 205k  |  7.5s | MA100  73%
Epi 2540   | SUCCESS     | steps 47   | total 205k  |  5.3s | MA100  74%
Epi 2541   | COLL_WALL   | steps 30   | total 205k  |  3.4s | MA100  73%
Epi 2542   | SUCCESS     | steps 101  | total 205k  | 11.1s | MA100  74%
Epi 2543   | SUCCESS     | steps 46   | total 205k  |  5.3s | MA100  75%
Epi 2544   | SUCCESS     | steps 99   | total 205k  | 11.4s | MA100  75%
Epi 2545   | COLL_WALL   | steps 30   | total 205k  |  3.3s | MA100  74%
Epi 2546   | SUCCESS     | steps 53   | total 205k  |  5.8s | MA100  74%
Epi 2547   | COLL_WALL   | steps 65   | total 206k  |  7.5s | MA100  74%
Epi 2548   | SUCCESS     | steps 30   | total 206k  |  3.4s | MA100  75%
Epi 2549   | SUCCESS     | steps 53   | total 206k  |  5.8s | MA100  75%
Epi 2550   | COLL_WALL   | steps 93   | total 206k  | 10.5s | MA100  74%
Epi 2551   | SUCCESS     | steps 34   | total 206k  |  3.9s | MA100  74%
Epi 2552   | SUCCESS     | steps 99   | total 206k  | 10.6s | MA100  74%
Epi 2553   | SUCCESS     | steps 84   | total 206k  |  9.6s | MA100  74%
Epi 2554   | SUCCESS     | steps 56   | total 206k  |  6.4s | MA100  74%
Epi 2555   | SUCCESS     | steps 80   | total 206k  |  8.9s | MA100  74%
Epi 2556   | SUCCESS     | steps 172  | total 206k  | 19.6s | MA100  74%
Epi 2557   | COLL_WALL   | steps 31   | total 206k  |  3.6s | MA100  73%
Epi 2558   | SUCCESS     | steps 35   | total 206k  |  4.2s | MA100  73%
Epi 2559   | SUCCESS     | steps 65   | total 206k  |  7.4s | MA100  74%
Epi 2560   | SUCCESS     | steps 97   | total 206k  | 10.5s | MA100  74%
Epi 2561   | SUCCESS     | steps 118  | total 207k  | 13.3s | MA100  74%
Epi 2562   | SUCCESS     | steps 84   | total 207k  |  8.7s | MA100  74%
Epi 2563   | SUCCESS     | steps 42   | total 207k  |  4.6s | MA100  74%
Epi 2564   | SUCCESS     | steps 43   | total 207k  |  4.8s | MA100  74%
Epi 2565   | SUCCESS     | steps 52   | total 207k  |  5.7s | MA100  75%
Epi 2566   | SUCCESS     | steps 41   | total 207k  |  4.0s | MA100  75%
Epi 2567   | SUCCESS     | steps 30   | total 207k  |  3.3s | MA100  76%
Epi 2568   | SUCCESS     | steps 63   | total 207k  |  7.0s | MA100  76%
Epi 2569   | COLL_WALL   | steps 87   | total 207k  |  9.6s | MA100  75%
Epi 2570   | SUCCESS     | steps 30   | total 207k  |  3.0s | MA100  75%
Epi 2571   | SUCCESS     | steps 43   | total 207k  |  4.8s | MA100  75%
Epi 2572   | SUCCESS     | steps 117  | total 207k  | 13.2s | MA100  75%
Epi 2573   | COLL_WALL   | steps 74   | total 207k  |  8.0s | MA100  75%
Epi 2574   | SUCCESS     | steps 66   | total 207k  |  7.4s | MA100  75%
Epi 2575   | SUCCESS     | steps 84   | total 207k  |  9.3s | MA100  76%
Epi 2576   | COLL_WALL   | steps 74   | total 207k  |  8.2s | MA100  75%
Epi 2577   | SUCCESS     | steps 59   | total 208k  |  6.7s | MA100  76%
Epi 2578   | COLL_WALL   | steps 55   | total 208k  |  6.2s | MA100  75%
Epi 2579   | SUCCESS     | steps 33   | total 208k  |  3.7s | MA100  75%
Epi 2580   | SUCCESS     | steps 57   | total 208k  |  6.5s | MA100  75%
Epi 2581   | SUCCESS     | steps 30   | total 208k  |  3.4s | MA100  75%
Epi 2582   | SUCCESS     | steps 90   | total 208k  |  9.6s | MA100  75%
Epi 2583   | SUCCESS     | steps 30   | total 208k  |  3.4s | MA100  76%
Epi 2584   | COLL_WALL   | steps 49   | total 208k  |  5.6s | MA100  75%
Epi 2585   | SUCCESS     | steps 32   | total 208k  |  3.6s | MA100  75%
Epi 2586   | COLL_WALL   | steps 52   | total 208k  |  5.7s | MA100  74%
Epi 2587   | SUCCESS     | steps 76   | total 208k  |  8.1s | MA100  74%
Epi 2588   | SUCCESS     | steps 32   | total 208k  |  3.6s | MA100  74%
Epi 2589   | SUCCESS     | steps 46   | total 208k  |  5.2s | MA100  74%
Epi 2590   | SUCCESS     | steps 57   | total 208k  |  6.2s | MA100  74%
Epi 2591   | SUCCESS     | steps 65   | total 208k  |  6.9s | MA100  74%
Epi 2592   | SUCCESS     | steps 53   | total 208k  |  6.0s | MA100  74%
Epi 2593   | COLL_WALL   | steps 36   | total 208k  |  4.1s | MA100  74%
Epi 2594   | SUCCESS     | steps 45   | total 208k  |  4.9s | MA100  74%
Epi 2595   | SUCCESS     | steps 30   | total 208k  |  3.2s | MA100  75%
Epi 2596   | SUCCESS     | steps 30   | total 208k  |  3.6s | MA100  75%
Epi 2597   | COLL_WALL   | steps 87   | total 209k  | 10.2s | MA100  74%
Epi 2598   | SUCCESS     | steps 30   | total 209k  |  3.3s | MA100  74%
Epi 2599   | COLL_WALL   | steps 32   | total 209k  |  3.5s | MA100  74%
Epi 2600   | SUCCESS     | steps 30   | total 209k  |  3.5s | MA100  74%
saving data for episode: 2600, location: /home/kaushik/project/deep-rl-robot-navigation/src/turtlebot3_drl/model/fond-filly/sac_4_stage_9
saving actor model for episode: 2600
saving critic model for episode: 2600
saving target_critic model for episode: 2600
[val] ep 2600: 77.5% over 40 det. eps  |  best: 85.0% @ ep 2400
Epi 2601   | SUCCESS     | steps 49   | total 209k  |  5.8s | MA100  75%
Epi 2602   | SUCCESS     | steps 38   | total 209k  |  4.5s | MA100  76%
Epi 2603   | SUCCESS     | steps 52   | total 209k  |  6.0s | MA100  76%
Epi 2604   | SUCCESS     | steps 60   | total 209k  |  6.5s | MA100  77%
Epi 2605   | SUCCESS     | steps 58   | total 209k  |  6.6s | MA100  77%
Epi 2606   | COLL_WALL   | steps 30   | total 209k  |  3.5s | MA100  76%
Epi 2607   | TUMBLE      | steps 30   | total 209k  |  3.5s | MA100  75%
Epi 2608   | COLL_WALL   | steps 30   | total 209k  |  3.3s | MA100  74%
Epi 2609   | SUCCESS     | steps 48   | total 209k  |  5.2s | MA100  75%
Epi 2610   | SUCCESS     | steps 50   | total 209k  |  5.7s | MA100  75%
Epi 2611   | SUCCESS     | steps 49   | total 209k  |  5.6s | MA100  75%
Epi 2612   | SUCCESS     | steps 58   | total 209k  |  6.6s | MA100  75%
Epi 2613   | SUCCESS     | steps 62   | total 209k  |  7.1s | MA100  76%
Epi 2614   | SUCCESS     | steps 130  | total 209k  | 14.9s | MA100  76%
Epi 2615   | SUCCESS     | steps 97   | total 209k  | 10.8s | MA100  76%
Epi 2616   | SUCCESS     | steps 54   | total 210k  |  6.2s | MA100  76%
Epi 2617   | COLL_WALL   | steps 45   | total 210k  |  4.9s | MA100  75%
Epi 2618   | SUCCESS     | steps 75   | total 210k  |  8.4s | MA100  75%
Epi 2619   | SUCCESS     | steps 31   | total 210k  |  3.6s | MA100  76%
Epi 2620   | SUCCESS     | steps 108  | total 210k  | 11.9s | MA100  76%
Epi 2621   | SUCCESS     | steps 38   | total 210k  |  4.3s | MA100  76%
Epi 2622   | COLL_WALL   | steps 30   | total 210k  |  3.5s | MA100  75%
Epi 2623   | SUCCESS     | steps 49   | total 210k  |  5.6s | MA100  75%
Epi 2624   | SUCCESS     | steps 42   | total 210k  |  4.7s | MA100  75%
Epi 2625   | SUCCESS     | steps 58   | total 210k  |  6.1s | MA100  75%
Epi 2626   | SUCCESS     | steps 44   | total 210k  |  4.9s | MA100  75%
Epi 2627   | COLL_WALL   | steps 70   | total 210k  |  7.9s | MA100  74%
Epi 2628   | SUCCESS     | steps 32   | total 210k  |  3.6s | MA100  74%
Epi 2629   | SUCCESS     | steps 64   | total 210k  |  6.7s | MA100  75%
Epi 2630   | COLL_WALL   | steps 56   | total 210k  |  6.5s | MA100  74%
Epi 2631   | SUCCESS     | steps 70   | total 210k  |  8.0s | MA100  74%
Epi 2632   | SUCCESS     | steps 43   | total 210k  |  4.3s | MA100  74%
Epi 2633   | SUCCESS     | steps 66   | total 210k  |  7.6s | MA100  75%
Epi 2634   | SUCCESS     | steps 66   | total 210k  |  7.6s | MA100  76%
Epi 2635   | COLL_WALL   | steps 60   | total 211k  |  6.6s | MA100  76%
Epi 2636   | SUCCESS     | steps 40   | total 211k  |  4.3s | MA100  76%
Epi 2637   | SUCCESS     | steps 71   | total 211k  |  7.9s | MA100  77%
Epi 2638   | COLL_WALL   | steps 46   | total 211k  |  5.2s | MA100  76%
Epi 2639   | SUCCESS     | steps 30   | total 211k  |  3.2s | MA100  77%
Epi 2640   | COLL_WALL   | steps 30   | total 211k  |  3.1s | MA100  76%
Epi 2641   | COLL_WALL   | steps 90   | total 211k  | 10.3s | MA100  76%
Epi 2642   | SUCCESS     | steps 48   | total 211k  |  5.6s | MA100  76%
Epi 2643   | SUCCESS     | steps 94   | total 211k  | 10.3s | MA100  76%
Epi 2644   | SUCCESS     | steps 67   | total 211k  |  7.7s | MA100  76%
Epi 2645   | COLL_WALL   | steps 51   | total 211k  |  5.8s | MA100  76%
Epi 2646   | SUCCESS     | steps 30   | total 211k  |  3.1s | MA100  76%
Epi 2647   | SUCCESS     | steps 77   | total 211k  |  8.3s | MA100  77%
Epi 2648   | SUCCESS     | steps 114  | total 211k  | 12.8s | MA100  77%
Epi 2649   | SUCCESS     | steps 71   | total 211k  |  8.0s | MA100  77%
Epi 2650   | COLL_WALL   | steps 75   | total 211k  |  8.9s | MA100  77%
Epi 2651   | SUCCESS     | steps 44   | total 212k  |  4.9s | MA100  77%
Epi 2652   | SUCCESS     | steps 50   | total 212k  |  5.5s | MA100  77%
Epi 2653   | SUCCESS     | steps 40   | total 212k  |  4.5s | MA100  77%
Epi 2654   | SUCCESS     | steps 113  | total 212k  | 12.6s | MA100  77%
Epi 2655   | SUCCESS     | steps 79   | total 212k  |  8.8s | MA100  77%
Epi 2656   | SUCCESS     | steps 90   | total 212k  | 10.4s | MA100  77%
Epi 2657   | SUCCESS     | steps 106  | total 212k  | 11.5s | MA100  78%
Epi 2658   | SUCCESS     | steps 102  | total 212k  | 11.8s | MA100  78%
Epi 2659   | SUCCESS     | steps 43   | total 212k  |  4.7s | MA100  78%
Epi 2660   | COLL_WALL   | steps 30   | total 212k  |  3.3s | MA100  77%
Epi 2661   | COLL_WALL   | steps 61   | total 212k  |  6.9s | MA100  76%
Epi 2662   | COLL_WALL   | steps 30   | total 212k  |  3.5s | MA100  75%
Epi 2663   | SUCCESS     | steps 30   | total 212k  |  3.4s | MA100  75%
Epi 2664   | SUCCESS     | steps 32   | total 212k  |  3.6s | MA100  75%
Epi 2665   | SUCCESS     | steps 57   | total 212k  |  6.4s | MA100  75%
Epi 2666   | SUCCESS     | steps 39   | total 212k  |  4.6s | MA100  75%
Epi 2667   | COLL_WALL   | steps 57   | total 212k  |  6.7s | MA100  74%
Epi 2668   | SUCCESS     | steps 35   | total 213k  |  4.0s | MA100  74%
Epi 2669   | COLL_WALL   | steps 33   | total 213k  |  3.6s | MA100  74%
Epi 2670   | SUCCESS     | steps 48   | total 213k  |  5.4s | MA100  74%
Epi 2671   | COLL_WALL   | steps 30   | total 213k  |  3.4s | MA100  73%
Epi 2672   | SUCCESS     | steps 52   | total 213k  |  6.1s | MA100  73%
Epi 2673   | SUCCESS     | steps 52   | total 213k  |  5.4s | MA100  74%
Epi 2674   | COLL_WALL   | steps 33   | total 213k  |  3.8s | MA100  73%
Epi 2675   | SUCCESS     | steps 52   | total 213k  |  6.0s | MA100  73%
Epi 2676   | COLL_WALL   | steps 51   | total 213k  |  5.9s | MA100  73%
Epi 2677   | SUCCESS     | steps 43   | total 213k  |  4.6s | MA100  73%
Epi 2678   | SUCCESS     | steps 48   | total 213k  |  5.6s | MA100  74%
Epi 2679   | SUCCESS     | steps 46   | total 213k  |  5.5s | MA100  74%
Epi 2680   | SUCCESS     | steps 35   | total 213k  |  4.1s | MA100  74%
Epi 2681   | SUCCESS     | steps 54   | total 213k  |  5.8s | MA100  74%
Epi 2682   | SUCCESS     | steps 83   | total 213k  |  9.8s | MA100  74%
Epi 2683   | SUCCESS     | steps 86   | total 213k  |  9.6s | MA100  74%
Epi 2684   | SUCCESS     | steps 65   | total 213k  |  7.1s | MA100  75%
Epi 2685   | SUCCESS     | steps 40   | total 213k  |  4.7s | MA100  75%
Epi 2686   | COLL_WALL   | steps 30   | total 213k  |  4.3s | MA100  75%
Epi 2687   | SUCCESS     | steps 30   | total 213k  |  3.5s | MA100  75%
Epi 2688   | SUCCESS     | steps 40   | total 213k  |  4.4s | MA100  75%
Epi 2689   | SUCCESS     | steps 53   | total 214k  |  6.0s | MA100  75%
Epi 2690   | COLL_WALL   | steps 62   | total 214k  |  7.3s | MA100  74%
Epi 2691   | COLL_WALL   | steps 56   | total 214k  |  6.4s | MA100  73%
Epi 2692   | SUCCESS     | steps 35   | total 214k  |  3.5s | MA100  73%
Epi 2693   | SUCCESS     | steps 70   | total 214k  |  7.9s | MA100  74%
Epi 2694   | SUCCESS     | steps 42   | total 214k  |  4.7s | MA100  74%
Epi 2695   | SUCCESS     | steps 69   | total 214k  |  7.8s | MA100  74%
Epi 2696   | SUCCESS     | steps 47   | total 214k  |  4.9s | MA100  74%
Epi 2697   | SUCCESS     | steps 86   | total 214k  |  9.6s | MA100  75%
Epi 2698   | SUCCESS     | steps 41   | total 214k  |  4.6s | MA100  75%
Epi 2699   | SUCCESS     | steps 38   | total 214k  |  4.2s | MA100  76%
Epi 2700   | SUCCESS     | steps 68   | total 214k  |  7.6s | MA100  76%
saving data for episode: 2700, location: /home/kaushik/project/deep-rl-robot-navigation/src/turtlebot3_drl/model/fond-filly/sac_4_stage_9
saving actor model for episode: 2700
saving critic model for episode: 2700
saving target_critic model for episode: 2700
[val] ep 2700: 75.0% over 40 det. eps  |  best: 85.0% @ ep 2400
Epi 2701   | SUCCESS     | steps 60   | total 214k  |  6.8s | MA100  76%
Epi 2702   | COLL_WALL   | steps 46   | total 214k  |  5.3s | MA100  75%
Epi 2703   | COLL_WALL   | steps 46   | total 214k  |  4.9s | MA100  74%
Epi 2704   | SUCCESS     | steps 50   | total 214k  |  5.8s | MA100  74%
Epi 2705   | SUCCESS     | steps 76   | total 214k  |  8.6s | MA100  74%
Epi 2706   | COLL_WALL   | steps 40   | total 214k  |  4.3s | MA100  74%
Epi 2707   | COLL_WALL   | steps 56   | total 215k  |  5.9s | MA100  74%
Epi 2708   | SUCCESS     | steps 30   | total 215k  |  3.4s | MA100  75%
Epi 2709   | SUCCESS     | steps 53   | total 215k  |  5.9s | MA100  75%
Epi 2710   | SUCCESS     | steps 120  | total 215k  | 13.3s | MA100  75%
Epi 2711   | SUCCESS     | steps 47   | total 215k  |  5.4s | MA100  75%
Epi 2712   | COLL_WALL   | steps 138  | total 215k  | 15.5s | MA100  74%
Epi 2713   | SUCCESS     | steps 44   | total 215k  |  5.0s | MA100  74%
Epi 2714   | COLL_WALL   | steps 77   | total 215k  |  8.9s | MA100  73%
Epi 2715   | SUCCESS     | steps 31   | total 215k  |  3.3s | MA100  73%
Epi 2716   | SUCCESS     | steps 39   | total 215k  |  4.4s | MA100  73%
Epi 2717   | SUCCESS     | steps 59   | total 215k  |  6.8s | MA100  74%
Epi 2718   | SUCCESS     | steps 52   | total 215k  |  6.0s | MA100  74%
Epi 2719   | SUCCESS     | steps 56   | total 215k  |  5.9s | MA100  74%
Epi 2720   | COLL_WALL   | steps 30   | total 215k  |  3.5s | MA100  73%
Epi 2721   | SUCCESS     | steps 65   | total 215k  |  7.4s | MA100  73%
Epi 2722   | SUCCESS     | steps 46   | total 215k  |  5.2s | MA100  74%
Epi 2723   | SUCCESS     | steps 182  | total 216k  | 20.8s | MA100  74%
Epi 2724   | SUCCESS     | steps 154  | total 216k  | 17.4s | MA100  74%
Epi 2725   | SUCCESS     | steps 104  | total 216k  | 12.0s | MA100  74%
Epi 2726   | COLL_WALL   | steps 52   | total 216k  |  5.7s | MA100  73%
Epi 2727   | COLL_WALL   | steps 39   | total 216k  |  4.5s | MA100  73%
Epi 2728   | SUCCESS     | steps 30   | total 216k  |  3.5s | MA100  73%
Epi 2729   | COLL_WALL   | steps 49   | total 216k  |  5.7s | MA100  72%
Epi 2730   | SUCCESS     | steps 30   | total 216k  |  3.2s | MA100  73%
Epi 2731   | SUCCESS     | steps 42   | total 216k  |  4.6s | MA100  73%
Epi 2732   | SUCCESS     | steps 44   | total 216k  |  5.1s | MA100  73%
Epi 2733   | SUCCESS     | steps 84   | total 216k  |  9.9s | MA100  73%
Epi 2734   | COLL_WALL   | steps 107  | total 216k  | 11.8s | MA100  72%
Epi 2735   | SUCCESS     | steps 41   | total 216k  |  4.7s | MA100  73%
Epi 2736   | SUCCESS     | steps 92   | total 216k  | 10.1s | MA100  73%
Epi 2737   | SUCCESS     | steps 45   | total 217k  |  5.2s | MA100  73%
Epi 2738   | SUCCESS     | steps 68   | total 217k  |  7.6s | MA100  74%
Epi 2739   | SUCCESS     | steps 30   | total 217k  |  3.4s | MA100  74%
Epi 2740   | SUCCESS     | steps 30   | total 217k  |  3.4s | MA100  75%
Epi 2741   | SUCCESS     | steps 73   | total 217k  |  8.0s | MA100  76%
Epi 2742   | SUCCESS     | steps 39   | total 217k  |  4.5s | MA100  76%
Epi 2743   | SUCCESS     | steps 56   | total 217k  |  6.5s | MA100  76%
Epi 2744   | SUCCESS     | steps 50   | total 217k  |  5.3s | MA100  76%
Epi 2745   | SUCCESS     | steps 41   | total 217k  |  4.8s | MA100  77%
Epi 2746   | COLL_WALL   | steps 32   | total 217k  |  3.7s | MA100  76%
Epi 2747   | SUCCESS     | steps 45   | total 217k  |  5.2s | MA100  76%
Epi 2748   | COLL_WALL   | steps 30   | total 217k  |  3.5s | MA100  75%
Epi 2749   | SUCCESS     | steps 30   | total 217k  |  3.4s | MA100  75%
Epi 2750   | SUCCESS     | steps 79   | total 217k  |  8.8s | MA100  76%
Epi 2751   | COLL_WALL   | steps 31   | total 217k  |  3.6s | MA100  75%
Epi 2752   | SUCCESS     | steps 30   | total 217k  |  3.4s | MA100  75%
Epi 2753   | SUCCESS     | steps 30   | total 217k  |  3.3s | MA100  75%
Epi 2754   | SUCCESS     | steps 80   | total 217k  |  9.0s | MA100  75%
Epi 2755   | COLL_WALL   | steps 94   | total 217k  | 10.9s | MA100  74%
Epi 2756   | SUCCESS     | steps 33   | total 217k  |  3.4s | MA100  74%
Epi 2757   | COLL_WALL   | steps 30   | total 217k  |  3.5s | MA100  73%
Epi 2758   | TUMBLE      | steps 31   | total 217k  |  3.5s | MA100  72%
Epi 2759   | SUCCESS     | steps 84   | total 218k  |  9.6s | MA100  72%
Epi 2760   | TUMBLE      | steps 30   | total 218k  |  3.3s | MA100  72%
Epi 2761   | TUMBLE      | steps 30   | total 218k  |  3.1s | MA100  72%
Epi 2762   | SUCCESS     | steps 89   | total 218k  | 10.3s | MA100  73%
Epi 2763   | SUCCESS     | steps 72   | total 218k  |  8.3s | MA100  73%
Epi 2764   | SUCCESS     | steps 56   | total 218k  |  6.0s | MA100  73%
Epi 2765   | SUCCESS     | steps 45   | total 218k  |  5.3s | MA100  73%
Epi 2766   | SUCCESS     | steps 64   | total 218k  |  7.4s | MA100  73%
Epi 2767   | COLL_WALL   | steps 35   | total 218k  |  4.0s | MA100  73%
Epi 2768   | COLL_WALL   | steps 37   | total 218k  |  4.0s | MA100  72%
Epi 2769   | COLL_WALL   | steps 85   | total 218k  |  9.8s | MA100  72%
Epi 2770   | SUCCESS     | steps 33   | total 218k  |  3.9s | MA100  72%
Epi 2771   | SUCCESS     | steps 35   | total 218k  |  4.0s | MA100  73%
Epi 2772   | SUCCESS     | steps 56   | total 218k  |  6.0s | MA100  73%
Epi 2773   | SUCCESS     | steps 54   | total 218k  |  6.1s | MA100  73%
Epi 2774   | COLL_WALL   | steps 59   | total 218k  |  6.8s | MA100  73%
Epi 2775   | SUCCESS     | steps 45   | total 218k  |  4.7s | MA100  73%
Epi 2776   | SUCCESS     | steps 54   | total 218k  |  5.9s | MA100  74%
Epi 2777   | SUCCESS     | steps 51   | total 218k  |  5.8s | MA100  74%
Epi 2778   | SUCCESS     | steps 101  | total 219k  | 11.2s | MA100  74%
Epi 2779   | COLL_WALL   | steps 36   | total 219k  |  3.8s | MA100  73%
Epi 2780   | SUCCESS     | steps 71   | total 219k  |  8.2s | MA100  73%
Epi 2781   | SUCCESS     | steps 97   | total 219k  | 10.6s | MA100  73%
Epi 2782   | SUCCESS     | steps 99   | total 219k  | 10.7s | MA100  73%
Epi 2783   | SUCCESS     | steps 60   | total 219k  |  6.6s | MA100  73%
Epi 2784   | SUCCESS     | steps 68   | total 219k  |  7.4s | MA100  73%
Epi 2785   | SUCCESS     | steps 59   | total 219k  |  6.9s | MA100  73%
Epi 2786   | SUCCESS     | steps 88   | total 219k  | 10.3s | MA100  74%
Epi 2787   | SUCCESS     | steps 42   | total 219k  |  4.3s | MA100  74%
Epi 2788   | SUCCESS     | steps 79   | total 219k  |  8.9s | MA100  74%
Epi 2789   | SUCCESS     | steps 94   | total 219k  | 10.5s | MA100  74%
Epi 2790   | SUCCESS     | steps 73   | total 219k  |  7.5s | MA100  75%
Epi 2791   | SUCCESS     | steps 124  | total 220k  | 14.3s | MA100  76%
Epi 2792   | SUCCESS     | steps 62   | total 220k  |  6.7s | MA100  76%
Epi 2793   | COLL_WALL   | steps 30   | total 220k  |  3.5s | MA100  75%
Epi 2794   | COLL_WALL   | steps 44   | total 220k  |  5.1s | MA100  74%
Epi 2795   | SUCCESS     | steps 30   | total 220k  |  3.5s | MA100  74%
Epi 2796   | SUCCESS     | steps 43   | total 220k  |  4.9s | MA100  74%
Epi 2797   | SUCCESS     | steps 45   | total 220k  |  4.6s | MA100  74%
Epi 2798   | SUCCESS     | steps 118  | total 220k  | 13.7s | MA100  74%
Epi 2799   | SUCCESS     | steps 100  | total 220k  | 10.7s | MA100  74%
Epi 2800   | COLL_WALL   | steps 65   | total 220k  |  7.3s | MA100  73%
saving data for episode: 2800, location: /home/kaushik/project/deep-rl-robot-navigation/src/turtlebot3_drl/model/fond-filly/sac_4_stage_9
saving actor model for episode: 2800
saving critic model for episode: 2800
saving target_critic model for episode: 2800
[val] ep 2800: 80.0% over 40 det. eps  |  best: 85.0% @ ep 2400
Epi 2801   | SUCCESS     | steps 35   | total 220k  |  4.1s | MA100  73%
Epi 2802   | COLL_WALL   | steps 58   | total 220k  |  6.4s | MA100  73%
Epi 2803   | SUCCESS     | steps 54   | total 220k  |  5.6s | MA100  74%
Epi 2804   | SUCCESS     | steps 86   | total 220k  |  9.8s | MA100  74%
Epi 2805   | COLL_WALL   | steps 32   | total 220k  |  3.6s | MA100  73%
Epi 2806   | SUCCESS     | steps 43   | total 220k  |  4.8s | MA100  74%
Epi 2807   | COLL_WALL   | steps 30   | total 220k  |  3.1s | MA100  74%
Epi 2808   | SUCCESS     | steps 33   | total 220k  |  3.8s | MA100  74%
Epi 2809   | TUMBLE      | steps 30   | total 221k  |  3.5s | MA100  73%
Epi 2810   | COLL_WALL   | steps 30   | total 221k  |  3.4s | MA100  72%
Epi 2811   | TUMBLE      | steps 30   | total 221k  |  3.4s | MA100  71%
Epi 2812   | COLL_WALL   | steps 61   | total 221k  |  6.5s | MA100  71%
Epi 2813   | TUMBLE      | steps 30   | total 221k  |  3.4s | MA100  70%
Epi 2814   | TUMBLE      | steps 30   | total 221k  |  3.5s | MA100  70%
Epi 2815   | SUCCESS     | steps 30   | total 221k  |  3.4s | MA100  70%
Epi 2816   | SUCCESS     | steps 84   | total 221k  |  9.2s | MA100  70%
Epi 2817   | SUCCESS     | steps 32   | total 221k  |  3.8s | MA100  70%
Epi 2818   | SUCCESS     | steps 95   | total 221k  | 11.1s | MA100  70%
Epi 2819   | SUCCESS     | steps 91   | total 221k  |  9.6s | MA100  70%
Epi 2820   | SUCCESS     | steps 94   | total 221k  | 10.6s | MA100  71%
Epi 2821   | COLL_WALL   | steps 86   | total 221k  |  9.5s | MA100  70%
Epi 2822   | SUCCESS     | steps 80   | total 221k  |  9.1s | MA100  70%
Epi 2823   | COLL_WALL   | steps 37   | total 221k  |  4.2s | MA100  69%
Epi 2824   | SUCCESS     | steps 42   | total 221k  |  4.8s | MA100  69%
Epi 2825   | SUCCESS     | steps 42   | total 221k  |  4.3s | MA100  69%
Epi 2826   | COLL_WALL   | steps 59   | total 221k  |  6.7s | MA100  69%
Epi 2827   | SUCCESS     | steps 31   | total 221k  |  3.6s | MA100  70%
Epi 2828   | SUCCESS     | steps 101  | total 222k  | 11.5s | MA100  70%
Epi 2829   | COLL_WALL   | steps 34   | total 222k  |  3.7s | MA100  70%
Epi 2830   | COLL_WALL   | steps 59   | total 222k  |  6.9s | MA100  69%
Epi 2831   | SUCCESS     | steps 44   | total 222k  |  5.1s | MA100  69%
Epi 2832   | SUCCESS     | steps 48   | total 222k  |  5.3s | MA100  69%
Epi 2833   | COLL_WALL   | steps 102  | total 222k  | 11.1s | MA100  68%
Epi 2834   | COLL_WALL   | steps 37   | total 222k  |  4.2s | MA100  68%
Epi 2835   | SUCCESS     | steps 30   | total 222k  |  3.4s | MA100  68%
Epi 2836   | SUCCESS     | steps 32   | total 222k  |  3.7s | MA100  68%
Epi 2837   | SUCCESS     | steps 38   | total 222k  |  4.2s | MA100  68%
Epi 2838   | SUCCESS     | steps 62   | total 222k  |  6.8s | MA100  68%
Epi 2839   | SUCCESS     | steps 43   | total 222k  |  5.0s | MA100  68%
Epi 2840   | SUCCESS     | steps 30   | total 222k  |  3.4s | MA100  68%
Epi 2841   | SUCCESS     | steps 97   | total 222k  | 10.5s | MA100  68%
Epi 2842   | SUCCESS     | steps 84   | total 222k  |  9.5s | MA100  68%
Epi 2843   | SUCCESS     | steps 51   | total 222k  |  5.8s | MA100  68%
Epi 2844   | SUCCESS     | steps 61   | total 222k  |  6.4s | MA100  68%
Epi 2845   | SUCCESS     | steps 31   | total 222k  |  3.6s | MA100  68%
Epi 2846   | SUCCESS     | steps 70   | total 223k  |  7.9s | MA100  69%
Epi 2847   | COLL_WALL   | steps 32   | total 223k  |  3.7s | MA100  68%
Epi 2848   | COLL_WALL   | steps 41   | total 223k  |  4.6s | MA100  68%
Epi 2849   | SUCCESS     | steps 30   | total 223k  |  3.1s | MA100  68%
Epi 2850   | SUCCESS     | steps 74   | total 223k  |  8.6s | MA100  68%
Epi 2851   | SUCCESS     | steps 31   | total 223k  |  3.6s | MA100  69%
Epi 2852   | COLL_WALL   | steps 99   | total 223k  | 10.7s | MA100  68%
Epi 2853   | COLL_WALL   | steps 53   | total 223k  |  6.0s | MA100  67%
Epi 2854   | SUCCESS     | steps 32   | total 223k  |  3.7s | MA100  67%
Epi 2855   | COLL_WALL   | steps 30   | total 223k  |  3.4s | MA100  67%
Epi 2856   | COLL_WALL   | steps 50   | total 223k  |  5.6s | MA100  66%
Epi 2857   | SUCCESS     | steps 74   | total 223k  |  8.3s | MA100  67%
Epi 2858   | SUCCESS     | steps 46   | total 223k  |  5.1s | MA100  68%
Epi 2859   | SUCCESS     | steps 126  | total 223k  | 13.6s | MA100  68%
Epi 2860   | COLL_WALL   | steps 81   | total 223k  |  9.0s | MA100  68%
Epi 2861   | SUCCESS     | steps 60   | total 223k  |  6.7s | MA100  69%
Epi 2862   | SUCCESS     | steps 64   | total 223k  |  7.0s | MA100  69%
Epi 2863   | SUCCESS     | steps 85   | total 224k  |  9.9s | MA100  69%
Epi 2864   | COLL_WALL   | steps 75   | total 224k  |  8.5s | MA100  68%
Epi 2865   | COLL_WALL   | steps 56   | total 224k  |  6.6s | MA100  67%
Epi 2866   | SUCCESS     | steps 30   | total 224k  |  3.5s | MA100  67%
Epi 2867   | SUCCESS     | steps 71   | total 224k  |  8.3s | MA100  68%
Epi 2868   | SUCCESS     | steps 65   | total 224k  |  6.9s | MA100  69%
Epi 2869   | SUCCESS     | steps 36   | total 224k  |  4.1s | MA100  70%
Epi 2870   | SUCCESS     | steps 45   | total 224k  |  5.1s | MA100  70%
Epi 2871   | COLL_WALL   | steps 33   | total 224k  |  3.8s | MA100  69%
Epi 2872   | COLL_WALL   | steps 49   | total 224k  |  5.3s | MA100  68%
Epi 2873   | SUCCESS     | steps 90   | total 224k  | 10.1s | MA100  68%
Epi 2874   | SUCCESS     | steps 40   | total 224k  |  4.6s | MA100  69%
Epi 2875   | SUCCESS     | steps 30   | total 224k  |  3.4s | MA100  69%
Epi 2876   | COLL_WALL   | steps 69   | total 224k  |  7.2s | MA100  68%
Epi 2877   | SUCCESS     | steps 63   | total 224k  |  7.1s | MA100  68%
Epi 2878   | SUCCESS     | steps 110  | total 224k  | 12.2s | MA100  68%
Epi 2879   | SUCCESS     | steps 48   | total 224k  |  5.1s | MA100  69%
Epi 2880   | SUCCESS     | steps 66   | total 225k  |  7.5s | MA100  69%
Epi 2881   | SUCCESS     | steps 77   | total 225k  |  8.6s | MA100  69%
Epi 2882   | SUCCESS     | steps 123  | total 225k  | 13.6s | MA100  69%
Epi 2883   | SUCCESS     | steps 85   | total 225k  |  9.4s | MA100  69%
Epi 2884   | SUCCESS     | steps 50   | total 225k  |  5.4s | MA100  69%
Epi 2885   | SUCCESS     | steps 93   | total 225k  | 10.6s | MA100  69%
Epi 2886   | SUCCESS     | steps 52   | total 225k  |  5.8s | MA100  69%
Epi 2887   | SUCCESS     | steps 30   | total 225k  |  3.0s | MA100  69%
Epi 2888   | SUCCESS     | steps 31   | total 225k  |  3.6s | MA100  69%
Epi 2889   | SUCCESS     | steps 71   | total 225k  |  8.1s | MA100  69%
Epi 2890   | SUCCESS     | steps 46   | total 225k  |  5.3s | MA100  69%
Epi 2891   | SUCCESS     | steps 70   | total 225k  |  7.4s | MA100  69%
Epi 2892   | SUCCESS     | steps 134  | total 225k  | 15.2s | MA100  69%
Epi 2893   | SUCCESS     | steps 70   | total 225k  |  7.5s | MA100  70%
Epi 2894   | COLL_WALL   | steps 31   | total 225k  |  3.7s | MA100  70%
Epi 2895   | SUCCESS     | steps 40   | total 226k  |  4.7s | MA100  70%
Epi 2896   | SUCCESS     | steps 75   | total 226k  |  8.6s | MA100  70%
Epi 2897   | SUCCESS     | steps 36   | total 226k  |  3.7s | MA100  70%
Epi 2898   | SUCCESS     | steps 64   | total 226k  |  7.4s | MA100  70%
Epi 2899   | COLL_WALL   | steps 54   | total 226k  |  6.3s | MA100  69%
Epi 2900   | SUCCESS     | steps 30   | total 226k  |  3.6s | MA100  70%
saving data for episode: 2900, location: /home/kaushik/project/deep-rl-robot-navigation/src/turtlebot3_drl/model/fond-filly/sac_4_stage_9
saving actor model for episode: 2900
saving critic model for episode: 2900
saving target_critic model for episode: 2900
[val] ep 2900: 70.0% over 40 det. eps  |  best: 85.0% @ ep 2400
Epi 2901   | COLL_WALL   | steps 123  | total 226k  | 14.2s | MA100  69%
Epi 2902   | COLL_WALL   | steps 45   | total 226k  |  5.0s | MA100  69%
Epi 2903   | COLL_WALL   | steps 110  | total 226k  | 12.4s | MA100  68%
Epi 2904   | SUCCESS     | steps 70   | total 226k  |  8.1s | MA100  68%
Epi 2905   | COLL_WALL   | steps 86   | total 226k  |  9.3s | MA100  68%
Epi 2906   | SUCCESS     | steps 30   | total 226k  |  3.4s | MA100  68%
Epi 2907   | SUCCESS     | steps 60   | total 226k  |  6.9s | MA100  69%
Epi 2908   | SUCCESS     | steps 93   | total 226k  | 10.1s | MA100  69%
Epi 2909   | SUCCESS     | steps 44   | total 226k  |  5.0s | MA100  70%
Epi 2910   | SUCCESS     | steps 68   | total 227k  |  7.7s | MA100  71%
Epi 2911   | SUCCESS     | steps 57   | total 227k  |  5.9s | MA100  72%
Epi 2912   | SUCCESS     | steps 42   | total 227k  |  4.8s | MA100  73%
Epi 2913   | SUCCESS     | steps 51   | total 227k  |  5.8s | MA100  74%
Epi 2914   | SUCCESS     | steps 71   | total 227k  |  8.2s | MA100  75%
Epi 2915   | SUCCESS     | steps 106  | total 227k  | 11.8s | MA100  75%
Epi 2916   | COLL_WALL   | steps 51   | total 227k  |  5.9s | MA100  74%
Epi 2917   | SUCCESS     | steps 95   | total 227k  | 10.5s | MA100  74%
Epi 2918   | SUCCESS     | steps 30   | total 227k  |  3.4s | MA100  74%
Epi 2919   | SUCCESS     | steps 68   | total 227k  |  7.9s | MA100  74%
Epi 2920   | COLL_WALL   | steps 67   | total 227k  |  7.7s | MA100  73%
Epi 2921   | SUCCESS     | steps 38   | total 227k  |  3.9s | MA100  74%
Epi 2922   | COLL_WALL   | steps 116  | total 227k  | 13.4s | MA100  73%
Epi 2923   | SUCCESS     | steps 30   | total 227k  |  3.4s | MA100  74%
Epi 2924   | SUCCESS     | steps 64   | total 227k  |  6.7s | MA100  74%
Epi 2925   | SUCCESS     | steps 119  | total 228k  | 13.7s | MA100  74%
Epi 2926   | COLL_WALL   | steps 43   | total 228k  |  4.9s | MA100  74%
Epi 2927   | SUCCESS     | steps 64   | total 228k  |  6.8s | MA100  74%
Epi 2928   | SUCCESS     | steps 68   | total 228k  |  7.8s | MA100  74%
Epi 2929   | SUCCESS     | steps 63   | total 228k  |  7.3s | MA100  75%
Epi 2930   | SUCCESS     | steps 55   | total 228k  |  5.9s | MA100  76%
Epi 2931   | SUCCESS     | steps 80   | total 228k  |  9.2s | MA100  76%
Epi 2932   | SUCCESS     | steps 80   | total 228k  |  9.0s | MA100  76%
Epi 2933   | SUCCESS     | steps 58   | total 228k  |  6.1s | MA100  77%
Epi 2934   | SUCCESS     | steps 74   | total 228k  |  8.5s | MA100  78%
Epi 2935   | COLL_WALL   | steps 53   | total 228k  |  6.1s | MA100  77%
Epi 2936   | SUCCESS     | steps 58   | total 228k  |  5.9s | MA100  77%
Epi 2937   | SUCCESS     | steps 110  | total 228k  | 12.5s | MA100  77%
Epi 2938   | COLL_WALL   | steps 42   | total 228k  |  4.9s | MA100  76%
Epi 2939   | SUCCESS     | steps 51   | total 228k  |  5.3s | MA100  76%
Epi 2940   | COLL_WALL   | steps 84   | total 229k  |  9.7s | MA100  75%
Epi 2941   | COLL_WALL   | steps 30   | total 229k  |  3.5s | MA100  74%
Epi 2942   | SUCCESS     | steps 50   | total 229k  |  5.6s | MA100  74%
Epi 2943   | SUCCESS     | steps 80   | total 229k  |  8.8s | MA100  74%
Epi 2944   | COLL_WALL   | steps 51   | total 229k  |  5.9s | MA100  73%
Epi 2945   | SUCCESS     | steps 64   | total 229k  |  7.3s | MA100  73%
Epi 2946   | SUCCESS     | steps 79   | total 229k  |  8.7s | MA100  73%
Epi 2947   | COLL_WALL   | steps 45   | total 229k  |  5.2s | MA100  73%
Epi 2948   | SUCCESS     | steps 62   | total 229k  |  7.2s | MA100  74%
Epi 2949   | SUCCESS     | steps 38   | total 229k  |  4.0s | MA100  74%
Epi 2950   | COLL_WALL   | steps 36   | total 229k  |  4.1s | MA100  73%
Epi 2951   | SUCCESS     | steps 80   | total 229k  |  9.2s | MA100  73%
Epi 2952   | COLL_WALL   | steps 219  | total 229k  | 24.5s | MA100  73%
Epi 2953   | SUCCESS     | steps 41   | total 229k  |  4.7s | MA100  74%
Epi 2954   | SUCCESS     | steps 102  | total 229k  | 11.0s | MA100  74%
Epi 2955   | COLL_WALL   | steps 43   | total 230k  |  4.9s | MA100  74%
Epi 2956   | SUCCESS     | steps 61   | total 230k  |  7.1s | MA100  75%
Epi 2957   | COLL_WALL   | steps 42   | total 230k  |  4.4s | MA100  74%
Epi 2958   | SUCCESS     | steps 55   | total 230k  |  6.5s | MA100  74%
Epi 2959   | SUCCESS     | steps 133  | total 230k  | 15.3s | MA100  74%
Epi 2960   | COLL_WALL   | steps 59   | total 230k  |  6.6s | MA100  74%
Epi 2961   | SUCCESS     | steps 71   | total 230k  |  8.3s | MA100  74%
Epi 2962   | SUCCESS     | steps 105  | total 230k  | 11.8s | MA100  74%
Epi 2963   | SUCCESS     | steps 104  | total 230k  | 12.1s | MA100  74%
Epi 2964   | SUCCESS     | steps 30   | total 230k  |  3.3s | MA100  75%
Epi 2965   | SUCCESS     | steps 62   | total 230k  |  6.9s | MA100  76%
Epi 2966   | SUCCESS     | steps 60   | total 230k  |  7.1s | MA100  76%
Epi 2967   | SUCCESS     | steps 30   | total 230k  |  3.6s | MA100  76%
Epi 2968   | COLL_WALL   | steps 38   | total 230k  |  4.3s | MA100  75%
Epi 2969   | SUCCESS     | steps 42   | total 230k  |  4.6s | MA100  75%
Epi 2970   | SUCCESS     | steps 39   | total 230k  |  4.4s | MA100  75%
Epi 2971   | SUCCESS     | steps 30   | total 230k  |  3.5s | MA100  76%
Epi 2972   | SUCCESS     | steps 48   | total 231k  |  5.6s | MA100  77%
Epi 2973   | COLL_WALL   | steps 32   | total 231k  |  3.5s | MA100  76%
Epi 2974   | SUCCESS     | steps 59   | total 231k  |  6.7s | MA100  76%
Epi 2975   | SUCCESS     | steps 47   | total 231k  |  5.5s | MA100  76%
Epi 2976   | SUCCESS     | steps 30   | total 231k  |  3.5s | MA100  77%
Epi 2977   | SUCCESS     | steps 34   | total 231k  |  3.9s | MA100  77%
Epi 2978   | SUCCESS     | steps 85   | total 231k  |  9.4s | MA100  77%
Epi 2979   | SUCCESS     | steps 118  | total 231k  | 13.8s | MA100  77%
Epi 2980   | SUCCESS     | steps 103  | total 231k  | 11.4s | MA100  77%
Epi 2981   | COLL_WALL   | steps 65   | total 231k  |  7.6s | MA100  76%
Epi 2982   | SUCCESS     | steps 76   | total 231k  |  8.4s | MA100  76%
Epi 2983   | SUCCESS     | steps 80   | total 231k  |  9.2s | MA100  76%
Epi 2984   | SUCCESS     | steps 75   | total 231k  |  8.4s | MA100  76%
Epi 2985   | SUCCESS     | steps 48   | total 231k  |  5.0s | MA100  76%
Epi 2986   | COLL_WALL   | steps 59   | total 231k  |  6.7s | MA100  75%
Epi 2987   | SUCCESS     | steps 31   | total 231k  |  3.5s | MA100  75%
Epi 2988   | COLL_WALL   | steps 35   | total 232k  |  4.0s | MA100  74%
Epi 2989   | SUCCESS     | steps 57   | total 232k  |  6.0s | MA100  74%
Epi 2990   | SUCCESS     | steps 68   | total 232k  |  7.7s | MA100  74%
