episode	total_steps	outcome	reward_sum	ma100_success	loss_critic	loss_actor	r_yaw	r_distance	r_obstacle	r_vlinear	r_vangular	r_step	r_terminal
1	25018	2	-2669.041	0.00	51.44393	233.20749	-81.543	-1.165	-80.000	-374.809	-73.524	-58.000	-2000.000
2	25089	2	-2354.864	0.00	43.74571	232.83836	-132.913	-4.161	-60.000	-63.036	-23.755	-71.000	-2000.000
3	25186	2	-2947.273	0.00	46.19312	231.60864	-163.300	-4.852	-560.000	-82.495	-39.625	-97.000	-2000.000
4	25282	2	-2931.940	0.00	44.17543	233.03571	-206.826	-7.558	-520.000	-67.533	-34.022	-96.000	-2000.000
5	25367	2	-2400.560	0.00	45.58799	234.85092	-170.631	-7.724	-60.000	-22.425	-54.780	-85.000	-2000.000
6	25484	2	-2475.352	0.00	47.77532	237.20787	-159.079	8.236	-100.000	-63.029	-44.479	-117.000	-2000.000
7	25525	2	-2203.334	0.00	50.29585	237.14062	-78.839	-0.232	-60.000	-8.486	-14.777	-41.000	-2000.000
8	25595	2	-2353.770	0.00	51.29384	238.87308	-107.399	-5.759	-100.000	-36.885	-33.728	-70.000	-2000.000
9	25665	2	-2710.405	0.00	52.03987	236.81055	-94.654	4.075	-460.000	-41.554	-48.272	-70.000	-2000.000
10	25695	2	-2487.804	0.00	50.44271	242.80254	-65.066	0.342	-380.000	-6.435	-6.644	-30.000	-2000.000
11	25725	2	-2559.003	0.00	52.94623	237.65446	-64.552	-1.566	-420.000	-12.149	-30.736	-30.000	-2000.000
12	25756	2	-2204.087	0.00	49.72252	238.23929	-78.014	-4.790	-60.000	-13.262	-17.020	-31.000	-2000.000
13	25934	4	-1175.325	0.00	49.97755	241.15250	-275.935	0.283	-540.000	-114.492	-67.182	-178.000	0.000
14	25970	2	-2272.644	0.00	48.73412	242.69249	-48.134	1.071	-140.000	-20.490	-29.092	-36.000	-2000.000
15	26042	2	-2386.003	0.00	51.50543	242.18726	-98.299	-1.590	-120.000	-70.155	-23.960	-72.000	-2000.000
16	26073	2	-2306.009	0.00	49.78832	245.47240	-44.320	1.796	-180.000	-27.687	-24.798	-31.000	-2000.000
17	26276	4	-1232.262	0.00	50.14672	244.74995	-319.705	-0.632	-460.000	-173.947	-74.978	-203.000	0.000
18	26323	2	-2256.626	0.00	52.08073	243.61502	-59.230	3.274	-60.000	-71.568	-22.102	-47.000	-2000.000
19	26377	2	-2388.917	0.00	49.07112	243.36176	-111.435	-3.827	-180.000	-16.109	-23.545	-54.000	-2000.000
20	26426	2	-2315.480	0.00	50.53080	246.05176	-59.388	0.973	-140.000	-36.209	-31.855	-49.000	-2000.000
21	26456	2	-2374.658	0.00	45.26065	245.35609	-42.905	-0.895	-280.000	-15.421	-5.437	-30.000	-2000.000
22	26488	5	-170.315	0.00	49.51414	249.62181	-62.502	-0.582	-60.000	-5.496	-9.735	-32.000	0.000
23	26539	1	2294.822	4.35	52.06755	247.95448	-52.752	3.529	-80.000	-14.507	-10.448	-51.000	2500.000
24	26644	2	-2424.255	4.17	53.73514	249.63954	-183.875	-13.944	-60.000	-25.682	-35.754	-105.000	-2000.000
25	26683	2	-2608.800	4.00	48.60797	249.36438	-76.824	-2.984	-440.000	-14.869	-35.124	-39.000	-2000.000
26	26752	2	-2446.187	3.85	52.37500	250.20981	-94.646	5.478	-220.000	-21.596	-46.424	-69.000	-2000.000
27	26784	2	-2406.974	3.70	50.17555	252.86304	-46.330	0.304	-280.000	-23.521	-25.427	-32.000	-2000.000
28	26909	2	-2693.607	3.57	52.37259	252.18851	-127.128	18.410	-360.000	-51.602	-48.287	-125.000	-2000.000
29	27003	2	-2671.094	3.45	51.32014	253.18250	-152.124	-4.867	-240.000	-80.147	-99.955	-94.000	-2000.000
30	27033	2	-2308.956	3.33	54.57121	255.09326	-36.089	7.962	-240.000	-3.417	-7.412	-30.000	-2000.000
31	27067	2	-2216.090	3.23	48.91710	256.04904	-54.209	-1.767	-100.000	-3.118	-22.995	-34.000	-2000.000
32	27184	2	-3012.143	3.12	52.66824	256.49048	-200.340	-15.780	-500.000	-86.910	-92.113	-117.000	-2000.000
33	27218	2	-2415.666	3.03	53.65674	256.61490	-57.546	-0.516	-260.000	-33.877	-29.728	-34.000	-2000.000
34	27250	2	-2280.746	2.94	53.62997	258.98242	-24.288	3.474	-180.000	-27.999	-19.933	-32.000	-2000.000
35	27469	4	-1200.589	2.86	56.63161	259.25296	-332.172	-6.177	-360.000	-208.246	-74.994	-219.000	0.000
36	27499	2	-2489.208	2.78	55.54656	260.99344	-37.876	2.106	-360.000	-36.698	-26.740	-30.000	-2000.000
37	27531	2	-2165.513	2.70	54.38595	258.87686	-49.795	0.298	-40.000	-14.932	-29.085	-32.000	-2000.000
38	27682	2	-3511.709	2.63	55.32965	262.60690	-249.612	-17.326	-840.000	-137.370	-116.402	-151.000	-2000.000
39	27732	2	-2293.775	2.56	56.38918	261.35760	-80.792	-0.687	-100.000	-31.047	-31.249	-50.000	-2000.000
40	27762	2	-2275.735	2.50	55.70158	265.56622	-51.206	-1.084	-180.000	-10.614	-2.831	-30.000	-2000.000
41	27835	2	-2338.091	2.44	54.45015	262.86960	-140.046	-17.751	-60.000	-38.421	-8.873	-73.000	-2000.000
42	27888	2	-2387.656	2.38	54.18004	262.44498	-107.710	-2.690	-120.000	-71.694	-32.561	-53.000	-2000.000
43	28079	1	1681.022	4.65	55.45470	265.00735	-247.702	30.938	-160.000	-180.900	-70.314	-191.000	2500.000
44	28176	2	-2403.199	4.55	56.06178	269.41727	-130.384	-1.479	-60.000	-75.212	-39.124	-97.000	-2000.000
45	28242	2	-2590.912	4.44	60.80762	267.78680	-123.290	-10.541	-280.000	-72.521	-38.560	-66.000	-2000.000
46	28388	2	-2606.180	4.35	57.32524	269.82111	-201.958	12.171	-60.000	-180.112	-30.280	-146.000	-2000.000
47	28532	2	-2539.186	4.26	59.09223	269.44656	-194.819	24.796	-80.000	-109.095	-36.067	-144.000	-2000.000
48	28749	4	-1387.146	4.17	57.57997	272.26791	-256.595	10.138	-340.000	-414.939	-168.750	-217.000	0.000
49	28913	1	1810.250	6.12	55.68799	275.11383	-238.811	2.780	0.000	-215.575	-74.145	-164.000	2500.000
50	28943	2	-2382.318	6.00	65.90092	275.52805	-22.850	3.023	-180.000	-137.116	-15.375	-30.000	-2000.000
51	29043	2	-2438.050	5.88	60.25760	273.67175	-133.593	10.631	-60.000	-109.245	-45.844	-100.000	-2000.000
52	29259	4	-1129.698	5.77	58.97095	277.88040	-309.679	3.608	-260.000	-275.819	-71.807	-216.000	0.000
53	29420	2	-3324.210	5.66	56.63807	277.83878	-234.932	-5.749	-380.000	-378.084	-164.445	-161.000	-2000.000
54	29569	2	-2879.045	5.56	59.54716	278.45901	-235.145	6.281	-120.000	-287.687	-93.495	-149.000	-2000.000
55	29761	4	-960.538	5.45	57.79427	280.79114	-289.232	-4.245	0.000	-340.777	-134.285	-192.000	0.000
56	29938	2	-3691.360	5.36	57.82976	279.37430	-228.987	-5.599	-640.000	-490.543	-149.231	-177.000	-2000.000
57	30125	4	-785.960	5.26	59.46639	282.17316	-272.361	-8.997	0.000	-254.405	-63.196	-187.000	0.000
58	30155	2	-2328.351	5.17	56.14420	282.51257	-29.512	3.791	-140.000	-86.452	-46.179	-30.000	-2000.000
59	30552	2	-5031.797	5.08	59.43098	285.82291	-583.522	36.358	-860.000	-902.294	-325.339	-397.000	-2000.000
60	30722	4	-1321.045	5.00	61.70680	287.19778	-266.310	-6.518	-360.000	-409.751	-108.467	-170.000	0.000
61	30752	2	-2298.760	4.92	60.81439	291.25342	-55.110	-0.639	-140.000	-53.518	-19.494	-30.000	-2000.000
62	30927	4	-869.160	4.84	59.84012	289.25012	-265.532	-12.292	0.000	-312.814	-103.521	-175.000	0.000
63	31109	4	-1060.261	4.76	58.81669	290.99438	-256.697	14.533	-180.000	-373.584	-82.513	-182.000	0.000
64	31215	2	-2558.767	4.69	60.43673	289.45004	-125.313	3.434	-100.000	-184.898	-45.990	-106.000	-2000.000
65	31388	2	-3200.293	4.62	60.85170	292.58795	-281.761	37.039	-40.000	-561.508	-181.063	-173.000	-2000.000
66	31576	4	-1027.251	4.55	59.59863	293.08044	-361.191	-18.496	0.000	-394.393	-65.171	-188.000	0.000
67	31666	2	-2596.764	4.48	61.60825	291.86993	-137.688	-10.158	-160.000	-148.011	-50.908	-90.000	-2000.000
68	31721	2	-2628.116	4.41	58.19181	294.07990	-73.206	3.378	-180.000	-244.715	-78.573	-55.000	-2000.000
69	31888	4	-1222.419	4.35	60.05849	294.68280	-257.227	-4.904	-380.000	-332.391	-80.897	-167.000	0.000
70	32079	4	-907.129	4.29	60.46972	296.15448	-327.621	17.005	-40.000	-297.601	-67.911	-191.000	0.000
71	32117	2	-2389.034	4.23	59.12154	295.62183	-63.758	0.377	-80.000	-156.234	-51.419	-38.000	-2000.000
72	32315	4	-1381.466	4.17	62.40366	298.88217	-349.190	2.342	-100.000	-572.871	-163.748	-198.000	0.000
73	32397	2	-2706.193	4.11	61.84077	301.72122	-128.153	8.251	-140.000	-254.039	-110.252	-82.000	-2000.000
74	32602	4	-1726.466	4.05	62.19192	301.29730	-302.809	30.987	-40.000	-945.182	-264.463	-205.000	0.000
75	32703	2	-2767.981	4.00	62.77969	301.12634	-137.283	15.306	-120.000	-336.494	-88.511	-101.000	-2000.000
76	32924	4	-987.889	3.95	62.88048	303.81317	-341.940	-0.835	0.000	-293.779	-130.334	-221.000	0.000
77	33097	2	-3442.537	3.90	61.78290	305.23569	-231.063	5.806	-380.000	-526.756	-137.524	-173.000	-2000.000
78	33313	4	-1614.263	3.85	64.37202	305.66644	-388.829	-11.696	-420.000	-488.076	-89.662	-216.000	0.000
79	33501	4	-1104.755	3.80	63.91626	308.97595	-221.801	16.763	0.000	-578.981	-132.736	-188.000	0.000
80	33638	2	-3237.626	3.75	62.95673	311.13840	-235.725	-15.391	-380.000	-347.471	-122.039	-137.000	-2000.000
81	33875	4	-1332.688	3.70	62.63469	310.19748	-363.034	6.675	-200.000	-454.226	-85.103	-237.000	0.000
82	34032	2	-3256.615	3.66	60.98475	312.93103	-221.520	3.630	-300.000	-477.051	-104.674	-157.000	-2000.000
83	34240	4	-1474.420	3.61	63.97726	313.04971	-302.627	-3.439	-120.000	-672.563	-167.792	-208.000	0.000
84	34459	4	-1064.707	3.57	64.82837	313.75006	-312.474	14.590	0.000	-441.382	-106.441	-219.000	0.000
85	34563	2	-2597.529	3.53	65.94109	315.29178	-129.695	3.373	-180.000	-158.886	-28.321	-104.000	-2000.000
86	34780	4	-1242.349	3.49	64.26459	315.22482	-293.703	-2.721	0.000	-467.001	-261.924	-217.000	0.000
87	34810	1	2444.274	4.60	66.16136	321.07614	-23.530	14.179	0.000	-12.147	-4.228	-30.000	2500.000
88	34842	2	-2274.681	4.55	65.95816	321.50266	-11.962	1.932	-180.000	-26.436	-26.214	-32.000	-2000.000
89	34878	2	-2895.872	4.49	60.03392	315.11313	-27.304	0.213	-560.000	-233.718	-39.063	-36.000	-2000.000
90	34974	1	1932.438	5.56	65.52390	317.36768	-125.629	17.211	-160.000	-111.081	-92.063	-96.000	2500.000
91	35088	2	-2786.456	5.49	63.07729	319.49683	-174.498	3.911	-200.000	-252.292	-49.578	-114.000	-2000.000
92	35259	2	-3361.107	5.43	66.30765	320.39615	-255.314	31.385	-80.000	-677.194	-208.985	-171.000	-2000.000
93	35439	2	-3981.590	5.38	64.91866	323.05499	-214.812	2.455	-900.000	-524.469	-164.764	-180.000	-2000.000
94	35501	2	-2600.218	5.32	63.37309	322.04153	-82.436	3.764	-220.000	-198.919	-40.626	-62.000	-2000.000
95	35628	2	-3039.417	5.26	65.30907	327.19958	-120.675	13.896	-380.000	-340.760	-84.878	-127.000	-2000.000
96	35773	2	-2949.192	5.21	66.59722	324.30020	-162.678	22.281	-60.000	-443.862	-159.933	-145.000	-2000.000
97	35989	4	-2045.201	5.15	68.11871	328.16779	-318.776	-4.080	-600.000	-629.191	-277.153	-216.000	0.000
98	36203	4	-1574.004	5.10	66.68818	330.60461	-246.537	29.598	-660.000	-374.122	-108.942	-214.000	0.000
99	36298	2	-2771.899	5.05	66.40707	330.41071	-106.816	34.566	-340.000	-183.328	-81.321	-95.000	-2000.000
100	36378	2	-2518.630	5.00	66.46326	333.60434	-112.991	33.478	-60.000	-242.478	-56.639	-80.000	-2000.000
101	36523	1	1266.616	6.00	65.92554	332.47174	-232.433	29.999	-380.000	-354.832	-151.118	-145.000	2500.000
102	36716	4	-1030.046	6.00	67.32314	333.99948	-192.843	77.636	-180.000	-419.480	-122.359	-193.000	0.000
103	36835	2	-3000.923	6.00	67.75621	332.71191	-144.749	25.788	-420.000	-202.041	-140.921	-119.000	-2000.000
104	37012	4	-1592.963	6.00	69.08009	336.81961	-211.951	-2.913	-520.000	-507.003	-174.096	-177.000	0.000
105	37112	2	-2521.503	6.00	66.76789	336.12335	-121.562	4.639	-120.000	-147.391	-37.189	-100.000	-2000.000
106	37286	4	-759.861	6.00	69.09451	337.92136	-176.691	39.865	-100.000	-288.934	-60.101	-174.000	0.000
107	37460	4	-862.523	6.00	67.31579	339.68118	-322.638	-16.264	0.000	-270.910	-78.712	-174.000	0.000
108	37635	4	-1631.017	6.00	69.11495	342.41086	-280.905	4.723	-320.000	-680.608	-179.227	-175.000	0.000
109	37736	2	-3353.124	6.00	68.39524	340.05511	-81.565	17.347	-800.000	-318.786	-69.119	-101.000	-2000.000
110	37913	4	-1078.201	6.00	68.74297	343.52014	-241.804	23.585	0.000	-477.256	-205.726	-177.000	0.000
111	38102	4	-1393.648	6.00	69.62232	343.93906	-266.335	38.008	-260.000	-532.747	-183.575	-189.000	0.000
112	38283	4	-1340.764	6.00	69.39359	345.76102	-216.058	38.122	-180.000	-628.832	-172.995	-181.000	0.000
113	38451	4	-1007.249	6.00	70.08882	348.42441	-266.790	-6.491	-60.000	-363.528	-142.440	-168.000	0.000
114	38617	4	-872.609	6.00	69.81904	352.01721	-202.504	25.749	0.000	-373.891	-155.962	-166.000	0.000
115	38648	2	-2549.228	6.00	69.66706	350.12781	-66.764	2.854	-260.000	-154.618	-39.699	-31.000	-2000.000
116	38762	2	-3140.640	6.00	70.27667	350.96893	-67.700	20.008	-580.000	-365.324	-33.624	-114.000	-2000.000
117	38920	1	1516.005	7.00	70.66226	351.51303	-187.405	23.051	-180.000	-322.302	-159.339	-158.000	2500.000
118	38965	2	-2545.216	7.00	67.92298	357.81467	-62.419	0.450	-300.000	-89.856	-48.391	-45.000	-2000.000
119	39142	4	-1429.721	7.00	69.02706	351.29794	-299.018	39.658	-400.000	-435.505	-157.857	-177.000	0.000
120	39203	2	-2551.980	7.00	74.93880	354.76868	-98.473	-3.339	-180.000	-130.210	-78.958	-61.000	-2000.000
121	39308	2	-2785.752	7.00	70.48679	356.34735	-115.532	13.258	-280.000	-204.719	-93.759	-105.000	-2000.000
122	39528	4	-1904.341	7.00	71.53316	355.87451	-409.367	-18.656	-440.000	-697.849	-118.469	-220.000	0.000
123	39726	4	-1219.029	6.00	72.58878	356.98370	-242.811	28.134	-220.000	-383.462	-202.889	-198.000	0.000
124	39908	4	-1461.555	6.00	70.47121	360.08871	-229.805	-7.245	-240.000	-590.801	-211.704	-182.000	0.000
125	40037	1	1852.588	7.00	73.33980	360.28137	-188.436	39.206	-60.000	-180.840	-128.342	-129.000	2500.000
126	40227	4	-808.433	7.00	71.06444	363.69305	-213.085	11.400	0.000	-303.931	-112.817	-190.000	0.000
127	40420	4	-1421.274	7.00	74.41979	363.32092	-298.214	2.625	-360.000	-361.890	-210.796	-193.000	0.000
128	40610	4	-1360.396	7.00	71.64971	365.73355	-245.294	52.505	-340.000	-417.553	-220.053	-190.000	0.000
129	40772	2	-2901.663	7.00	73.69572	365.88699	-323.884	-9.542	-80.000	-260.470	-65.766	-162.000	-2000.000
130	40828	1	2323.796	8.00	72.65199	370.04465	-34.920	15.626	0.000	-74.105	-26.805	-56.000	2500.000
131	41005	4	-729.045	8.00	72.15134	367.72162	-261.739	18.739	-40.000	-188.523	-80.522	-177.000	0.000
132	41056	1	2359.481	9.00	73.27579	371.82056	-51.801	12.296	0.000	-31.644	-18.371	-51.000	2500.000
133	41108	2	-2281.368	9.00	69.46152	367.91888	-59.052	2.121	-60.000	-85.116	-27.321	-52.000	-2000.000
134	41201	2	-2588.032	9.00	72.75221	368.55011	-130.176	18.141	-140.000	-199.985	-43.012	-93.000	-2000.000
135	41361	4	-1028.216	9.00	71.72208	369.81406	-232.817	7.859	-140.000	-418.618	-84.640	-160.000	0.000
136	41441	2	-3332.940	9.00	74.44991	368.93195	-105.199	-2.614	-700.000	-346.329	-98.797	-80.000	-2000.000
137	41601	1	1921.053	10.00	70.80970	372.01514	-215.021	32.517	-80.000	-87.730	-68.712	-160.000	2500.000
138	41789	4	-1022.153	10.00	72.92395	371.76932	-198.578	6.354	0.000	-569.388	-72.542	-188.000	0.000
139	41864	2	-2617.918	10.00	70.19042	372.68118	-87.313	6.212	-160.000	-219.923	-81.894	-75.000	-2000.000
140	42075	2	-4511.478	10.00	73.84976	374.64709	-302.766	-0.160	-1120.000	-762.718	-114.834	-211.000	-2000.000
141	42289	4	-980.763	10.00	72.76308	375.87103	-317.147	10.601	0.000	-351.238	-108.979	-214.000	0.000
142	42322	2	-2678.625	10.00	76.02029	378.63684	-48.264	0.675	-420.000	-110.713	-67.322	-33.000	-2000.000
143	42544	4	-1362.028	9.00	70.06806	377.34402	-416.472	-17.658	-60.000	-487.015	-158.883	-222.000	0.000
144	42765	4	-1256.590	9.00	74.59846	380.29605	-362.079	-24.237	-60.000	-404.078	-185.195	-221.000	0.000
145	42802	2	-2630.888	9.00	71.44622	384.24655	-54.593	-1.606	-340.000	-101.920	-95.769	-37.000	-2000.000
146	43021	4	-830.766	9.00	72.16394	379.33188	-308.054	-4.827	0.000	-210.444	-88.441	-219.000	0.000
147	43247	4	-944.995	9.00	74.33227	382.21448	-361.893	31.303	0.000	-280.639	-107.766	-226.000	0.000
148	43277	2	-2648.830	9.00	69.43668	379.75278	-44.215	0.668	-400.000	-130.199	-45.085	-30.000	-2000.000
149	43336	1	2298.493	9.00	74.58395	383.87869	-45.376	12.770	0.000	-64.965	-44.937	-59.000	2500.000
150	43367	2	-2290.796	9.00	67.24596	386.60803	-29.286	0.106	-120.000	-94.666	-15.950	-31.000	-2000.000
151	43456	2	-2454.210	9.00	72.23710	378.99005	-87.747	17.237	-100.000	-145.902	-48.798	-89.000	-2000.000
152	43567	2	-2521.411	9.00	74.79810	383.98697	-151.719	13.396	-80.000	-109.110	-82.978	-111.000	-2000.000
153	43788	4	-1157.857	9.00	72.72694	386.62805	-387.399	-5.319	0.000	-427.417	-116.722	-221.000	0.000
154	43897	2	-2523.337	9.00	75.04790	388.22842	-149.183	29.606	-80.000	-143.394	-71.365	-109.000	-2000.000
155	44014	1	1819.022	10.00	72.40298	389.38965	-120.693	14.528	-140.000	-210.965	-106.849	-117.000	2500.000
156	44066	2	-2387.465	10.00	71.33430	388.20349	-42.474	4.896	-160.000	-110.631	-27.255	-52.000	-2000.000
157	44189	1	2097.249	11.00	73.03149	388.07590	-164.961	26.848	0.000	-92.677	-48.961	-123.000	2500.000
158	44230	2	-2333.475	11.00	74.06291	394.33987	-62.717	-3.347	-120.000	-71.380	-35.032	-41.000	-2000.000
159	44288	2	-2469.550	11.00	72.86164	390.88837	-70.055	4.583	-100.000	-156.864	-89.214	-58.000	-2000.000
160	44318	2	-2894.770	11.00	75.25571	393.66208	-49.772	1.688	-600.000	-138.775	-77.912	-30.000	-2000.000
161	44387	2	-2687.504	11.00	73.65591	392.75897	-79.868	2.345	-360.000	-92.336	-88.644	-69.000	-2000.000
162	44607	4	-1127.174	11.00	73.79809	393.21524	-288.097	10.984	-80.000	-353.442	-196.619	-220.000	0.000
163	44827	4	-1766.871	11.00	73.61586	396.33304	-293.173	39.161	-620.000	-469.107	-203.752	-220.000	0.000
164	45046	4	-1442.063	11.00	73.13217	392.81400	-354.717	-10.675	-260.000	-471.116	-126.555	-219.000	0.000
165	45141	2	-2527.045	11.00	71.15844	395.04010	-119.893	10.405	-160.000	-104.888	-57.669	-95.000	-2000.000
166	45234	2	-2521.426	11.00	73.40043	394.11227	-91.759	12.407	-120.000	-185.850	-43.223	-93.000	-2000.000
167	45304	1	2244.309	12.00	75.69624	396.28223	-71.977	13.071	0.000	-89.811	-36.973	-70.000	2500.000
168	45530	4	-946.911	12.00	74.24184	398.28891	-314.658	24.537	0.000	-335.333	-95.457	-226.000	0.000
169	45745	4	-1510.243	12.00	74.84447	399.32150	-313.082	-11.052	-200.000	-608.898	-162.212	-215.000	0.000
170	45957	4	-1410.348	12.00	73.10767	399.19794	-305.253	1.193	-180.000	-583.615	-130.673	-212.000	0.000
171	46085	2	-2573.238	12.00	73.56673	399.90137	-162.743	17.488	-60.000	-171.488	-68.496	-128.000	-2000.000
172	46117	2	-2676.854	12.00	76.42661	407.24908	-65.332	1.415	-380.000	-144.751	-56.187	-32.000	-2000.000
173	46335	4	-1097.507	12.00	73.32256	402.59195	-326.594	-18.271	-80.000	-349.336	-105.305	-218.000	0.000
174	46564	4	-1199.026	12.00	72.84033	405.21008	-359.198	4.646	0.000	-502.795	-112.679	-229.000	0.000
175	46771	2	-3296.947	12.00	72.20682	405.28607	-292.859	54.343	-500.000	-230.175	-121.256	-207.000	-2000.000
176	46990	4	-918.182	12.00	73.36265	407.67438	-329.920	34.973	0.000	-314.518	-89.717	-219.000	0.000
177	47020	2	-2392.452	12.00	70.75502	407.24792	-30.797	-0.034	-180.000	-106.801	-44.820	-30.000	-2000.000
178	47246	4	-1370.688	12.00	71.97633	406.78229	-257.533	3.148	-80.000	-711.401	-98.902	-226.000	0.000
179	47465	4	-822.974	12.00	73.27116	408.72104	-286.455	55.973	0.000	-261.114	-112.379	-219.000	0.000
180	47522	1	1872.158	13.00	69.92337	410.69507	-56.583	13.810	-320.000	-145.918	-62.151	-57.000	2500.000
181	47624	2	-2866.650	13.00	71.94252	409.71826	-167.081	-8.588	-240.000	-266.213	-82.769	-102.000	-2000.000
182	47736	2	-2741.095	13.00	73.60401	412.16287	-91.384	26.015	-280.000	-182.031	-101.695	-112.000	-2000.000
183	47960	4	-902.282	13.00	72.76167	412.23544	-344.847	11.988	0.000	-224.760	-120.662	-224.000	0.000
184	48173	4	-1983.483	13.00	73.32770	411.13647	-346.719	18.234	-780.000	-555.485	-106.512	-213.000	0.000
185	48300	1	1967.907	14.00	72.55931	411.89148	-128.534	27.220	0.000	-210.370	-93.410	-127.000	2500.000
186	48449	2	-2797.139	14.00	71.24921	411.77182	-222.872	6.502	-180.000	-175.462	-76.308	-149.000	-2000.000
187	48526	1	2109.739	14.00	72.03982	415.39487	-79.309	17.549	-120.000	-72.982	-58.519	-77.000	2500.000
188	48747	4	-908.701	14.00	71.50436	416.52487	-303.128	16.539	0.000	-287.206	-113.905	-221.000	0.000
189	48953	2	-3031.387	14.00	73.64159	417.72983	-316.583	25.350	-80.000	-309.062	-145.092	-206.000	-2000.000
190	49065	2	-2751.944	13.00	70.99268	417.19748	-107.468	25.553	-280.000	-208.227	-69.802	-112.000	-2000.000
191	49291	4	-1031.387	13.00	72.71980	416.46198	-316.731	48.984	0.000	-340.481	-197.160	-226.000	0.000
192	49353	2	-2334.323	13.00	71.44872	421.01578	-97.304	-4.197	-100.000	-50.424	-20.399	-62.000	-2000.000
193	49431	2	-2491.741	13.00	69.73728	416.11459	-114.822	-2.480	-140.000	-102.305	-54.134	-78.000	-2000.000
194	49662	4	-941.704	13.00	72.24462	421.87753	-332.333	1.430	0.000	-271.796	-108.005	-231.000	0.000
195	49846	1	1362.863	14.00	72.23378	421.83463	-172.663	62.153	-400.000	-269.354	-173.272	-184.000	2500.000
196	50087	4	-1289.432	14.00	72.16853	422.35962	-294.154	52.478	-40.000	-526.013	-240.743	-241.000	0.000
197	50315	4	-1371.266	14.00	72.43827	423.39044	-349.115	-7.224	-160.000	-479.473	-147.455	-228.000	0.000
198	50499	2	-3044.690	14.00	71.20529	425.84671	-232.175	36.317	-340.000	-209.563	-115.269	-184.000	-2000.000
199	50720	4	-841.814	14.00	72.06160	427.50800	-326.676	17.952	0.000	-176.564	-135.526	-221.000	0.000
200	50922	4	-1004.297	14.00	73.81929	427.56976	-268.888	33.353	-180.000	-258.829	-127.933	-202.000	0.000
201	51142	4	-1157.647	13.00	71.48280	426.71609	-285.109	-4.199	-60.000	-371.895	-216.444	-220.000	0.000
202	51219	1	2215.767	14.00	73.49265	433.51715	-84.680	17.560	0.000	-95.896	-44.217	-77.000	2500.000
203	51421	2	-3106.343	14.00	72.85650	428.75092	-215.363	20.692	-80.000	-485.312	-144.360	-202.000	-2000.000
204	51510	2	-2408.014	14.00	73.63759	427.00925	-113.697	9.128	-60.000	-92.922	-61.522	-89.000	-2000.000
205	51732	4	-1149.183	14.00	73.18285	430.25336	-257.951	24.416	-40.000	-427.927	-225.721	-222.000	0.000
206	51862	2	-2721.238	14.00	74.07404	434.30090	-199.295	-4.092	-160.000	-158.217	-69.636	-130.000	-2000.000
207	51916	1	2206.716	15.00	72.02042	428.19965	-59.127	11.129	-80.000	-49.794	-61.493	-54.000	2500.000
208	52136	4	-1445.953	15.00	73.53855	433.68137	-281.428	45.520	-420.000	-373.812	-196.233	-220.000	0.000
209	52354	4	-1170.280	15.00	72.80883	434.89026	-317.732	-14.796	-160.000	-338.884	-120.868	-218.000	0.000
210	52397	1	2355.821	16.00	75.87717	439.17175	-35.353	14.577	0.000	-40.074	-40.329	-43.000	2500.000
211	52539	2	-2615.482	16.00	72.24116	436.38794	-187.528	16.669	-100.000	-139.242	-63.381	-142.000	-2000.000
212	52752	1	1420.486	17.00	71.52166	437.41928	-250.730	68.265	-220.000	-322.748	-141.302	-213.000	2500.000
213	52826	2	-2376.729	17.00	69.04890	437.68018	-54.149	23.692	-80.000	-148.228	-44.043	-74.000	-2000.000
214	52926	1	2045.915	18.00	71.10855	437.87347	-137.611	31.870	0.000	-185.376	-62.968	-100.000	2500.000
215	52978	1	2354.930	19.00	72.13078	438.94144	-52.789	3.870	0.000	-22.395	-21.755	-52.000	2500.000
216	53203	4	-968.260	19.00	73.08850	438.66757	-336.117	6.667	0.000	-295.244	-118.565	-225.000	0.000
217	53301	2	-2605.400	18.00	72.51520	439.54092	-119.408	10.668	-200.000	-112.401	-86.260	-98.000	-2000.000
218	53512	4	-823.469	18.00	74.03194	440.20505	-274.430	44.574	0.000	-222.001	-160.612	-211.000	0.000
219	53603	2	-2560.811	18.00	69.45296	441.74936	-132.876	0.867	-200.000	-111.147	-26.654	-91.000	-2000.000
220	53683	2	-2632.738	18.00	71.91983	443.21255	-116.836	10.819	-160.000	-200.775	-85.946	-80.000	-2000.000
221	53884	4	-1020.327	18.00	72.41187	441.71323	-284.116	44.667	0.000	-444.801	-135.077	-201.000	0.000
222	54099	4	-1274.385	18.00	72.96693	445.61258	-261.405	0.454	-80.000	-613.896	-104.538	-215.000	0.000
223	54173	2	-2565.667	18.00	72.46066	445.26981	-94.979	3.694	-220.000	-142.885	-37.496	-74.000	-2000.000
224	54203	1	2418.177	19.00	77.32372	448.51614	-22.766	9.359	0.000	-16.400	-22.017	-30.000	2500.000
225	54331	2	-2679.361	18.00	73.73499	447.95645	-140.118	22.332	-120.000	-191.996	-121.579	-128.000	-2000.000
226	54531	4	-988.077	18.00	73.60163	445.86539	-296.588	8.868	0.000	-379.528	-120.829	-200.000	0.000
227	54625	2	-2700.780	18.00	71.37119	445.41385	-95.795	13.559	-200.000	-275.689	-48.854	-94.000	-2000.000
228	54816	4	-739.755	18.00	72.82432	448.92261	-280.665	-7.314	0.000	-170.236	-90.541	-191.000	0.000
229	54921	2	-2455.722	18.00	72.30536	447.82901	-105.391	7.035	-80.000	-100.249	-72.118	-105.000	-2000.000
230	54993	1	2197.765	18.00	76.07114	451.45114	-67.217	11.828	0.000	-119.523	-55.323	-72.000	2500.000
231	55046	2	-2253.829	18.00	73.03070	446.56818	-47.273	9.747	-80.000	-43.025	-40.278	-53.000	-2000.000
232	55275	4	-1233.034	17.00	73.47756	449.35059	-350.029	19.768	0.000	-503.620	-170.153	-229.000	0.000
233	55479	4	-1051.167	17.00	74.36487	451.11148	-307.361	-6.446	-80.000	-317.973	-135.387	-204.000	0.000
234	55670	4	-1008.797	17.00	71.65979	449.73038	-232.522	30.224	-160.000	-305.064	-150.435	-191.000	0.000
235	55739	2	-2964.791	17.00	70.56202	451.96490	-103.829	-2.875	-480.000	-248.678	-60.409	-69.000	-2000.000
236	55901	2	-2959.571	17.00	72.65368	451.95020	-224.196	0.261	-100.000	-382.478	-91.159	-162.000	-2000.000
237	56117	4	-1067.891	16.00	72.22149	453.69147	-306.699	18.396	-120.000	-296.086	-147.502	-216.000	0.000
238	56318	4	-1115.692	16.00	73.95131	455.42542	-285.082	-7.372	-40.000	-409.645	-172.593	-201.000	0.000
239	56545	4	-1144.955	16.00	71.84982	455.42780	-372.081	-6.381	-120.000	-284.921	-134.571	-227.000	0.000
240	56759	4	-1370.341	16.00	72.59485	456.47934	-247.124	-5.529	-280.000	-526.564	-97.124	-214.000	0.000
241	56803	1	2364.861	17.00	77.48284	454.81213	-33.508	12.709	0.000	-43.477	-26.863	-44.000	2500.000
242	56964	1	1611.304	18.00	75.01109	459.61850	-140.190	42.394	-40.000	-384.118	-205.783	-161.000	2500.000
243	57078	2	-2977.145	18.00	72.20334	458.97745	-124.935	6.732	-440.000	-197.434	-107.507	-114.000	-2000.000
244	57278	4	-977.019	18.00	72.02547	461.08655	-261.477	-5.898	0.000	-402.088	-107.556	-200.000	0.000
245	57493	4	-1537.137	18.00	73.86913	460.78830	-256.280	-8.748	-160.000	-745.103	-152.006	-215.000	0.000
246	57540	2	-2381.998	18.00	75.68869	464.88028	-67.716	7.192	-140.000	-89.531	-44.943	-47.000	-2000.000
247	57721	1	1751.895	19.00	72.28098	461.64795	-223.345	61.467	0.000	-203.017	-202.210	-181.000	2500.000
248	57813	2	-2662.299	19.00	75.43925	462.98590	-121.589	-0.382	-200.000	-168.242	-80.087	-92.000	-2000.000
249	57974	2	-2888.637	18.00	73.65490	462.67416	-228.881	7.282	-160.000	-201.821	-144.217	-161.000	-2000.000
250	58191	4	-1100.217	18.00	74.59258	464.99667	-262.876	-4.466	0.000	-453.047	-162.828	-217.000	0.000
251	58254	1	2281.075	19.00	73.64294	461.53207	-64.981	10.583	0.000	-53.953	-47.574	-63.000	2500.000
252	58480	4	-1203.548	19.00	71.11444	466.21875	-295.135	29.653	-220.000	-345.265	-146.801	-226.000	0.000
253	58692	4	-1124.650	19.00	74.39490	466.49109	-280.515	9.325	0.000	-464.753	-176.707	-212.000	0.000
254	58754	2	-2435.882	19.00	72.89663	463.10629	-88.049	-2.906	-140.000	-92.395	-50.532	-62.000	-2000.000
255	58901	2	-2823.647	18.00	73.78023	464.11224	-213.098	61.099	-100.000	-295.532	-129.117	-147.000	-2000.000
256	59119	4	-1275.642	18.00	72.53889	467.10440	-299.659	3.497	-140.000	-460.429	-161.051	-218.000	0.000
257	59310	2	-2896.995	17.00	72.11856	468.76047	-225.900	49.979	-100.000	-266.444	-163.630	-191.000	-2000.000
258	59422	1	2063.268	18.00	73.74341	472.14789	-136.032	29.227	0.000	-134.862	-83.064	-112.000	2500.000
259	59453	2	-2206.842	18.00	71.31923	465.04962	-18.318	1.415	-100.000	-41.392	-17.546	-31.000	-2000.000
260	59616	1	1315.604	19.00	74.79120	467.84097	-200.959	45.756	-540.000	-193.004	-133.190	-163.000	2500.000
261	59835	4	-983.438	19.00	72.37466	469.71811	-316.090	19.357	0.000	-264.673	-203.031	-219.000	0.000
262	60061	4	-1917.365	19.00	72.88276	469.66135	-309.953	16.870	-760.000	-426.821	-211.461	-226.000	0.000
263	60123	2	-2540.879	19.00	73.00150	472.89832	-83.646	1.183	-220.000	-110.012	-66.405	-62.000	-2000.000
264	60344	4	-1092.816	19.00	72.85645	473.38028	-317.126	5.612	-60.000	-348.875	-151.426	-221.000	0.000
265	60395	2	-2522.132	19.00	71.32681	476.24530	-48.684	14.184	-240.000	-142.094	-54.538	-51.000	-2000.000
266	60475	1	2032.974	20.00	75.48322	473.72910	-103.077	11.483	0.000	-212.919	-82.513	-80.000	2500.000
267	60534	2	-2405.329	19.00	71.95856	473.95358	-93.829	-14.392	-100.000	-94.524	-43.583	-59.000	-2000.000
268	60766	4	-906.591	19.00	73.06617	474.42233	-372.116	5.122	0.000	-187.878	-119.719	-232.000	0.000
269	60863	1	2012.389	20.00	73.36031	474.42645	-104.206	24.075	0.000	-227.494	-82.985	-97.000	2500.000
270	60921	2	-2378.201	20.00	75.89915	473.10361	-81.586	1.853	-100.000	-92.052	-48.416	-58.000	-2000.000
271	61089	2	-3100.175	20.00	72.67728	474.50037	-227.328	-2.641	-200.000	-425.179	-77.026	-168.000	-2000.000
272	61314	4	-1163.422	20.00	74.67332	479.09598	-292.456	-3.727	-100.000	-359.411	-182.828	-225.000	0.000
273	61435	2	-2619.951	20.00	73.07986	476.98843	-143.154	9.446	-40.000	-231.614	-93.629	-121.000	-2000.000
274	61581	2	-3850.068	20.00	74.57828	480.38693	-210.788	24.218	-880.000	-476.885	-160.613	-146.000	-2000.000
275	61802	4	-827.769	20.00	75.78796	479.23206	-260.564	62.750	0.000	-219.197	-189.758	-221.000	0.000
276	61922	1	1941.018	21.00	72.05045	479.87161	-141.896	49.400	0.000	-228.832	-117.653	-120.000	2500.000
277	61971	1	2316.474	22.00	74.59814	478.66541	-71.057	-15.751	0.000	-27.244	-20.475	-49.000	2500.000
278	62198	4	-1194.348	22.00	75.35589	483.01797	-303.993	18.318	-200.000	-339.236	-142.437	-227.000	0.000
279	62412	4	-986.411	22.00	73.76761	480.40277	-308.388	-3.181	0.000	-360.774	-100.067	-214.000	0.000
280	62634	4	-1660.991	21.00	74.00434	480.30634	-311.770	-10.090	-560.000	-381.073	-176.058	-222.000	0.000
281	62773	2	-2806.544	21.00	74.00593	481.20081	-107.814	19.919	-140.000	-321.675	-117.974	-139.000	-2000.000
282	62987	4	-1073.481	21.00	73.87283	483.25571	-311.246	7.433	-140.000	-254.964	-160.704	-214.000	0.000
283	63203	4	-1537.971	21.00	74.58847	485.77292	-312.941	-8.173	-320.000	-468.475	-212.382	-216.000	0.000
284	63241	2	-2249.349	21.00	72.91222	486.08472	-53.234	1.197	-60.000	-55.767	-43.545	-38.000	-2000.000
285	63466	4	-864.035	20.00	74.53595	484.27200	-298.621	19.916	0.000	-205.455	-154.875	-225.000	0.000
286	63688	4	-1612.089	20.00	75.47197	486.38580	-260.927	35.282	-600.000	-381.986	-182.457	-222.000	0.000
287	63743	1	2078.366	20.00	76.33002	485.79584	-49.842	11.954	-220.000	-53.441	-55.305	-55.000	2500.000
288	63969	4	-1041.673	20.00	72.42952	484.66104	-325.335	4.388	-120.000	-196.524	-178.201	-226.000	0.000
289	64194	4	-1251.295	20.00	73.23253	490.79865	-306.620	14.160	-220.000	-351.729	-162.106	-225.000	0.000
290	64396	4	-892.334	20.00	73.87257	489.55942	-285.613	-10.767	0.000	-238.283	-155.670	-202.000	0.000
291	64606	4	-936.957	20.00	74.05747	490.11911	-300.516	2.866	0.000	-281.952	-147.356	-210.000	0.000
292	64696	2	-3052.887	20.00	73.55734	497.88885	-118.116	2.678	-380.000	-371.583	-95.866	-90.000	-2000.000
293	64903	4	-1455.201	20.00	74.87843	492.08911	-328.249	44.427	-460.000	-315.342	-189.038	-207.000	0.000
294	65120	4	-1580.456	20.00	73.52673	492.11398	-308.178	9.223	-420.000	-512.608	-131.893	-217.000	0.000
295	65328	4	-948.010	19.00	73.10801	493.14578	-360.685	-9.570	0.000	-245.547	-124.209	-208.000	0.000
296	65368	2	-2449.180	19.00	73.51089	493.62906	-56.141	0.653	-140.000	-133.781	-79.911	-40.000	-2000.000
297	65577	4	-1052.725	19.00	73.57424	493.13547	-297.019	50.014	-40.000	-370.389	-186.330	-209.000	0.000
298	65734	1	1810.916	20.00	72.83943	493.74219	-213.962	48.426	0.000	-186.704	-179.844	-157.000	2500.000
299	65962	4	-1031.183	20.00	74.44376	495.30011	-292.956	10.556	0.000	-314.837	-205.946	-228.000	0.000
300	66173	4	-1015.769	20.00	74.23902	496.42538	-327.578	34.788	0.000	-356.161	-155.818	-211.000	0.000
301	66357	2	-3028.151	20.00	74.13818	497.22623	-219.384	4.035	-140.000	-335.399	-153.404	-184.000	-2000.000
302	66428	1	1789.591	20.00	74.75903	495.83499	-75.342	16.300	-360.000	-177.739	-42.627	-71.000	2500.000
303	66598	2	-3319.625	20.00	74.74762	496.27515	-156.957	48.162	-560.000	-368.541	-112.289	-170.000	-2000.000
304	66823	4	-1156.626	20.00	73.28419	498.83359	-327.931	-3.440	0.000	-382.047	-218.208	-225.000	0.000
305	66872	1	2344.334	21.00	74.64458	497.48215	-39.468	8.574	0.000	-47.009	-28.764	-49.000	2500.000
306	67079	1	1219.913	22.00	74.07928	498.49936	-314.537	-124.967	-180.000	-253.683	-199.900	-207.000	2500.000
307	67313	4	-923.003	21.00	77.11971	501.31378	-319.747	37.954	0.000	-234.234	-172.976	-234.000	0.000
308	67526	4	-1148.077	21.00	73.09369	499.52393	-326.276	4.973	-120.000	-312.807	-180.967	-213.000	0.000
309	67763	4	-1017.846	21.00	73.10923	499.96121	-368.009	10.984	0.000	-253.689	-170.133	-237.000	0.000
310	67853	1	2059.210	21.00	69.97350	500.88058	-100.397	16.952	-100.000	-73.608	-93.736	-90.000	2500.000
311	68055	2	-2916.544	21.00	74.77484	500.25595	-284.574	14.365	-80.000	-244.459	-119.876	-202.000	-2000.000
312	68279	4	-1024.056	20.00	73.32084	500.52664	-291.943	10.244	0.000	-346.288	-172.069	-224.000	0.000
313	68503	4	-1124.497	20.00	73.21938	499.77621	-319.329	2.944	-160.000	-244.588	-179.523	-224.000	0.000
314	68555	2	-2469.016	19.00	73.50040	500.81317	-45.280	5.523	-280.000	-60.946	-36.313	-52.000	-2000.000
315	68613	1	2312.129	19.00	74.04205	505.28555	-49.355	15.751	0.000	-69.304	-26.963	-58.000	2500.000
316	68767	2	-2925.928	19.00	72.81001	503.81772	-167.474	19.631	-200.000	-310.064	-114.022	-154.000	-2000.000
317	68830	1	2318.442	20.00	74.14920	505.11642	-40.663	15.291	0.000	-56.009	-37.176	-63.000	2500.000
318	69050	4	-994.965	20.00	71.25204	505.58408	-294.659	-1.387	0.000	-331.808	-147.110	-220.000	0.000
319	69265	4	-1009.327	20.00	72.39499	502.98596	-318.278	53.827	-200.000	-207.664	-122.213	-215.000	0.000
320	69470	4	-1195.949	20.00	73.38501	507.83838	-228.096	33.753	-300.000	-337.497	-159.109	-205.000	0.000
321	69521	1	2323.441	21.00	70.23929	508.08560	-48.213	13.392	0.000	-51.050	-39.688	-51.000	2500.000
322	69580	2	-2393.294	21.00	73.98864	502.03342	-64.974	3.015	-140.000	-79.546	-52.789	-59.000	-2000.000
323	69776	4	-1147.715	21.00	71.67834	506.41248	-262.203	1.733	-360.000	-230.297	-100.947	-196.000	0.000
324	69859	1	2242.947	21.00	72.26804	502.46460	-96.450	11.085	0.000	-45.672	-43.016	-83.000	2500.000
325	70046	4	-821.623	21.00	74.17263	504.70508	-311.987	-3.008	0.000	-212.597	-107.031	-187.000	0.000
326	70260	4	-1179.913	21.00	74.34167	506.64032	-284.883	6.425	-60.000	-433.233	-194.222	-214.000	0.000
327	70493	4	-1995.754	21.00	72.13170	508.77252	-251.598	5.195	-720.000	-620.761	-175.590	-233.000	0.000
328	70704	4	-684.657	21.00	71.91930	505.24112	-270.148	54.164	0.000	-137.676	-119.996	-211.000	0.000
329	70800	1	2009.204	22.00	71.41660	510.01572	-123.363	8.911	0.000	-170.114	-110.230	-96.000	2500.000
330	71014	4	-868.023	21.00	72.60732	508.06885	-251.012	41.170	0.000	-306.001	-138.179	-214.000	0.000
331	71237	4	-1322.977	21.00	73.24348	507.49362	-267.872	-21.219	-240.000	-429.409	-141.476	-223.000	0.000
332	71271	2	-2349.704	21.00	71.25857	512.05267	-52.469	-0.106	-220.000	-16.725	-26.405	-34.000	-2000.000
333	71351	1	2164.481	22.00	70.58466	508.16025	-94.960	18.310	0.000	-104.655	-74.214	-80.000	2500.000
334	71384	1	2428.558	23.00	68.88126	509.93820	-24.924	6.335	0.000	-9.502	-10.351	-33.000	2500.000
335	71534	1	1920.651	24.00	73.54307	505.15234	-192.353	-5.071	0.000	-155.707	-76.219	-150.000	2500.000
336	71762	4	-974.170	24.00	71.53698	509.57852	-324.809	8.533	0.000	-264.545	-165.348	-228.000	0.000
337	71792	2	-2745.373	24.00	76.59323	506.83197	-22.001	-0.360	-500.000	-121.788	-71.224	-30.000	-2000.000
338	71962	2	-2967.103	24.00	72.62545	510.20349	-256.360	35.412	-280.000	-187.817	-108.338	-170.000	-2000.000
339	72024	2	-2756.070	24.00	74.39466	511.76541	-121.550	-6.518	-360.000	-159.135	-46.867	-62.000	-2000.000
340	72249	4	-979.608	24.00	71.28493	508.39221	-300.780	26.742	0.000	-332.837	-147.734	-225.000	0.000
341	72405	2	-3105.107	23.00	70.58986	509.97748	-206.399	-3.730	-360.000	-235.211	-143.766	-156.000	-2000.000
342	72512	2	-2723.922	22.00	70.92242	510.70804	-146.071	4.126	-160.000	-200.810	-114.167	-107.000	-2000.000
343	72727	4	-1040.611	22.00	71.62297	508.88553	-329.024	-7.237	-140.000	-177.749	-171.602	-215.000	0.000
344	72952	4	-828.284	22.00	70.71031	510.75684	-244.169	70.609	0.000	-297.618	-132.106	-225.000	0.000
345	73017	2	-3069.638	22.00	71.70617	513.50732	-101.818	-0.807	-520.000	-238.180	-143.833	-65.000	-2000.000
346	73230	4	-1462.294	22.00	72.17380	511.33371	-292.506	21.563	-500.000	-302.873	-175.479	-213.000	0.000
347	73448	4	-1084.350	21.00	71.92783	510.76266	-314.341	7.583	0.000	-340.077	-219.515	-218.000	0.000
348	73673	4	-1882.870	21.00	72.74379	512.65112	-293.724	-4.368	-20.000	-1103.740	-236.038	-225.000	0.000
349	73893	4	-703.771	21.00	74.42570	513.54803	-262.105	54.482	0.000	-164.348	-111.800	-220.000	0.000
350	74113	4	-1304.924	21.00	71.59913	512.45642	-258.478	40.748	-300.000	-392.851	-174.342	-220.000	0.000
351	74243	2	-3248.263	20.00	72.24454	513.77942	-99.977	38.789	-660.000	-230.301	-166.774	-130.000	-2000.000
352	74312	1	2201.293	21.00	72.02758	513.72278	-50.183	18.241	-80.000	-60.288	-57.477	-69.000	2500.000
353	74411	2	-2598.798	21.00	71.90436	512.53046	-108.126	12.302	-180.000	-126.985	-96.988	-99.000	-2000.000
354	74466	2	-2350.924	21.00	68.17799	511.14520	-42.087	5.484	-160.000	-42.804	-56.517	-55.000	-2000.000
355	74508	2	-2376.778	21.00	73.67184	517.38904	-45.169	2.834	-120.000	-98.128	-74.314	-42.000	-2000.000
356	74559	2	-2572.443	21.00	69.24196	515.26813	-40.885	1.856	-180.000	-245.339	-57.075	-51.000	-2000.000
357	74631	1	2160.127	22.00	71.99747	516.63763	-83.210	10.263	0.000	-134.345	-60.580	-72.000	2500.000
358	74862	2	-3246.075	21.00	71.93459	516.91882	-299.651	42.640	-100.000	-467.315	-190.749	-231.000	-2000.000
359	75083	4	-1159.285	21.00	72.70200	517.69806	-339.932	19.347	-160.000	-277.326	-180.375	-221.000	0.000
360	75329	4	-1063.593	20.00	71.66232	514.68665	-354.879	25.794	0.000	-288.175	-200.333	-246.000	0.000
361	75480	2	-3207.056	20.00	70.93488	519.07697	-170.067	8.075	-60.000	-685.539	-148.524	-151.000	-2000.000
362	75603	2	-2705.368	20.00	71.99603	520.58508	-202.717	-11.171	-100.000	-157.524	-110.957	-123.000	-2000.000
363	75763	1	1607.206	21.00	72.64363	516.43945	-149.493	63.103	-200.000	-273.895	-172.509	-160.000	2500.000
364	75886	1	1646.184	22.00	70.60336	515.15698	-188.523	-52.290	-80.000	-202.211	-207.793	-123.000	2500.000
365	75945	2	-2547.570	22.00	71.45690	519.84406	-53.192	6.405	-220.000	-157.997	-63.785	-59.000	-2000.000
366	76167	4	-1338.523	21.00	73.12605	518.25629	-315.950	-2.315	-280.000	-355.815	-162.442	-222.000	0.000
367	76377	2	-2935.015	21.00	71.47523	518.26959	-219.368	37.976	-80.000	-327.826	-135.797	-210.000	-2000.000
368	76531	2	-2755.831	21.00	70.17185	519.64380	-228.960	19.217	-100.000	-170.561	-121.526	-154.000	-2000.000
369	76602	2	-2612.394	20.00	68.46255	517.89221	-80.760	2.546	-340.000	-82.211	-40.969	-71.000	-2000.000
370	76754	2	-2881.183	20.00	69.02613	519.60089	-158.431	-2.924	-240.000	-230.729	-97.099	-152.000	-2000.000
371	76807	2	-2451.813	20.00	73.17945	523.96631	-88.146	-3.040	-100.000	-141.174	-66.454	-53.000	-2000.000
372	76909	2	-2872.937	20.00	71.09055	522.92798	-131.603	0.475	-440.000	-157.741	-42.068	-102.000	-2000.000
373	76986	1	2242.209	21.00	70.86323	518.13171	-99.303	9.130	0.000	-43.899	-46.718	-77.000	2500.000
374	77214	4	-1001.690	21.00	73.05573	520.54639	-297.211	25.537	0.000	-354.401	-147.615	-228.000	0.000
375	77336	2	-2601.751	21.00	72.02469	519.57269	-109.023	23.978	-140.000	-167.103	-87.603	-122.000	-2000.000
376	77561	4	-831.377	20.00	70.05440	521.26819	-299.141	29.976	0.000	-184.853	-152.358	-225.000	0.000
377	77630	1	2247.726	20.00	72.65655	517.02246	-72.432	15.507	0.000	-61.025	-65.324	-69.000	2500.000
378	77779	2	-2736.751	20.00	72.72152	521.15643	-217.396	16.060	-120.000	-137.044	-129.371	-149.000	-2000.000
379	78007	4	-1245.983	20.00	70.74236	523.52881	-278.308	-8.449	0.000	-516.201	-215.025	-228.000	0.000
380	78180	1	1862.413	21.00	70.30309	521.63184	-217.986	17.884	0.000	-150.486	-113.999	-173.000	2500.000
381	78210	2	-2360.050	21.00	71.82068	524.16418	-21.922	2.064	-220.000	-45.247	-44.946	-30.000	-2000.000
382	78277	1	2319.172	22.00	74.02954	524.38019	-51.639	26.453	0.000	-54.161	-34.481	-67.000	2500.000
383	78407	1	1861.737	23.00	69.99051	519.53137	-131.058	44.795	-180.000	-146.223	-95.778	-130.000	2500.000
384	78491	1	2172.703	24.00	71.51241	519.63446	-124.805	-31.016	0.000	-49.629	-37.846	-84.000	2500.000
385	78718	4	-916.833	24.00	70.43874	522.99573	-323.628	21.897	-20.000	-199.554	-168.548	-227.000	0.000
386	78946	4	-1202.207	24.00	69.45179	521.54413	-347.676	-7.327	-180.000	-316.741	-122.463	-228.000	0.000
387	79166	4	-923.048	23.00	70.59621	524.16132	-378.310	-16.745	0.000	-174.707	-133.287	-220.000	0.000
388	79343	2	-2903.109	23.00	70.15004	525.40973	-294.083	-0.946	-180.000	-127.269	-123.811	-177.000	-2000.000
389	79537	4	-1130.239	23.00	68.30088	521.97638	-254.412	10.567	-360.000	-207.115	-125.280	-194.000	0.000
390	79686	2	-3748.419	23.00	70.04136	525.18756	-138.100	38.487	-880.000	-494.019	-125.787	-149.000	-2000.000
391	79914	2	-3250.565	23.00	69.82545	525.52106	-330.727	-15.759	-220.000	-310.791	-145.289	-228.000	-2000.000
392	80027	2	-2529.101	23.00	68.20289	524.62933	-69.148	15.702	-80.000	-239.432	-43.224	-113.000	-2000.000
393	80133	2	-2641.087	23.00	71.85859	526.83398	-145.890	-3.741	-100.000	-179.675	-105.781	-106.000	-2000.000
394	80321	4	-1041.915	23.00	68.20620	525.12177	-228.652	16.032	-160.000	-356.974	-124.322	-188.000	0.000
395	80505	1	1696.170	24.00	70.66100	523.16168	-226.088	14.413	0.000	-281.115	-127.039	-184.000	2500.000
396	80656	2	-3214.436	24.00	70.27760	526.94055	-123.379	22.826	-560.000	-297.828	-105.056	-151.000	-2000.000
397	80785	1	2049.500	25.00	72.23297	527.78424	-153.560	42.348	0.000	-110.373	-99.915	-129.000	2500.000
398	81019	4	-1148.913	24.00	70.28232	527.68390	-369.529	-1.157	0.000	-332.452	-211.775	-234.000	0.000
399	81087	2	-2426.835	24.00	66.79388	529.09851	-82.192	-1.350	-140.000	-85.967	-49.327	-68.000	-2000.000
400	81197	2	-2542.725	24.00	65.94847	529.62140	-90.879	26.852	-60.000	-230.513	-78.185	-110.000	-2000.000
401	81420	4	-1138.376	24.00	67.89333	527.69385	-334.839	3.536	-140.000	-308.672	-135.402	-223.000	0.000
402	81646	4	-1377.868	23.00	67.46371	527.97699	-290.145	16.571	-500.000	-262.327	-115.967	-226.000	0.000
403	81785	2	-2771.200	23.00	70.07189	527.78748	-159.843	20.292	-220.000	-146.373	-126.276	-139.000	-2000.000
404	82008	4	-1002.994	23.00	67.61132	529.57904	-383.973	-20.167	0.000	-241.407	-134.447	-223.000	0.000
405	82064	2	-2315.590	22.00	70.41967	533.40607	-43.831	5.909	-120.000	-57.573	-44.094	-56.000	-2000.000
406	82111	1	2382.163	22.00	70.97732	530.23090	-28.098	11.866	0.000	-19.319	-35.286	-47.000	2500.000
407	82150	2	-2558.603	22.00	72.28049	529.85626	-32.044	1.299	-380.000	-91.173	-17.685	-39.000	-2000.000
408	82181	2	-2483.950	22.00	73.31564	526.08191	-27.765	-0.715	-160.000	-225.423	-39.047	-31.000	-2000.000
409	82405	4	-1167.596	22.00	70.85426	531.84619	-309.989	6.988	-220.000	-309.354	-111.242	-224.000	0.000
410	82527	2	-2827.740	21.00	70.42202	531.03265	-162.207	6.969	-280.000	-169.746	-100.756	-122.000	-2000.000
411	82601	1	2261.450	22.00	70.37740	530.08942	-60.531	21.512	0.000	-86.997	-38.533	-74.000	2500.000
412	82636	1	2323.695	23.00	70.42909	536.88428	-36.509	6.104	-80.000	-15.524	-15.377	-35.000	2500.000
413	82838	4	-1222.726	23.00	70.47672	530.25238	-233.727	20.294	-320.000	-373.145	-114.149	-202.000	0.000
414	82904	2	-2702.695	23.00	69.79694	531.97339	-69.277	6.999	-460.000	-53.023	-61.394	-66.000	-2000.000
415	83113	4	-1295.039	22.00	71.25726	532.62408	-288.352	-2.529	-300.000	-362.786	-132.372	-209.000	0.000
416	83277	1	1665.996	23.00	68.80863	531.26520	-150.350	55.829	-140.000	-303.252	-132.231	-164.000	2500.000
417	83308	2	-2256.652	22.00	73.00172	536.85571	-6.842	1.612	-120.000	-70.975	-29.446	-31.000	-2000.000
418	83476	2	-2858.948	22.00	68.36928	532.34308	-271.119	10.025	-220.000	-96.442	-113.412	-168.000	-2000.000
419	83600	2	-2738.224	22.00	68.59248	534.95770	-147.200	6.230	-140.000	-239.462	-93.791	-124.000	-2000.000
420	83668	1	2305.951	23.00	68.16556	536.80322	-72.625	18.913	0.000	-39.277	-33.061	-68.000	2500.000
421	83873	4	-1077.314	22.00	69.98434	535.23694	-266.806	19.030	-300.000	-201.376	-123.162	-205.000	0.000
422	83949	2	-2490.306	22.00	69.67186	540.30511	-72.143	36.159	-240.000	-91.643	-46.679	-76.000	-2000.000
423	84159	4	-1472.975	22.00	71.47803	534.54883	-312.967	-11.366	-420.000	-359.423	-159.219	-210.000	0.000
424	84248	1	2178.192	22.00	64.65154	538.68213	-90.846	17.175	0.000	-84.256	-74.880	-89.000	2500.000
425	84443	4	-738.604	22.00	69.74080	535.36316	-290.844	28.241	0.000	-151.296	-129.703	-195.000	0.000
426	84513	2	-2279.684	22.00	69.29971	537.06476	-66.058	8.183	-80.000	-31.853	-39.956	-70.000	-2000.000
427	84731	4	-1265.463	22.00	70.85381	538.00085	-348.219	0.882	0.000	-471.139	-228.988	-218.000	0.000
428	84761	1	2424.021	23.00	70.89104	541.02960	-27.295	8.838	0.000	-8.119	-19.404	-30.000	2500.000
429	84863	2	-2474.042	22.00	69.92632	540.08423	-156.413	20.235	-60.000	-100.715	-75.149	-102.000	-2000.000
430	84942	2	-2574.341	22.00	74.79131	540.25494	-115.730	16.898	-160.000	-153.877	-82.632	-79.000	-2000.000
431	85147	4	-1053.672	22.00	71.82984	536.97522	-242.791	15.407	-20.000	-456.725	-144.563	-205.000	0.000
432	85360	4	-747.915	22.00	70.79833	539.01630	-269.054	63.779	0.000	-190.842	-138.798	-213.000	0.000
433	85545	2	-3320.179	21.00	72.25628	539.91071	-308.091	-11.245	-380.000	-303.177	-132.666	-185.000	-2000.000
434	85765	4	-861.170	20.00	71.33976	540.69733	-323.030	8.786	0.000	-191.586	-135.339	-220.000	0.000
435	85902	2	-2892.496	19.00	69.53497	540.88470	-186.279	18.874	-240.000	-180.528	-167.563	-137.000	-2000.000
436	86001	1	2196.493	20.00	71.32195	541.56671	-80.726	16.989	0.000	-106.809	-33.961	-99.000	2500.000
437	86234	4	-1115.267	20.00	73.15337	541.60004	-431.705	-150.333	-80.000	-108.218	-112.011	-233.000	0.000
438	86461	4	-1546.106	20.00	70.56390	540.85852	-343.572	21.248	-380.000	-481.748	-135.034	-227.000	0.000
439	86567	2	-2921.759	20.00	73.01820	542.81720	-96.099	9.857	-360.000	-269.282	-100.235	-106.000	-2000.000
440	86650	1	2079.422	21.00	69.39125	544.10944	-89.254	25.892	-120.000	-110.740	-43.475	-83.000	2500.000
441	86780	2	-2580.785	21.00	67.51137	539.66339	-179.767	6.951	-60.000	-131.000	-86.969	-130.000	-2000.000
442	87000	4	-920.992	21.00	71.78926	544.61896	-334.575	-9.244	0.000	-231.392	-125.781	-220.000	0.000
443	87235	4	-1157.233	21.00	71.60430	541.99933	-277.425	22.867	-60.000	-425.645	-182.029	-235.000	0.000
444	87388	2	-3670.603	21.00	71.77443	544.27081	-131.708	-8.975	-740.000	-516.647	-120.274	-153.000	-2000.000
445	87613	4	-918.387	21.00	70.65498	547.38812	-356.733	8.994	0.000	-223.514	-122.135	-225.000	0.000
446	87843	4	-1097.108	21.00	70.65106	546.65741	-340.302	-0.858	0.000	-371.655	-154.293	-230.000	0.000
447	88064	4	-1158.342	21.00	69.47253	544.83301	-310.084	48.670	-300.000	-225.554	-150.374	-221.000	0.000
448	88296	4	-1169.415	21.00	69.20852	543.15186	-334.535	31.626	-240.000	-207.113	-187.393	-232.000	0.000
449	88341	1	2387.615	22.00	69.63528	545.33398	-22.615	11.873	0.000	-27.073	-29.570	-45.000	2500.000
450	88520	2	-2927.510	22.00	68.68189	544.75568	-212.795	5.138	-160.000	-258.137	-122.716	-179.000	-2000.000
451	88743	4	-1172.543	22.00	70.71361	548.32098	-305.355	-2.924	-260.000	-294.274	-86.989	-223.000	0.000
452	88973	4	-874.795	21.00	71.36697	545.25800	-287.339	55.359	0.000	-239.269	-173.545	-230.000	0.000
453	89204	4	-1124.870	21.00	69.57375	546.09161	-325.605	11.880	-200.000	-231.338	-148.807	-231.000	0.000
454	89284	1	2126.820	22.00	72.75104	550.14746	-96.150	11.759	-60.000	-43.694	-105.095	-80.000	2500.000
455	89368	1	2204.419	23.00	72.49392	548.07990	-120.745	-8.158	0.000	-32.504	-50.175	-84.000	2500.000
456	89443	1	2225.791	24.00	71.35802	548.37939	-115.504	-23.956	0.000	-28.018	-31.732	-75.000	2500.000
457	89670	4	-1937.462	23.00	70.21508	545.66309	-279.521	37.964	-920.000	-402.305	-146.600	-227.000	0.000
458	89896	4	-1160.399	23.00	70.94314	547.79730	-292.779	49.290	-180.000	-288.026	-222.884	-226.000	0.000
459	90123	4	-1149.760	23.00	71.06693	550.14423	-324.065	-5.397	-100.000	-377.272	-116.027	-227.000	0.000
460	90235	2	-2575.240	23.00	69.73933	550.11755	-177.924	-18.743	-80.000	-90.616	-95.957	-112.000	-2000.000
461	90366	1	2049.727	24.00	70.75256	548.71643	-142.806	17.178	-60.000	-72.080	-61.565	-131.000	2500.000
462	90602	4	-1271.047	24.00	70.52479	548.59027	-437.572	-58.903	-180.000	-272.066	-86.507	-236.000	0.000
463	90843	4	-1254.823	23.00	70.87553	550.32947	-394.206	-24.555	-120.000	-301.307	-173.755	-241.000	0.000
464	90951	2	-2646.692	22.00	71.25086	551.58929	-145.346	-15.348	-40.000	-260.042	-77.955	-108.000	-2000.000
465	91049	1	2199.441	23.00	69.80531	551.94830	-113.651	17.652	0.000	-45.979	-60.582	-98.000	2500.000
466	91275	2	-3191.440	23.00	70.66499	550.79425	-399.136	-53.563	-80.000	-299.170	-133.571	-226.000	-2000.000
467	91515	4	-1379.701	23.00	70.52209	551.41925	-302.502	44.684	-80.000	-527.699	-274.184	-240.000	0.000
468	91740	4	-1141.091	23.00	71.17300	551.60962	-328.653	-2.589	-80.000	-326.722	-178.127	-225.000	0.000
469	91972	4	-1823.465	23.00	70.30642	554.27557	-287.106	31.440	-780.000	-350.136	-205.663	-232.000	0.000
470	92205	4	-989.736	23.00	71.67860	555.41638	-337.783	-0.792	-40.000	-216.364	-161.797	-233.000	0.000
471	92311	2	-2671.060	23.00	70.01021	555.39111	-158.790	-11.254	-180.000	-138.617	-76.399	-106.000	-2000.000
472	92529	4	-1151.172	23.00	71.01406	553.29028	-292.449	-2.633	-160.000	-333.787	-144.303	-218.000	0.000
473	92758	4	-898.505	22.00	73.11343	556.30347	-321.131	34.361	0.000	-225.763	-156.971	-229.000	0.000
474	92979	4	-1409.639	22.00	69.97012	554.85834	-315.615	-0.533	-360.000	-358.928	-153.563	-221.000	0.000
475	93205	4	-947.012	22.00	68.40890	556.78766	-305.907	4.469	0.000	-284.704	-134.869	-226.000	0.000
476	93427	4	-1146.232	22.00	71.36318	558.24963	-298.195	-11.188	-40.000	-403.245	-171.604	-222.000	0.000
477	93501	2	-3052.990	21.00	70.80177	550.66089	-170.117	-9.536	-560.000	-132.439	-106.899	-74.000	-2000.000
478	93725	4	-1086.216	21.00	69.88863	555.96094	-296.992	26.111	-140.000	-282.315	-169.020	-224.000	0.000
479	93950	4	-1280.891	21.00	69.29750	557.31158	-269.888	39.520	-260.000	-421.300	-144.224	-225.000	0.000
480	94068	2	-2504.816	20.00	71.26089	561.58392	-94.839	13.704	-60.000	-165.345	-80.336	-118.000	-2000.000
481	94231	2	-2815.119	20.00	69.79953	556.82745	-241.002	17.298	-160.000	-172.452	-95.963	-163.000	-2000.000
482	94449	4	-649.324	19.00	70.12225	559.50555	-258.603	36.945	0.000	-151.470	-58.196	-218.000	0.000
483	94676	4	-1136.686	18.00	70.72495	558.13379	-308.973	35.929	-380.000	-123.364	-133.278	-227.000	0.000
484	94870	1	1439.556	18.00	70.18004	559.12885	-230.640	83.671	-180.000	-394.420	-145.055	-194.000	2500.000
485	95083	4	-718.898	18.00	68.54171	559.47278	-282.229	41.487	0.000	-155.546	-109.609	-213.000	0.000
486	95177	2	-2481.779	18.00	69.63186	558.05292	-129.267	-4.077	-40.000	-145.143	-69.292	-94.000	-2000.000
487	95395	2	-3164.498	18.00	70.25880	559.25128	-290.682	3.434	-80.000	-384.041	-195.209	-218.000	-2000.000
488	95466	1	2274.436	19.00	72.02132	557.98901	-51.901	18.721	0.000	-93.703	-27.681	-71.000	2500.000
489	95523	2	-2388.692	19.00	71.10357	560.44312	-74.779	2.507	-100.000	-106.183	-53.237	-57.000	-2000.000
490	95583	1	2337.812	20.00	74.04261	557.73505	-56.360	14.157	0.000	-30.325	-29.660	-60.000	2500.000
491	95613	2	-2241.754	20.00	67.26843	553.16144	-37.341	0.136	-120.000	-30.638	-23.912	-30.000	-2000.000
492	95803	2	-2805.262	20.00	71.81722	556.55536	-266.775	-4.107	-60.000	-150.742	-133.638	-190.000	-2000.000
493	96022	4	-1373.135	20.00	71.58614	559.91901	-273.824	45.261	-260.000	-480.221	-185.353	-219.000	0.000
494	96233	4	-1097.688	20.00	70.31458	559.45837	-344.597	-22.785	-140.000	-277.274	-102.031	-211.000	0.000
495	96449	4	-1037.126	19.00	70.37006	557.41907	-324.912	-11.533	-120.000	-245.690	-118.991	-216.000	0.000
496	96576	2	-2723.722	19.00	68.59075	558.08545	-197.601	-7.523	-140.000	-176.684	-74.913	-127.000	-2000.000
497	96681	2	-2503.469	18.00	71.08684	561.03143	-99.073	7.626	-60.000	-167.660	-79.363	-105.000	-2000.000
498	96908	4	-1302.050	18.00	69.80672	559.61481	-267.908	41.782	-400.000	-309.392	-139.532	-227.000	0.000
499	97089	2	-2668.365	18.00	70.62219	561.65967	-244.504	25.692	-40.000	-118.402	-110.152	-181.000	-2000.000
500	97315	4	-1022.335	18.00	67.37085	560.61871	-297.818	71.726	-240.000	-182.357	-147.885	-226.000	0.000
501	97365	1	2384.370	19.00	69.00256	561.05896	-30.882	17.793	0.000	-32.983	-19.558	-50.000	2500.000
502	97588	4	-1582.557	19.00	68.01981	560.98578	-309.935	59.969	-600.000	-337.455	-172.137	-223.000	0.000
503	97802	4	-792.940	19.00	70.89240	561.86029	-289.129	-2.107	0.000	-160.775	-126.928	-214.000	0.000
504	98025	1	1267.530	20.00	71.27722	561.05005	-241.212	55.236	-120.000	-452.489	-251.005	-223.000	2500.000
505	98076	2	-2281.504	20.00	73.89782	562.43280	-50.733	1.138	-120.000	-48.114	-12.795	-51.000	-2000.000
506	98286	4	-853.356	19.00	68.46647	563.61542	-320.146	36.252	0.000	-245.684	-113.778	-210.000	0.000
507	98396	1	1884.537	20.00	70.07100	566.52356	-131.084	22.358	-180.000	-117.068	-99.668	-110.000	2500.000
508	98435	1	2428.178	21.00	68.67384	570.80927	-23.739	12.666	0.000	-11.976	-9.772	-39.000	2500.000
509	98497	2	-2538.850	21.00	71.35637	560.88995	-53.828	5.708	-300.000	-86.031	-42.698	-62.000	-2000.000
510	98625	2	-2587.089	21.00	71.41586	567.23199	-187.541	3.959	-60.000	-158.873	-56.634	-128.000	-2000.000
511	98822	1	1306.668	21.00	69.00653	563.75458	-222.447	73.351	-200.000	-395.429	-251.807	-197.000	2500.000
512	99046	4	-911.290	20.00	69.31902	562.75885	-301.861	-3.889	0.000	-300.628	-80.913	-224.000	0.000
513	99248	4	-796.851	20.00	69.29394	564.94293	-279.987	-17.225	0.000	-156.815	-140.824	-202.000	0.000
514	99463	4	-844.916	20.00	71.17722	564.87952	-235.826	60.728	0.000	-323.632	-131.186	-215.000	0.000
515	99688	4	-1365.786	20.00	70.09037	567.17877	-234.927	3.589	-140.000	-589.422	-180.026	-225.000	0.000
516	99849	2	-3148.449	19.00	71.28372	567.03680	-236.128	31.813	-460.000	-208.613	-114.522	-161.000	-2000.000
517	100070	4	-918.758	19.00	68.93946	565.15082	-350.128	-18.756	0.000	-203.554	-125.319	-221.000	0.000
518	100269	4	-986.844	19.00	70.00312	565.95959	-272.400	-13.768	-80.000	-332.888	-88.788	-199.000	0.000
519	100385	2	-2615.859	19.00	68.68649	566.10248	-158.513	30.831	-120.000	-166.984	-85.193	-116.000	-2000.000
520	100441	1	2353.306	19.00	68.11158	567.61237	-42.487	14.113	0.000	-46.967	-15.353	-56.000	2500.000
521	100658	4	-798.475	19.00	70.72087	565.02692	-307.497	25.527	0.000	-176.005	-123.499	-217.000	0.000
522	100872	4	-1578.455	19.00	69.91751	567.69788	-270.256	10.412	-580.000	-383.649	-140.963	-214.000	0.000
523	101095	4	-1499.917	19.00	70.44830	570.09674	-300.014	36.800	-580.000	-273.374	-160.329	-223.000	0.000
524	101316	4	-661.289	18.00	70.19797	570.10767	-279.243	56.962	0.000	-110.240	-107.768	-221.000	0.000
525	101424	2	-2570.734	18.00	69.65337	570.52686	-158.646	11.205	-80.000	-158.820	-76.473	-108.000	-2000.000
526	101648	4	-1111.776	18.00	69.77930	568.45587	-372.368	-16.946	-180.000	-180.318	-138.144	-224.000	0.000
527	101729	1	2243.903	19.00	67.89497	568.79126	-80.635	20.921	0.000	-49.754	-65.630	-81.000	2500.000
528	101817	2	-2464.132	18.00	73.77148	572.04688	-117.814	9.372	-160.000	-45.476	-62.215	-88.000	-2000.000
529	101873	1	2189.919	19.00	72.00001	571.01825	-52.043	10.389	-80.000	-105.250	-27.177	-56.000	2500.000
530	102097	4	-852.294	19.00	70.31052	570.60455	-327.951	4.403	0.000	-170.013	-134.732	-224.000	0.000
531	102265	2	-2786.073	19.00	70.34066	571.37500	-273.103	-19.907	-60.000	-133.400	-131.663	-168.000	-2000.000
532	102487	4	-820.866	19.00	70.46989	571.02386	-379.840	-22.784	0.000	-100.701	-95.541	-222.000	0.000
533	102724	4	-1082.901	19.00	69.50597	569.72858	-360.069	50.751	-60.000	-299.828	-176.754	-237.000	0.000
534	102962	4	-1149.297	19.00	69.62652	570.78149	-350.553	47.246	-120.000	-359.898	-128.093	-238.000	0.000
535	103170	2	-2956.765	19.00	69.62119	571.87311	-357.872	-13.476	-100.000	-152.003	-125.414	-208.000	-2000.000
536	103307	2	-2667.410	18.00	73.10186	571.98505	-246.315	-19.930	-60.000	-107.228	-96.936	-137.000	-2000.000
537	103535	4	-893.900	18.00	69.60790	570.27954	-276.538	-3.120	0.000	-259.110	-127.133	-228.000	0.000
538	103654	1	2140.202	19.00	67.27568	571.94092	-107.917	19.629	-60.000	-52.577	-39.934	-119.000	2500.000
539	103763	2	-2620.653	19.00	68.23817	572.02246	-103.255	19.141	-60.000	-277.925	-89.615	-109.000	-2000.000
540	103982	4	-1343.787	18.00	69.17172	570.99609	-151.278	65.173	-240.000	-628.814	-169.867	-219.000	0.000
541	104203	4	-965.632	18.00	70.47346	573.47742	-315.034	26.776	-20.000	-305.318	-131.056	-221.000	0.000
542	104425	4	-909.381	18.00	70.58808	572.34619	-286.183	50.127	-20.000	-228.886	-202.439	-222.000	0.000
543	104760	2	-3643.960	18.00	69.84258	572.75397	-480.844	73.546	-300.000	-423.269	-178.394	-335.000	-2000.000
544	104985	4	-777.218	18.00	69.32927	572.85437	-354.951	-2.557	0.000	-103.334	-91.376	-225.000	0.000
545	105210	4	-1003.073	18.00	71.28764	573.70233	-337.285	3.798	0.000	-307.683	-136.902	-225.000	0.000
546	105297	1	1656.035	19.00	69.77181	570.29596	-83.221	23.043	-340.000	-276.511	-80.277	-87.000	2500.000
547	105535	4	-1435.927	19.00	70.77747	572.41309	-398.696	-38.164	-260.000	-371.727	-129.339	-238.000	0.000
548	105759	4	-1596.559	19.00	69.07955	571.29236	-175.077	14.556	-280.000	-819.691	-112.348	-224.000	0.000
549	105832	2	-2474.857	18.00	73.42762	577.85901	-96.831	1.085	-140.000	-103.246	-62.865	-73.000	-2000.000
550	106048	4	-928.364	18.00	69.34879	573.96747	-347.228	-11.677	0.000	-221.513	-131.945	-216.000	0.000
551	106218	2	-2833.615	18.00	70.63891	573.52185	-296.496	-7.275	-40.000	-195.960	-123.884	-170.000	-2000.000
552	106445	4	-1159.790	18.00	68.63942	572.84363	-305.334	-2.079	-260.000	-252.524	-112.852	-227.000	0.000
553	106570	1	2133.293	19.00	68.94915	573.12213	-168.535	38.362	0.000	-57.486	-54.047	-125.000	2500.000
554	106793	4	-930.156	18.00	68.97429	573.40851	-280.078	22.034	-180.000	-202.288	-66.824	-223.000	0.000
555	107020	4	-867.849	17.00	69.74971	574.07928	-311.652	-13.142	0.000	-200.521	-115.535	-227.000	0.000
556	107195	2	-2942.323	16.00	71.22382	573.45105	-278.044	-18.901	-200.000	-174.970	-95.408	-175.000	-2000.000
557	107287	1	2225.943	17.00	69.31840	572.20990	-89.376	21.556	0.000	-57.653	-56.584	-92.000	2500.000
558	107496	4	-772.965	17.00	70.15740	574.20581	-329.553	28.294	0.000	-167.096	-95.611	-209.000	0.000
559	107542	1	2375.055	18.00	70.00124	572.03314	-26.192	10.685	0.000	-49.316	-14.123	-46.000	2500.000
560	107579	1	2419.310	19.00	68.11703	572.27606	-21.108	10.131	0.000	-17.861	-14.852	-37.000	2500.000
561	107621	2	-2512.357	18.00	66.51324	577.42395	-50.897	2.931	-340.000	-56.070	-26.321	-42.000	-2000.000
562	107715	2	-2549.798	18.00	68.44308	575.25281	-144.833	-5.880	-160.000	-74.752	-70.333	-94.000	-2000.000
563	107920	4	-1094.423	18.00	68.73507	573.87463	-259.477	41.508	-360.000	-217.287	-94.167	-205.000	0.000
564	108093	2	-2899.363	18.00	70.49402	574.50763	-247.207	-2.145	-100.000	-266.899	-110.112	-173.000	-2000.000
565	108184	1	2214.549	18.00	67.44445	575.69934	-106.934	12.529	0.000	-52.654	-47.392	-91.000	2500.000
566	108402	4	-961.459	18.00	67.47218	574.31866	-173.935	46.450	0.000	-487.125	-128.849	-218.000	0.000
567	108580	2	-2773.608	18.00	69.61484	573.03217	-258.866	25.897	-180.000	-91.337	-91.302	-178.000	-2000.000
568	108645	2	-2328.754	18.00	66.21976	574.40576	-43.670	21.001	-100.000	-100.316	-40.769	-65.000	-2000.000
569	108857	4	-976.682	18.00	66.94264	572.21320	-328.154	-28.245	-120.000	-184.546	-103.737	-212.000	0.000
570	109028	2	-2824.386	18.00	66.06021	571.24829	-283.984	-12.980	-140.000	-133.676	-82.745	-171.000	-2000.000
571	109094	2	-2299.826	18.00	69.56174	573.00665	-68.278	8.349	-80.000	-76.227	-17.671	-66.000	-2000.000
572	109315	4	-1238.335	18.00	67.08842	572.95264	-310.218	32.670	-400.000	-222.425	-117.361	-221.000	0.000
573	109526	4	-706.543	18.00	69.25663	572.78345	-295.905	-10.654	0.000	-125.700	-63.284	-211.000	0.000
574	109733	4	-778.546	18.00	67.85611	573.73669	-324.743	0.744	0.000	-161.686	-85.862	-207.000	0.000
575	109941	1	1741.283	19.00	67.60458	575.23566	-236.514	31.015	0.000	-256.360	-88.859	-208.000	2500.000
576	109993	2	-2685.150	19.00	65.05244	575.22766	-37.277	9.827	-320.000	-195.906	-89.794	-52.000	-2000.000
577	110142	1	2004.202	20.00	66.92089	574.82416	-179.158	58.803	0.000	-144.611	-81.833	-149.000	2500.000
578	110358	4	-737.356	20.00	66.65755	574.59979	-312.178	36.761	0.000	-164.739	-81.201	-216.000	0.000
579	110525	1	1212.372	21.00	66.79026	577.61725	-237.592	58.214	-300.000	-462.723	-178.527	-167.000	2500.000
580	110728	2	-2819.348	21.00	67.84951	576.07617	-196.000	40.705	-180.000	-213.789	-67.264	-203.000	-2000.000
581	110896	2	-2815.753	21.00	70.16341	576.04730	-246.794	-4.908	-100.000	-211.520	-84.531	-168.000	-2000.000
582	110984	1	2158.916	22.00	70.73576	578.93256	-63.599	17.936	0.000	-164.669	-42.752	-88.000	2500.000
583	111210	4	-709.962	22.00	68.20651	575.71649	-287.575	23.809	0.000	-164.554	-55.641	-226.000	0.000
584	111421	4	-875.601	21.00	66.47791	576.74548	-255.090	-4.865	0.000	-286.195	-118.451	-211.000	0.000
585	111621	4	-710.701	21.00	68.34685	576.29352	-280.847	37.828	0.000	-173.720	-93.962	-200.000	0.000
586	111691	1	2264.145	22.00	69.39246	570.14227	-58.193	19.747	-60.000	-37.658	-29.751	-70.000	2500.000
587	111918	2	-2792.917	22.00	69.16836	576.62244	-248.354	38.848	-140.000	-140.006	-76.406	-227.000	-2000.000
588	112126	4	-883.832	21.00	65.59438	576.63873	-318.114	-14.063	-60.000	-193.148	-90.506	-208.000	0.000
589	112317	2	-3210.501	21.00	67.48827	574.23010	-268.952	51.954	-380.000	-277.758	-144.745	-191.000	-2000.000
590	112463	2	-2746.056	20.00	68.05808	576.38672	-206.635	7.049	-280.000	-58.558	-61.913	-146.000	-2000.000
591	112678	4	-1301.490	20.00	68.29142	574.65497	-293.958	1.784	-320.000	-288.849	-185.466	-215.000	0.000
592	112896	4	-1246.027	20.00	67.04637	576.53772	-293.193	-31.925	-260.000	-323.066	-119.843	-218.000	0.000
593	112962	2	-2382.384	20.00	68.13935	576.86548	-109.336	-0.705	-80.000	-82.916	-43.426	-66.000	-2000.000
594	113083	1	2020.873	21.00	66.19989	575.38452	-116.359	17.519	0.000	-193.788	-65.499	-121.000	2500.000
595	113113	1	2439.382	22.00	62.31337	577.61407	-12.927	8.451	0.000	-16.377	-9.765	-30.000	2500.000
596	113237	2	-2722.214	22.00	61.62500	578.21356	-205.532	-38.435	-100.000	-175.185	-79.062	-124.000	-2000.000
597	113306	1	2315.081	23.00	70.23785	579.83459	-62.180	25.098	0.000	-41.698	-37.140	-69.000	2500.000
598	113527	4	-1264.189	23.00	66.86879	578.25439	-269.773	33.567	-480.000	-233.143	-93.841	-221.000	0.000
599	113729	2	-2811.501	23.00	65.53426	576.03491	-262.084	29.598	-40.000	-222.167	-114.847	-202.000	-2000.000
600	113775	2	-2251.161	23.00	64.34611	575.31982	-84.524	-8.392	-60.000	-35.451	-16.793	-46.000	-2000.000
601	113974	4	-782.281	22.00	65.93182	577.41077	-246.363	34.754	-100.000	-164.037	-107.635	-199.000	0.000
602	114182	4	-910.456	22.00	65.77477	577.11029	-306.567	-18.619	-60.000	-211.897	-105.373	-208.000	0.000
603	114397	4	-815.328	22.00	67.59632	576.10883	-331.482	-5.500	0.000	-168.251	-95.095	-215.000	0.000
604	114491	2	-2958.542	21.00	62.53871	576.23804	-150.077	-4.114	-240.000	-370.314	-100.037	-94.000	-2000.000
605	114547	1	2307.939	22.00	64.90437	573.93372	-66.812	7.455	0.000	-37.408	-39.296	-56.000	2500.000
606	114762	4	-739.009	22.00	65.16694	575.70074	-298.760	13.488	0.000	-157.681	-81.056	-215.000	0.000
607	114958	2	-2967.383	21.00	67.27735	574.01465	-286.230	-0.530	-180.000	-202.327	-102.295	-196.000	-2000.000
608	115170	4	-879.629	20.00	67.97578	575.22144	-295.752	38.290	-20.000	-263.783	-126.385	-212.000	0.000
609	115227	2	-2383.163	20.00	63.36164	576.02795	-84.965	-1.436	-140.000	-69.577	-30.185	-57.000	-2000.000
610	115397	2	-2788.984	20.00	65.18674	576.53772	-279.389	-17.628	-60.000	-142.224	-119.743	-170.000	-2000.000
611	115611	4	-1134.724	19.00	65.30013	576.04639	-317.061	12.592	-240.000	-282.770	-93.484	-214.000	0.000
612	115682	1	2155.317	20.00	67.41338	576.71600	-93.880	15.002	-60.000	-72.520	-62.285	-71.000	2500.000
613	115902	4	-1039.151	20.00	65.29363	577.01074	-334.925	20.078	-220.000	-164.831	-119.474	-220.000	0.000
614	116118	4	-776.242	20.00	65.89902	576.99060	-318.138	-17.254	0.000	-96.648	-128.202	-216.000	0.000
615	116332	4	-728.543	20.00	65.11169	575.21136	-324.379	21.174	0.000	-123.548	-87.790	-214.000	0.000
616	116505	2	-2722.774	20.00	65.90260	578.87280	-210.920	71.842	-120.000	-213.910	-76.786	-173.000	-2000.000
617	116584	2	-2574.235	20.00	67.69723	577.41766	-88.810	8.421	-300.000	-54.686	-60.159	-79.000	-2000.000
618	116787	4	-797.903	20.00	65.05236	574.00043	-341.299	-19.661	0.000	-112.367	-121.576	-203.000	0.000
619	116990	4	-748.285	20.00	64.83780	578.82037	-246.696	59.410	-120.000	-155.109	-82.890	-203.000	0.000
620	117042	1	2304.926	20.00	64.05758	579.44391	-29.406	13.471	0.000	-97.694	-29.444	-52.000	2500.000
621	117263	2	-2828.221	20.00	65.96805	575.51996	-327.678	24.828	-40.000	-161.769	-102.602	-221.000	-2000.000
622	117475	4	-949.285	20.00	64.68999	578.20953	-344.521	-7.683	-60.000	-172.113	-152.968	-212.000	0.000
623	117687	4	-816.596	20.00	65.50121	576.34619	-331.490	8.155	-40.000	-144.338	-96.922	-212.000	0.000
624	117903	4	-969.758	20.00	64.04048	575.15967	-310.591	44.654	-40.000	-306.190	-141.631	-216.000	0.000
625	117953	2	-2428.391	20.00	63.56524	575.91516	-76.695	0.608	-180.000	-75.578	-46.726	-50.000	-2000.000
626	118148	4	-1013.371	20.00	64.14465	575.89313	-309.696	5.343	-140.000	-234.992	-139.025	-195.000	0.000
627	118354	4	-1248.863	19.00	66.04911	578.11310	-294.569	-12.844	-140.000	-442.056	-153.393	-206.000	0.000
628	118558	4	-696.912	19.00	63.32267	578.22327	-293.037	-5.986	0.000	-108.129	-85.760	-204.000	0.000
629	118651	2	-2619.638	18.00	68.31876	577.41656	-167.875	-3.335	-140.000	-164.194	-51.234	-93.000	-2000.000
630	118867	4	-867.266	18.00	63.37556	574.38763	-343.060	-12.598	0.000	-151.814	-143.794	-216.000	0.000
631	119084	4	-1188.124	18.00	65.12943	577.12433	-324.935	20.426	-340.000	-193.154	-133.462	-217.000	0.000
632	119299	4	-1255.687	18.00	63.01675	575.76929	-331.028	11.387	-340.000	-245.051	-135.996	-215.000	0.000
633	119418	1	2115.989	19.00	66.35619	576.51501	-133.408	25.752	0.000	-99.174	-58.180	-119.000	2500.000
634	119634	4	-937.155	19.00	63.88441	579.22290	-255.707	21.442	-120.000	-271.142	-95.747	-216.000	0.000
635	119846	4	-886.786	19.00	65.98773	576.42688	-302.327	-12.859	0.000	-257.779	-101.821	-212.000	0.000
636	120064	4	-721.007	19.00	62.92815	576.90210	-257.813	74.448	-20.000	-201.712	-97.930	-218.000	0.000
637	120279	4	-1124.064	19.00	61.54880	576.27625	-326.463	2.534	-300.000	-192.170	-92.966	-215.000	0.000
638	120446	2	-2767.976	18.00	64.94433	576.79535	-223.095	4.245	-40.000	-249.186	-92.940	-167.000	-2000.000
639	120530	2	-2691.887	18.00	65.46707	577.16595	-137.722	-8.279	-120.000	-283.037	-58.849	-84.000	-2000.000
640	120741	4	-822.185	18.00	61.43228	576.96326	-346.721	-20.161	0.000	-113.007	-131.296	-211.000	0.000
641	120970	4	-834.619	18.00	65.26727	575.75623	-387.956	-24.679	0.000	-74.120	-118.865	-229.000	0.000
642	121027	2	-2466.944	18.00	66.41849	577.69287	-87.661	1.239	-140.000	-131.628	-51.893	-57.000	-2000.000
643	121239	4	-868.343	18.00	63.05139	576.74225	-304.696	0.086	0.000	-227.075	-124.658	-212.000	0.000
644	121304	1	2280.629	19.00	62.23865	577.39716	-52.633	15.636	0.000	-90.389	-26.985	-65.000	2500.000
645	121517	4	-768.771	19.00	63.97045	578.42340	-304.731	19.067	-40.000	-150.887	-79.219	-213.000	0.000
646	121730	4	-1035.239	18.00	62.86993	577.52338	-311.523	8.774	-320.000	-94.956	-104.534	-213.000	0.000
647	121933	2	-2897.810	18.00	64.71458	576.20325	-331.459	-0.612	-80.000	-147.590	-135.149	-203.000	-2000.000
648	122146	4	-862.142	18.00	62.97752	576.80444	-275.600	12.628	-140.000	-127.665	-118.506	-213.000	0.000
649	122359	4	-932.385	18.00	61.66674	576.13928	-319.142	25.835	-100.000	-219.035	-107.043	-213.000	0.000
650	122580	4	-1412.176	18.00	61.52341	575.82697	-323.270	33.328	-560.000	-189.887	-151.347	-221.000	0.000
651	122790	4	-915.737	18.00	63.84945	576.84216	-321.137	-0.599	0.000	-226.795	-157.206	-210.000	0.000
652	122840	2	-2230.425	18.00	63.39955	577.30231	-60.912	14.098	-40.000	-47.051	-46.559	-50.000	-2000.000
653	123050	4	-874.185	17.00	61.27706	577.21057	-320.694	-30.145	-100.000	-118.831	-94.515	-210.000	0.000
654	123263	4	-845.004	17.00	62.88794	576.34784	-337.843	-18.410	0.000	-134.001	-141.751	-213.000	0.000
655	123327	2	-2463.010	17.00	60.97115	575.93048	-111.618	-10.572	-80.000	-146.174	-50.646	-64.000	-2000.000
656	123537	4	-848.708	17.00	60.76365	576.15704	-317.453	-13.148	0.000	-161.497	-146.610	-210.000	0.000
657	123594	2	-2264.736	16.00	60.29148	576.25732	-46.277	8.204	-100.000	-47.117	-22.547	-57.000	-2000.000
658	123808	4	-1338.181	16.00	62.43369	576.36560	-278.727	1.331	-460.000	-296.436	-90.350	-214.000	0.000
659	124016	4	-1414.599	15.00	62.65794	576.90515	-325.580	-41.039	-380.000	-348.596	-111.384	-208.000	0.000
660	124230	4	-872.281	14.00	61.87312	575.74579	-368.436	-16.570	0.000	-141.283	-131.992	-214.000	0.000
661	124335	2	-2593.933	14.00	62.21526	573.50891	-146.009	23.414	-220.000	-68.944	-77.393	-105.000	-2000.000
662	124543	4	-847.576	14.00	62.66843	576.70001	-231.657	28.948	0.000	-303.276	-133.591	-208.000	0.000
663	124761	4	-815.098	14.00	62.51560	579.06122	-309.299	1.314	0.000	-139.755	-149.359	-218.000	0.000
664	124970	4	-1106.751	14.00	60.66084	575.04651	-262.392	13.211	-360.000	-182.840	-105.730	-209.000	0.000
665	125186	4	-671.504	13.00	61.74914	576.26141	-257.856	67.572	0.000	-145.748	-119.473	-216.000	0.000
666	125398	4	-847.529	13.00	61.50895	576.84033	-316.287	-17.488	-40.000	-122.994	-138.759	-212.000	0.000
667	125613	4	-788.543	13.00	62.32150	575.21008	-322.601	7.902	-60.000	-91.956	-106.889	-215.000	0.000
668	125715	1	2076.058	14.00	60.33817	575.45605	-130.358	11.394	-60.000	-63.802	-79.177	-102.000	2500.000
669	125938	4	-727.865	14.00	62.91866	576.35608	-329.963	4.446	0.000	-90.711	-88.637	-223.000	0.000
670	126156	4	-839.916	14.00	60.84516	575.78589	-302.332	38.503	0.000	-217.122	-140.964	-218.000	0.000
671	126366	4	-1082.148	14.00	62.06302	578.70105	-351.431	-28.391	0.000	-314.704	-177.622	-210.000	0.000
672	126432	2	-2346.352	14.00	61.16744	580.20245	-114.556	-5.276	-60.000	-44.682	-55.838	-66.000	-2000.000
673	126635	4	-888.800	14.00	61.84022	575.21497	-287.864	-3.977	-120.000	-166.886	-107.073	-203.000	0.000
674	126853	4	-1167.948	14.00	60.41471	576.06207	-356.022	-11.541	-20.000	-306.767	-255.619	-218.000	0.000
675	127007	2	-2863.879	13.00	58.82276	574.29114	-199.749	-3.700	-180.000	-196.172	-130.258	-154.000	-2000.000
676	127130	2	-2731.165	13.00	61.73442	578.78888	-146.830	33.548	-280.000	-137.581	-77.302	-123.000	-2000.000
677	127329	4	-723.539	12.00	62.36689	574.65814	-288.641	-0.465	0.000	-103.407	-132.026	-199.000	0.000
678	127451	1	1856.509	13.00	61.12013	576.64093	-136.097	29.486	-220.000	-110.204	-84.677	-122.000	2500.000
679	127490	1	2367.282	13.00	63.59257	575.53461	-37.003	7.468	0.000	-28.976	-35.206	-39.000	2500.000
680	127607	2	-2576.020	13.00	63.00486	577.05249	-157.846	2.724	-160.000	-79.440	-64.457	-117.000	-2000.000
681	127827	4	-1498.296	13.00	60.91018	575.38354	-303.520	79.195	-200.000	-696.235	-157.736	-220.000	0.000
682	128051	4	-1040.104	12.00	62.47530	576.17627	-274.709	36.144	-200.000	-211.529	-166.010	-224.000	0.000
683	128129	2	-2480.459	12.00	62.08241	575.14856	-145.082	-5.614	-60.000	-117.376	-74.387	-78.000	-2000.000
684	128337	4	-777.715	12.00	61.06532	577.90570	-324.630	-15.142	-20.000	-95.389	-114.554	-208.000	0.000
685	128502	1	1717.116	13.00	61.79395	575.66376	-195.135	5.498	-80.000	-200.749	-147.496	-165.000	2500.000
686	128705	4	-1607.878	12.00	62.06731	574.91119	-298.085	97.103	-140.000	-868.719	-195.176	-203.000	0.000
687	128880	2	-3048.653	12.00	62.29155	575.34625	-235.270	-11.718	-100.000	-429.011	-97.655	-175.000	-2000.000
688	128968	2	-2547.813	12.00	64.48532	577.54498	-107.248	9.908	-180.000	-102.004	-80.469	-88.000	-2000.000
689	129198	4	-1471.206	12.00	61.22927	577.10474	-324.510	42.927	-380.000	-413.035	-166.588	-230.000	0.000
690	129363	2	-3085.669	12.00	60.85354	575.44110	-267.653	-9.919	-320.000	-205.555	-117.542	-165.000	-2000.000
691	129573	4	-893.706	12.00	62.11452	576.91046	-318.252	1.747	-140.000	-99.772	-127.430	-210.000	0.000
692	129785	4	-673.116	12.00	61.94785	576.95227	-290.676	36.053	0.000	-97.929	-108.564	-212.000	0.000
693	129995	4	-1246.519	12.00	62.87413	576.03955	-256.773	41.676	-180.000	-552.856	-88.566	-210.000	0.000
694	130197	4	-1397.818	11.00	60.01085	577.12439	-290.245	69.128	-320.000	-449.444	-205.257	-202.000	0.000
695	130430	4	-1062.826	10.00	60.05872	575.50604	-323.701	-6.145	0.000	-334.787	-165.194	-233.000	0.000
696	130488	2	-2257.679	10.00	61.83824	577.81799	-83.042	-1.212	-60.000	-27.004	-28.420	-58.000	-2000.000
697	130662	2	-2712.383	9.00	62.02175	577.45551	-264.861	15.516	-60.000	-132.710	-96.329	-174.000	-2000.000
698	130864	4	-749.778	9.00	60.73092	577.30560	-292.118	-10.294	0.000	-108.102	-137.264	-202.000	0.000
699	131056	4	-676.868	9.00	60.58641	575.77020	-244.220	-5.693	0.000	-146.700	-88.255	-192.000	0.000
700	131116	2	-2298.923	9.00	59.69630	578.21069	-92.878	0.661	-60.000	-38.198	-48.509	-60.000	-2000.000
701	131334	4	-849.377	9.00	59.96767	577.05463	-336.999	-10.942	-60.000	-95.569	-127.866	-218.000	0.000
702	131389	1	2353.611	10.00	58.86786	575.42999	-34.000	13.792	0.000	-31.359	-39.821	-55.000	2500.000
703	131479	2	-2820.267	10.00	61.23922	579.11139	-130.887	6.993	-480.000	-75.559	-50.814	-90.000	-2000.000
704	131546	2	-2401.424	10.00	61.74503	576.36047	-71.871	21.609	-220.000	-29.032	-35.131	-67.000	-2000.000
705	131620	2	-2381.717	9.00	63.12392	576.58691	-116.939	-6.141	-120.000	-44.860	-19.776	-74.000	-2000.000
706	131826	4	-1023.270	9.00	60.13662	575.67493	-336.684	-19.672	-160.000	-226.706	-74.208	-206.000	0.000
707	131942	2	-2667.054	9.00	60.22282	576.27148	-152.971	9.528	-280.000	-50.885	-76.726	-116.000	-2000.000
708	131994	1	2192.820	10.00	60.84637	579.95422	-49.977	11.339	-100.000	-60.830	-55.713	-52.000	2500.000
709	132149	1	1584.884	11.00	61.13705	576.30627	-154.717	26.916	-220.000	-266.998	-145.317	-155.000	2500.000
710	132322	2	-3136.616	11.00	62.94075	576.25537	-227.852	26.460	-520.000	-127.538	-114.686	-173.000	-2000.000
711	132530	4	-1145.758	11.00	59.83891	577.82520	-346.065	-0.383	-220.000	-237.806	-133.504	-208.000	0.000
712	132660	2	-2585.555	10.00	59.92599	579.47864	-154.329	22.554	-120.000	-145.084	-58.696	-130.000	-2000.000
713	132884	4	-1235.406	10.00	60.23098	576.62042	-288.967	-5.011	-420.000	-191.321	-106.107	-224.000	0.000
714	133083	4	-919.566	10.00	60.36145	575.94434	-317.498	8.022	-120.000	-178.773	-112.316	-199.000	0.000
715	133304	4	-1114.127	10.00	60.56493	578.03320	-323.172	66.601	-220.000	-318.580	-97.975	-221.000	0.000
716	133505	4	-771.968	10.00	60.75589	574.57385	-313.235	5.725	0.000	-153.628	-109.830	-201.000	0.000
717	133715	4	-889.639	10.00	58.66388	575.00671	-352.747	-11.891	-80.000	-133.258	-101.743	-210.000	0.000
718	133940	4	-1068.881	10.00	61.31772	576.12054	-323.928	49.093	-220.000	-188.419	-160.627	-225.000	0.000
719	134153	4	-891.356	10.00	59.40530	575.92902	-310.739	20.713	-60.000	-204.471	-123.858	-213.000	0.000
720	134360	4	-986.682	9.00	60.18718	576.88507	-308.991	33.239	0.000	-346.402	-157.529	-207.000	0.000
721	134419	1	2144.761	10.00	57.06199	573.62726	-57.289	10.682	-80.000	-121.080	-48.552	-59.000	2500.000
722	134469	2	-2539.335	10.00	62.93565	577.22998	-57.751	3.070	-340.000	-53.754	-40.900	-50.000	-2000.000
723	134688	4	-723.816	10.00	61.85584	577.55389	-368.713	21.181	0.000	-89.963	-67.322	-219.000	0.000
724	134818	1	2081.692	11.00	57.55099	577.80444	-180.677	31.096	0.000	-68.509	-70.219	-130.000	2500.000
725	134937	2	-2706.322	11.00	58.24294	573.76898	-112.302	22.519	-100.000	-312.646	-84.893	-119.000	-2000.000
726	134996	1	2326.222	12.00	60.32450	574.89886	-60.759	12.534	0.000	-27.199	-39.354	-59.000	2500.000
727	135178	2	-2830.521	12.00	58.67068	577.07489	-271.677	8.783	-40.000	-264.350	-81.276	-182.000	-2000.000
728	135265	2	-2520.441	12.00	57.88768	574.60016	-131.377	1.048	-120.000	-110.161	-72.952	-87.000	-2000.000
729	135382	2	-2501.357	12.00	58.85276	578.35352	-131.038	22.560	-100.000	-67.111	-108.768	-117.000	-2000.000
730	135592	4	-1056.179	12.00	61.40379	577.62494	-305.586	-15.262	-160.000	-208.739	-156.592	-210.000	0.000
731	135754	1	1844.099	13.00	59.22199	574.44635	-231.521	24.295	-120.000	-111.582	-55.094	-162.000	2500.000
732	135973	4	-803.202	13.00	60.35320	575.13245	-296.331	42.847	0.000	-223.674	-107.044	-219.000	0.000
733	136195	4	-1112.479	12.00	58.74340	573.64795	-290.825	2.504	-240.000	-228.127	-134.030	-222.000	0.000
734	136410	4	-809.131	12.00	57.98605	575.35480	-299.836	27.196	-20.000	-115.814	-185.678	-215.000	0.000
735	136605	2	-3200.149	12.00	60.91616	575.74805	-218.958	44.117	-380.000	-350.156	-100.152	-195.000	-2000.000
736	136699	1	2145.444	13.00	60.27436	576.32556	-133.896	15.758	0.000	-67.752	-74.666	-94.000	2500.000
737	136744	1	2401.629	14.00	58.37457	576.28748	-33.341	15.078	0.000	-22.666	-12.442	-45.000	2500.000
738	136777	2	-2329.356	14.00	59.50338	574.11676	-19.861	1.179	-180.000	-67.973	-29.701	-33.000	-2000.000
739	136991	4	-932.330	14.00	56.33547	574.71979	-325.848	1.848	-120.000	-114.384	-159.945	-214.000	0.000
740	137204	4	-1281.074	14.00	58.53312	575.04291	-354.235	-11.484	-220.000	-340.170	-142.185	-213.000	0.000
741	137312	2	-2955.195	14.00	60.94147	575.79144	-174.608	10.149	-80.000	-512.166	-90.570	-108.000	-2000.000
742	137428	2	-2454.551	14.00	59.01062	577.28711	-208.415	-0.590	-20.000	-58.422	-51.124	-116.000	-2000.000
743	137458	2	-2566.743	14.00	57.64696	574.92181	-38.351	4.140	-360.000	-88.077	-54.456	-30.000	-2000.000
744	137667	4	-753.019	13.00	57.44306	572.98474	-298.494	26.106	-80.000	-92.811	-98.819	-209.000	0.000
745	137890	4	-871.834	13.00	57.60451	575.45557	-360.264	-30.939	0.000	-136.006	-121.625	-223.000	0.000
746	138106	4	-1136.010	13.00	58.76208	575.27985	-309.238	38.495	-40.000	-428.285	-180.982	-216.000	0.000
747	138318	4	-833.884	13.00	59.89210	575.10480	-326.728	17.726	0.000	-141.212	-171.671	-212.000	0.000
748	138400	2	-2486.995	13.00	58.70410	574.60144	-115.980	-18.056	-80.000	-131.353	-59.605	-82.000	-2000.000
749	138532	1	1762.728	14.00	61.28680	575.41785	-198.204	27.491	-80.000	-238.374	-116.185	-132.000	2500.000
750	138755	4	-701.980	14.00	56.51835	574.34271	-303.378	34.309	0.000	-114.639	-95.273	-223.000	0.000
751	138862	2	-2739.762	14.00	60.11772	575.75818	-178.746	-21.788	-240.000	-147.572	-44.656	-107.000	-2000.000
752	138955	2	-2528.061	14.00	57.91634	573.21112	-135.574	-5.879	-160.000	-67.889	-65.719	-93.000	-2000.000
753	139043	1	2113.330	15.00	60.70595	572.85339	-106.984	24.972	0.000	-133.354	-83.304	-88.000	2500.000
754	139073	2	-2323.346	15.00	59.17340	573.81781	-43.927	0.883	-80.000	-135.149	-35.152	-30.000	-2000.000
755	139286	4	-749.906	15.00	57.44830	572.75610	-326.098	23.833	0.000	-121.151	-113.489	-213.000	0.000
756	139381	2	-2725.733	15.00	56.65095	572.27643	-98.411	23.137	-260.000	-226.690	-68.769	-95.000	-2000.000
757	139611	4	-1039.846	15.00	57.22657	576.32330	-305.546	-30.091	0.000	-365.438	-108.771	-230.000	0.000
758	139840	4	-1269.327	15.00	58.08603	573.76123	-355.882	-16.182	-280.000	-229.636	-158.626	-229.000	0.000
759	140087	4	-1130.635	15.00	58.35793	575.98291	-387.491	5.560	-140.000	-218.275	-143.428	-247.000	0.000
760	140331	4	-926.630	15.00	57.20176	572.51550	-397.849	-21.606	-20.000	-100.927	-142.247	-244.000	0.000
761	140582	4	-980.456	15.00	59.03410	573.68152	-395.421	-13.458	0.000	-137.582	-182.995	-251.000	0.000
762	140810	2	-2997.078	15.00	57.45704	573.36230	-358.609	10.110	-160.000	-111.270	-149.308	-228.000	-2000.000
763	140912	2	-2413.724	15.00	57.16626	572.72388	-138.744	2.664	-40.000	-75.525	-60.119	-102.000	-2000.000
764	140988	1	2145.677	16.00	58.74437	577.86053	-85.404	13.594	0.000	-142.149	-64.364	-76.000	2500.000
765	141242	4	-1341.992	16.00	59.19698	574.77612	-358.035	18.686	-260.000	-356.276	-132.366	-254.000	0.000
766	141320	2	-2451.999	16.00	56.98543	573.25507	-102.917	3.736	-160.000	-70.039	-44.779	-78.000	-2000.000
767	141573	4	-1187.895	16.00	57.85387	572.92999	-388.833	-18.670	-220.000	-126.579	-180.812	-253.000	0.000
768	141819	4	-821.384	15.00	57.64046	574.61786	-316.208	65.340	0.000	-147.401	-177.114	-246.000	0.000
769	142050	4	-1536.434	15.00	58.59012	574.00977	-313.098	37.972	-440.000	-400.060	-190.247	-231.000	0.000
770	142136	2	-2458.757	15.00	56.99002	573.23956	-115.173	1.237	-140.000	-64.375	-54.445	-86.000	-2000.000
771	142180	1	1986.602	16.00	56.00714	571.53992	-31.380	11.658	-400.000	-15.365	-34.311	-44.000	2500.000
772	142432	4	-1002.772	16.00	58.54693	572.65283	-357.371	27.025	-160.000	-120.397	-140.030	-252.000	0.000
773	142673	4	-1118.202	16.00	57.46743	574.17151	-385.074	-16.979	-200.000	-145.334	-129.814	-241.000	0.000
774	142913	4	-1119.325	16.00	56.63380	572.07812	-349.811	-0.522	-260.000	-167.400	-101.592	-240.000	0.000
775	142960	2	-2401.216	16.00	57.25442	573.74237	-79.494	-2.348	-40.000	-195.635	-36.740	-47.000	-2000.000
776	143165	4	-1128.884	16.00	58.76139	574.01349	-310.920	42.557	-280.000	-263.685	-111.836	-205.000	0.000
777	143398	4	-913.289	16.00	57.99233	573.52759	-398.102	-25.217	0.000	-139.677	-117.293	-233.000	0.000
778	143428	2	-2514.665	15.00	56.40863	573.05573	-40.059	0.781	-160.000	-265.988	-19.400	-30.000	-2000.000
779	143676	4	-1216.402	14.00	56.90874	573.30048	-418.544	-1.009	-320.000	-131.423	-97.426	-248.000	0.000
780	143809	1	2055.812	15.00	58.09074	574.14691	-183.129	21.127	0.000	-58.026	-91.161	-133.000	2500.000
781	144038	4	-1557.870	15.00	56.91442	572.33685	-269.845	48.546	-500.000	-451.567	-156.003	-229.000	0.000
782	144169	1	1796.586	16.00	57.78794	575.04993	-176.078	6.258	-300.000	-36.471	-66.123	-131.000	2500.000
783	144221	1	2321.419	17.00	57.73399	574.57452	-41.182	12.312	0.000	-68.787	-28.925	-52.000	2500.000
784	144467	4	-941.432	17.00	57.48645	572.58978	-351.815	19.154	0.000	-199.053	-163.718	-246.000	0.000
785	144705	4	-1209.024	16.00	57.86338	572.84796	-350.358	-15.016	-220.000	-248.585	-137.066	-238.000	0.000
786	144950	4	-907.210	16.00	56.81271	573.33972	-412.825	-20.656	0.000	-71.771	-156.958	-245.000	0.000
787	145013	2	-2260.469	16.00	56.67372	575.04846	-93.772	-4.508	-40.000	-25.077	-34.112	-63.000	-2000.000
788	145234	4	-836.464	16.00	55.56203	572.86578	-284.589	-13.890	0.000	-157.522	-159.463	-221.000	0.000
789	145449	4	-710.219	16.00	58.86318	573.18896	-311.994	49.039	0.000	-89.456	-142.809	-215.000	0.000
790	145657	4	-1032.119	16.00	58.45601	573.03778	-299.189	42.667	-160.000	-260.033	-147.564	-208.000	0.000
791	145855	4	-1120.348	16.00	57.33382	574.48511	-335.357	-27.227	-240.000	-158.860	-160.903	-198.000	0.000
792	146059	4	-779.009	16.00	56.98370	573.14325	-309.626	-16.296	0.000	-117.346	-131.742	-204.000	0.000
793	146128	1	1797.350	17.00	57.76249	569.03265	-80.763	8.683	-240.000	-265.853	-55.716	-69.000	2500.000
794	146335	4	-710.682	17.00	58.54825	570.15186	-287.618	28.508	0.000	-140.900	-103.673	-207.000	0.000
795	146547	4	-1112.325	17.00	58.06599	572.86194	-312.480	-8.796	-180.000	-246.922	-152.127	-212.000	0.000
796	146739	2	-2907.505	17.00	54.49537	573.19049	-304.351	1.651	-220.000	-91.994	-100.811	-192.000	-2000.000
797	146861	2	-2897.834	17.00	59.25526	575.33478	-197.010	-12.897	-220.000	-264.251	-81.676	-122.000	-2000.000
798	147088	4	-939.709	17.00	58.33122	572.79407	-346.229	-1.716	-20.000	-218.493	-126.271	-227.000	0.000
799	147297	4	-900.249	17.00	57.26013	572.24780	-304.235	-14.086	0.000	-219.260	-153.668	-209.000	0.000
800	147509	4	-981.537	17.00	56.72429	572.34955	-341.116	-20.754	-120.000	-165.121	-122.546	-212.000	0.000
801	147724	4	-1164.163	17.00	57.84116	571.20203	-318.786	-15.083	-400.000	-130.984	-84.310	-215.000	0.000
802	147942	4	-1227.935	16.00	56.88815	573.61200	-253.736	25.067	0.000	-605.509	-175.758	-218.000	0.000
803	148165	4	-886.624	16.00	55.49786	572.74908	-355.595	-22.066	0.000	-179.499	-106.463	-223.000	0.000
804	148380	4	-1044.590	16.00	54.78308	571.06445	-317.492	-36.451	-80.000	-217.679	-177.967	-215.000	0.000
805	148632	4	-1162.495	16.00	55.08233	570.69989	-372.042	-36.705	-100.000	-296.730	-105.018	-252.000	0.000
806	148802	2	-3304.790	16.00	56.39886	573.74524	-236.862	29.730	-540.000	-234.955	-152.704	-170.000	-2000.000
807	148978	2	-2959.345	16.00	56.59769	572.80530	-266.505	5.289	-260.000	-146.166	-115.964	-176.000	-2000.000
808	149166	4	-1084.935	15.00	55.50488	570.72107	-267.783	-32.423	-100.000	-371.137	-125.592	-188.000	0.000
809	149264	2	-2569.581	14.00	55.34338	570.96515	-181.565	-7.109	-140.000	-80.068	-62.839	-98.000	-2000.000
810	149473	4	-940.826	14.00	56.11449	572.12976	-293.552	23.529	-200.000	-151.910	-109.893	-209.000	0.000
811	149700	4	-884.178	14.00	57.16894	572.53235	-339.217	-16.907	0.000	-186.824	-114.229	-227.000	0.000
812	149922	4	-1285.950	14.00	55.80392	571.40601	-272.333	28.576	-300.000	-362.332	-157.860	-222.000	0.000
813	150016	2	-2392.301	14.00	56.02473	572.86420	-153.768	-5.321	-60.000	-21.381	-57.831	-94.000	-2000.000
814	150100	2	-3145.979	14.00	58.88252	573.38916	-124.389	5.600	-620.000	-245.284	-77.907	-84.000	-2000.000
815	150144	1	2394.930	15.00	56.09725	574.87836	-21.317	11.944	0.000	-20.581	-31.114	-44.000	2500.000
816	150175	2	-2242.173	15.00	55.38872	575.74609	-27.458	1.181	-120.000	-43.453	-21.443	-31.000	-2000.000
817	150257	2	-2585.690	15.00	55.69852	572.62903	-107.600	1.503	-220.000	-111.268	-66.324	-82.000	-2000.000
818	150307	2	-2432.856	15.00	57.81744	568.34869	-94.374	-0.882	-40.000	-164.218	-83.383	-50.000	-2000.000
819	150363	2	-2313.369	15.00	58.95553	573.84406	-73.552	5.308	-120.000	-28.216	-40.909	-56.000	-2000.000
820	150560	4	-774.069	15.00	54.70804	570.81183	-320.364	-1.968	0.000	-152.850	-101.886	-197.000	0.000
821	150759	4	-992.735	14.00	55.62511	571.88763	-213.922	17.830	-220.000	-265.271	-112.373	-199.000	0.000
822	150877	2	-2638.712	14.00	57.20484	573.13800	-175.622	3.422	-180.000	-59.383	-109.129	-118.000	-2000.000
823	151103	4	-876.838	14.00	55.15463	570.11633	-328.442	-26.779	0.000	-143.672	-151.945	-226.000	0.000
824	151317	4	-873.310	13.00	55.48440	569.99225	-336.162	-26.941	0.000	-169.657	-126.551	-214.000	0.000
825	151534	4	-802.436	13.00	53.71051	570.57635	-335.737	-2.158	0.000	-138.612	-108.930	-217.000	0.000
826	151757	4	-740.247	12.00	57.00566	573.67365	-309.331	-1.428	0.000	-94.757	-111.730	-223.000	0.000
827	151976	4	-1065.524	12.00	57.48785	571.95215	-334.739	15.756	-200.000	-203.159	-124.382	-219.000	0.000
828	152085	1	1981.067	13.00	57.74426	573.50244	-154.067	8.570	-80.000	-119.851	-64.586	-109.000	2500.000
829	152308	4	-1078.757	13.00	56.98298	571.51471	-264.098	57.126	-260.000	-247.186	-141.599	-223.000	0.000
830	152475	1	1830.418	14.00	56.52357	572.53235	-221.893	54.503	-120.000	-98.623	-116.570	-167.000	2500.000
831	152692	4	-1181.903	13.00	58.01194	569.66791	-332.411	16.802	-340.000	-193.836	-115.457	-217.000	0.000
832	152742	2	-2496.485	13.00	53.21592	566.65149	-87.888	-4.710	-100.000	-225.843	-28.045	-50.000	-2000.000
833	152933	2	-2668.100	13.00	55.22742	571.74646	-288.864	1.323	-60.000	-55.912	-73.647	-191.000	-2000.000
834	153142	4	-793.610	13.00	54.79506	569.54846	-311.844	3.265	-20.000	-122.870	-133.161	-209.000	0.000
835	153291	2	-2604.293	13.00	55.45202	570.38824	-264.211	-7.991	-100.000	-23.823	-59.267	-149.000	-2000.000
836	153500	4	-888.004	12.00	54.11773	571.37506	-316.146	-7.741	-160.000	-98.633	-96.483	-209.000	0.000
837	153718	4	-857.508	11.00	55.84163	572.95154	-334.507	-17.401	-20.000	-160.103	-107.497	-218.000	0.000
838	153874	2	-2599.160	11.00	53.94947	569.50879	-253.562	-8.211	-40.000	-54.329	-87.058	-156.000	-2000.000
839	153977	2	-2475.175	11.00	54.01287	571.38995	-145.640	3.086	-140.000	-37.615	-52.006	-103.000	-2000.000
840	154192	4	-747.554	11.00	54.94623	569.05353	-315.080	2.329	0.000	-100.245	-119.557	-215.000	0.000
841	154425	4	-1210.476	11.00	54.08801	569.65112	-318.303	-45.388	-340.000	-150.075	-123.711	-233.000	0.000
842	154645	4	-1363.728	11.00	55.66169	569.72345	-357.225	-7.216	-500.000	-135.425	-143.862	-220.000	0.000
843	154710	1	2315.077	12.00	53.19909	571.46136	-71.105	10.177	0.000	-22.416	-36.579	-65.000	2500.000
844	154839	2	-2529.738	12.00	54.42272	570.86298	-202.509	2.641	-100.000	-52.659	-48.211	-129.000	-2000.000
845	155053	4	-826.257	12.00	57.68475	570.41913	-301.419	47.399	-40.000	-153.375	-164.862	-214.000	0.000
846	155268	4	-901.072	12.00	55.19952	569.64685	-322.253	25.339	-120.000	-144.304	-124.854	-215.000	0.000
847	155487	4	-1274.705	12.00	53.25202	569.16461	-308.625	-11.100	-240.000	-358.687	-137.293	-219.000	0.000
848	155708	4	-1375.363	12.00	53.84306	570.25812	-353.716	-18.401	-140.000	-455.813	-186.432	-221.000	0.000
849	155784	2	-2443.634	11.00	55.02399	566.69733	-111.236	-0.916	-80.000	-110.797	-64.685	-76.000	-2000.000
850	155983	1	1860.929	12.00	55.09134	569.69305	-270.556	39.840	0.000	-91.555	-117.800	-199.000	2500.000
851	156197	4	-680.080	12.00	56.10377	569.56348	-316.056	20.337	0.000	-65.879	-104.482	-214.000	0.000
852	156408	4	-1028.304	12.00	54.12246	571.63318	-306.920	-23.395	0.000	-329.759	-157.229	-211.000	0.000
853	156549	2	-3190.445	11.00	52.37991	568.25220	-208.700	-12.631	-500.000	-208.837	-119.277	-141.000	-2000.000
854	156771	4	-776.970	11.00	54.20712	569.12854	-332.598	1.451	0.000	-86.184	-137.639	-222.000	0.000
855	156991	4	-1015.004	11.00	55.29915	568.12042	-337.568	-9.795	-100.000	-166.738	-180.903	-220.000	0.000
856	157199	4	-809.467	11.00	53.48869	567.30865	-354.839	0.618	0.000	-146.456	-100.791	-208.000	0.000
857	157420	4	-1136.119	11.00	53.03527	568.70142	-268.915	14.263	-260.000	-229.415	-171.052	-221.000	0.000
858	157609	2	-2683.082	11.00	51.71940	567.77429	-204.022	50.015	-100.000	-149.880	-90.195	-189.000	-2000.000
859	157823	4	-1076.374	11.00	55.02112	570.73187	-327.678	-7.013	-260.000	-146.458	-121.224	-214.000	0.000
860	158044	4	-1297.448	11.00	53.19190	569.10370	-346.616	-25.206	-340.000	-242.020	-122.606	-221.000	0.000
861	158271	4	-722.541	11.00	55.23296	566.80914	-279.576	55.213	0.000	-136.724	-134.454	-227.000	0.000
862	158364	1	2235.387	12.00	53.28878	569.90662	-103.558	32.740	0.000	-32.013	-68.782	-93.000	2500.000
863	158558	1	1385.889	13.00	54.46417	569.24768	-274.370	-115.005	-280.000	-111.165	-139.572	-194.000	2500.000
864	158772	4	-918.225	12.00	54.47343	569.34058	-288.955	47.854	-220.000	-133.971	-109.153	-214.000	0.000
865	158985	4	-702.809	12.00	55.01197	568.19263	-329.982	9.874	0.000	-80.607	-89.095	-213.000	0.000
866	159208	4	-1077.568	12.00	56.11846	567.33124	-347.388	-23.099	-200.000	-125.224	-158.857	-223.000	0.000
867	159294	1	2156.797	13.00	54.23619	572.52844	-105.423	15.342	0.000	-111.044	-56.078	-86.000	2500.000
868	159516	4	-696.827	13.00	55.95140	570.70807	-316.301	32.847	0.000	-102.960	-88.414	-222.000	0.000
869	159743	4	-1016.270	13.00	55.28991	570.09741	-355.732	-22.129	-120.000	-145.298	-146.110	-227.000	0.000
870	159955	4	-904.431	13.00	54.38714	570.72186	-289.618	15.309	-60.000	-279.302	-78.820	-212.000	0.000
871	160065	2	-2500.401	12.00	52.36251	568.64594	-168.467	-7.607	-60.000	-73.565	-80.763	-110.000	-2000.000
872	160172	1	2174.431	13.00	52.13778	565.40161	-110.780	15.991	0.000	-60.327	-63.453	-107.000	2500.000
873	160265	2	-2397.396	13.00	52.71864	570.86078	-79.842	14.044	-160.000	-38.967	-39.631	-93.000	-2000.000
874	160482	4	-894.779	13.00	53.54338	569.73322	-326.910	-32.221	0.000	-173.185	-145.463	-217.000	0.000
875	160562	1	2122.034	14.00	53.60966	571.47644	-78.721	19.447	-60.000	-90.273	-88.418	-80.000	2500.000
876	160781	4	-930.680	14.00	54.22228	568.24530	-290.570	33.703	-140.000	-147.521	-167.292	-219.000	0.000
877	160939	2	-2841.599	14.00	56.34957	568.53400	-201.832	37.687	-220.000	-231.426	-68.028	-158.000	-2000.000
878	161132	4	-1321.824	14.00	54.03674	566.91144	-285.682	9.779	-380.000	-323.663	-149.257	-193.000	0.000
879	161347	4	-735.550	14.00	55.74675	569.44513	-333.406	2.108	0.000	-77.892	-111.361	-215.000	0.000
880	161551	4	-853.864	13.00	54.64902	568.81104	-320.304	-14.553	0.000	-108.997	-206.010	-204.000	0.000
881	161751	2	-2690.047	13.00	54.58137	566.94250	-244.013	57.740	-40.000	-140.382	-123.393	-200.000	-2000.000
882	161963	4	-1205.645	12.00	54.97242	568.63806	-353.500	0.164	-420.000	-135.135	-85.174	-212.000	0.000
883	162183	4	-697.447	11.00	51.73359	566.25616	-285.609	4.106	0.000	-87.385	-108.559	-220.000	0.000
884	162387	4	-803.757	11.00	52.00931	568.23926	-308.823	-15.177	0.000	-149.791	-125.966	-204.000	0.000
885	162597	4	-752.919	11.00	53.50505	566.70215	-305.537	-11.393	0.000	-115.122	-110.867	-210.000	0.000
886	162802	4	-973.352	11.00	53.73400	567.54877	-322.060	6.309	0.000	-326.040	-126.561	-205.000	0.000
887	163017	4	-901.442	11.00	56.09519	570.30426	-222.660	12.278	-120.000	-230.011	-126.049	-215.000	0.000
888	163090	1	2273.349	12.00	54.20831	567.21283	-68.750	12.834	0.000	-67.921	-29.813	-73.000	2500.000
889	163234	1	1765.369	13.00	54.51752	566.79608	-105.988	31.726	-300.000	-127.338	-89.031	-144.000	2500.000
890	163295	2	-2502.294	13.00	55.55854	565.93591	-114.996	-20.588	-160.000	-109.230	-36.480	-61.000	-2000.000
891	163500	4	-748.533	13.00	54.22853	567.52625	-302.456	29.983	-60.000	-119.892	-91.168	-205.000	0.000
892	163704	4	-790.630	13.00	51.60846	566.63171	-319.997	-29.217	0.000	-122.776	-114.640	-204.000	0.000
893	163926	4	-958.529	12.00	53.43844	566.97211	-343.409	10.856	-100.000	-193.022	-110.954	-222.000	0.000
894	164012	2	-2332.422	12.00	53.56918	568.11334	-87.797	11.692	-60.000	-32.450	-77.868	-86.000	-2000.000
895	164196	2	-2773.481	12.00	53.21758	565.08514	-354.972	31.753	-100.000	-73.603	-92.659	-184.000	-2000.000
896	164390	2	-2679.824	12.00	52.88605	566.50848	-312.150	-8.756	-40.000	-34.164	-90.754	-194.000	-2000.000
897	164529	2	-2712.442	12.00	53.33200	564.96857	-225.626	7.114	-100.000	-170.678	-84.252	-139.000	-2000.000
898	164637	2	-2491.152	12.00	51.61826	565.45172	-171.910	-5.108	-60.000	-63.642	-82.491	-108.000	-2000.000
899	164852	4	-1093.153	12.00	53.53127	566.44806	-310.527	-5.119	-220.000	-237.864	-104.643	-215.000	0.000
900	165042	2	-2790.998	12.00	50.74702	566.08008	-272.319	28.839	-80.000	-153.997	-123.520	-190.000	-2000.000
901	165176	2	-2645.037	12.00	53.94147	565.63672	-247.963	4.112	-140.000	-58.192	-68.994	-134.000	-2000.000
902	165392	4	-930.179	12.00	52.58862	564.45667	-331.205	-23.970	-100.000	-140.207	-118.796	-216.000	0.000
903	165429	2	-2467.167	12.00	52.65732	565.46777	-55.248	1.679	-320.000	-12.168	-44.431	-37.000	-2000.000
904	165652	4	-930.125	12.00	56.23851	565.31580	-282.338	50.151	-220.000	-131.248	-123.689	-223.000	0.000
905	165868	4	-1395.590	12.00	52.93881	564.82477	-368.584	-16.205	-360.000	-255.142	-179.658	-216.000	0.000
906	166081	1	1793.303	13.00	53.29490	565.29932	-304.180	10.200	0.000	-109.067	-90.649	-213.000	2500.000
907	166220	2	-2790.314	13.00	53.07624	563.44263	-241.230	-8.687	-240.000	-78.482	-82.914	-139.000	-2000.000
908	166268	1	2386.551	14.00	54.40215	563.12286	-32.741	17.537	0.000	-23.006	-27.240	-48.000	2500.000
909	166477	4	-582.420	14.00	52.11580	565.05267	-222.623	76.404	-40.000	-98.402	-88.799	-209.000	0.000
910	166539	1	2296.437	15.00	50.60666	563.69391	-72.978	9.481	0.000	-37.835	-40.231	-62.000	2500.000
911	166755	4	-917.013	15.00	52.39532	565.36481	-313.142	24.607	-160.000	-149.276	-103.202	-216.000	0.000
912	166982	4	-1129.571	15.00	54.37463	565.04218	-365.149	-20.410	-120.000	-229.788	-167.224	-227.000	0.000
913	167018	2	-2206.024	15.00	51.08142	564.32837	-34.773	2.046	-100.000	-12.078	-25.219	-36.000	-2000.000
914	167064	1	2358.357	16.00	54.41036	566.52966	-45.219	11.062	0.000	-30.022	-31.464	-46.000	2500.000
915	167261	4	-1008.791	15.00	54.59615	565.61334	-286.259	7.990	-280.000	-171.462	-82.060	-197.000	0.000
916	167336	2	-2449.966	15.00	49.99253	562.07074	-146.193	-4.334	-100.000	-69.350	-55.089	-75.000	-2000.000
917	167531	2	-3018.587	15.00	53.25118	563.70361	-273.330	-0.879	-200.000	-213.524	-135.854	-195.000	-2000.000
918	167735	4	-737.172	15.00	51.97462	564.93964	-297.437	10.557	0.000	-102.933	-143.359	-204.000	0.000
919	167858	1	2119.241	16.00	52.96272	565.57800	-159.915	32.479	0.000	-58.708	-71.616	-123.000	2500.000
920	168077	4	-863.100	16.00	54.27497	562.23358	-320.563	23.200	-200.000	-70.460	-76.276	-219.000	0.000
921	168170	2	-2418.590	16.00	52.98346	562.26892	-106.090	17.707	-60.000	-132.306	-44.901	-93.000	-2000.000
922	168384	4	-727.273	16.00	53.15239	564.02380	-302.270	28.882	0.000	-144.540	-95.345	-214.000	0.000
923	168471	2	-2387.207	16.00	54.42553	565.08856	-143.936	-7.889	-20.000	-70.761	-57.622	-87.000	-2000.000
924	168683	4	-810.936	16.00	52.17884	563.87054	-328.216	27.422	0.000	-146.720	-151.421	-212.000	0.000
925	168789	2	-2462.715	16.00	52.92457	565.25098	-112.553	11.677	-80.000	-122.972	-52.867	-106.000	-2000.000
926	168853	1	2262.237	17.00	50.94105	561.98590	-56.315	13.603	0.000	-69.866	-61.185	-64.000	2500.000
927	169071	4	-1397.347	17.00	52.95862	562.58929	-378.717	6.414	-80.000	-569.271	-157.774	-218.000	0.000
928	169293	4	-1491.405	16.00	53.51525	564.74890	-324.205	5.191	-640.000	-176.722	-133.669	-222.000	0.000
929	169513	4	-902.534	16.00	51.11860	561.55115	-305.050	21.330	-60.000	-210.457	-128.357	-220.000	0.000
930	169723	4	-947.773	15.00	53.40463	563.51270	-334.696	-7.065	-100.000	-175.886	-120.127	-210.000	0.000
931	169762	1	2375.133	16.00	54.22466	562.34998	-20.824	12.384	-40.000	-12.576	-24.851	-39.000	2500.000
932	169838	2	-2341.180	16.00	52.29062	564.13104	-97.110	12.419	-40.000	-84.146	-56.343	-76.000	-2000.000
933	170051	4	-815.954	16.00	52.20048	561.51904	-346.095	-22.475	0.000	-128.710	-105.673	-213.000	0.000
934	170123	1	2233.088	17.00	51.38719	562.12988	-81.226	26.852	0.000	-72.866	-67.671	-72.000	2500.000
935	170279	1	1959.975	18.00	49.96764	561.25604	-223.315	-8.421	0.000	-72.566	-79.722	-156.000	2500.000
936	170310	2	-2251.859	18.00	49.11680	560.64368	-51.395	0.230	-100.000	-52.165	-17.529	-31.000	-2000.000
937	170396	2	-2522.712	18.00	53.00543	561.87238	-122.457	6.706	-180.000	-54.662	-86.298	-86.000	-2000.000
938	170616	4	-709.229	18.00	51.96383	562.00391	-309.260	6.287	0.000	-91.267	-94.989	-220.000	0.000
939	170798	2	-2826.824	18.00	53.28875	561.88293	-254.735	25.191	-120.000	-211.195	-84.085	-182.000	-2000.000
940	171016	4	-1140.830	18.00	53.34106	563.17883	-294.442	84.793	-60.000	-448.862	-204.320	-218.000	0.000
941	171230	4	-1101.844	18.00	51.67635	562.47961	-331.583	-11.115	-260.000	-165.454	-119.692	-214.000	0.000
942	171426	2	-2945.661	18.00	51.80044	563.25958	-280.485	13.282	-260.000	-118.238	-104.220	-196.000	-2000.000
943	171644	4	-885.851	17.00	51.34914	562.46375	-319.042	28.105	0.000	-233.920	-142.994	-218.000	0.000
944	171864	4	-917.063	17.00	51.49521	561.98291	-342.602	50.200	-60.000	-215.503	-129.157	-220.000	0.000
945	172077	4	-890.124	17.00	51.84542	562.08459	-348.558	8.794	0.000	-175.702	-161.658	-213.000	0.000
946	172241	2	-2713.025	17.00	51.46409	562.96924	-201.957	9.665	-60.000	-200.108	-96.625	-164.000	-2000.000
947	172455	4	-932.788	17.00	53.03159	563.63647	-297.323	21.232	-80.000	-189.191	-173.506	-214.000	0.000
948	172676	4	-839.419	17.00	53.66642	561.34875	-322.992	2.683	-100.000	-82.155	-115.956	-221.000	0.000
949	172889	4	-808.665	17.00	53.92646	560.47894	-270.353	17.645	0.000	-240.715	-102.241	-213.000	0.000
950	173104	4	-1516.158	16.00	49.99085	562.68848	-285.946	58.466	-540.000	-317.620	-216.058	-215.000	0.000
951	173320	4	-1353.673	16.00	52.52127	562.87335	-299.730	0.453	-500.000	-218.950	-119.445	-216.000	0.000
952	173541	4	-855.400	16.00	49.95421	560.86755	-276.192	-5.104	-140.000	-99.678	-113.426	-221.000	0.000
953	173739	1	1826.012	17.00	52.29011	563.34399	-241.306	-1.787	0.000	-116.294	-116.602	-198.000	2500.000
954	173966	4	-866.536	17.00	50.57788	563.31439	-314.541	29.024	-140.000	-78.861	-135.158	-227.000	0.000
955	174144	2	-2745.337	17.00	50.04075	561.37946	-240.014	18.622	-60.000	-197.471	-88.475	-178.000	-2000.000
956	174362	4	-802.814	17.00	52.00337	561.45337	-330.204	-9.986	0.000	-126.555	-118.069	-218.000	0.000
957	174580	4	-694.000	17.00	51.58136	561.64697	-337.973	12.524	0.000	-41.441	-109.109	-218.000	0.000
958	174663	1	2047.085	18.00	50.83075	559.59674	-75.258	16.059	-120.000	-104.855	-85.863	-83.000	2500.000
959	174883	4	-855.629	18.00	50.52970	562.61121	-305.780	2.196	-100.000	-138.760	-93.287	-220.000	0.000
960	175105	4	-819.213	18.00	54.84426	562.06451	-310.523	-16.561	0.000	-172.493	-97.636	-222.000	0.000
961	175320	4	-880.026	18.00	51.76467	559.32056	-316.889	-28.774	0.000	-183.851	-135.512	-215.000	0.000
962	175546	4	-812.408	17.00	50.45290	561.36853	-379.951	8.914	0.000	-112.266	-103.105	-226.000	0.000
963	175603	2	-2410.361	16.00	49.01278	560.59491	-126.706	-6.139	-180.000	-27.748	-12.768	-57.000	-2000.000
964	175834	4	-896.397	16.00	50.02941	560.28876	-343.975	-35.443	0.000	-171.878	-114.101	-231.000	0.000
965	175897	2	-2420.998	16.00	54.84276	563.85663	-106.042	-12.349	-160.000	-69.768	-9.840	-63.000	-2000.000
966	176054	2	-2980.361	16.00	51.20303	560.98853	-257.270	11.109	-300.000	-173.137	-104.064	-157.000	-2000.000
967	176277	4	-1059.589	15.00	50.52320	560.77887	-328.820	-5.048	-240.000	-139.307	-123.414	-223.000	0.000
968	176494	2	-2828.941	15.00	51.52653	560.72900	-310.311	15.354	-60.000	-128.945	-128.039	-217.000	-2000.000
969	176631	1	1407.208	16.00	52.35426	562.18970	-143.289	5.057	-500.000	-244.650	-72.911	-137.000	2500.000
970	176852	4	-868.499	16.00	50.21517	561.03308	-402.622	-81.397	0.000	-68.663	-94.817	-221.000	0.000
971	177023	2	-3140.764	16.00	49.88078	560.66418	-290.831	-39.659	-300.000	-235.860	-103.413	-171.000	-2000.000
972	177168	2	-2549.233	15.00	52.02230	560.95300	-212.492	22.622	-60.000	-74.594	-79.769	-145.000	-2000.000
973	177381	4	-792.799	15.00	50.39976	560.88483	-261.466	17.733	-40.000	-163.908	-132.158	-213.000	0.000
974	177520	2	-2941.117	15.00	50.84313	557.57251	-185.956	0.905	-360.000	-163.081	-93.985	-139.000	-2000.000
975	177727	4	-714.534	14.00	52.34577	559.37268	-285.546	-8.775	0.000	-99.591	-113.621	-207.000	0.000
976	177943	4	-825.444	14.00	50.63210	558.68304	-303.883	37.253	-140.000	-86.270	-116.545	-216.000	0.000
977	178162	4	-807.066	14.00	51.81297	561.75903	-303.965	23.108	-100.000	-102.235	-104.974	-219.000	0.000
978	178362	4	-840.479	14.00	51.50309	559.09326	-322.980	-2.120	0.000	-232.953	-82.425	-200.000	0.000
979	178570	4	-1042.891	14.00	52.41936	559.43237	-322.989	-13.635	-100.000	-274.187	-124.080	-208.000	0.000
980	178600	2	-2326.577	14.00	47.07142	554.37701	-63.713	-2.155	-140.000	-60.469	-30.240	-30.000	-2000.000
981	178809	4	-1078.428	14.00	52.41383	558.89789	-293.706	38.010	-420.000	-79.945	-113.786	-209.000	0.000
982	179027	4	-1218.595	14.00	52.24995	558.75287	-316.138	14.786	-80.000	-482.102	-137.142	-218.000	0.000
983	179238	4	-763.254	14.00	49.78069	559.21045	-254.571	55.158	-40.000	-169.549	-143.291	-211.000	0.000
984	179313	2	-2386.451	14.00	49.97597	558.79156	-128.487	-7.059	-60.000	-82.133	-33.772	-75.000	-2000.000
985	179551	4	-1050.387	14.00	50.43236	558.58966	-284.334	46.043	-200.000	-256.280	-117.816	-238.000	0.000
986	179780	4	-810.595	14.00	48.68336	557.58820	-303.344	31.897	0.000	-143.930	-166.218	-229.000	0.000
987	179995	4	-1130.900	14.00	48.88207	558.62213	-358.029	-26.247	-180.000	-206.396	-145.228	-215.000	0.000
988	180201	4	-883.654	13.00	50.65462	558.55963	-250.171	7.552	-180.000	-150.305	-104.731	-206.000	0.000
989	180421	4	-796.329	12.00	49.71315	558.44312	-344.943	3.270	0.000	-117.982	-116.674	-220.000	0.000
990	180627	4	-1104.920	12.00	50.11050	557.54456	-332.627	-26.734	-280.000	-138.785	-120.773	-206.000	0.000
991	180729	2	-2425.981	12.00	51.46727	558.18439	-151.499	10.153	-60.000	-89.254	-33.380	-102.000	-2000.000
992	180849	2	-2484.060	12.00	50.18856	560.26501	-167.036	18.425	-80.000	-84.735	-50.713	-120.000	-2000.000
993	181001	2	-2738.978	12.00	51.37415	556.02069	-190.813	45.370	-180.000	-175.917	-85.619	-152.000	-2000.000
994	181211	4	-722.238	12.00	49.84443	555.47852	-297.993	-0.904	0.000	-97.100	-116.241	-210.000	0.000
995	181437	4	-911.214	12.00	50.77685	556.73468	-351.494	56.071	-80.000	-174.917	-134.875	-226.000	0.000
996	181586	2	-2596.148	12.00	49.78386	556.53546	-201.964	13.589	-80.000	-88.824	-89.950	-149.000	-2000.000
997	181692	2	-2480.212	12.00	48.32417	556.68762	-110.104	12.065	-60.000	-140.382	-75.791	-106.000	-2000.000
998	181808	1	1989.743	13.00	49.49783	555.74280	-154.986	37.022	0.000	-176.283	-100.010	-116.000	2500.000
999	182021	4	-632.583	13.00	52.37542	559.47040	-248.975	68.601	0.000	-151.000	-88.209	-213.000	0.000
1000	182245	4	-1454.524	13.00	50.43543	557.40808	-328.319	23.421	-640.000	-173.562	-112.064	-224.000	0.000
1001	182473	4	-1350.032	13.00	51.21968	558.30377	-357.356	-42.602	-360.000	-276.278	-85.796	-228.000	0.000
1002	182640	2	-3061.943	13.00	49.39896	554.33862	-266.702	-1.017	-380.000	-165.452	-81.773	-167.000	-2000.000
1003	182674	1	2435.156	14.00	50.01082	555.92902	-16.855	9.725	0.000	-3.024	-20.689	-34.000	2500.000
1004	182760	2	-2370.557	14.00	51.37841	559.66681	-114.905	12.462	-60.000	-41.025	-81.089	-86.000	-2000.000
1005	182829	1	2124.230	15.00	47.61462	554.50305	-58.041	19.336	-80.000	-127.947	-60.118	-69.000	2500.000
1006	183046	4	-679.669	14.00	49.46542	556.67731	-270.564	59.887	0.000	-130.442	-121.550	-217.000	0.000
1007	183125	1	2227.027	15.00	49.76870	556.24658	-93.280	18.291	0.000	-55.278	-63.706	-79.000	2500.000
1008	183332	4	-699.195	14.00	49.40184	555.54553	-297.155	31.671	0.000	-132.451	-94.259	-207.000	0.000
1009	183542	4	-847.857	14.00	49.67144	556.17975	-327.161	-13.731	-80.000	-119.123	-97.842	-210.000	0.000
1010	183583	2	-2305.831	13.00	52.79380	558.19604	-54.659	0.577	-120.000	-51.459	-39.291	-41.000	-2000.000
1011	183814	4	-645.952	13.00	50.91809	555.47412	-313.016	70.434	0.000	-68.848	-103.522	-231.000	0.000
1012	184062	4	-1153.665	13.00	49.96082	553.90735	-282.164	-15.914	-120.000	-322.216	-165.372	-248.000	0.000
1013	184148	2	-2498.916	13.00	51.34493	554.31049	-101.248	26.817	-140.000	-73.652	-124.833	-86.000	-2000.000
1014	184359	4	-1031.739	12.00	51.34154	554.78638	-286.265	-13.281	-200.000	-221.271	-99.921	-211.000	0.000
1015	184566	4	-667.194	12.00	49.41697	554.01501	-268.846	37.442	0.000	-108.512	-120.277	-207.000	0.000
1016	184777	4	-1382.909	12.00	49.13861	554.60559	-360.110	-8.281	-280.000	-375.517	-148.001	-211.000	0.000
1017	184998	4	-1196.601	12.00	48.16219	555.01172	-355.260	0.510	-300.000	-204.998	-115.854	-221.000	0.000
1018	185105	2	-2668.590	12.00	51.30774	554.87567	-186.528	-6.255	-140.000	-178.205	-50.602	-107.000	-2000.000
1019	185325	4	-1058.975	11.00	49.69686	555.67291	-312.661	17.848	-160.000	-266.887	-117.275	-220.000	0.000
1020	185547	4	-915.651	11.00	50.57888	555.72992	-341.855	17.075	-180.000	-77.770	-111.101	-222.000	0.000
1021	185763	4	-1172.872	11.00	49.87080	554.55164	-290.424	15.667	-380.000	-184.469	-117.647	-216.000	0.000
1022	185982	4	-790.037	11.00	49.93418	554.58380	-297.166	-0.082	0.000	-170.683	-103.105	-219.000	0.000
1023	186205	4	-1052.731	11.00	50.75505	554.41339	-334.494	-32.961	-140.000	-191.196	-131.081	-223.000	0.000
1024	186420	4	-964.255	11.00	49.88890	554.29712	-284.370	44.472	-140.000	-246.941	-122.416	-215.000	0.000
1025	186638	4	-999.881	11.00	49.06921	553.94476	-355.606	-14.083	-100.000	-179.434	-132.759	-218.000	0.000
1026	186862	4	-947.370	10.00	48.52044	554.55780	-353.925	-11.227	0.000	-216.371	-141.846	-224.000	0.000
1027	187049	2	-2932.484	10.00	50.27922	552.96271	-278.084	-10.301	-120.000	-236.666	-100.433	-187.000	-2000.000
1028	187082	1	2408.899	11.00	53.56605	551.38788	-27.990	8.267	0.000	-17.360	-21.018	-33.000	2500.000
1029	187228	2	-2951.010	11.00	50.40252	554.16473	-225.666	11.490	-460.000	-77.322	-53.512	-146.000	-2000.000
1030	187449	4	-809.940	11.00	49.51881	553.78149	-346.554	5.467	0.000	-132.518	-115.335	-221.000	0.000
1031	187675	4	-1540.228	10.00	48.58924	554.38605	-308.760	-26.549	-380.000	-435.391	-163.528	-226.000	0.000
1032	187773	2	-2586.668	10.00	47.95326	554.11603	-130.197	1.921	-220.000	-83.208	-57.185	-98.000	-2000.000
1033	187980	4	-771.566	10.00	50.36830	554.52979	-357.280	4.192	0.000	-99.786	-111.692	-207.000	0.000
1034	188196	4	-881.933	9.00	48.72866	552.97382	-326.161	-6.747	-80.000	-144.176	-108.849	-216.000	0.000
1035	188309	2	-2858.073	8.00	49.20903	552.32452	-112.105	26.204	-480.000	-126.351	-52.821	-113.000	-2000.000
1036	188533	4	-861.551	8.00	46.82461	550.97772	-350.395	-29.875	0.000	-103.694	-153.587	-224.000	0.000
1037	188751	4	-788.855	8.00	48.84269	553.56158	-350.937	8.744	0.000	-116.439	-112.224	-218.000	0.000
1038	188956	2	-3132.895	8.00	48.94419	554.01617	-310.617	-25.791	-180.000	-264.479	-147.008	-205.000	-2000.000
1039	189149	2	-2811.703	8.00	48.02676	552.46301	-261.282	59.957	-60.000	-259.312	-98.065	-193.000	-2000.000
1040	189352	4	-1154.858	8.00	49.35259	552.62036	-312.254	-5.902	-280.000	-185.477	-168.225	-203.000	0.000
1041	189584	4	-814.536	8.00	47.58094	552.99158	-359.006	4.140	0.000	-115.710	-111.960	-232.000	0.000
1042	189803	4	-1100.732	8.00	48.75807	553.63501	-348.671	36.614	-200.000	-220.204	-149.470	-219.000	0.000
1043	189905	2	-2529.795	8.00	50.20238	553.21960	-154.546	-2.502	-80.000	-134.592	-56.155	-102.000	-2000.000
1044	190117	4	-849.924	8.00	47.96782	552.33301	-292.377	3.387	0.000	-210.550	-138.385	-212.000	0.000
1045	190340	4	-796.741	8.00	47.85900	550.71326	-348.202	14.679	0.000	-147.696	-92.522	-223.000	0.000
1046	190414	2	-3121.650	8.00	49.21550	551.51788	-93.405	3.303	-620.000	-282.430	-55.117	-74.000	-2000.000
1047	190640	4	-901.284	8.00	47.87701	550.60065	-367.281	-11.491	0.000	-153.638	-142.874	-226.000	0.000
1048	190866	4	-943.681	8.00	49.28535	552.21521	-328.508	14.288	-200.000	-108.886	-94.576	-226.000	0.000
1049	191005	1	1917.597	9.00	47.51239	551.47815	-161.792	35.913	0.000	-186.225	-131.299	-139.000	2500.000
1050	191186	2	-2946.757	9.00	49.74746	549.94617	-270.579	20.615	-360.000	-73.564	-82.229	-181.000	-2000.000
1051	191320	1	1812.169	10.00	48.68076	552.32971	-202.557	39.476	-80.000	-194.766	-115.983	-134.000	2500.000
1052	191541	4	-926.403	10.00	48.09986	549.27325	-258.659	24.493	0.000	-288.279	-182.959	-221.000	0.000
1053	191571	2	-2208.849	9.00	48.01037	548.29889	-66.660	-3.359	-80.000	-7.269	-21.561	-30.000	-2000.000
1054	191793	4	-887.243	9.00	49.36333	549.69910	-350.589	-15.739	-20.000	-122.286	-156.629	-222.000	0.000
1055	191839	2	-2743.945	9.00	49.68482	553.83545	-71.201	-3.118	-360.000	-223.393	-40.232	-46.000	-2000.000
1056	192050	4	-925.791	9.00	49.30415	550.20190	-330.093	29.865	-60.000	-228.576	-125.987	-211.000	0.000
1057	192264	4	-672.855	9.00	50.30564	550.09650	-320.637	20.341	0.000	-81.830	-76.729	-214.000	0.000
1058	192482	4	-1023.600	8.00	48.05669	549.88861	-368.751	-23.417	-140.000	-135.364	-138.068	-218.000	0.000
1059	192576	2	-2444.264	8.00	47.20477	552.03253	-131.150	-2.474	-100.000	-43.638	-73.003	-94.000	-2000.000
1060	192769	2	-2856.919	8.00	47.67967	549.77039	-333.359	-12.167	-120.000	-108.404	-89.990	-193.000	-2000.000
1061	192986	4	-693.451	8.00	49.89152	550.53461	-306.159	40.495	0.000	-107.605	-103.182	-217.000	0.000
1062	193203	4	-901.428	8.00	49.26290	550.92700	-375.528	-27.451	0.000	-144.303	-137.146	-217.000	0.000
1063	193425	4	-1296.043	8.00	48.93619	550.49390	-325.147	5.725	-460.000	-169.369	-125.252	-222.000	0.000
1064	193562	1	1980.907	9.00	47.46971	550.26636	-179.087	16.900	-80.000	-55.023	-84.883	-137.000	2500.000
1065	193631	1	2283.226	10.00	47.96391	552.97955	-94.700	18.471	0.000	-19.030	-52.515	-69.000	2500.000
1066	193711	2	-2471.400	10.00	49.58610	553.19299	-125.943	5.865	-120.000	-84.606	-66.716	-80.000	-2000.000
1067	193841	2	-2508.655	10.00	45.98462	549.41418	-210.510	10.605	-60.000	-42.229	-76.520	-130.000	-2000.000
1068	194049	4	-677.235	10.00	49.29598	548.93243	-288.439	57.433	0.000	-112.534	-125.694	-208.000	0.000
1069	194261	4	-856.311	9.00	47.76924	550.00067	-322.970	-18.680	-80.000	-96.141	-126.520	-212.000	0.000
1070	194464	4	-814.183	9.00	48.74693	550.42804	-319.492	-9.798	-60.000	-91.848	-130.045	-203.000	0.000
1071	194678	4	-869.512	9.00	47.71069	549.43591	-372.799	-7.283	-80.000	-87.474	-107.956	-214.000	0.000
1072	194900	4	-775.765	9.00	49.26111	549.02618	-315.878	-13.091	0.000	-104.807	-119.988	-222.000	0.000
1073	195113	4	-653.717	9.00	48.03246	549.74042	-241.639	37.819	0.000	-106.736	-130.160	-213.000	0.000
1074	195311	4	-784.687	9.00	49.00941	550.25116	-292.810	-11.918	0.000	-152.410	-129.548	-198.000	0.000
1075	195524	4	-805.691	9.00	48.93699	547.37360	-321.921	4.817	0.000	-156.254	-119.333	-213.000	0.000
1076	195729	4	-1534.515	9.00	48.58366	547.70087	-245.475	34.336	-520.000	-428.666	-169.711	-205.000	0.000
1077	195941	4	-715.965	9.00	49.08391	548.73730	-319.940	1.285	0.000	-81.391	-103.921	-212.000	0.000
1078	196161	4	-1407.617	9.00	48.00463	548.28345	-356.176	-7.851	-180.000	-439.335	-204.255	-220.000	0.000
1079	196191	2	-2321.489	9.00	48.91800	547.95691	-39.419	0.140	-140.000	-78.808	-33.402	-30.000	-2000.000
1080	196361	2	-2808.379	9.00	46.66055	547.23096	-275.591	-4.166	-180.000	-109.819	-68.802	-170.000	-2000.000
1081	196550	2	-2961.399	9.00	48.97408	550.56268	-261.510	45.919	-340.000	-95.747	-121.062	-189.000	-2000.000
1082	196624	1	2293.950	10.00	47.06721	546.60168	-83.017	9.626	0.000	-35.153	-23.506	-74.000	2500.000
1083	196841	4	-844.416	10.00	47.77133	547.52875	-362.611	-29.060	0.000	-113.553	-122.192	-217.000	0.000
1084	197054	4	-1078.189	10.00	49.26236	547.59796	-319.845	-23.811	-220.000	-160.397	-141.137	-213.000	0.000
1085	197275	4	-674.734	10.00	50.10595	548.74225	-275.235	-6.093	0.000	-79.999	-92.408	-221.000	0.000
1086	197489	4	-1005.530	10.00	47.80174	548.15826	-331.130	6.269	-240.000	-116.685	-109.984	-214.000	0.000
1087	197528	1	2431.033	11.00	48.79465	548.62427	-19.194	10.736	0.000	-6.457	-15.052	-39.000	2500.000
1088	197757	4	-906.070	11.00	48.11882	547.45538	-295.893	39.353	0.000	-295.413	-125.117	-229.000	0.000
1089	197978	4	-1018.072	11.00	47.58235	545.07422	-320.298	-36.739	-80.000	-217.568	-142.467	-221.000	0.000
1090	198070	2	-2345.521	11.00	48.71598	545.68823	-118.270	0.917	-40.000	-34.487	-61.681	-92.000	-2000.000
1091	198202	2	-2778.583	11.00	48.53507	549.85138	-206.486	-1.783	-160.000	-148.296	-130.017	-132.000	-2000.000
1092	198420	4	-824.427	11.00	47.66284	546.37183	-324.539	-10.009	0.000	-134.427	-137.452	-218.000	0.000
1093	198608	4	-648.962	11.00	48.36789	547.44629	-249.410	55.532	-60.000	-107.314	-99.771	-188.000	0.000
1094	198813	4	-795.030	11.00	49.46747	546.12756	-323.071	22.471	-140.000	-70.979	-78.451	-205.000	0.000
1095	198870	1	2374.783	12.00	50.75970	545.80444	-36.162	13.709	0.000	-23.244	-22.520	-57.000	2500.000
1096	199090	4	-652.034	12.00	48.46030	545.81622	-265.358	27.828	0.000	-75.924	-118.580	-220.000	0.000
1097	199152	1	2342.579	13.00	50.24812	545.48248	-61.431	20.440	0.000	-29.713	-24.717	-62.000	2500.000
1098	199362	4	-896.295	12.00	47.56104	545.11688	-288.650	16.546	-220.000	-117.603	-76.588	-210.000	0.000
1099	199577	4	-772.537	12.00	47.85497	544.93896	-329.147	-13.263	0.000	-119.225	-95.902	-215.000	0.000
1100	199801	4	-751.587	12.00	45.65306	545.35364	-366.213	40.295	-60.000	-54.293	-87.375	-224.000	0.000
1101	200024	4	-863.982	12.00	44.67916	544.50916	-326.963	7.000	0.000	-198.832	-122.188	-223.000	0.000
1102	200245	4	-763.290	12.00	45.94528	543.86804	-354.706	-15.556	-20.000	-53.595	-98.433	-221.000	0.000
1103	200466	4	-935.243	11.00	46.07438	544.52582	-352.912	-12.705	-80.000	-138.893	-129.732	-221.000	0.000
1104	200575	1	2111.982	12.00	48.29795	544.27234	-113.824	31.992	0.000	-117.968	-79.218	-109.000	2500.000
1105	200798	4	-763.200	11.00	46.51894	543.75458	-356.839	56.266	0.000	-123.120	-116.506	-223.000	0.000
1106	201014	4	-885.881	11.00	46.53869	545.92230	-341.422	-17.499	-100.000	-82.645	-128.315	-216.000	0.000
1107	201223	2	-2821.655	10.00	45.83266	543.22778	-321.169	10.954	-60.000	-113.683	-128.757	-209.000	-2000.000
1108	201441	4	-1007.818	10.00	46.42370	544.18494	-331.119	4.777	-300.000	-59.019	-104.456	-218.000	0.000
1109	201594	2	-2938.388	10.00	47.41613	543.01392	-170.532	41.677	-300.000	-233.563	-122.970	-153.000	-2000.000
1110	201818	4	-973.336	10.00	46.54098	545.05804	-331.317	1.525	-180.000	-133.108	-106.435	-224.000	0.000
1111	202048	4	-840.124	10.00	48.25080	544.39398	-331.339	32.082	-100.000	-99.162	-111.705	-230.000	0.000
1112	202119	2	-2460.987	10.00	50.58142	541.33887	-108.267	-2.099	-140.000	-82.689	-56.932	-71.000	-2000.000
1113	202328	4	-860.056	10.00	47.23049	543.21588	-342.019	-40.154	-100.000	-85.004	-83.879	-209.000	0.000
1114	202537	4	-924.313	10.00	48.32948	543.33636	-279.647	17.107	-120.000	-172.070	-160.702	-209.000	0.000
1115	202647	1	2052.316	11.00	45.58748	541.46240	-137.202	16.494	0.000	-116.218	-100.758	-110.000	2500.000
1116	202863	1	1590.413	12.00	45.56317	542.26501	-322.777	-106.590	0.000	-142.904	-121.316	-216.000	2500.000
1117	203084	4	-951.541	12.00	46.03333	541.88715	-308.289	18.205	-160.000	-148.337	-132.120	-221.000	0.000
1118	203208	1	2056.595	13.00	45.45845	543.27557	-155.003	29.586	0.000	-93.742	-100.246	-124.000	2500.000
1119	203393	2	-2780.510	13.00	46.18789	541.23499	-290.834	17.610	-140.000	-61.567	-120.719	-185.000	-2000.000
1120	203602	2	-2943.657	13.00	46.46900	542.72656	-330.149	-12.384	-120.000	-117.059	-155.065	-209.000	-2000.000
1121	203832	4	-898.295	13.00	45.41228	539.49976	-379.820	6.853	0.000	-148.070	-147.259	-230.000	0.000
1122	203931	1	1610.853	14.00	44.90573	542.72986	-121.471	23.699	-300.000	-276.230	-116.144	-99.000	2500.000
1123	204065	1	2124.334	15.00	47.72697	540.45099	-171.275	41.902	0.000	-49.213	-63.081	-134.000	2500.000
1124	204297	4	-714.559	15.00	45.79659	541.93219	-312.853	31.424	0.000	-98.941	-102.189	-232.000	0.000
1125	204510	1	1663.783	16.00	45.18568	541.50897	-311.750	26.955	-160.000	-55.728	-122.693	-213.000	2500.000
1126	204722	4	-716.261	16.00	47.55546	540.82275	-288.464	45.784	-20.000	-132.683	-108.897	-212.000	0.000
1127	204948	4	-858.822	16.00	46.19345	541.07440	-326.776	47.693	-100.000	-119.588	-134.151	-226.000	0.000
1128	205175	4	-940.279	15.00	45.92596	540.61206	-352.154	-7.474	-160.000	-74.818	-118.834	-227.000	0.000
1129	205390	4	-1178.579	15.00	45.37441	540.64667	-296.874	-32.982	-180.000	-272.670	-181.053	-215.000	0.000
1130	205586	2	-3010.528	15.00	45.05861	539.42029	-324.959	-6.328	-300.000	-95.138	-88.103	-196.000	-2000.000
1131	205741	1	2053.089	16.00	46.31379	539.95129	-207.468	41.835	0.000	-51.487	-74.792	-155.000	2500.000
1132	205783	1	2386.946	17.00	40.27845	539.91125	-28.537	15.343	0.000	-32.893	-24.967	-42.000	2500.000
1133	205975	1	1467.759	18.00	45.81788	540.07245	-296.792	-11.824	-240.000	-195.191	-96.434	-192.000	2500.000
1134	206195	4	-802.152	18.00	44.67393	540.17078	-325.884	-2.373	0.000	-169.467	-84.428	-220.000	0.000
1135	206420	4	-925.782	18.00	46.61895	540.66901	-342.474	-10.147	-80.000	-161.569	-106.592	-225.000	0.000
1136	206631	4	-829.254	18.00	45.25964	538.35883	-334.125	-9.039	-100.000	-100.964	-74.126	-211.000	0.000
1137	206850	4	-896.928	18.00	45.28555	539.14111	-281.726	29.803	-80.000	-225.974	-120.031	-219.000	0.000
1138	207073	4	-984.242	18.00	45.77073	538.71783	-325.087	36.771	-160.000	-168.878	-144.048	-223.000	0.000
1139	207272	1	1615.350	19.00	46.34895	539.92603	-268.690	5.483	0.000	-280.511	-141.931	-199.000	2500.000
1140	207492	4	-916.411	19.00	43.96817	537.60474	-277.244	80.407	-220.000	-174.549	-105.025	-220.000	0.000
1141	207662	2	-2771.813	19.00	45.67679	539.22174	-242.311	44.663	-260.000	-58.246	-85.919	-170.000	-2000.000
1142	207750	2	-2577.314	19.00	44.55576	538.94415	-149.166	7.324	-60.000	-225.458	-62.014	-88.000	-2000.000
1143	207969	4	-829.293	19.00	44.74603	539.48993	-313.583	-14.497	-40.000	-129.798	-112.416	-219.000	0.000
1144	208184	4	-749.436	19.00	47.16171	537.55536	-323.424	15.417	-80.000	-79.108	-67.321	-215.000	0.000
1145	208262	2	-2439.780	19.00	44.08057	537.06689	-91.817	0.834	-80.000	-119.644	-71.154	-78.000	-2000.000
1146	208484	4	-780.824	19.00	46.50381	537.92822	-335.322	-16.443	0.000	-91.627	-115.432	-222.000	0.000
1147	208710	4	-871.261	19.00	45.12064	536.97516	-392.924	-25.981	0.000	-92.442	-133.914	-226.000	0.000
1148	208867	1	2041.102	20.00	46.13372	537.87341	-181.562	14.916	0.000	-73.312	-61.941	-157.000	2500.000
1149	209092	4	-1033.501	19.00	44.68609	537.12567	-421.650	-171.745	0.000	-127.315	-87.791	-225.000	0.000
1150	209311	4	-793.008	19.00	44.15873	536.48804	-364.420	-13.457	0.000	-94.340	-101.791	-219.000	0.000
1151	209537	4	-860.703	18.00	44.62074	536.90485	-321.388	21.372	-80.000	-132.875	-121.812	-226.000	0.000
1152	209731	2	-2942.358	18.00	44.00364	536.23987	-320.975	-16.057	-180.000	-80.136	-151.190	-194.000	-2000.000
1153	209809	2	-2399.053	18.00	44.58498	536.46521	-152.238	-8.178	-80.000	-20.571	-60.066	-78.000	-2000.000
1154	209995	1	1561.580	19.00	45.96470	538.42468	-217.521	6.897	-220.000	-206.695	-115.101	-186.000	2500.000
1155	210066	2	-2362.960	19.00	45.12711	536.39697	-149.830	-2.443	-80.000	-40.083	-19.604	-71.000	-2000.000
1156	210297	4	-1473.929	19.00	45.25626	536.94714	-371.447	-60.439	-620.000	-69.358	-121.686	-231.000	0.000
1157	210458	2	-3132.630	19.00	46.53252	537.48590	-256.271	29.795	-500.000	-125.787	-119.367	-161.000	-2000.000
1158	210677	4	-840.047	19.00	43.88881	538.08521	-335.413	9.305	-80.000	-94.696	-120.243	-219.000	0.000
1159	210894	4	-988.537	19.00	45.07065	535.87085	-320.841	-5.495	-240.000	-89.770	-115.431	-217.000	0.000
1160	211113	4	-1121.761	19.00	44.22086	537.22302	-307.663	12.682	-360.000	-152.381	-95.398	-219.000	0.000
1161	211217	1	1958.778	20.00	46.83286	535.94104	-138.517	33.768	-60.000	-206.673	-65.800	-104.000	2500.000
1162	211442	4	-817.541	20.00	45.60799	535.88037	-362.359	34.439	-60.000	-113.138	-91.484	-225.000	0.000
1163	211655	4	-869.691	20.00	44.60299	535.24164	-335.865	-15.721	0.000	-146.978	-158.128	-213.000	0.000
1164	211856	4	-870.268	19.00	43.93930	535.70288	-259.395	-1.047	-100.000	-201.939	-106.886	-201.000	0.000
1165	212084	4	-779.606	18.00	46.77718	536.51270	-379.261	6.046	0.000	-80.087	-98.303	-228.000	0.000
1166	212288	4	-852.048	18.00	45.48035	536.51837	-249.275	26.143	-80.000	-205.194	-139.721	-204.000	0.000
1167	212369	1	2259.885	19.00	44.47223	533.68512	-72.453	19.955	0.000	-54.521	-52.096	-81.000	2500.000
1168	212590	4	-788.063	19.00	45.38559	536.24359	-334.274	-8.729	0.000	-97.493	-126.566	-221.000	0.000
1169	212687	2	-2347.659	19.00	43.39212	532.59027	-122.383	26.750	-60.000	-27.682	-67.345	-97.000	-2000.000
1170	212929	4	-897.810	19.00	45.21070	534.69452	-351.605	-11.989	0.000	-121.841	-170.375	-242.000	0.000
1171	213179	4	-847.950	19.00	44.30317	534.11877	-383.153	1.460	0.000	-118.115	-98.142	-250.000	0.000
1172	213385	4	-715.102	19.00	44.53863	535.75897	-263.714	-2.397	0.000	-135.623	-107.369	-206.000	0.000
1173	213604	4	-973.222	19.00	44.16846	532.74274	-299.993	45.620	-40.000	-326.139	-133.710	-219.000	0.000
1174	213767	2	-2689.626	19.00	45.81100	533.71484	-225.348	9.615	-60.000	-161.000	-89.893	-163.000	-2000.000
1175	213806	1	2393.839	20.00	48.35103	540.06110	-37.954	6.845	0.000	-14.612	-21.440	-39.000	2500.000
1176	214027	4	-692.772	20.00	44.13554	533.57861	-286.904	16.546	0.000	-123.200	-78.214	-221.000	0.000
1177	214243	4	-918.342	20.00	46.98777	535.53156	-350.431	29.939	0.000	-243.086	-138.764	-216.000	0.000
1178	214471	4	-815.950	20.00	47.04005	533.03870	-374.585	-4.265	0.000	-99.938	-109.162	-228.000	0.000
1179	214680	4	-867.460	20.00	44.67630	533.52203	-335.505	-2.192	-120.000	-78.186	-122.577	-209.000	0.000
1180	214876	2	-2913.530	20.00	43.63754	532.48389	-275.534	-3.844	-180.000	-140.912	-117.240	-196.000	-2000.000
1181	214947	2	-2329.890	20.00	44.04689	534.76947	-111.852	-7.806	-60.000	-31.803	-47.429	-71.000	-2000.000
1182	215154	4	-766.428	19.00	42.87202	534.05719	-332.612	-15.475	-20.000	-75.481	-115.860	-207.000	0.000
1183	215364	4	-733.056	19.00	44.50276	534.11902	-308.774	4.963	0.000	-93.299	-125.946	-210.000	0.000
1184	215441	1	1969.086	20.00	44.14577	533.42926	-78.938	8.283	-240.000	-99.453	-43.805	-77.000	2500.000
1185	215555	2	-2673.621	20.00	45.56417	533.51178	-228.189	-2.426	-260.000	-30.405	-38.601	-114.000	-2000.000
1186	215758	4	-807.138	20.00	45.88369	532.76794	-298.528	8.979	-120.000	-87.590	-106.998	-203.000	0.000
1187	215952	4	-650.266	19.00	44.83595	531.28558	-247.169	57.091	-80.000	-88.032	-98.155	-194.000	0.000
1188	216188	4	-1161.900	19.00	44.15851	530.20911	-369.611	20.997	-300.000	-147.745	-129.541	-236.000	0.000
1189	216341	2	-2605.751	19.00	42.40827	530.90265	-219.933	9.744	-80.000	-83.135	-79.427	-153.000	-2000.000
1190	216441	1	1974.991	20.00	43.23751	532.40820	-131.976	19.802	-200.000	-27.772	-85.063	-100.000	2500.000
1191	216666	4	-718.582	20.00	44.98303	532.17957	-360.259	8.948	0.000	-54.499	-87.772	-225.000	0.000
1192	217090	4	-1706.728	20.00	43.47660	531.30579	-597.495	-0.195	-100.000	-307.365	-277.673	-424.000	0.000
1193	217308	4	-1067.321	20.00	44.30207	531.88794	-333.312	-11.485	-220.000	-141.706	-142.819	-218.000	0.000
1194	217504	4	-717.319	20.00	43.50430	531.55237	-228.751	31.775	0.000	-224.814	-99.528	-196.000	0.000
1195	217707	2	-3013.907	19.00	45.74216	531.61090	-351.986	-19.017	-240.000	-77.396	-122.508	-203.000	-2000.000
1196	217830	1	1930.829	20.00	43.89515	528.37976	-136.433	29.971	-120.000	-170.568	-49.141	-123.000	2500.000
1197	218051	4	-768.699	19.00	43.36414	531.58112	-347.783	34.444	-80.000	-82.294	-72.067	-221.000	0.000
1198	218246	4	-884.357	19.00	45.00519	529.61017	-282.477	3.855	-180.000	-90.431	-140.303	-195.000	0.000
1199	218323	1	2219.904	20.00	41.00547	529.90082	-97.339	10.725	0.000	-42.797	-73.685	-77.000	2500.000
1200	218400	2	-2442.970	20.00	47.02762	528.81494	-139.042	1.664	-160.000	-10.358	-58.233	-77.000	-2000.000
1201	218594	4	-742.596	20.00	44.42605	529.96210	-315.216	11.869	-100.000	-69.287	-75.962	-194.000	0.000
1202	218629	1	2404.482	21.00	46.96778	530.04834	-34.775	7.788	0.000	-5.439	-28.091	-35.000	2500.000
1203	218740	2	-2758.445	21.00	43.27777	531.72174	-202.682	-18.101	-300.000	-54.172	-72.490	-111.000	-2000.000
1204	218819	2	-2439.624	20.00	44.85088	531.32349	-130.943	-4.720	-60.000	-94.105	-70.856	-79.000	-2000.000
1205	219028	4	-717.313	20.00	44.67806	529.63287	-275.295	-4.048	-40.000	-95.711	-93.259	-209.000	0.000
1206	219137	1	2154.991	21.00	43.11691	529.92767	-115.637	9.813	0.000	-63.705	-66.480	-109.000	2500.000
1207	219482	4	-1055.387	21.00	43.04077	529.86816	-440.821	49.018	0.000	-132.661	-185.923	-345.000	0.000
1208	219694	4	-815.849	21.00	43.91320	528.48053	-342.056	-16.321	0.000	-90.557	-154.915	-212.000	0.000
1209	219760	2	-2409.318	21.00	42.42694	530.27655	-91.391	-0.390	-180.000	-30.686	-40.850	-66.000	-2000.000
1210	219843	1	2217.498	22.00	44.36909	528.25043	-75.585	22.352	0.000	-86.189	-60.079	-83.000	2500.000
1211	219988	2	-2578.332	22.00	42.28935	528.27734	-166.491	9.495	-180.000	-41.844	-54.492	-145.000	-2000.000
1212	220205	4	-827.129	22.00	44.09931	529.26312	-348.141	-1.464	-140.000	-35.322	-85.203	-217.000	0.000
1213	220453	4	-782.318	22.00	43.44285	528.29681	-363.764	32.733	0.000	-90.270	-113.017	-248.000	0.000
1214	220731	4	-880.974	22.00	42.75260	528.43231	-399.105	24.877	0.000	-85.450	-143.297	-278.000	0.000
1215	220975	4	-901.811	21.00	44.47821	527.91895	-362.767	-4.850	0.000	-146.006	-144.188	-244.000	0.000
1216	221221	4	-928.326	20.00	43.10728	526.59619	-397.732	1.653	-60.000	-102.327	-123.919	-246.000	0.000
1217	221466	4	-1040.784	20.00	43.38268	529.10474	-359.821	38.345	-80.000	-245.703	-148.605	-245.000	0.000
1218	221533	2	-2351.092	19.00	44.15851	528.54614	-84.946	0.326	-100.000	-72.257	-27.215	-67.000	-2000.000
1219	221764	4	-735.821	19.00	41.71217	526.18347	-333.683	37.562	0.000	-63.097	-145.603	-231.000	0.000
1220	221991	4	-969.178	19.00	42.10446	526.34125	-378.066	-12.360	-200.000	-32.227	-119.525	-227.000	0.000
1221	222061	1	2298.125	20.00	42.52858	524.34473	-31.407	16.082	0.000	-85.250	-31.300	-70.000	2500.000
1222	222292	4	-968.358	19.00	43.76618	525.18567	-331.148	29.352	-220.000	-91.740	-123.822	-231.000	0.000
1223	222527	4	-774.926	18.00	43.57058	526.27393	-358.238	40.718	-20.000	-86.909	-115.497	-235.000	0.000
1224	222587	1	2361.417	19.00	39.28612	526.31592	-46.798	15.196	0.000	-18.279	-28.703	-60.000	2500.000
1225	222820	4	-818.284	18.00	43.74870	526.93176	-343.048	-11.280	-60.000	-60.865	-110.091	-233.000	0.000
1226	223051	4	-808.530	18.00	42.97825	525.48615	-362.295	-37.887	0.000	-79.106	-98.242	-231.000	0.000
1227	223291	4	-735.926	18.00	41.49554	526.38293	-340.025	44.659	0.000	-106.471	-94.089	-240.000	0.000
1228	223519	4	-1340.298	18.00	40.66831	524.12299	-332.369	33.082	-400.000	-265.418	-147.593	-228.000	0.000
1229	223735	4	-1108.742	18.00	40.95183	524.89136	-332.365	-27.277	-200.000	-185.415	-147.684	-216.000	0.000
1230	223956	4	-714.287	18.00	42.47890	524.90039	-317.981	3.878	0.000	-63.738	-115.446	-221.000	0.000
1231	224178	4	-939.261	17.00	42.29293	525.10522	-332.268	-19.763	-120.000	-137.299	-107.930	-222.000	0.000
1232	224212	2	-2253.791	16.00	43.72511	525.34265	-23.654	4.150	-180.000	-11.453	-8.834	-34.000	-2000.000
1233	224265	2	-2298.102	15.00	42.82023	526.24969	-94.679	-2.904	-60.000	-36.106	-51.412	-53.000	-2000.000
1234	224469	4	-636.768	15.00	44.11747	523.58301	-292.980	22.661	0.000	-72.597	-89.852	-204.000	0.000
1235	224647	4	-726.718	15.00	40.87193	524.85229	-282.438	17.352	-120.000	-60.454	-103.178	-178.000	0.000
1236	224836	4	-1042.828	15.00	43.65345	525.22510	-254.619	-11.815	-220.000	-239.798	-127.597	-189.000	0.000
1237	225012	4	-619.282	15.00	41.01725	525.92877	-285.649	6.641	0.000	-86.898	-77.376	-176.000	0.000
1238	225202	4	-798.564	15.00	41.33443	523.26306	-323.080	-28.182	-80.000	-76.257	-101.045	-190.000	0.000
1239	225388	4	-1077.584	14.00	42.59180	523.26691	-278.078	26.538	-140.000	-404.510	-95.534	-186.000	0.000
1240	225571	4	-532.400	14.00	44.05930	523.57904	-261.260	49.943	0.000	-60.000	-78.083	-183.000	0.000
1241	225666	1	2218.394	15.00	42.84616	525.45685	-90.920	20.541	0.000	-52.859	-63.369	-95.000	2500.000
1242	225847	4	-1004.549	15.00	41.83968	522.47668	-252.364	63.105	-360.000	-186.646	-87.645	-181.000	0.000
1243	226031	4	-764.790	15.00	41.90733	523.64069	-278.665	-28.036	-100.000	-95.030	-79.058	-184.000	0.000
1244	226221	4	-873.200	15.00	42.42075	523.00867	-298.963	27.745	-120.000	-176.145	-115.837	-190.000	0.000
1245	226403	4	-697.059	15.00	39.94062	523.68286	-279.274	-3.975	0.000	-157.173	-74.638	-182.000	0.000
1246	226545	1	2026.117	16.00	41.95095	523.17560	-188.161	2.581	0.000	-80.846	-65.457	-142.000	2500.000
1247	226692	1	2017.689	17.00	41.19926	522.17828	-187.454	66.504	-80.000	-53.042	-81.320	-147.000	2500.000
1248	226722	2	-2369.372	16.00	40.81918	522.44757	-41.239	0.403	-180.000	-88.928	-29.610	-30.000	-2000.000
1249	226904	4	-734.125	16.00	42.14579	523.01886	-271.067	-12.836	-40.000	-126.145	-102.076	-182.000	0.000
1250	227090	4	-652.312	16.00	42.19482	522.57294	-284.100	23.806	0.000	-106.125	-99.892	-186.000	0.000
1251	227277	4	-777.691	16.00	41.83048	521.90631	-303.701	-13.379	-120.000	-50.584	-103.027	-187.000	0.000
1252	227395	1	1686.961	17.00	40.94658	522.13062	-152.414	7.404	-240.000	-203.402	-106.628	-118.000	2500.000
1253	227538	2	-2514.990	17.00	43.18793	520.66553	-198.797	18.745	-80.000	-59.760	-52.179	-143.000	-2000.000
1254	227723	4	-633.313	16.00	42.78024	522.08112	-294.663	-2.061	0.000	-75.357	-76.232	-185.000	0.000
1255	227905	4	-718.607	16.00	41.32318	522.36047	-290.601	5.947	-120.000	-71.851	-60.102	-182.000	0.000
1256	227957	1	2196.630	17.00	46.37300	520.22333	-60.114	15.240	-120.000	-42.565	-43.931	-52.000	2500.000
1257	228130	2	-2885.744	17.00	41.96541	521.27899	-266.114	-25.751	-100.000	-202.726	-118.153	-173.000	-2000.000
1258	228324	4	-626.244	17.00	40.91098	521.09125	-258.101	27.474	-20.000	-90.145	-91.472	-194.000	0.000
1259	228355	2	-2257.803	17.00	40.61354	520.92535	-35.909	1.714	-100.000	-71.343	-21.264	-31.000	-2000.000
1260	228527	4	-537.419	17.00	41.73896	522.92432	-204.946	45.851	-60.000	-72.046	-74.278	-172.000	0.000
1261	228635	2	-2378.197	16.00	40.37326	520.34637	-141.525	12.592	-60.000	-36.879	-44.385	-108.000	-2000.000
1262	228815	4	-774.668	16.00	40.72458	520.00055	-255.101	3.257	-140.000	-110.197	-92.627	-180.000	0.000
1263	228986	4	-832.514	16.00	39.12708	520.47504	-253.132	27.862	-120.000	-236.322	-79.922	-171.000	0.000
1264	229016	1	2416.382	17.00	43.77862	524.48901	-20.613	8.082	0.000	-17.440	-23.647	-30.000	2500.000
1265	229046	1	2378.593	18.00	42.37389	520.26642	-44.985	-6.054	0.000	-11.395	-28.973	-30.000	2500.000
1266	229197	4	-738.021	18.00	38.91991	519.46271	-207.947	-3.292	-140.000	-145.487	-90.296	-151.000	0.000
1267	229374	4	-809.664	17.00	40.83387	519.79010	-279.807	-10.638	-100.000	-138.037	-104.182	-177.000	0.000
1268	229547	4	-595.306	17.00	39.33330	518.20685	-256.526	-2.770	0.000	-57.856	-105.154	-173.000	0.000
1269	229728	4	-693.528	17.00	40.82072	519.23450	-271.257	3.941	-100.000	-56.281	-88.931	-181.000	0.000
1270	229901	4	-819.196	17.00	40.12064	519.92523	-255.492	16.174	-220.000	-117.114	-69.764	-173.000	0.000
1271	230039	1	2054.892	18.00	41.66778	519.01526	-174.174	20.642	-20.000	-50.375	-83.201	-138.000	2500.000
1272	230172	1	2037.687	19.00	40.14999	519.17920	-113.542	51.156	-160.000	-64.335	-42.592	-133.000	2500.000
1273	230339	4	-553.685	19.00	40.85846	518.43378	-206.128	33.420	0.000	-89.256	-124.721	-167.000	0.000
1274	230509	4	-772.555	19.00	41.19629	518.56433	-265.759	40.288	-140.000	-151.462	-85.622	-170.000	0.000
1275	230539	2	-2349.176	18.00	41.17353	519.87170	-41.329	-0.905	-100.000	-125.280	-51.662	-30.000	-2000.000
1276	230728	4	-784.528	18.00	41.75314	518.09589	-263.294	26.748	-180.000	-72.720	-106.262	-189.000	0.000
1277	231172	2	-4057.001	18.00	41.10652	517.84662	-594.021	64.414	-480.000	-356.961	-246.432	-444.000	-2000.000
1278	231405	4	-854.688	18.00	42.64204	518.05225	-350.233	-1.231	0.000	-152.781	-117.444	-233.000	0.000
1279	231639	4	-1130.728	18.00	42.78899	517.40094	-349.247	13.670	-360.000	-83.264	-117.888	-234.000	0.000
1280	231732	1	2182.544	19.00	40.25027	518.00562	-121.260	6.785	0.000	-40.405	-69.575	-93.000	2500.000
1281	231973	4	-960.373	19.00	41.00617	516.73206	-347.053	33.546	-180.000	-107.969	-117.897	-241.000	0.000
1282	232212	4	-1476.305	19.00	39.82963	517.15820	-355.089	-16.110	-420.000	-305.849	-140.257	-239.000	0.000
1283	232460	4	-1097.472	19.00	40.90379	517.53766	-245.139	-11.661	-160.000	-301.900	-130.771	-248.000	0.000
1284	232566	2	-2365.383	18.00	38.99434	516.20227	-115.812	29.156	-60.000	-44.453	-68.275	-106.000	-2000.000
1285	232789	4	-852.329	18.00	39.45547	517.32123	-336.811	-14.035	0.000	-122.346	-156.136	-223.000	0.000
1286	232927	1	1984.110	19.00	40.37540	516.37268	-162.482	38.757	0.000	-186.048	-68.117	-138.000	2500.000
1287	233083	2	-3009.356	19.00	39.98866	516.51019	-202.899	22.467	-540.000	-61.880	-71.044	-156.000	-2000.000
1288	233306	4	-787.309	19.00	40.66824	517.44879	-382.798	-35.908	0.000	-69.193	-76.410	-223.000	0.000
1289	233438	2	-2504.055	19.00	42.05216	517.56665	-186.727	36.694	-100.000	-55.250	-66.772	-132.000	-2000.000
1290	233558	2	-2585.076	18.00	40.47277	516.84528	-169.116	6.020	-80.000	-162.979	-59.001	-120.000	-2000.000
1291	233788	4	-731.345	18.00	39.49053	517.24890	-360.416	-0.157	0.000	-54.822	-85.950	-230.000	0.000
1292	234000	4	-892.737	18.00	40.59781	515.28918	-308.833	-29.426	0.000	-191.550	-150.928	-212.000	0.000
1293	234057	1	2266.884	19.00	39.50740	515.70361	-50.736	16.750	-100.000	-19.134	-22.996	-57.000	2500.000
1294	234275	4	-748.852	19.00	41.66878	516.32086	-296.848	40.914	-60.000	-102.323	-112.595	-218.000	0.000
1295	234332	1	2352.596	20.00	37.91348	513.21716	-47.899	11.636	0.000	-26.284	-27.857	-57.000	2500.000
1296	234558	4	-841.113	19.00	42.06978	515.80023	-341.016	30.775	0.000	-181.767	-123.105	-226.000	0.000
1297	234672	1	2167.839	20.00	40.16217	514.76630	-138.155	26.333	-20.000	-31.838	-54.502	-114.000	2500.000
1298	234899	4	-819.258	20.00	39.24953	514.81256	-313.843	34.132	-100.000	-89.425	-123.123	-227.000	0.000
1299	235022	2	-2578.261	19.00	41.56848	513.87085	-168.747	-3.028	-80.000	-124.542	-78.944	-123.000	-2000.000
1300	235229	4	-885.232	19.00	40.62400	513.63977	-345.313	-12.388	-180.000	-56.152	-84.378	-207.000	0.000
1301	235455	4	-904.139	19.00	40.50160	514.57080	-325.367	6.626	-180.000	-102.280	-77.118	-226.000	0.000
1302	235673	4	-874.468	18.00	39.89931	513.26440	-350.467	-11.936	-120.000	-81.723	-92.341	-218.000	0.000
1303	235899	4	-805.206	18.00	39.23157	513.69128	-383.929	-12.412	0.000	-91.572	-91.293	-226.000	0.000
1304	236126	4	-786.688	18.00	39.38292	513.92725	-343.644	6.623	-20.000	-89.665	-113.003	-227.000	0.000
1305	236352	4	-748.822	18.00	41.48837	514.91638	-339.239	16.773	0.000	-105.638	-94.718	-226.000	0.000
1306	236572	4	-1198.142	17.00	39.23658	514.62897	-307.382	38.849	-380.000	-193.531	-136.078	-220.000	0.000
1307	236805	4	-745.323	17.00	42.13747	513.46185	-357.639	63.222	0.000	-122.583	-95.323	-233.000	0.000
1308	237045	4	-742.114	17.00	39.34086	514.37445	-315.058	57.901	0.000	-149.709	-95.249	-240.000	0.000
1309	237088	2	-2478.249	17.00	38.77771	516.70819	-68.658	-2.157	-60.000	-253.771	-50.664	-43.000	-2000.000
1310	237318	4	-826.602	16.00	39.49068	512.83826	-304.943	9.431	-100.000	-137.894	-63.195	-230.000	0.000
1311	237394	2	-2435.018	16.00	40.63937	514.05499	-114.199	-4.320	-80.000	-104.788	-55.710	-76.000	-2000.000
1312	237626	4	-726.205	16.00	39.60358	512.64905	-317.807	45.363	-20.000	-85.259	-116.501	-232.000	0.000
1313	237868	4	-760.638	16.00	38.15686	511.00684	-319.115	78.215	0.000	-96.741	-180.996	-242.000	0.000
1314	238106	4	-1256.297	16.00	40.07185	512.20178	-407.311	-22.802	-260.000	-168.336	-159.848	-238.000	0.000
1315	238233	2	-2391.445	16.00	38.90631	513.37610	-126.255	32.634	-60.000	-62.934	-47.890	-127.000	-2000.000
1316	238425	2	-2823.650	16.00	39.72721	512.49261	-284.161	-12.678	-120.000	-100.065	-114.747	-192.000	-2000.000
1317	238647	4	-832.962	16.00	38.95659	512.25568	-330.227	-3.158	0.000	-140.446	-137.131	-222.000	0.000
1318	238689	1	2347.316	17.00	37.11683	513.15326	-27.563	15.065	0.000	-71.371	-26.815	-42.000	2500.000
1319	238922	4	-1043.380	17.00	39.29610	510.59491	-369.321	40.528	-220.000	-136.158	-125.429	-233.000	0.000
1320	239009	1	2285.140	18.00	42.02367	511.72217	-79.744	33.418	0.000	-44.084	-37.450	-87.000	2500.000
1321	239242	4	-1091.578	17.00	40.32142	510.58426	-333.126	-2.684	-260.000	-110.163	-152.603	-233.000	0.000
1322	239333	2	-2337.479	17.00	38.22107	510.47995	-98.281	11.319	-80.000	-21.004	-58.513	-91.000	-2000.000
1323	239571	4	-941.789	17.00	39.46771	510.98209	-366.433	-30.128	-100.000	-105.757	-101.471	-238.000	0.000
1324	239802	4	-816.371	16.00	40.85956	511.42670	-340.088	8.224	-40.000	-119.718	-93.788	-231.000	0.000
1325	239954	2	-2846.646	16.00	39.61288	509.84317	-226.361	-2.560	-140.000	-221.961	-103.764	-152.000	-2000.000
1326	240189	4	-805.135	16.00	40.25452	509.27866	-327.508	16.562	-20.000	-105.827	-133.362	-235.000	0.000
1327	240430	4	-915.892	16.00	41.08646	509.32272	-351.243	-17.603	-40.000	-141.140	-124.905	-241.000	0.000
1328	240670	4	-1278.080	16.00	39.47409	510.17435	-297.705	0.949	-540.000	-103.325	-98.000	-240.000	0.000
1329	240716	1	2417.795	17.00	40.13240	507.45609	-32.440	11.906	0.000	-5.487	-10.184	-46.000	2500.000
1330	240958	4	-823.300	17.00	40.30060	510.15631	-260.911	41.601	-100.000	-168.691	-93.299	-242.000	0.000
1331	241190	4	-815.155	17.00	38.44251	509.28546	-334.968	3.062	-60.000	-68.215	-123.034	-232.000	0.000
1332	241424	4	-944.223	17.00	40.67733	510.05112	-384.185	-8.929	0.000	-173.909	-143.200	-234.000	0.000
1333	241516	1	2130.856	18.00	38.29676	508.75235	-96.145	38.274	-120.000	-31.280	-67.993	-92.000	2500.000
1334	241742	4	-740.242	18.00	37.69998	508.00293	-330.755	16.465	0.000	-91.127	-108.825	-226.000	0.000
1335	241977	4	-777.440	18.00	39.85299	507.54697	-364.197	-1.706	0.000	-41.601	-134.936	-235.000	0.000
1336	242213	4	-982.515	18.00	38.38095	507.02316	-354.368	38.350	-140.000	-154.690	-135.807	-236.000	0.000
1337	242445	4	-853.167	18.00	38.88535	508.34827	-343.653	1.894	0.000	-121.403	-158.004	-232.000	0.000
1338	242559	1	2151.048	19.00	37.34945	509.31628	-152.272	25.016	0.000	-19.104	-88.592	-114.000	2500.000
1339	242712	1	1997.959	20.00	37.99908	508.81351	-170.288	18.395	-100.000	-38.656	-58.493	-153.000	2500.000
1340	242946	4	-836.645	20.00	39.47791	508.26898	-377.570	-2.692	0.000	-91.056	-131.328	-234.000	0.000
1341	243086	1	1615.803	20.00	39.56350	507.31754	-181.085	47.604	-280.000	-189.031	-141.685	-140.000	2500.000
1342	243316	1	1897.974	21.00	36.97764	508.08838	-233.296	76.806	0.000	-129.035	-86.501	-230.000	2500.000
1343	243346	2	-2195.738	21.00	39.03673	508.38132	-22.231	1.662	-100.000	-16.521	-28.647	-30.000	-2000.000
1344	243402	1	2335.696	22.00	36.65452	507.57822	-60.862	10.564	0.000	-25.886	-32.120	-56.000	2500.000
1345	243634	4	-923.015	22.00	38.21560	507.20221	-356.718	-4.365	-140.000	-68.665	-121.267	-232.000	0.000
1346	243664	2	-2286.371	21.00	39.23266	505.83447	-38.201	-0.305	-120.000	-47.841	-50.024	-30.000	-2000.000
1347	243712	1	2316.846	21.00	37.19308	507.51749	-27.319	12.510	-80.000	-7.054	-33.291	-48.000	2500.000
1348	243863	2	-2770.132	21.00	40.59843	507.71289	-163.906	26.560	-300.000	-106.624	-75.163	-151.000	-2000.000
1349	244101	4	-967.053	21.00	38.42712	507.07367	-292.980	26.020	-140.000	-153.936	-168.156	-238.000	0.000
1350	244145	1	2399.019	22.00	41.07502	506.68048	-18.083	11.053	0.000	-35.998	-13.953	-44.000	2500.000
1351	244376	4	-717.691	22.00	40.52301	507.00812	-310.270	68.632	-80.000	-64.296	-100.756	-231.000	0.000
1352	244611	4	-964.829	21.00	38.23358	506.24634	-358.328	9.992	0.000	-242.205	-139.287	-235.000	0.000
1353	244845	4	-786.307	21.00	37.87712	507.53424	-328.961	11.118	0.000	-102.624	-131.840	-234.000	0.000
1354	245068	4	-1075.153	21.00	40.65905	507.53198	-305.299	6.053	-360.000	-97.618	-95.289	-223.000	0.000
1355	245147	2	-2349.085	21.00	38.26267	505.57089	-122.921	1.132	-60.000	-31.425	-56.870	-79.000	-2000.000
1356	245384	4	-1102.034	20.00	38.98721	505.09827	-308.919	62.857	-360.000	-119.001	-139.970	-237.000	0.000
1357	245477	1	2226.317	21.00	38.41659	507.61496	-110.325	13.555	0.000	-45.530	-38.382	-93.000	2500.000
1358	245507	2	-2640.777	21.00	36.66504	503.17493	-34.717	-0.650	-340.000	-213.085	-22.324	-30.000	-2000.000
1359	245752	4	-778.827	21.00	38.26792	507.47955	-379.405	27.427	0.000	-65.161	-116.687	-245.000	0.000
1360	245982	4	-930.012	21.00	38.90361	505.82037	-352.518	-31.296	-120.000	-76.964	-119.234	-230.000	0.000
1361	246219	4	-981.399	21.00	39.76952	506.04312	-380.899	-20.220	-120.000	-118.898	-104.382	-237.000	0.000
1362	246354	1	2042.939	22.00	37.51849	504.96939	-165.071	25.156	0.000	-95.955	-86.191	-135.000	2500.000
1363	246572	4	-704.018	22.00	39.18430	504.52182	-326.972	22.544	0.000	-93.605	-87.986	-218.000	0.000
1364	246730	2	-2783.606	21.00	38.09411	504.12659	-268.656	-8.132	-220.000	-48.071	-80.746	-158.000	-2000.000
1365	246775	2	-2199.495	20.00	38.41862	503.28094	-73.146	-1.137	-40.000	-12.746	-27.466	-45.000	-2000.000
1366	246824	1	2374.234	21.00	35.13514	504.02686	-56.635	13.631	0.000	-17.089	-16.673	-49.000	2500.000
1367	247058	4	-1447.198	21.00	38.06651	503.03223	-381.604	6.737	-420.000	-270.393	-147.938	-234.000	0.000
1368	247291	4	-872.073	21.00	38.32080	504.68753	-354.774	3.087	-140.000	-37.176	-110.210	-233.000	0.000
1369	247485	4	-1234.092	21.00	39.03010	504.63748	-274.974	19.155	-420.000	-229.503	-134.771	-194.000	0.000
1370	247531	1	2373.629	22.00	39.27833	502.12531	-50.652	9.786	0.000	-14.964	-24.542	-46.000	2500.000
1371	247766	4	-729.261	21.00	38.36373	503.38696	-369.429	16.590	0.000	-70.870	-70.552	-235.000	0.000
1372	247945	2	-2782.421	20.00	39.24673	505.69955	-238.427	55.821	-200.000	-103.168	-117.647	-179.000	-2000.000
1373	248152	2	-2735.546	20.00	39.83622	503.82687	-278.228	16.368	-40.000	-128.766	-97.920	-207.000	-2000.000
1374	248208	1	2338.156	21.00	36.95718	505.86200	-52.966	10.170	0.000	-38.135	-24.913	-56.000	2500.000
1375	248418	4	-1086.991	21.00	38.30710	504.40347	-318.254	26.137	-400.000	-77.614	-107.259	-210.000	0.000
1376	248657	4	-635.279	21.00	38.09962	503.32562	-314.787	91.382	0.000	-45.334	-127.539	-239.000	0.000
1377	248923	4	-996.415	21.00	38.00016	503.76373	-435.312	32.733	-80.000	-105.181	-142.655	-266.000	0.000
1378	249024	1	2197.980	22.00	38.40448	501.89673	-136.966	19.972	0.000	-16.860	-67.166	-101.000	2500.000
1379	249096	1	2263.712	23.00	40.53502	503.57959	-99.676	-1.304	0.000	-31.918	-31.390	-72.000	2500.000
1380	249153	2	-2478.396	22.00	37.61670	502.36679	-81.535	4.082	-280.000	-34.859	-29.085	-57.000	-2000.000
1381	249243	2	-2552.151	22.00	38.46107	503.83920	-162.860	-15.422	-140.000	-69.199	-74.670	-90.000	-2000.000
1382	249286	1	2378.442	23.00	36.80055	501.30270	-46.700	10.602	0.000	-24.793	-17.667	-43.000	2500.000
1383	249440	4	-502.894	23.00	37.89599	501.85706	-217.038	21.118	-40.000	-62.773	-50.202	-154.000	0.000
1384	249595	4	-581.126	23.00	38.87237	502.04315	-234.147	8.650	-60.000	-72.846	-67.783	-155.000	0.000
1385	249778	4	-937.381	23.00	36.40654	502.60361	-259.475	10.091	-360.000	-61.707	-83.290	-183.000	0.000
1386	249958	4	-645.579	22.00	39.02327	502.47760	-286.549	-16.127	0.000	-62.440	-100.464	-180.000	0.000
1387	250000	2	-2204.157	22.00	37.06092	501.73325	-65.006	1.267	-40.000	-23.860	-34.559	-42.000	-2000.000
1388	250150	1	1794.457	23.00	39.19187	502.75610	-192.359	31.071	-60.000	-226.802	-107.454	-150.000	2500.000
1389	250337	4	-531.366	23.00	39.93036	502.12250	-257.118	39.980	0.000	-62.533	-64.695	-187.000	0.000
1390	250492	2	-2590.870	23.00	38.57660	502.18063	-270.221	-30.387	-40.000	-43.999	-51.263	-155.000	-2000.000
1391	250683	1	1845.046	24.00	38.22038	501.69763	-189.508	59.464	-60.000	-140.275	-133.636	-191.000	2500.000
1392	250921	4	-717.599	24.00	36.75769	501.22745	-338.255	12.246	0.000	-76.986	-76.604	-238.000	0.000
1393	251092	4	-750.722	23.00	38.27233	501.51602	-262.657	-4.249	-60.000	-114.075	-138.741	-171.000	0.000
1394	251287	4	-675.430	23.00	38.87994	500.98895	-287.911	-10.983	0.000	-69.087	-112.449	-195.000	0.000
1395	251448	4	-570.688	22.00	37.68909	500.01810	-244.818	-9.073	0.000	-79.564	-76.234	-161.000	0.000
1396	251533	2	-2585.770	22.00	34.48497	502.52905	-138.805	-8.784	-180.000	-118.893	-54.288	-85.000	-2000.000
1397	251733	4	-721.637	21.00	37.86049	500.80554	-273.662	17.312	0.000	-103.667	-161.619	-200.000	0.000
1398	251930	2	-2761.572	21.00	37.15079	499.44669	-229.653	50.002	-40.000	-220.758	-124.164	-197.000	-2000.000
1399	252129	4	-683.338	21.00	36.47285	500.75986	-324.547	24.691	-40.000	-49.220	-95.261	-199.000	0.000
1400	252241	2	-2974.812	21.00	39.25054	501.27963	-134.206	30.751	-460.000	-218.537	-80.820	-112.000	-2000.000
1401	252436	4	-572.954	21.00	37.33860	500.51712	-253.806	12.573	0.000	-74.815	-61.905	-195.000	0.000
1402	252544	1	2063.670	22.00	39.34693	499.73459	-147.034	28.069	-120.000	-50.109	-39.256	-108.000	2500.000
1403	252791	4	-831.932	22.00	40.55382	501.11823	-324.251	87.202	-120.000	-112.149	-115.734	-247.000	0.000
1404	253027	4	-939.342	22.00	38.28534	500.31091	-352.639	10.276	-140.000	-102.710	-118.270	-236.000	0.000
1405	253103	2	-3140.890	22.00	35.08038	500.07480	-113.299	-0.629	-640.000	-246.083	-64.878	-76.000	-2000.000
1406	253330	4	-956.208	22.00	37.10357	500.28290	-338.618	2.664	-160.000	-112.974	-120.280	-227.000	0.000
1407	253549	4	-713.108	22.00	37.16659	499.15591	-306.313	48.527	-100.000	-48.558	-87.764	-219.000	0.000
1408	253785	1	1633.843	23.00	36.96547	498.00833	-305.568	64.277	0.000	-195.104	-193.762	-236.000	2500.000
1409	253870	1	2275.043	24.00	40.75294	498.76373	-98.989	27.118	0.000	-30.409	-37.678	-85.000	2500.000
1410	254159	4	-1297.308	24.00	38.36819	498.69998	-385.396	102.436	-440.000	-121.495	-163.853	-289.000	0.000
1411	254284	1	2212.728	25.00	37.13000	499.08420	-114.721	29.558	0.000	-28.278	-48.831	-125.000	2500.000
1412	254348	2	-2337.145	25.00	38.75604	499.18842	-55.420	2.186	-100.000	-77.210	-42.702	-64.000	-2000.000
1413	254605	4	-967.053	25.00	37.34151	500.11111	-291.810	6.763	-100.000	-210.720	-114.286	-257.000	0.000
1414	254842	4	-756.556	25.00	39.53556	500.74173	-312.821	23.883	0.000	-108.066	-122.552	-237.000	0.000
1415	255068	4	-740.331	25.00	37.92807	499.00711	-345.783	-13.008	0.000	-41.697	-113.841	-226.000	0.000
1416	255116	1	2395.726	26.00	37.69413	497.98105	-32.839	13.048	0.000	-13.206	-23.277	-48.000	2500.000
1417	255231	1	1881.092	27.00	35.42210	498.30524	-135.039	36.888	-260.000	-71.533	-74.224	-115.000	2500.000
1418	255465	4	-655.353	26.00	37.95118	498.06543	-298.911	74.565	0.000	-80.361	-116.647	-234.000	0.000
1419	255693	4	-1397.369	26.00	36.73056	496.98444	-363.549	-15.842	-440.000	-229.089	-120.890	-228.000	0.000
1420	255940	4	-961.927	25.00	37.22587	496.98334	-430.168	-19.812	0.000	-117.821	-147.126	-247.000	0.000
1421	256033	2	-2743.487	25.00	37.81551	497.53156	-171.610	-13.010	-300.000	-71.797	-94.070	-93.000	-2000.000
1422	256263	4	-852.566	25.00	37.79472	497.63766	-335.985	11.129	-60.000	-112.649	-125.060	-230.000	0.000
1423	256490	4	-765.278	25.00	37.88053	496.50302	-322.559	15.647	0.000	-90.480	-140.886	-227.000	0.000
1424	256520	2	-2499.203	25.00	38.79084	499.55762	-52.473	-2.206	-360.000	-36.173	-18.351	-30.000	-2000.000
1425	256748	4	-800.954	25.00	36.61066	497.31259	-319.191	72.651	-100.000	-107.931	-118.482	-228.000	0.000
1426	256810	1	2305.810	26.00	39.54854	497.40359	-58.973	12.909	0.000	-56.550	-29.576	-62.000	2500.000
1427	257044	4	-905.076	26.00	36.12186	497.09549	-338.116	46.748	-140.000	-94.785	-144.923	-234.000	0.000
1428	257078	2	-2714.051	26.00	34.32179	496.44968	-63.640	0.896	-460.000	-116.808	-40.498	-34.000	-2000.000
1429	257202	2	-2556.003	25.00	38.71529	498.53137	-185.370	6.079	-80.000	-70.850	-101.862	-124.000	-2000.000
1430	257337	1	2150.794	26.00	34.52396	497.19339	-147.441	25.788	0.000	-33.714	-58.840	-135.000	2500.000
1431	257577	4	-892.729	26.00	37.20996	495.63571	-363.679	8.176	-100.000	-76.985	-120.241	-240.000	0.000
1432	257807	4	-842.532	26.00	36.74360	496.59189	-301.724	-23.684	0.000	-169.527	-117.598	-230.000	0.000
1433	257918	1	2230.435	26.00	36.68793	495.80930	-100.404	15.051	0.000	-44.152	-29.060	-111.000	2500.000
1434	257988	1	2035.941	27.00	38.21906	494.68509	-58.678	14.953	-140.000	-172.159	-38.175	-70.000	2500.000
1435	258225	4	-897.653	27.00	36.28689	495.77994	-380.936	-48.542	0.000	-131.869	-99.307	-237.000	0.000
1436	258463	4	-957.499	27.00	36.08839	494.62463	-303.678	36.227	-100.000	-181.678	-170.370	-238.000	0.000
1437	258699	4	-1025.929	27.00	37.77554	495.97943	-352.037	49.520	-80.000	-254.526	-152.887	-236.000	0.000
1438	258940	4	-1424.500	26.00	38.01432	496.12671	-389.584	4.641	-460.000	-176.762	-161.795	-241.000	0.000
1439	259068	2	-2924.474	25.00	39.14576	495.92636	-191.911	-10.622	-300.000	-193.868	-100.073	-128.000	-2000.000
1440	259309	4	-690.748	25.00	36.47364	495.88052	-298.011	17.144	0.000	-72.080	-96.800	-241.000	0.000
1441	259548	4	-793.331	24.00	36.68629	495.79248	-358.914	0.819	0.000	-88.291	-107.945	-239.000	0.000
1442	259689	1	1932.174	24.00	38.40165	492.82785	-198.588	13.379	-80.000	-65.535	-96.082	-141.000	2500.000
1443	259917	4	-667.332	24.00	35.71892	495.19394	-316.030	57.543	0.000	-73.159	-107.686	-228.000	0.000
1444	260073	2	-2630.926	23.00	37.37703	494.06229	-247.331	10.169	-80.000	-74.243	-83.521	-156.000	-2000.000
1445	260306	4	-778.449	23.00	36.27434	495.34100	-354.710	25.777	0.000	-98.418	-118.098	-233.000	0.000
1446	260359	1	2340.875	24.00	35.85262	495.49261	-44.708	20.349	-60.000	-7.173	-14.593	-53.000	2500.000
1447	260600	2	-3240.470	23.00	38.29793	493.74866	-433.948	-155.979	-140.000	-107.728	-161.815	-241.000	-2000.000
1448	261069	4	-1791.002	23.00	36.86139	494.74561	-621.632	11.237	-40.000	-334.652	-336.955	-469.000	0.000
1449	261190	1	1651.682	24.00	37.61310	495.00189	-114.624	38.592	-240.000	-319.389	-91.898	-121.000	2500.000
1450	261430	4	-943.891	23.00	37.90982	494.83942	-356.718	34.534	-120.000	-150.123	-111.584	-240.000	0.000
1451	261666	4	-1063.498	23.00	37.14103	494.60666	-347.890	-24.234	-140.000	-173.876	-141.498	-236.000	0.000
1452	261905	4	-862.472	23.00	36.76737	495.15198	-351.655	70.152	-40.000	-99.837	-202.131	-239.000	0.000
1453	262137	4	-1222.628	23.00	39.02541	493.59079	-322.271	44.933	-300.000	-247.713	-165.577	-232.000	0.000
1454	262196	1	2320.715	24.00	37.91104	493.41208	-56.234	12.382	0.000	-43.338	-33.096	-59.000	2500.000
1455	262360	2	-2593.735	24.00	35.30236	492.85028	-259.607	1.171	-60.000	-27.460	-83.839	-164.000	-2000.000
1456	262586	4	-837.324	24.00	36.98795	493.23923	-349.607	-2.210	-100.000	-68.100	-91.407	-226.000	0.000
1457	262642	2	-2314.957	23.00	38.62019	491.84500	-69.610	-2.384	-80.000	-63.850	-43.113	-56.000	-2000.000
1458	262811	1	1847.338	24.00	35.92772	492.99893	-205.037	25.716	-60.000	-131.342	-112.999	-169.000	2500.000
1459	263044	4	-763.459	24.00	36.55109	492.63498	-283.117	32.042	0.000	-176.252	-103.132	-233.000	0.000
1460	263116	1	2276.329	25.00	36.02916	493.64392	-67.962	13.772	0.000	-62.255	-35.226	-72.000	2500.000
1461	263190	1	2281.807	26.00	36.69275	492.68954	-34.661	23.677	0.000	-88.062	-45.146	-74.000	2500.000
1462	263419	4	-690.920	25.00	36.22372	492.36673	-261.356	111.861	0.000	-153.738	-158.687	-229.000	0.000
1463	263660	4	-896.908	25.00	35.99857	492.70828	-369.000	-9.925	0.000	-148.355	-128.628	-241.000	0.000
1464	263906	4	-1005.153	25.00	36.17173	492.56760	-360.862	21.895	-100.000	-161.783	-158.402	-246.000	0.000
1465	263984	1	2238.531	26.00	34.66845	491.15295	-67.357	17.081	0.000	-86.996	-46.197	-78.000	2500.000
1466	264184	2	-2833.415	25.00	37.44375	491.56659	-281.044	29.199	-120.000	-120.228	-141.342	-200.000	-2000.000
1467	264411	4	-1061.320	25.00	37.78879	492.18787	-345.820	23.031	-140.000	-234.446	-137.085	-227.000	0.000
1468	264643	4	-757.325	25.00	36.51148	492.17853	-351.658	-15.594	0.000	-62.605	-95.467	-232.000	0.000
1469	264874	4	-892.593	25.00	36.91204	491.96942	-317.785	6.978	-100.000	-113.395	-137.391	-231.000	0.000
1470	265091	4	-897.836	24.00	38.06343	492.18808	-265.910	28.949	-60.000	-190.144	-193.732	-217.000	0.000
1471	265309	4	-643.428	24.00	35.46896	490.41611	-254.361	94.980	0.000	-146.504	-119.543	-218.000	0.000
1472	265532	4	-748.335	24.00	37.64966	491.38593	-347.934	16.657	0.000	-80.328	-113.731	-223.000	0.000
1473	265751	4	-837.375	24.00	36.18881	491.90659	-301.813	-2.664	-80.000	-102.470	-131.428	-219.000	0.000
1474	265943	1	1965.168	24.00	35.43388	491.18027	-215.953	22.134	0.000	-50.753	-98.260	-192.000	2500.000
1475	266503	1	561.007	25.00	35.99630	490.70966	-786.354	71.344	-80.000	-284.538	-299.445	-560.000	2500.000
1476	266666	2	-2623.755	25.00	37.33567	490.54660	-225.503	13.356	-60.000	-82.488	-106.120	-163.000	-2000.000
1477	266882	1	1819.656	26.00	36.96392	491.70749	-253.788	13.867	0.000	-136.103	-88.320	-216.000	2500.000
1478	266967	2	-2472.042	25.00	34.78683	489.28998	-88.096	2.214	-100.000	-162.284	-38.877	-85.000	-2000.000
1479	267175	1	1791.576	25.00	36.22328	490.14468	-252.708	9.716	0.000	-128.907	-128.526	-208.000	2500.000
1480	267419	4	-937.948	25.00	36.73424	490.73856	-316.408	14.140	-200.000	-81.151	-110.529	-244.000	0.000
1481	267568	2	-2739.417	25.00	37.49959	490.42233	-221.321	19.469	-200.000	-73.933	-114.631	-149.000	-2000.000
1482	267754	1	1725.699	25.00	36.70123	490.74753	-264.735	71.058	-60.000	-180.698	-153.926	-186.000	2500.000
1483	267808	1	2265.220	26.00	34.69149	489.39145	-92.125	-11.959	0.000	-44.427	-32.270	-54.000	2500.000
1484	267863	2	-2306.757	26.00	35.86578	490.93921	-23.032	8.393	-100.000	-90.235	-46.883	-55.000	-2000.000
1485	268094	4	-746.216	26.00	36.62593	490.64508	-307.388	1.436	0.000	-83.110	-126.153	-231.000	0.000
1486	268334	4	-849.225	26.00	37.64107	489.93576	-365.819	-1.703	-20.000	-81.141	-140.563	-240.000	0.000
1487	268383	1	2134.744	27.00	39.28858	487.21332	-54.132	11.674	-120.000	-98.835	-54.964	-49.000	2500.000
1488	268454	1	2214.508	27.00	36.80383	489.98849	-109.373	-28.133	0.000	-24.647	-52.340	-71.000	2500.000
1489	268692	4	-869.749	27.00	36.68473	489.27405	-363.839	3.234	-60.000	-88.681	-122.463	-238.000	0.000
1490	268742	1	2395.765	28.00	37.49017	488.72321	-39.906	13.754	0.000	-6.174	-21.910	-50.000	2500.000
1491	268865	1	1664.169	28.00	37.03933	488.34055	-153.584	0.786	-380.000	-98.227	-81.806	-123.000	2500.000
1492	269102	4	-733.878	28.00	35.94813	487.19980	-345.831	67.385	0.000	-90.172	-128.260	-237.000	0.000
1493	269350	4	-1060.643	28.00	35.26085	489.00183	-329.092	10.627	-160.000	-140.417	-193.762	-248.000	0.000
1494	269581	4	-902.897	28.00	36.93043	487.73428	-334.303	34.769	-140.000	-108.586	-123.776	-231.000	0.000
1495	269806	4	-1527.941	28.00	36.35445	489.22705	-342.730	9.169	-620.000	-225.544	-123.837	-225.000	0.000
1496	270025	4	-742.312	28.00	35.62103	487.97403	-320.882	21.671	0.000	-112.330	-111.771	-219.000	0.000
1497	270245	4	-782.253	28.00	35.20232	488.67535	-296.116	6.035	-120.000	-53.008	-99.165	-220.000	0.000
1498	270460	4	-745.631	28.00	35.44355	487.18103	-316.485	38.196	0.000	-118.721	-133.622	-215.000	0.000
1499	270659	2	-2794.247	28.00	35.19442	486.95325	-306.782	-2.272	-120.000	-58.487	-107.707	-199.000	-2000.000
1500	270729	1	2356.832	29.00	38.48088	485.67639	-25.851	23.359	0.000	-41.019	-29.657	-70.000	2500.000
1501	270962	1	1697.482	30.00	35.52203	487.76758	-305.785	-5.193	0.000	-127.029	-131.511	-233.000	2500.000
1502	270998	2	-2189.918	29.00	37.17043	484.99768	-57.915	-1.517	-60.000	-8.349	-26.137	-36.000	-2000.000
1503	271146	1	1932.489	30.00	37.12687	486.98779	-174.925	48.887	-60.000	-104.243	-129.229	-148.000	2500.000
1504	271381	4	-1072.368	30.00	36.52917	486.51630	-329.048	27.179	-300.000	-68.910	-166.589	-235.000	0.000
1505	271616	4	-1209.926	30.00	35.19464	487.11987	-331.015	39.832	-240.000	-299.783	-143.960	-235.000	0.000
1506	271702	1	2259.240	31.00	37.55362	486.08499	-103.312	28.669	0.000	-13.904	-66.214	-86.000	2500.000
1507	271947	4	-899.079	31.00	35.89236	487.31750	-370.729	19.921	-120.000	-81.574	-101.698	-245.000	0.000
1508	271986	1	2387.157	31.00	38.51303	488.57788	-31.442	10.566	0.000	-24.722	-28.245	-39.000	2500.000
1509	272212	4	-738.353	30.00	36.48212	486.72519	-314.002	32.999	0.000	-108.864	-122.487	-226.000	0.000
1510	272383	1	1775.060	31.00	33.79207	485.05331	-216.105	40.185	-80.000	-199.587	-98.433	-171.000	2500.000
1511	272605	4	-689.313	30.00	37.37048	486.10248	-313.584	38.378	0.000	-75.607	-116.501	-222.000	0.000
1512	272850	4	-1080.119	30.00	36.93155	485.59467	-293.115	37.871	-100.000	-313.491	-166.385	-245.000	0.000
1513	272950	1	2205.183	31.00	34.01190	485.57755	-97.127	33.256	0.000	-47.670	-83.276	-100.000	2500.000
1514	272990	1	2405.207	32.00	35.16081	484.58148	-21.823	13.016	0.000	-3.733	-42.252	-40.000	2500.000
1515	273229	4	-754.994	32.00	36.96770	485.83072	-339.724	53.564	0.000	-124.239	-105.595	-239.000	0.000
1516	273317	1	2182.663	32.00	35.43480	484.11487	-108.363	14.352	0.000	-70.285	-65.041	-88.000	2500.000
1517	273508	1	1644.426	32.00	34.94462	484.79083	-281.855	-107.071	-100.000	-84.946	-90.701	-191.000	2500.000
1518	273730	4	-865.051	32.00	37.30587	483.57629	-309.904	4.383	-40.000	-130.106	-167.424	-222.000	0.000
1519	273959	1	1694.905	33.00	35.19009	483.98230	-268.795	18.346	0.000	-181.729	-143.917	-229.000	2500.000
1520	274010	2	-2384.323	33.00	35.48310	485.38129	-37.682	3.237	-100.000	-145.214	-53.664	-51.000	-2000.000
1521	274356	4	-1349.215	33.00	35.54454	484.58408	-523.752	48.231	0.000	-286.636	-241.058	-346.000	0.000
1522	274655	4	-1228.458	33.00	36.92034	484.12213	-323.926	70.377	-380.000	-182.232	-113.678	-299.000	0.000
1523	274911	4	-1356.940	33.00	36.75423	484.69687	-372.884	-5.411	-380.000	-236.847	-105.797	-256.000	0.000
1524	274968	1	2360.375	34.00	35.77851	484.40280	-35.860	12.892	0.000	-23.713	-35.944	-57.000	2500.000
1525	275202	4	-765.686	34.00	36.06908	483.95654	-288.286	35.492	0.000	-143.742	-135.151	-234.000	0.000
1526	275449	4	-954.102	33.00	36.17550	483.12054	-308.765	30.105	-180.000	-150.092	-98.350	-247.000	0.000
1527	275686	4	-799.463	33.00	34.55758	483.50241	-369.612	40.724	0.000	-89.352	-144.223	-237.000	0.000
1528	275741	1	2191.684	34.00	33.92564	481.92136	-69.353	13.836	-80.000	-47.278	-70.522	-55.000	2500.000
1529	275885	1	2164.055	35.00	37.09298	484.16776	-121.043	41.011	0.000	-67.495	-44.418	-144.000	2500.000
1530	276118	4	-870.079	34.00	34.80984	482.28079	-399.748	5.880	0.000	-130.713	-112.497	-233.000	0.000
1531	276361	4	-847.666	34.00	36.27649	482.62924	-332.317	47.302	0.000	-141.197	-178.454	-243.000	0.000
1532	276484	1	2078.122	35.00	35.18023	483.04767	-144.010	24.110	-60.000	-56.145	-62.833	-123.000	2500.000
1533	276657	1	1865.633	35.00	37.43479	482.74997	-179.370	76.814	-180.000	-69.539	-109.271	-173.000	2500.000
1534	276895	4	-773.540	34.00	33.94098	482.12784	-336.712	99.338	0.000	-111.108	-187.058	-238.000	0.000
1535	277136	4	-1000.399	34.00	36.80318	483.41373	-311.285	68.916	-60.000	-292.917	-164.112	-241.000	0.000
1536	277370	4	-1316.468	34.00	34.70177	481.33841	-345.777	38.471	-460.000	-162.259	-152.904	-234.000	0.000
1537	277494	1	1763.719	35.00	34.81323	482.49823	-124.625	45.183	-220.000	-197.104	-115.734	-124.000	2500.000
1538	277658	2	-2432.047	35.00	36.28788	482.43817	-106.105	63.936	-60.000	-99.007	-66.872	-164.000	-2000.000
1539	277886	4	-1116.726	35.00	35.17674	481.90466	-352.096	12.735	-300.000	-131.226	-118.139	-228.000	0.000
1540	278114	4	-746.817	35.00	36.78220	481.71634	-301.546	-5.497	0.000	-102.925	-108.849	-228.000	0.000
1541	278183	1	2340.621	36.00	38.23177	483.24048	-64.582	16.882	0.000	-32.809	-9.870	-69.000	2500.000
1542	278415	4	-1217.913	35.00	36.02003	481.55112	-344.663	-14.506	-120.000	-358.917	-147.826	-232.000	0.000
1543	278538	2	-2601.042	35.00	37.56388	482.79785	-196.803	2.570	-120.000	-83.032	-80.778	-123.000	-2000.000
1544	278703	1	1736.147	36.00	34.18081	480.77386	-213.356	2.249	-80.000	-190.950	-116.795	-165.000	2500.000
1545	278939	4	-902.595	36.00	35.75562	482.06052	-363.695	2.288	-100.000	-101.579	-103.610	-236.000	0.000
1546	279185	4	-677.846	35.00	35.33939	482.66019	-281.284	88.372	0.000	-105.485	-133.449	-246.000	0.000
1547	279342	1	2022.377	36.00	35.24415	480.54938	-177.218	20.975	0.000	-89.981	-74.399	-157.000	2500.000
1548	279580	4	-1033.731	36.00	34.98215	480.65250	-374.385	-11.535	-200.000	-91.561	-118.249	-238.000	0.000
1549	279814	4	-997.867	35.00	36.70100	481.60504	-288.106	77.784	-280.000	-87.656	-185.890	-234.000	0.000
1550	280054	4	-871.988	35.00	35.92613	481.22760	-336.507	-11.559	0.000	-135.375	-148.546	-240.000	0.000
1551	280294	4	-1149.222	35.00	36.04556	480.81903	-355.999	1.043	-260.000	-126.189	-168.078	-240.000	0.000
1552	280368	1	2098.195	36.00	38.36654	482.69257	-84.719	19.102	-200.000	-25.269	-36.919	-74.000	2500.000
1553	280430	1	2267.693	37.00	33.75286	479.41907	-25.137	20.654	-100.000	-43.113	-22.711	-62.000	2500.000
1554	280674	4	-593.289	36.00	37.17633	480.48959	-260.495	76.871	0.000	-80.451	-85.215	-244.000	0.000
1555	280909	4	-912.003	36.00	33.52804	479.48425	-313.741	94.882	0.000	-270.637	-187.506	-235.000	0.000
1556	281155	4	-1041.127	36.00	35.36514	479.46225	-378.728	-46.676	-140.000	-121.098	-108.625	-246.000	0.000
1557	281384	4	-763.602	36.00	34.59624	479.06000	-315.480	-13.447	0.000	-57.397	-148.278	-229.000	0.000
1558	281621	4	-698.047	35.00	35.47899	479.32208	-361.047	33.552	0.000	-51.636	-81.916	-237.000	0.000
1559	281857	4	-1120.008	35.00	35.69277	479.86328	-315.199	25.549	-400.000	-100.583	-93.775	-236.000	0.000
1560	282089	4	-961.485	34.00	36.27658	480.22806	-350.103	32.178	-220.000	-66.017	-125.543	-232.000	0.000
1561	282319	4	-1228.759	33.00	35.70986	479.19791	-310.396	13.785	-200.000	-387.676	-114.472	-230.000	0.000
1562	282553	4	-830.274	33.00	34.09842	478.38290	-357.233	-13.756	0.000	-75.990	-149.294	-234.000	0.000
1563	282613	2	-2465.802	33.00	34.24138	479.12097	-34.353	13.453	-200.000	-140.895	-44.007	-60.000	-2000.000
1564	282683	2	-2426.519	33.00	32.34512	478.78583	-114.065	-6.691	-60.000	-128.255	-47.508	-70.000	-2000.000
1565	282897	2	-2711.694	32.00	35.52959	478.65366	-291.062	52.401	-60.000	-101.601	-97.432	-214.000	-2000.000
1566	283370	4	-2754.607	32.00	33.95916	478.40280	-752.928	12.481	-740.000	-403.546	-397.613	-473.000	0.000
1567	283527	1	2051.743	33.00	34.08315	478.36349	-177.174	37.984	0.000	-65.085	-86.981	-157.000	2500.000
1568	283762	4	-769.608	33.00	35.56183	478.81775	-327.426	75.087	-80.000	-99.576	-102.694	-235.000	0.000
1569	283987	4	-1004.475	33.00	34.00779	477.02142	-353.728	-25.600	-180.000	-107.920	-112.227	-225.000	0.000
1570	284127	1	2114.321	34.00	34.08578	478.16690	-137.566	25.278	0.000	-58.948	-74.443	-140.000	2500.000
1571	284353	4	-883.482	34.00	34.57024	478.58731	-295.809	117.797	-160.000	-176.090	-143.380	-226.000	0.000
1572	284525	1	2004.295	35.00	33.95818	477.89963	-193.260	25.921	-20.000	-62.752	-73.614	-172.000	2500.000
1573	284725	1	1856.490	36.00	35.55997	477.41675	-240.082	42.748	-140.000	-39.920	-66.255	-200.000	2500.000
1574	284805	1	2214.609	36.00	34.63618	478.91913	-48.825	19.639	-80.000	-71.466	-24.739	-80.000	2500.000
1575	285057	4	-805.529	35.00	35.24347	476.94138	-338.906	37.046	0.000	-147.059	-104.609	-252.000	0.000
1576	285239	2	-2954.241	35.00	35.18297	477.03534	-326.982	-21.224	-200.000	-104.312	-119.722	-182.000	-2000.000
1577	285422	1	1827.182	35.00	35.03684	476.11090	-255.956	41.930	-120.000	-51.458	-104.334	-183.000	2500.000
1578	285641	4	-905.241	35.00	33.94740	476.56372	-322.522	-16.009	-20.000	-228.735	-98.975	-219.000	0.000
1579	285840	4	-935.870	34.00	34.25809	476.48898	-266.498	0.969	-240.000	-114.729	-116.612	-199.000	0.000
1580	286024	1	1959.851	35.00	34.87597	476.83984	-221.600	26.228	0.000	-77.691	-83.086	-184.000	2500.000
1581	286054	2	-2224.485	35.00	37.20327	477.91321	-31.237	0.516	-120.000	-21.934	-21.830	-30.000	-2000.000
1582	286084	2	-2336.478	34.00	34.73539	476.63171	-31.915	1.804	-200.000	-52.237	-24.130	-30.000	-2000.000
1583	286256	1	1818.493	34.00	33.49837	475.49460	-232.235	36.721	0.000	-184.148	-129.845	-172.000	2500.000
1584	286429	1	2052.412	35.00	34.34576	476.09128	-157.181	32.949	0.000	-80.672	-69.684	-173.000	2500.000
1585	286470	2	-2291.642	35.00	35.53258	476.72232	-22.048	2.393	-120.000	-71.599	-39.387	-41.000	-2000.000
1586	286712	4	-1480.196	35.00	34.17717	475.93948	-374.192	-19.406	-660.000	-89.722	-94.876	-242.000	0.000
1587	286949	4	-790.353	34.00	33.73611	475.55505	-322.903	24.067	0.000	-87.281	-167.236	-237.000	0.000
1588	287191	4	-989.443	33.00	33.78632	475.32968	-379.414	-15.852	-60.000	-178.598	-113.579	-242.000	0.000
1589	287244	1	2373.738	34.00	31.89012	474.30695	-56.773	19.571	0.000	-11.743	-24.317	-53.000	2500.000
1590	287479	4	-650.389	33.00	35.42480	476.04025	-269.725	75.438	0.000	-115.400	-105.701	-235.000	0.000
1591	287710	4	-972.349	32.00	32.92020	475.29935	-365.921	-11.926	-180.000	-82.436	-101.066	-231.000	0.000
1592	287773	2	-2275.833	32.00	34.68213	473.84308	-116.135	-12.054	-40.000	-13.619	-31.025	-63.000	-2000.000
1593	287927	1	2057.304	33.00	34.56582	474.65817	-168.912	58.079	0.000	-80.321	-97.543	-154.000	2500.000
1594	288155	4	-711.353	33.00	35.52484	474.62744	-326.425	65.539	0.000	-130.703	-91.763	-228.000	0.000
1595	288387	4	-929.602	33.00	34.18779	475.15030	-348.426	-1.773	0.000	-232.580	-114.823	-232.000	0.000
1596	288595	4	-695.189	33.00	34.04190	474.08707	-318.108	11.520	-40.000	-60.235	-80.365	-208.000	0.000
1597	288698	1	2045.193	34.00	37.41683	473.98904	-113.348	8.648	-60.000	-121.986	-65.121	-103.000	2500.000
1598	288915	4	-796.041	34.00	33.84072	473.74979	-340.736	1.474	-20.000	-83.981	-135.797	-217.000	0.000
1599	289004	1	2274.926	35.00	35.56930	474.75461	-83.072	17.659	-40.000	-16.926	-13.735	-89.000	2500.000
1600	289098	1	2307.727	35.00	36.06215	473.87393	-69.247	29.043	0.000	-15.058	-43.010	-94.000	2500.000
1601	289175	1	2067.371	35.00	35.07872	475.27927	-81.949	22.287	-100.000	-153.816	-42.151	-77.000	2500.000
1602	289219	2	-2358.239	35.00	33.03609	473.87833	-67.842	5.558	-220.000	-15.581	-16.375	-44.000	-2000.000
1603	289458	4	-730.228	34.00	34.88894	474.27728	-291.236	20.803	0.000	-111.714	-109.080	-239.000	0.000
1604	289689	4	-1091.370	34.00	35.94275	474.16376	-335.746	59.633	-200.000	-226.205	-158.053	-231.000	0.000
1605	289925	4	-789.336	34.00	35.66133	474.75537	-381.312	15.649	0.000	-77.531	-110.143	-236.000	0.000
1606	290072	1	2016.133	34.00	33.81393	473.16415	-189.725	9.683	0.000	-60.807	-96.017	-147.000	2500.000
1607	290312	4	-735.947	34.00	34.26818	473.37454	-358.717	41.353	0.000	-87.636	-90.947	-240.000	0.000
1608	290557	4	-1283.625	33.00	34.10931	474.64636	-392.904	-5.144	-440.000	-77.972	-122.605	-245.000	0.000
1609	291030	4	-2253.158	33.00	33.63645	472.61172	-601.347	-56.871	-520.000	-354.869	-247.072	-473.000	0.000
1610	291097	2	-2606.400	32.00	35.45459	474.99951	-93.707	3.072	-200.000	-191.504	-57.261	-67.000	-2000.000
1611	291334	4	-776.026	32.00	34.38254	473.12848	-366.808	38.238	0.000	-89.069	-121.388	-237.000	0.000
1612	291562	4	-1284.342	32.00	33.92230	473.12997	-323.306	51.348	-500.000	-196.323	-88.061	-228.000	0.000
1613	291622	1	2231.266	32.00	34.04869	476.93326	-52.240	14.182	-120.000	-7.841	-42.836	-60.000	2500.000
1614	291858	4	-1238.224	31.00	35.28135	473.47314	-318.113	5.268	-440.000	-120.185	-129.195	-236.000	0.000
1615	292080	4	-863.066	31.00	33.17967	471.91541	-332.093	-2.697	-80.000	-128.337	-97.938	-222.000	0.000
1616	292309	4	-849.544	30.00	34.31463	471.59433	-351.045	-15.486	0.000	-156.999	-97.014	-229.000	0.000
1617	292538	4	-874.410	29.00	33.36094	471.91510	-354.791	39.956	-40.000	-122.294	-168.281	-229.000	0.000
1618	292766	4	-1074.278	29.00	33.64854	473.08862	-329.306	20.982	-280.000	-134.654	-123.300	-228.000	0.000
1619	292946	1	1613.339	29.00	34.48811	471.31281	-221.908	-9.558	-200.000	-157.456	-117.738	-180.000	2500.000
1620	293162	4	-664.315	29.00	32.32743	470.61636	-273.480	85.910	0.000	-105.449	-155.296	-216.000	0.000
1621	293382	4	-828.836	29.00	35.76908	471.06757	-324.302	3.813	0.000	-150.513	-137.833	-220.000	0.000
1622	293608	4	-864.152	29.00	33.29669	471.17603	-328.368	-12.284	0.000	-108.290	-189.210	-226.000	0.000
1623	293789	1	1995.503	30.00	31.82826	471.07053	-217.402	61.712	-20.000	-42.381	-105.426	-181.000	2500.000
1624	294040	4	-557.278	29.00	33.14443	470.39279	-246.018	90.254	0.000	-86.925	-63.589	-251.000	0.000
1625	294271	4	-816.011	29.00	34.28778	470.66916	-309.156	21.935	-40.000	-124.766	-133.024	-231.000	0.000
1626	294556	4	-1223.321	29.00	33.52645	470.17313	-396.674	-18.090	-40.000	-353.760	-129.798	-285.000	0.000
1627	294803	4	-956.068	29.00	33.43847	470.35443	-322.752	-19.419	0.000	-259.112	-107.785	-247.000	0.000
1628	295029	4	-738.366	28.00	33.90118	470.57483	-345.378	21.343	0.000	-78.094	-110.237	-226.000	0.000
1629	295266	4	-741.217	27.00	31.57036	469.75095	-312.970	60.778	0.000	-110.402	-141.623	-237.000	0.000
1630	295507	4	-749.139	27.00	32.98945	470.12018	-343.902	54.175	0.000	-83.047	-135.364	-241.000	0.000
1631	295654	2	-3145.938	27.00	35.43414	471.84433	-276.645	-28.407	-400.000	-195.759	-98.127	-147.000	-2000.000
1632	295746	1	2112.056	27.00	32.60248	470.06839	-122.953	23.643	-100.000	-28.714	-67.920	-92.000	2500.000
1633	295980	4	-740.886	26.00	35.50201	470.92126	-319.008	46.596	0.000	-103.802	-130.672	-234.000	0.000
1634	296209	4	-789.446	26.00	32.86279	470.39227	-370.598	1.952	0.000	-76.470	-115.330	-229.000	0.000
1635	296440	4	-708.788	26.00	33.85377	471.47552	-297.147	23.654	-40.000	-98.438	-65.857	-231.000	0.000
1636	296543	1	1479.823	27.00	32.74815	470.59531	-96.931	34.702	-400.000	-367.396	-87.552	-103.000	2500.000
1637	296784	4	-786.767	26.00	34.95821	469.38104	-257.445	53.227	0.000	-161.876	-179.673	-241.000	0.000
1638	297028	4	-673.561	26.00	33.24001	469.56250	-310.903	98.922	0.000	-98.116	-119.464	-244.000	0.000
1639	297264	4	-643.197	26.00	34.29835	469.04089	-280.212	90.728	0.000	-111.418	-106.295	-236.000	0.000
1640	297409	1	2121.788	27.00	34.27144	468.35443	-158.908	52.198	0.000	-37.129	-89.372	-145.000	2500.000
1641	297439	2	-2608.560	26.00	31.12872	468.77194	-22.890	-0.153	-340.000	-167.634	-47.884	-30.000	-2000.000
1642	297539	2	-2409.051	26.00	32.06892	469.75806	-105.380	2.810	-40.000	-96.140	-70.340	-100.000	-2000.000
1643	297764	4	-730.366	26.00	32.52593	468.96841	-283.967	23.581	0.000	-121.495	-123.485	-225.000	0.000
1644	297822	2	-2246.135	25.00	32.71572	467.09631	-55.502	18.828	-100.000	-22.228	-29.233	-58.000	-2000.000
1645	298058	4	-994.392	25.00	36.19284	468.84845	-324.625	20.919	-20.000	-281.608	-153.078	-236.000	0.000
1646	298134	1	2287.196	26.00	32.90606	467.90909	-66.383	21.723	0.000	-41.898	-50.246	-76.000	2500.000
1647	298371	4	-1029.818	25.00	34.05241	468.52182	-258.599	23.856	-400.000	-69.019	-89.057	-237.000	0.000
1648	298608	1	1350.007	26.00	35.34411	468.58701	-283.959	38.293	-460.000	-90.098	-117.229	-237.000	2500.000
1649	298643	1	2453.828	27.00	33.39688	470.43286	-8.627	10.889	0.000	-4.524	-8.910	-35.000	2500.000
1650	298879	4	-1174.946	27.00	34.21569	468.85120	-352.434	28.741	-260.000	-219.155	-136.098	-236.000	0.000
1651	299126	4	-784.601	27.00	34.33821	468.54193	-369.074	38.076	0.000	-95.493	-111.110	-247.000	0.000
1652	299297	2	-3068.510	26.00	34.21170	468.29889	-270.576	6.352	-420.000	-126.876	-86.410	-171.000	-2000.000
1653	299535	4	-974.551	25.00	33.66864	467.67346	-345.390	18.015	-200.000	-85.968	-123.208	-238.000	0.000
1654	299582	1	2303.036	26.00	35.06315	466.91187	-39.575	17.269	-60.000	-28.454	-39.203	-47.000	2500.000
1655	299816	4	-1112.606	26.00	34.73525	468.51038	-278.171	41.465	-300.000	-237.301	-104.599	-234.000	0.000
1656	300045	4	-723.848	26.00	34.74678	467.34671	-355.843	42.194	0.000	-56.858	-124.342	-229.000	0.000
1657	300127	2	-2930.393	26.00	33.56334	467.27524	-176.963	-13.456	-420.000	-176.259	-61.715	-82.000	-2000.000
1658	300352	4	-862.332	26.00	34.69177	466.60510	-344.509	60.541	-40.000	-165.859	-147.504	-225.000	0.000
1659	300584	4	-799.257	26.00	32.91154	468.10544	-369.446	-6.515	0.000	-79.580	-111.715	-232.000	0.000
1660	300649	1	2327.378	27.00	32.82956	468.28851	-51.487	15.391	0.000	-29.309	-42.217	-65.000	2500.000
1661	300891	4	-1036.340	27.00	32.87814	466.51913	-377.386	28.259	0.000	-271.312	-173.901	-242.000	0.000
1662	301118	4	-829.275	27.00	32.02223	467.11719	-311.591	14.566	0.000	-192.064	-113.185	-227.000	0.000
1663	301350	4	-870.211	27.00	34.05358	466.70090	-328.126	49.154	-60.000	-154.242	-144.997	-232.000	0.000
1664	301586	4	-856.415	27.00	32.01058	466.78674	-366.064	-8.318	0.000	-140.318	-105.714	-236.000	0.000
1665	301660	1	2233.556	28.00	32.63656	466.21500	-45.432	25.318	-100.000	-42.541	-29.788	-74.000	2500.000
1666	301828	1	2151.231	29.00	33.15614	466.94742	-160.905	63.315	0.000	-33.270	-49.908	-168.000	2500.000
1667	302108	4	-893.983	28.00	33.77716	466.04074	-358.657	103.632	0.000	-198.075	-160.882	-280.000	0.000
1668	302395	4	-1009.264	28.00	34.55795	466.10480	-329.231	101.200	-200.000	-128.500	-165.733	-287.000	0.000
1669	302484	1	2130.263	29.00	32.63556	465.87271	-101.022	14.924	-140.000	-12.594	-42.046	-89.000	2500.000
1670	302734	4	-889.522	28.00	34.40998	466.25601	-403.733	-5.265	0.000	-135.160	-95.364	-250.000	0.000
1671	302966	4	-882.029	28.00	33.80334	466.06052	-308.802	8.790	-80.000	-172.525	-97.492	-232.000	0.000
1672	303022	1	2298.310	28.00	34.04347	466.40353	-54.497	10.447	0.000	-54.253	-47.387	-56.000	2500.000
1673	303270	4	-726.011	27.00	33.82275	465.65274	-305.747	77.886	0.000	-141.081	-109.069	-248.000	0.000
1674	303352	1	2245.031	27.00	36.93707	466.19028	-85.353	17.460	0.000	-56.497	-48.579	-82.000	2500.000
1675	303596	4	-755.688	27.00	32.09202	464.69778	-269.221	55.780	0.000	-147.009	-151.238	-244.000	0.000
1676	303810	2	-2900.090	27.00	33.22541	465.98618	-300.666	20.851	-120.000	-148.836	-137.439	-214.000	-2000.000
1677	304045	4	-768.644	26.00	34.46639	465.79150	-329.106	10.833	0.000	-101.659	-113.712	-235.000	0.000
1678	304268	4	-714.423	26.00	34.52652	464.87436	-309.762	33.606	0.000	-92.715	-122.552	-223.000	0.000
1679	304310	1	2318.422	27.00	31.79300	463.71893	-39.292	9.248	-60.000	-34.956	-14.578	-42.000	2500.000
1680	304526	4	-587.537	26.00	33.09014	464.58179	-281.174	14.973	0.000	-41.926	-63.410	-216.000	0.000
1681	304737	4	-713.506	26.00	34.34543	464.65561	-296.226	15.955	0.000	-82.732	-139.503	-211.000	0.000
1682	304937	1	1723.134	27.00	33.10125	464.21417	-207.158	46.523	-160.000	-161.367	-94.864	-200.000	2500.000
1683	305168	4	-592.801	26.00	33.46212	464.67807	-283.804	88.231	-40.000	-42.686	-83.542	-231.000	0.000
1684	305295	1	2016.615	26.00	35.39397	465.33698	-166.199	39.401	-120.000	-30.278	-79.308	-127.000	2500.000
1685	305521	4	-872.794	26.00	32.68243	464.10806	-322.186	68.327	-140.000	-97.861	-155.074	-226.000	0.000
1686	305585	1	2332.299	27.00	36.72085	463.19049	-74.239	12.213	0.000	-18.401	-23.275	-64.000	2500.000
1687	305843	4	-828.029	27.00	34.33590	463.82617	-366.352	-9.292	-20.000	-80.235	-94.149	-258.000	0.000
1688	306079	4	-963.029	27.00	33.73226	462.73163	-330.181	-19.465	-60.000	-181.458	-135.926	-236.000	0.000
1689	306114	1	2410.545	27.00	36.25394	464.90085	-19.642	10.328	0.000	-28.498	-16.642	-35.000	2500.000
1690	306144	1	2418.228	28.00	32.20963	465.07681	-37.775	6.794	0.000	-2.063	-18.729	-30.000	2500.000
1691	306371	4	-1079.174	28.00	33.34284	463.51706	-329.682	6.085	-240.000	-150.823	-137.753	-227.000	0.000
1692	306603	1	1704.118	29.00	33.22355	463.46774	-303.820	7.885	-40.000	-115.540	-112.407	-232.000	2500.000
1693	306666	1	2398.109	29.00	32.53801	463.67017	-29.257	22.126	0.000	-14.785	-16.975	-63.000	2500.000
1694	306962	4	-1639.456	29.00	31.95257	463.87738	-375.559	47.647	-800.000	-99.907	-115.638	-296.000	0.000
1695	307206	1	1779.634	30.00	32.80170	462.45535	-300.492	85.760	0.000	-134.122	-127.511	-244.000	2500.000
1696	307435	4	-786.090	30.00	33.95093	464.24994	-286.393	31.235	-40.000	-158.044	-103.888	-229.000	0.000
1697	307505	1	2291.550	30.00	31.20776	461.59167	-84.304	7.836	0.000	-16.305	-45.677	-70.000	2500.000
1698	307730	4	-701.309	30.00	32.62967	463.01584	-290.258	55.250	-80.000	-48.704	-112.596	-225.000	0.000
1699	307949	2	-2812.197	29.00	32.89546	463.51709	-249.508	62.114	-120.000	-176.220	-109.584	-219.000	-2000.000
1700	308168	4	-605.047	28.00	33.88424	462.81635	-259.258	88.125	0.000	-95.524	-119.390	-219.000	0.000
1701	308406	4	-838.626	27.00	34.02988	462.40189	-278.610	15.056	-40.000	-220.874	-76.198	-238.000	0.000
1702	308588	2	-2918.237	27.00	32.52293	461.96851	-286.756	23.754	-180.000	-158.250	-134.985	-182.000	-2000.000
1703	308817	4	-869.851	27.00	36.19165	462.37180	-379.703	25.142	0.000	-170.626	-115.664	-229.000	0.000
1704	309047	1	1348.079	28.00	31.66388	463.73260	-342.244	50.986	-120.000	-352.710	-157.952	-230.000	2500.000
1705	309147	1	2292.730	29.00	32.30283	461.09219	-83.173	49.619	0.000	-28.407	-45.310	-100.000	2500.000
1706	309382	4	-742.655	28.00	34.53014	461.96478	-354.188	27.973	0.000	-82.722	-98.717	-235.000	0.000
1707	309435	1	2375.134	29.00	32.84023	462.39011	-35.158	14.280	0.000	-27.391	-23.597	-53.000	2500.000
1708	309673	4	-946.795	29.00	33.95284	461.21558	-275.219	29.103	-180.000	-157.585	-125.095	-238.000	0.000
1709	309939	4	-957.388	29.00	33.36087	461.82608	-399.800	63.659	-180.000	-53.254	-121.992	-266.000	0.000
1710	309991	1	2362.506	30.00	33.15824	461.61700	-55.173	15.106	0.000	-15.324	-30.103	-52.000	2500.000
1711	310050	2	-2281.911	30.00	35.63749	462.13382	-67.082	2.380	-60.000	-55.913	-42.296	-59.000	-2000.000
1712	310206	2	-2901.904	30.00	35.42986	461.61868	-214.209	48.069	-260.000	-236.202	-83.563	-156.000	-2000.000
1713	310444	4	-744.722	29.00	32.44132	461.41357	-330.126	49.795	0.000	-117.410	-108.981	-238.000	0.000
1714	310540	1	2269.998	30.00	35.26652	461.17850	-62.839	32.318	0.000	-71.671	-31.810	-96.000	2500.000
1715	310768	1	1936.199	31.00	33.31775	461.01318	-217.044	84.438	0.000	-88.750	-114.445	-228.000	2500.000
1716	311001	4	-890.319	31.00	32.70069	460.82095	-329.657	-22.063	-40.000	-140.249	-125.349	-233.000	0.000
1717	311232	4	-686.127	31.00	33.46986	461.32269	-323.886	56.011	0.000	-104.870	-82.382	-231.000	0.000
1718	311301	1	2307.107	32.00	34.95127	461.35153	-68.485	18.922	0.000	-15.356	-58.975	-69.000	2500.000
1719	311521	2	-2825.923	31.00	33.50553	460.19983	-284.850	28.164	-160.000	-107.392	-81.844	-220.000	-2000.000
1720	311555	1	2414.624	32.00	32.94041	463.14703	-22.904	10.512	0.000	-25.565	-13.418	-34.000	2500.000
1721	311748	2	-3198.378	32.00	33.32071	460.13873	-299.468	18.449	-140.000	-434.163	-150.197	-193.000	-2000.000
1722	311977	4	-794.226	32.00	32.78301	460.09146	-316.124	92.780	-120.000	-137.183	-84.699	-229.000	0.000
1723	312157	1	1747.758	32.00	32.23976	459.41101	-214.155	-2.769	-40.000	-138.945	-176.373	-180.000	2500.000
1724	312377	4	-585.982	32.00	34.01068	460.39999	-264.886	76.741	0.000	-102.397	-75.440	-220.000	0.000
1725	312482	2	-2368.929	32.00	33.70905	460.80038	-126.280	13.654	-40.000	-44.948	-66.353	-105.000	-2000.000
1726	312705	4	-883.585	32.00	32.97976	460.43262	-241.940	48.682	0.000	-298.434	-168.893	-223.000	0.000
1727	312735	1	2435.009	33.00	36.91164	459.27716	-11.988	10.052	0.000	-21.232	-11.823	-30.000	2500.000
1728	312966	4	-691.709	33.00	33.29217	459.84274	-340.730	42.428	0.000	-62.644	-99.762	-231.000	0.000
1729	313080	2	-2703.906	33.00	32.52902	460.75775	-134.413	15.659	-280.000	-112.694	-78.458	-114.000	-2000.000
1730	313166	2	-2307.504	33.00	33.33597	460.21701	-84.442	10.895	-80.000	-24.476	-43.482	-86.000	-2000.000
1731	313235	1	2337.207	34.00	35.17358	459.99088	-77.929	20.508	0.000	-11.684	-24.689	-69.000	2500.000
1732	313294	1	2349.754	34.00	32.72504	460.10403	-64.748	2.879	0.000	-7.798	-21.579	-59.000	2500.000
1733	313328	2	-2245.048	34.00	32.60298	460.11810	-72.096	-3.325	-60.000	-49.131	-26.496	-34.000	-2000.000
1734	313562	4	-656.696	34.00	33.44548	458.81830	-289.889	64.793	0.000	-69.271	-128.329	-234.000	0.000
1735	313793	4	-920.573	34.00	31.68164	459.19031	-297.979	108.964	-100.000	-189.170	-211.388	-231.000	0.000
1736	314035	4	-760.773	33.00	33.33280	459.67975	-324.774	70.472	0.000	-138.054	-126.416	-242.000	0.000
1737	314102	2	-2260.118	33.00	30.93406	458.60248	-79.967	19.402	-80.000	-29.462	-23.091	-67.000	-2000.000
1738	314213	1	2131.594	34.00	33.28408	458.12909	-127.640	30.379	0.000	-65.195	-94.951	-111.000	2500.000
1739	314380	1	1778.168	35.00	34.20120	458.86472	-143.724	55.960	-280.000	-84.986	-102.082	-167.000	2500.000
1740	314619	4	-1167.211	34.00	32.31505	458.21848	-361.214	-34.647	-240.000	-176.487	-115.864	-239.000	0.000
1741	314872	4	-991.814	34.00	34.63709	458.72769	-328.574	-23.643	0.000	-284.900	-101.697	-253.000	0.000
1742	315101	4	-936.343	34.00	32.79419	457.77588	-353.188	-6.842	-40.000	-152.401	-154.911	-229.000	0.000
1743	315332	1	1825.412	35.00	32.21681	458.56458	-287.159	105.814	0.000	-83.612	-178.631	-231.000	2500.000
1744	315482	1	1916.291	36.00	33.20551	459.05447	-181.094	48.361	0.000	-139.244	-161.732	-150.000	2500.000
1745	315724	4	-1047.557	36.00	32.12588	457.36087	-325.807	66.090	-260.000	-160.766	-125.074	-242.000	0.000
1746	315967	4	-871.474	35.00	32.27025	456.99341	-371.615	8.009	0.000	-150.299	-114.570	-243.000	0.000
1747	316037	1	2377.814	36.00	35.30243	458.09509	-43.617	23.732	0.000	-9.473	-22.827	-70.000	2500.000
1748	316096	1	2151.885	36.00	35.49964	458.77863	-35.457	8.637	-140.000	-73.580	-48.716	-59.000	2500.000
1749	316141	2	-2383.850	35.00	32.61657	457.94092	-78.972	6.159	-220.000	-14.996	-31.041	-45.000	-2000.000
1750	316374	4	-813.187	35.00	33.64597	458.14075	-354.558	37.985	-40.000	-96.017	-127.597	-233.000	0.000
1751	316609	4	-787.654	35.00	33.40811	457.55182	-347.768	10.278	0.000	-94.854	-120.311	-235.000	0.000
1752	316844	4	-1169.955	35.00	33.00461	457.30838	-284.334	48.197	-460.000	-121.438	-117.380	-235.000	0.000
1753	316898	2	-2228.949	35.00	32.13052	456.82611	-43.218	7.294	-80.000	-37.825	-21.199	-54.000	-2000.000
1754	317134	4	-751.220	34.00	33.86078	456.55728	-307.144	11.064	0.000	-109.635	-109.505	-236.000	0.000
1755	317228	1	2173.143	35.00	34.11030	458.72952	-130.449	7.741	0.000	-72.066	-38.084	-94.000	2500.000
1756	317293	2	-2282.193	35.00	34.41937	458.16858	-61.253	9.205	-80.000	-47.748	-37.398	-65.000	-2000.000
1757	317580	2	-3247.316	35.00	33.52477	456.44504	-374.486	-30.011	-240.000	-183.032	-132.786	-287.000	-2000.000
1758	317820	4	-926.670	35.00	32.38611	456.87177	-336.804	7.304	-120.000	-107.833	-129.337	-240.000	0.000
1759	317870	1	2145.852	36.00	30.43703	456.84692	-63.090	8.351	-120.000	-47.938	-81.470	-50.000	2500.000
1760	318108	4	-708.815	35.00	32.62936	456.30911	-283.096	64.358	-20.000	-125.769	-106.309	-238.000	0.000
1761	318343	4	-904.742	35.00	33.27613	456.54315	-322.444	5.592	-100.000	-122.019	-130.871	-235.000	0.000
1762	318583	4	-692.363	35.00	31.00317	456.34512	-306.635	113.160	-20.000	-116.755	-122.132	-240.000	0.000
1763	318643	1	2360.133	36.00	31.87289	455.25711	-42.412	18.541	0.000	-39.974	-16.022	-60.000	2500.000
1764	318877	4	-793.602	36.00	32.04952	456.06720	-269.223	52.809	0.000	-206.718	-136.470	-234.000	0.000
1765	319118	4	-727.211	35.00	32.84188	455.86505	-302.817	58.432	0.000	-121.546	-120.279	-241.000	0.000
1766	319345	1	1467.292	35.00	31.88427	455.04053	-282.811	41.573	-320.000	-102.577	-141.893	-227.000	2500.000
1767	319504	1	1968.831	36.00	33.66313	455.15408	-182.995	51.569	0.000	-189.170	-51.573	-159.000	2500.000
1768	319736	4	-723.163	36.00	32.99650	455.45956	-312.306	62.878	0.000	-156.275	-85.460	-232.000	0.000
1769	319836	1	2109.471	36.00	33.60027	456.66504	-113.729	35.303	0.000	-129.572	-82.531	-100.000	2500.000
1770	319960	1	1935.719	37.00	32.84377	455.26785	-115.807	45.268	-320.000	-19.682	-30.060	-124.000	2500.000
1771	320207	4	-816.123	37.00	33.52223	454.91879	-400.134	30.188	0.000	-92.607	-106.570	-247.000	0.000
1772	320437	4	-860.443	36.00	33.09214	456.03040	-350.389	11.179	0.000	-210.382	-80.851	-230.000	0.000
1773	320497	1	2278.061	37.00	30.63555	454.40433	-67.394	7.531	0.000	-53.142	-48.934	-60.000	2500.000
1774	320734	4	-617.714	36.00	33.97879	455.00122	-314.956	88.072	0.000	-45.905	-107.925	-237.000	0.000
1775	320807	1	2307.935	37.00	31.53491	455.42691	-66.799	16.208	0.000	-19.012	-49.461	-73.000	2500.000
1776	320948	1	2178.889	38.00	34.42060	454.55447	-127.418	38.812	0.000	-36.635	-54.870	-141.000	2500.000
1777	321187	4	-1167.027	38.00	33.43407	454.88565	-398.368	-10.213	-280.000	-92.912	-146.534	-239.000	0.000
1778	321321	1	1686.285	39.00	31.25623	455.01776	-139.812	-7.340	-160.000	-273.275	-99.288	-134.000	2500.000
1779	321554	4	-614.367	38.00	35.05725	454.20856	-279.398	46.131	0.000	-59.340	-88.760	-233.000	0.000
1780	321712	1	2025.387	39.00	34.10861	454.11560	-183.990	22.019	0.000	-80.838	-73.804	-158.000	2500.000
1781	321945	4	-1314.964	39.00	33.06062	454.88766	-352.033	42.619	-300.000	-333.821	-138.729	-233.000	0.000
1782	322055	1	2211.533	39.00	35.15383	454.20154	-75.036	47.282	0.000	-102.369	-48.344	-110.000	2500.000
1783	322187	1	2240.087	40.00	33.16232	452.74283	-95.204	44.423	0.000	-47.659	-29.474	-132.000	2500.000
1784	322433	4	-1170.811	39.00	34.00508	454.54489	-358.764	70.912	-280.000	-169.359	-187.600	-246.000	0.000
1785	322683	4	-937.546	39.00	32.83495	453.94339	-365.621	52.921	-140.000	-118.207	-116.640	-250.000	0.000
1786	322844	2	-2652.110	38.00	34.22777	454.50845	-227.196	-14.114	-80.000	-80.497	-89.302	-161.000	-2000.000
1787	322917	2	-2461.134	38.00	33.48113	454.75333	-71.367	14.233	-240.000	-22.868	-68.133	-73.000	-2000.000
1788	323147	4	-926.581	38.00	33.59455	453.22299	-288.456	63.600	-200.000	-146.639	-125.086	-230.000	0.000
1789	323398	4	-963.992	37.00	31.49380	453.60779	-371.846	-35.599	-140.000	-69.797	-95.750	-251.000	0.000
1790	323658	4	-934.949	36.00	33.92572	453.54083	-379.442	25.440	0.000	-174.810	-146.137	-260.000	0.000
1791	323712	1	2361.539	37.00	32.53901	452.25180	-60.735	16.694	0.000	-13.814	-26.606	-54.000	2500.000
1792	323895	1	1899.520	37.00	31.88851	452.79648	-233.788	2.478	-100.000	-31.541	-54.629	-183.000	2500.000
1793	324144	4	-894.856	36.00	31.36978	453.52747	-268.800	18.369	0.000	-278.606	-116.819	-249.000	0.000
1794	324237	1	2270.997	37.00	33.49071	452.82553	-90.375	32.048	0.000	-26.647	-51.029	-93.000	2500.000
1795	324476	1	1779.525	37.00	32.42412	452.77927	-295.052	43.850	-20.000	-136.756	-73.517	-239.000	2500.000
1796	324534	2	-2259.773	37.00	31.76116	451.80524	-79.120	0.199	-60.000	-30.056	-32.796	-58.000	-2000.000
1797	324677	1	2121.608	37.00	32.59878	453.16788	-160.180	55.359	0.000	-64.438	-66.133	-143.000	2500.000
1798	324907	4	-1141.865	37.00	32.11866	451.80582	-383.286	-175.711	-200.000	-56.508	-96.360	-230.000	0.000
1799	325090	2	-2729.948	37.00	33.02656	452.45560	-233.311	18.541	-120.000	-96.009	-116.169	-183.000	-2000.000
1800	325151	1	2334.684	38.00	33.78470	451.90732	-71.160	17.968	0.000	-18.317	-32.807	-61.000	2500.000
1801	325245	2	-2481.863	38.00	31.78802	451.48654	-127.325	18.435	-120.000	-82.942	-76.031	-94.000	-2000.000
1802	325433	4	-1538.472	38.00	33.23243	451.77765	-240.056	16.075	-520.000	-414.513	-191.978	-188.000	0.000
1803	325486	1	2088.735	39.00	32.09799	450.68805	-52.648	13.572	-180.000	-88.394	-50.795	-53.000	2500.000
1804	325675	4	-692.446	38.00	33.50813	451.60611	-233.381	31.463	0.000	-193.426	-108.102	-189.000	0.000
1805	325755	1	1903.468	38.00	36.31926	451.66153	-92.776	5.790	-180.000	-200.677	-48.870	-80.000	2500.000
1806	325913	4	-546.173	38.00	33.25512	451.55060	-230.950	2.208	0.000	-95.902	-63.530	-158.000	0.000
1807	326015	2	-2637.123	37.00	31.72726	451.90540	-153.156	18.597	-140.000	-222.589	-37.975	-102.000	-2000.000
1808	326209	4	-822.802	37.00	34.32820	450.98889	-216.140	51.525	-100.000	-239.057	-125.130	-194.000	0.000
1809	326364	4	-568.740	37.00	33.47819	451.86743	-203.902	37.782	-100.000	-74.414	-73.205	-155.000	0.000
1810	326474	1	2243.693	37.00	34.12894	450.47934	-114.796	37.139	0.000	-17.414	-51.236	-110.000	2500.000
1811	326557	1	2367.190	38.00	32.14322	450.43845	-38.485	24.476	0.000	-19.032	-16.767	-83.000	2500.000
1812	326706	1	1932.352	39.00	32.43774	451.11090	-93.414	46.875	-60.000	-192.898	-119.211	-149.000	2500.000
1813	326870	4	-654.337	39.00	32.80516	451.82498	-240.179	-41.449	-60.000	-84.410	-64.301	-164.000	0.000
1814	326913	1	2427.083	39.00	30.20637	451.08780	-25.718	15.068	0.000	-6.014	-13.253	-43.000	2500.000
1815	327086	4	-533.314	38.00	32.85471	451.02097	-274.946	-5.031	0.000	-39.561	-40.776	-173.000	0.000
1816	327260	4	-718.270	38.00	32.63352	451.22311	-213.362	16.204	0.000	-257.085	-90.027	-174.000	0.000
1817	327409	1	2007.692	39.00	32.59215	450.10608	-133.194	34.400	0.000	-165.807	-78.707	-149.000	2500.000
1818	327500	1	2295.598	39.00	34.12994	450.66614	-71.330	26.583	0.000	-29.075	-39.580	-91.000	2500.000
1819	327581	1	2306.849	40.00	32.27013	450.94064	-67.251	27.950	0.000	-9.675	-63.175	-81.000	2500.000
1820	327612	2	-2397.414	39.00	31.15454	451.10599	-64.899	-5.294	-180.000	-68.115	-48.106	-31.000	-2000.000
1821	327984	4	-1054.986	39.00	33.64294	450.13260	-405.626	137.044	0.000	-187.617	-226.786	-372.000	0.000
1822	328139	1	1767.219	40.00	31.50974	449.31854	-141.723	32.417	-160.000	-211.693	-96.783	-155.000	2500.000
1823	328324	4	-843.180	39.00	32.29273	449.83197	-247.332	9.717	-80.000	-263.297	-77.267	-185.000	0.000
1824	328366	1	2399.623	40.00	34.16587	452.87506	-44.706	8.809	0.000	-3.742	-18.738	-42.000	2500.000
1825	328549	4	-533.203	40.00	32.25835	449.84686	-215.034	63.251	0.000	-79.501	-118.919	-183.000	0.000
1826	328691	1	2086.906	41.00	33.92809	450.19415	-145.176	29.587	0.000	-86.616	-68.889	-142.000	2500.000
1827	328920	4	-566.439	40.00	33.03004	449.57562	-255.612	75.858	-20.000	-53.059	-84.625	-229.000	0.000
1828	329003	2	-2589.493	40.00	31.68541	450.33255	-118.884	0.996	-240.000	-49.709	-98.896	-83.000	-2000.000
1829	329088	1	2305.561	41.00	34.60838	449.58868	-77.199	15.622	0.000	-28.781	-19.081	-85.000	2500.000
1830	329144	1	2303.588	42.00	31.77464	449.20743	-81.399	-20.271	0.000	-11.794	-26.948	-56.000	2500.000
1831	329386	4	-815.294	41.00	33.00710	448.80600	-342.211	34.649	0.000	-160.066	-105.665	-242.000	0.000
1832	329430	1	2278.254	41.00	30.34676	447.82645	-19.264	12.595	-140.000	-10.486	-20.591	-44.000	2500.000
1833	329574	2	-2422.374	41.00	33.46876	449.89307	-128.591	44.076	-40.000	-104.870	-48.990	-144.000	-2000.000
1834	329700	1	1826.029	42.00	32.15147	449.14838	-139.636	50.120	-320.000	-65.181	-73.274	-126.000	2500.000
1835	329925	4	-519.414	42.00	32.12789	448.73395	-204.971	49.384	0.000	-74.542	-64.284	-225.000	0.000
1836	330036	1	2236.596	43.00	34.87320	449.25003	-103.145	54.051	0.000	-66.186	-37.124	-111.000	2500.000
1837	330277	4	-634.019	43.00	33.90417	448.06158	-271.167	112.448	0.000	-129.134	-105.166	-241.000	0.000
1838	330444	2	-2655.469	42.00	33.63877	448.00446	-204.579	23.079	-100.000	-95.668	-111.301	-167.000	-2000.000
1839	330695	4	-885.552	41.00	34.00133	448.50415	-347.417	11.833	0.000	-174.079	-124.888	-251.000	0.000
1840	330742	1	2353.218	42.00	30.39684	446.99161	-40.698	13.172	-40.000	-20.865	-11.391	-47.000	2500.000
1841	330817	1	2367.182	43.00	34.61697	448.15109	-48.986	21.018	0.000	-20.024	-9.826	-75.000	2500.000
1842	330875	1	2348.103	44.00	35.74268	449.03406	-53.509	12.006	0.000	-23.951	-28.443	-58.000	2500.000
1843	330928	1	2376.569	44.00	35.09542	448.87961	-47.244	12.943	0.000	-8.441	-27.689	-53.000	2500.000
1844	331004	1	2330.029	44.00	34.69259	448.71445	-77.262	31.285	0.000	-27.169	-20.824	-76.000	2500.000
1845	331190	4	-531.765	44.00	34.17429	448.46426	-247.772	39.887	0.000	-49.531	-88.349	-186.000	0.000
1846	331396	4	-826.549	44.00	35.11718	448.37631	-201.388	46.137	-140.000	-213.133	-112.165	-206.000	0.000
1847	331603	4	-652.413	43.00	33.60022	448.29398	-287.184	28.244	-40.000	-55.290	-91.184	-207.000	0.000
1848	331669	1	2166.197	43.00	34.50772	449.02197	-82.903	6.071	-140.000	-22.640	-28.331	-66.000	2500.000
1849	331722	1	2367.051	44.00	34.63976	446.37851	-57.265	20.366	0.000	-20.753	-22.298	-53.000	2500.000
1850	331951	4	-1357.364	44.00	31.85851	447.73270	-332.539	-171.766	-180.000	-327.600	-116.458	-229.000	0.000
1851	332063	2	-2751.961	44.00	34.76171	447.11649	-167.202	18.507	-380.000	-28.413	-82.853	-112.000	-2000.000
1852	332110	1	2375.248	45.00	30.69828	446.51755	-46.132	6.845	0.000	-13.567	-24.897	-47.000	2500.000
1853	332230	1	2219.532	46.00	32.26880	447.49548	-78.666	47.051	0.000	-44.777	-84.076	-120.000	2500.000
1854	332395	1	2162.462	47.00	32.87307	446.20142	-180.300	85.563	0.000	-24.992	-52.808	-165.000	2500.000
1855	332564	4	-719.877	46.00	33.23709	446.61493	-185.131	73.967	-200.000	-152.181	-87.532	-169.000	0.000
1856	332705	1	1704.255	47.00	33.31008	447.60013	-158.645	36.857	-220.000	-216.971	-95.986	-141.000	2500.000
1857	332743	2	-2157.481	47.00	32.26193	447.31168	-35.748	3.565	-40.000	-23.146	-24.152	-38.000	-2000.000
1858	332786	1	2339.109	48.00	31.74816	445.99423	-38.691	7.601	-20.000	-48.152	-18.648	-43.000	2500.000
1859	332850	2	-2290.727	47.00	35.61895	448.23291	-66.505	7.340	-60.000	-68.019	-39.544	-64.000	-2000.000
1860	333051	4	-915.223	47.00	31.24714	445.97183	-298.676	-19.009	-180.000	-104.322	-112.216	-201.000	0.000
1861	333184	2	-2663.847	47.00	34.84565	447.72342	-265.390	-18.106	-100.000	-65.173	-82.179	-133.000	-2000.000
1862	333334	1	2130.176	48.00	31.49944	445.92535	-152.129	59.699	0.000	-57.492	-69.902	-150.000	2500.000
1863	333422	1	2307.157	48.00	32.88433	446.79382	-62.560	25.869	0.000	-52.974	-15.178	-88.000	2500.000
1864	333616	4	-557.417	48.00	33.18748	445.82489	-237.537	36.897	0.000	-82.683	-80.095	-194.000	0.000
1865	333825	4	-621.753	48.00	31.83828	445.52466	-240.629	55.945	0.000	-95.589	-132.480	-209.000	0.000
1866	333856	2	-2215.578	47.00	27.62920	446.87250	-47.662	-0.721	-80.000	-35.560	-20.633	-31.000	-2000.000
1867	333945	1	2251.392	47.00	32.98332	446.38553	-85.912	15.766	0.000	-35.556	-53.906	-89.000	2500.000
1868	333994	1	2313.251	48.00	34.52967	443.92465	-68.567	-25.252	0.000	-14.861	-29.069	-49.000	2500.000
1869	334128	1	2146.915	48.00	32.68146	446.11752	-120.379	29.676	0.000	-73.192	-55.190	-134.000	2500.000
1870	334373	4	-608.980	47.00	32.30667	445.64130	-236.031	86.918	0.000	-102.441	-112.426	-245.000	0.000
1871	334434	1	2273.592	48.00	35.62329	445.38504	-37.553	20.120	0.000	-122.190	-25.784	-61.000	2500.000
1872	334704	4	-667.340	48.00	33.51957	445.30908	-328.508	91.581	0.000	-82.962	-77.451	-270.000	0.000
1873	334962	4	-993.565	47.00	33.51170	445.77753	-388.293	-8.261	0.000	-179.967	-159.044	-258.000	0.000
1874	334992	2	-2755.186	47.00	29.01067	444.41196	-45.616	-1.129	-500.000	-140.053	-38.388	-30.000	-2000.000
1875	335230	4	-679.489	46.00	31.73536	444.48166	-321.604	21.424	0.000	-76.606	-64.704	-238.000	0.000
1876	335546	4	-821.395	45.00	32.72628	445.04855	-417.794	74.069	0.000	-55.978	-105.692	-316.000	0.000
1877	335777	1	1453.668	46.00	32.19616	445.07053	-278.690	0.170	-280.000	-138.968	-117.844	-231.000	2500.000
1878	335945	1	2136.597	46.00	30.31476	444.63013	-117.904	59.322	0.000	-78.296	-58.526	-168.000	2500.000
1879	336216	4	-1056.730	46.00	31.91456	444.51077	-320.444	119.735	-240.000	-278.814	-66.207	-271.000	0.000
1880	336489	4	-986.155	45.00	33.32438	444.56543	-398.925	-35.597	0.000	-147.090	-131.542	-273.000	0.000
1881	336535	1	2296.897	46.00	29.98092	442.77777	-33.725	16.090	-120.000	-6.643	-12.825	-46.000	2500.000
1882	336714	1	2102.553	46.00	34.00745	444.90268	-155.343	54.863	-20.000	-43.890	-54.077	-179.000	2500.000
1883	336792	1	2368.167	46.00	29.95048	445.01205	-36.012	28.605	0.000	-20.574	-25.853	-78.000	2500.000
1884	337054	4	-575.186	46.00	33.00027	443.75851	-237.153	131.760	0.000	-87.895	-119.898	-262.000	0.000
1885	337337	4	-1095.830	46.00	32.42062	444.41895	-417.321	70.077	-120.000	-212.120	-133.467	-283.000	0.000
1886	337536	1	1957.230	47.00	33.33904	444.31451	-237.672	-12.367	0.000	-43.248	-50.483	-199.000	2500.000
1887	337670	1	2242.568	48.00	31.34275	443.56216	-108.511	57.457	0.000	-33.665	-38.712	-134.000	2500.000
1888	337755	2	-2366.141	48.00	31.42179	442.77206	-90.788	6.704	-80.000	-96.771	-20.287	-85.000	-2000.000
1889	337998	4	-1207.584	48.00	31.81918	442.77084	-284.298	18.854	-300.000	-283.728	-115.413	-243.000	0.000
1890	338255	4	-851.913	48.00	32.96278	443.05771	-296.269	52.562	0.000	-245.318	-105.889	-257.000	0.000
1891	338375	1	2256.233	48.00	32.88535	444.48770	-63.060	38.910	0.000	-73.024	-26.593	-120.000	2500.000
1892	338588	4	-883.148	47.00	31.07215	442.33234	-242.738	36.287	-280.000	-83.649	-100.048	-213.000	0.000
1893	338687	1	2195.897	48.00	34.18826	442.53412	-79.211	23.992	-80.000	-29.048	-40.836	-99.000	2500.000
1894	338918	4	-684.343	47.00	31.83761	442.08188	-305.989	53.570	0.000	-100.571	-100.354	-231.000	0.000
1895	338950	1	2421.503	47.00	35.88168	442.10190	-28.648	8.972	0.000	-10.670	-16.150	-32.000	2500.000
1896	339224	4	-1018.367	47.00	33.19317	442.94443	-437.758	-0.838	-60.000	-107.396	-138.375	-274.000	0.000
1897	339279	1	2357.145	47.00	32.49692	442.14648	-47.917	12.890	0.000	-9.571	-43.258	-55.000	2500.000
1898	339554	4	-1003.005	47.00	32.64600	442.18924	-383.495	40.789	-160.000	-118.345	-106.953	-275.000	0.000
1899	339828	4	-1453.377	47.00	32.55498	442.20105	-415.678	51.710	-320.000	-310.158	-185.251	-274.000	0.000
1900	340057	4	-801.131	46.00	32.27383	442.08344	-300.649	64.538	0.000	-210.969	-125.051	-229.000	0.000
1901	340287	1	1302.407	47.00	33.76010	442.22415	-331.329	39.271	-320.000	-259.369	-96.167	-230.000	2500.000
1902	340477	4	-723.258	47.00	33.57295	442.17532	-289.315	16.025	0.000	-164.107	-95.862	-190.000	0.000
1903	340644	1	2016.539	47.00	32.60856	441.49078	-205.158	22.009	0.000	-47.640	-85.673	-167.000	2500.000
1904	340877	4	-728.118	47.00	32.35764	441.70578	-251.394	29.492	-140.000	-71.556	-61.660	-233.000	0.000
1905	341113	4	-987.214	46.00	32.12042	441.99142	-290.945	93.242	-340.000	-110.611	-102.900	-236.000	0.000
1906	341233	1	2103.360	47.00	31.63167	440.34821	-88.879	33.816	-80.000	-93.005	-48.572	-120.000	2500.000
1907	341397	1	2220.424	48.00	34.58456	441.90686	-92.740	67.410	0.000	-33.989	-56.256	-164.000	2500.000
1908	341586	4	-863.845	48.00	31.44913	440.83627	-298.483	-115.431	-100.000	-85.963	-74.967	-189.000	0.000
1909	341792	4	-675.866	48.00	31.93702	440.91675	-259.775	38.769	0.000	-137.083	-111.777	-206.000	0.000
1910	341893	1	2230.722	48.00	33.63283	440.39499	-90.739	17.677	0.000	-36.984	-58.232	-101.000	2500.000
1911	342072	1	1970.990	48.00	33.97284	440.47839	-216.630	-0.512	-60.000	-38.331	-34.537	-179.000	2500.000
1912	342334	4	-866.499	47.00	31.90904	440.07028	-381.458	-2.116	0.000	-147.396	-73.530	-262.000	0.000
1913	342495	1	2068.724	48.00	30.50150	439.80698	-198.309	36.147	0.000	-54.838	-53.276	-161.000	2500.000
1914	342525	1	2397.373	48.00	30.62000	437.96231	-39.309	-5.313	0.000	-4.665	-23.339	-30.000	2500.000
1915	342597	1	2275.708	49.00	30.11404	440.71838	-33.196	20.638	0.000	-114.552	-25.182	-72.000	2500.000
1916	342890	4	-781.119	49.00	30.81124	440.02841	-274.303	78.010	-20.000	-188.841	-82.984	-293.000	0.000
1917	343129	4	-664.586	48.00	32.53409	440.07965	-289.990	107.696	-20.000	-101.995	-121.297	-239.000	0.000
1918	343262	1	2147.822	48.00	34.63914	439.59998	-122.819	39.481	-60.000	-41.637	-34.203	-133.000	2500.000
1919	343292	1	2417.424	48.00	36.39842	441.01111	-32.117	8.985	0.000	-13.978	-15.467	-30.000	2500.000
1920	343354	2	-2700.423	48.00	32.88110	440.20758	-112.833	-3.124	-340.000	-167.389	-15.077	-62.000	-2000.000
1921	343493	1	2121.626	49.00	31.47475	439.04480	-163.319	58.966	0.000	-63.875	-71.146	-139.000	2500.000
1922	343705	1	1773.807	49.00	31.42387	438.82135	-253.396	70.575	-200.000	-62.898	-68.474	-212.000	2500.000
1923	343782	1	2363.721	50.00	31.87192	438.27081	-37.049	21.828	0.000	-28.297	-15.761	-77.000	2500.000
1924	344001	4	-707.469	49.00	32.52349	438.92407	-277.583	56.458	-100.000	-66.073	-101.272	-219.000	0.000
1925	344115	1	1897.514	50.00	33.60236	439.92499	-135.603	51.373	-240.000	-74.159	-90.096	-114.000	2500.000
1926	344306	1	1421.198	50.00	31.34492	438.34628	-251.315	22.560	-580.000	-26.276	-52.770	-191.000	2500.000
1927	344429	1	2109.063	51.00	33.80778	438.00928	-73.046	52.497	-100.000	-102.796	-44.591	-123.000	2500.000
1928	344574	1	1535.065	52.00	35.07579	439.36954	-160.328	55.293	-420.000	-256.392	-38.507	-145.000	2500.000
1929	344853	1	1664.806	52.00	31.66199	438.43359	-360.258	41.085	0.000	-119.167	-117.854	-279.000	2500.000
1930	345004	2	-2409.324	51.00	34.46530	437.31415	-119.177	43.563	-100.000	-41.774	-40.935	-151.000	-2000.000
1931	345047	1	2399.291	52.00	30.54848	438.18915	-24.721	10.588	0.000	-21.314	-22.262	-43.000	2500.000
1932	345094	1	2362.403	52.00	31.48878	437.36652	-28.263	13.117	0.000	-35.998	-39.453	-47.000	2500.000
1933	345326	1	1807.045	53.00	32.12499	438.10883	-245.631	79.568	-60.000	-103.732	-131.160	-232.000	2500.000
1934	345564	4	-1570.188	52.00	33.55921	437.71173	-309.112	19.798	-360.000	-579.281	-103.593	-238.000	0.000
1935	345647	1	2208.228	53.00	35.86894	436.99213	-41.110	34.996	-60.000	-111.324	-31.335	-83.000	2500.000
1936	345890	4	-717.608	52.00	32.28291	437.87201	-284.842	59.349	-80.000	-77.094	-92.021	-243.000	0.000
1937	345990	1	2247.004	53.00	32.44173	437.68820	-84.443	20.049	0.000	-53.733	-34.869	-100.000	2500.000
1938	346100	1	1982.360	54.00	33.61463	439.18311	-106.430	38.019	-60.000	-206.459	-72.771	-110.000	2500.000
1939	346139	1	2438.367	55.00	30.12958	438.18069	-10.423	13.161	0.000	-22.252	-3.119	-39.000	2500.000
1940	346207	1	2112.577	55.00	29.79137	437.40918	-63.069	23.557	-220.000	-23.658	-36.253	-68.000	2500.000
1941	346400	1	1688.181	55.00	31.73215	438.96222	-221.087	24.985	-20.000	-322.845	-79.872	-193.000	2500.000
1942	346578	1	1861.089	55.00	31.62860	437.85446	-216.044	11.554	-80.000	-82.729	-93.692	-178.000	2500.000
1943	346608	2	-2206.072	54.00	31.95465	436.58893	-35.293	2.375	-120.000	-10.133	-13.022	-30.000	-2000.000
1944	346717	1	2236.325	54.00	34.07143	436.60770	-112.041	23.322	0.000	-27.998	-37.958	-109.000	2500.000
1945	347047	4	-960.498	54.00	30.50535	437.04651	-499.035	58.573	0.000	-79.994	-110.042	-330.000	0.000
1946	347374	4	-1265.958	54.00	33.12656	437.22839	-473.936	23.320	-100.000	-209.651	-178.691	-327.000	0.000
1947	347486	1	1639.739	55.00	34.87847	436.91873	-105.109	-7.472	-260.000	-340.525	-35.155	-112.000	2500.000
1948	347603	1	2138.317	55.00	31.97306	435.92438	-138.768	-31.670	0.000	-37.813	-36.432	-117.000	2500.000
1949	347808	4	-599.346	54.00	32.90982	437.20483	-259.425	92.148	-40.000	-102.467	-84.602	-205.000	0.000
1950	347838	1	2358.181	55.00	29.52085	435.99316	-25.925	10.589	-80.000	-3.148	-13.335	-30.000	2500.000
1951	348002	1	1991.276	56.00	33.19367	435.61005	-197.904	41.127	-100.000	-34.337	-53.609	-164.000	2500.000
1952	348229	4	-681.467	55.00	33.03450	436.52325	-206.556	36.914	-100.000	-107.233	-77.593	-227.000	0.000
1953	348318	1	2341.763	55.00	32.52563	436.53864	-65.379	27.696	0.000	-10.477	-21.077	-89.000	2500.000
1954	348495	1	1794.862	55.00	31.97810	437.55200	-164.587	32.632	0.000	-327.734	-68.448	-177.000	2500.000
1955	348677	2	-3052.245	55.00	31.11258	436.23700	-242.571	60.632	-420.000	-202.557	-65.749	-182.000	-2000.000
1956	348925	4	-640.017	54.00	33.49046	435.44183	-303.762	71.707	0.000	-71.504	-88.458	-248.000	0.000
1957	349164	4	-879.938	54.00	31.78269	435.76321	-322.205	-7.426	0.000	-193.752	-117.556	-239.000	0.000
1958	349370	4	-1251.714	53.00	35.92282	435.50494	-283.321	11.670	-320.000	-305.864	-148.199	-206.000	0.000
1959	349565	1	1919.050	54.00	32.47136	436.47244	-238.159	36.064	0.000	-80.209	-103.646	-195.000	2500.000
1960	349743	2	-2992.524	54.00	33.30899	435.78268	-249.390	-0.148	-280.000	-215.530	-69.456	-178.000	-2000.000
1961	349786	2	-2270.513	54.00	37.54945	434.81723	-47.529	0.712	-100.000	-43.944	-36.753	-43.000	-2000.000
1962	349873	1	2297.113	54.00	29.41341	435.43890	-58.690	22.348	0.000	-40.740	-38.805	-87.000	2500.000
1963	350073	4	-710.606	53.00	35.18759	436.10867	-191.866	69.574	0.000	-305.744	-82.570	-200.000	0.000
1964	350267	4	-610.491	53.00	33.08187	434.62497	-260.834	75.245	0.000	-135.091	-95.811	-194.000	0.000
1965	350451	4	-836.911	53.00	32.25415	435.63052	-272.180	22.176	-120.000	-221.546	-61.361	-184.000	0.000
1966	350636	4	-689.023	53.00	34.59777	435.28400	-253.717	45.476	-100.000	-114.830	-80.952	-185.000	0.000
1967	350826	4	-603.388	52.00	33.08963	435.48264	-249.568	2.350	0.000	-99.392	-66.778	-190.000	0.000
1968	351012	4	-728.508	51.00	31.57203	435.70279	-267.704	-16.585	-60.000	-108.071	-90.149	-186.000	0.000
1969	351195	4	-662.826	50.00	31.65534	434.68689	-262.439	51.939	-120.000	-71.294	-78.033	-183.000	0.000
1970	351225	2	-2135.788	50.00	31.53656	435.02780	-30.828	3.738	-60.000	-14.818	-3.880	-30.000	-2000.000
1971	351370	1	1859.623	50.00	34.22313	434.84735	-149.351	16.883	-240.000	-55.930	-66.979	-145.000	2500.000
1972	351413	1	2343.450	51.00	33.77058	433.63196	-55.626	6.484	0.000	-27.353	-37.056	-43.000	2500.000
1973	351560	1	2069.176	52.00	32.89950	434.82452	-167.312	43.521	0.000	-109.706	-50.326	-147.000	2500.000
1974	351592	1	2367.928	53.00	31.49184	435.96609	-19.967	7.984	-60.000	-3.011	-25.078	-32.000	2500.000
1975	351626	2	-2132.859	53.00	32.79176	435.93591	-32.032	3.738	-40.000	-19.526	-11.039	-34.000	-2000.000
1976	351721	1	2298.344	54.00	32.67536	432.96283	-68.090	30.395	0.000	-34.431	-34.529	-95.000	2500.000
1977	351765	2	-2705.644	53.00	35.40343	432.25165	-31.152	3.688	-280.000	-342.299	-11.882	-44.000	-2000.000
1978	351974	4	-747.016	52.00	32.49177	434.04932	-261.110	53.592	0.000	-218.728	-111.771	-209.000	0.000
1979	352177	4	-550.766	52.00	32.66217	433.89078	-302.221	33.193	0.000	-31.912	-46.826	-203.000	0.000
1980	352266	2	-2372.647	52.00	33.44394	432.93683	-76.897	27.355	-80.000	-73.094	-81.011	-89.000	-2000.000
1981	352424	1	1738.816	52.00	32.39434	433.73599	-178.146	23.023	-240.000	-125.377	-82.684	-158.000	2500.000
1982	352527	1	2171.847	52.00	33.96749	433.99579	-142.249	-12.776	0.000	-22.340	-47.788	-103.000	2500.000
1983	352715	4	-524.847	51.00	30.85959	433.17380	-248.451	18.940	0.000	-56.093	-51.243	-188.000	0.000
1984	352840	1	1839.372	52.00	34.06334	433.89545	-134.245	12.406	-120.000	-228.885	-64.904	-125.000	2500.000
1985	353056	4	-700.544	52.00	33.00516	432.47678	-332.638	34.736	-20.000	-61.365	-105.276	-216.000	0.000
1986	353170	1	2088.935	52.00	35.19997	433.50595	-106.989	31.490	-80.000	-78.381	-63.185	-114.000	2500.000
1987	353356	4	-753.239	51.00	33.99045	433.02771	-252.420	-40.737	0.000	-224.603	-49.480	-186.000	0.000
1988	353463	1	1600.387	52.00	34.97888	432.17795	-95.234	22.970	-420.000	-270.131	-30.217	-107.000	2500.000
1989	353497	1	2407.070	53.00	34.32000	432.96576	-32.756	7.666	0.000	-12.826	-21.014	-34.000	2500.000
1990	353681	4	-500.224	53.00	33.68180	433.29083	-237.355	48.017	-20.000	-63.223	-43.663	-184.000	0.000
1991	353760	1	2319.124	53.00	33.05671	432.98007	-79.450	29.152	0.000	-20.913	-30.665	-79.000	2500.000
1992	353885	1	2083.818	54.00	35.67115	431.25650	-114.342	39.966	-20.000	-129.377	-67.429	-125.000	2500.000
1993	354073	4	-845.147	53.00	30.28447	432.88904	-231.588	7.675	-60.000	-222.079	-151.155	-188.000	0.000
1994	354321	4	-1176.668	53.00	32.89207	431.53024	-359.640	39.212	-160.000	-354.110	-94.130	-248.000	0.000
1995	354555	4	-1146.562	52.00	34.40709	432.37561	-306.747	41.802	-60.000	-448.732	-138.886	-234.000	0.000
1996	354781	1	1778.927	53.00	32.99364	432.34119	-277.576	33.626	-40.000	-116.667	-94.456	-226.000	2500.000
1997	354985	2	-2836.824	52.00	35.02183	430.90869	-337.190	-44.248	-60.000	-123.443	-67.943	-204.000	-2000.000
1998	355225	1	1855.874	53.00	30.75382	430.92813	-264.246	11.180	-40.000	-40.273	-70.787	-240.000	2500.000
1999	355471	4	-763.087	53.00	32.19879	431.51990	-312.253	71.723	-60.000	-94.910	-121.647	-246.000	0.000
2000	355728	2	-3840.318	53.00	32.79498	431.72006	-180.531	68.154	-480.000	-903.109	-87.833	-257.000	-2000.000
2001	355963	4	-906.524	52.00	31.63333	430.76660	-408.337	-69.045	0.000	-82.424	-111.717	-235.000	0.000
2002	355996	2	-2269.686	52.00	36.62223	428.00037	-20.426	4.274	-180.000	-29.481	-11.053	-33.000	-2000.000
2003	356229	4	-779.062	51.00	30.81767	430.33603	-301.825	69.898	-80.000	-120.542	-113.593	-233.000	0.000
2004	356286	1	2344.586	52.00	32.71354	429.84814	-55.010	8.465	0.000	-6.661	-45.208	-57.000	2500.000
2005	356440	1	2095.081	53.00	32.70011	431.04703	-156.490	67.176	0.000	-72.325	-89.279	-154.000	2500.000
2006	356646	1	1863.256	53.00	33.71407	429.98599	-245.184	68.551	0.000	-122.218	-131.892	-206.000	2500.000
2007	356806	1	2157.207	53.00	31.47686	430.69061	-163.528	80.406	0.000	-51.923	-47.748	-160.000	2500.000
2008	357077	4	-680.822	53.00	32.97046	429.84140	-256.644	85.305	0.000	-114.159	-124.324	-271.000	0.000
2009	357198	1	2125.485	54.00	33.98719	429.86282	-132.906	20.898	0.000	-52.595	-88.912	-121.000	2500.000
2010	357252	2	-2286.528	53.00	36.56248	430.84821	-68.549	2.917	-80.000	-70.283	-16.614	-54.000	-2000.000
2011	357362	1	2255.339	53.00	33.49389	430.06317	-105.380	30.852	0.000	-30.568	-29.566	-110.000	2500.000
2012	357519	1	2229.173	54.00	32.50494	429.30035	-70.862	60.931	0.000	-65.468	-38.429	-157.000	2500.000
2013	357611	1	2342.709	54.00	32.93252	431.25259	-53.192	29.945	0.000	-13.690	-28.353	-92.000	2500.000
2014	357744	1	2117.992	54.00	33.02415	430.34708	-78.562	39.428	-140.000	-20.816	-49.058	-133.000	2500.000
2015	357794	1	2366.729	54.00	34.78237	430.81625	-39.985	15.960	0.000	-37.185	-22.061	-50.000	2500.000
2016	357991	4	-1291.529	54.00	31.49027	428.92084	-122.445	50.894	0.000	-927.038	-95.941	-197.000	0.000
2017	358199	1	1853.914	55.00	32.89270	429.52756	-249.274	72.112	-80.000	-77.488	-103.436	-208.000	2500.000
2018	358331	1	2239.783	55.00	32.59954	427.98911	-94.502	44.954	0.000	-29.963	-48.706	-132.000	2500.000
2019	358418	1	2284.659	55.00	31.09465	428.07431	-36.068	22.898	0.000	-96.444	-18.727	-87.000	2500.000
2020	358686	1	1645.631	56.00	31.87914	428.25162	-351.876	32.100	-180.000	-35.678	-50.916	-268.000	2500.000
2021	359003	4	-1057.158	55.00	33.10593	428.67462	-325.480	48.253	0.000	-345.051	-117.880	-317.000	0.000
2022	359102	1	2214.557	55.00	31.81909	427.09305	-86.067	37.426	-60.000	-31.316	-46.487	-99.000	2500.000
2023	359315	1	2052.648	55.00	32.01128	428.40112	-185.449	63.024	0.000	-42.384	-69.544	-213.000	2500.000
2024	359494	1	2098.547	56.00	31.74413	428.30481	-164.247	88.425	0.000	-55.040	-91.591	-179.000	2500.000
2025	359767	4	-747.792	55.00	33.32066	428.97488	-229.420	127.171	-160.000	-113.146	-99.397	-273.000	0.000
2026	360026	2	-2837.755	54.00	32.21593	428.02310	-310.965	36.670	-60.000	-144.000	-100.460	-259.000	-2000.000
2027	360252	4	-634.737	53.00	34.50568	428.15906	-265.978	43.640	0.000	-83.562	-102.837	-226.000	0.000
2028	360457	4	-578.287	52.00	33.80312	427.69687	-250.993	79.732	-60.000	-72.756	-69.269	-205.000	0.000
2029	360718	4	-952.277	51.00	31.77569	426.54849	-273.782	38.436	-160.000	-124.248	-171.684	-261.000	0.000
2030	360806	1	2251.304	52.00	32.45079	427.25967	-111.229	21.860	0.000	-26.848	-44.479	-88.000	2500.000
2031	360930	1	2067.429	52.00	32.19870	427.14020	-115.751	47.990	-140.000	-31.620	-69.190	-124.000	2500.000
2032	360992	1	2315.329	52.00	32.45149	425.82166	-65.845	9.001	0.000	-40.950	-24.877	-62.000	2500.000
2033	361163	1	1982.778	52.00	30.79230	427.22778	-184.759	61.036	0.000	-125.835	-96.663	-171.000	2500.000
2034	361399	4	-640.392	52.00	32.38971	426.35538	-291.511	65.638	0.000	-78.666	-99.853	-236.000	0.000
2035	361616	4	-739.847	51.00	35.51821	427.17227	-288.526	31.439	-20.000	-104.588	-141.173	-217.000	0.000
2036	361646	1	2442.496	52.00	31.18990	425.55954	-15.653	9.447	0.000	-16.389	-4.909	-30.000	2500.000
2037	361985	1	1575.177	52.00	33.26199	426.25232	-454.750	23.704	0.000	-70.931	-83.846	-339.000	2500.000
2038	362265	2	-2983.813	51.00	31.87083	426.93271	-446.053	28.809	-120.000	-86.315	-80.254	-280.000	-2000.000
2039	362364	2	-2314.625	50.00	30.13160	426.34998	-78.168	23.754	-80.000	-33.474	-47.736	-99.000	-2000.000
2040	362634	4	-1269.154	49.00	33.46473	425.78433	-283.308	41.293	-420.000	-161.845	-175.294	-270.000	0.000
2041	362871	4	-1075.220	48.00	32.15554	425.09064	-347.065	60.706	-280.000	-159.700	-112.161	-237.000	0.000
2042	362905	1	2428.457	48.00	31.98905	425.42419	-23.992	9.914	0.000	-5.707	-17.758	-34.000	2500.000
2043	363104	1	1803.072	49.00	35.56224	426.68423	-185.519	55.935	-220.000	-65.690	-82.654	-199.000	2500.000
2044	363225	1	2143.715	49.00	31.94115	426.14142	-150.215	6.746	0.000	-42.178	-49.638	-121.000	2500.000
2045	363255	1	2410.263	50.00	34.73244	424.81833	-22.256	10.785	0.000	-19.148	-29.118	-30.000	2500.000
2046	363438	4	-672.229	50.00	31.04667	425.36963	-234.477	55.603	-100.000	-114.512	-95.843	-183.000	0.000
2047	363531	1	2257.628	50.00	29.88588	424.99628	-91.039	11.728	-20.000	-9.485	-40.576	-93.000	2500.000
2048	363700	1	1830.028	50.00	32.91151	425.99219	-214.525	35.165	-80.000	-111.953	-129.658	-169.000	2500.000
2049	363747	1	2413.298	51.00	30.74853	425.78772	-39.771	18.939	0.000	-2.316	-16.554	-47.000	2500.000
2050	363953	4	-595.947	50.00	31.84144	426.26999	-251.912	93.519	0.000	-124.961	-106.593	-206.000	0.000
2051	364031	1	2350.859	50.00	32.26767	426.95038	-45.058	24.297	0.000	-23.858	-26.521	-78.000	2500.000
2052	364061	1	2373.874	51.00	30.74306	426.91010	-33.255	14.854	0.000	-42.100	-35.625	-30.000	2500.000
2053	364261	4	-625.080	50.00	34.17737	425.20978	-213.464	53.991	-40.000	-133.607	-92.000	-200.000	0.000
2054	364392	1	1774.432	50.00	32.46119	424.91623	-104.748	23.826	-240.000	-222.561	-51.085	-131.000	2500.000
2055	364482	1	2173.307	51.00	32.75704	425.25708	-97.549	7.774	0.000	-97.379	-49.539	-90.000	2500.000
2056	364512	1	2362.139	52.00	34.73923	425.25473	-49.038	-1.101	0.000	-34.722	-23.001	-30.000	2500.000
2057	364568	2	-2740.553	52.00	31.90739	425.18369	-80.147	-0.070	-340.000	-190.992	-73.345	-56.000	-2000.000
2058	364713	2	-2610.043	52.00	33.02842	425.27124	-202.302	0.148	-100.000	-93.299	-69.590	-145.000	-2000.000
2059	364862	1	2057.852	52.00	33.02329	425.79172	-158.955	41.254	0.000	-95.917	-79.529	-149.000	2500.000
2060	365063	1	2033.519	53.00	33.00941	425.50739	-211.801	39.305	0.000	-51.658	-41.327	-201.000	2500.000
2061	365256	1	1956.862	54.00	32.36217	424.74008	-221.780	27.310	0.000	-76.644	-79.024	-193.000	2500.000
2062	365325	1	2240.781	54.00	36.18110	423.37799	-108.520	-32.745	0.000	-20.771	-28.182	-69.000	2500.000
2063	365363	1	2427.960	55.00	31.56337	424.16309	-30.337	15.123	0.000	-7.416	-11.410	-38.000	2500.000
2064	365494	1	2209.648	56.00	35.21291	424.98004	-134.333	26.948	0.000	-32.800	-19.167	-131.000	2500.000
2065	365563	2	-2525.799	56.00	33.11193	423.54114	-104.628	7.245	-140.000	-191.170	-28.246	-69.000	-2000.000
2066	365759	1	1929.105	57.00	32.38092	424.51978	-256.901	20.923	0.000	-66.146	-72.771	-196.000	2500.000
2067	365882	2	-2519.845	57.00	33.91823	425.76129	-184.594	20.531	-60.000	-73.317	-99.464	-123.000	-2000.000
2068	366042	1	2073.281	58.00	33.08433	425.52203	-182.977	30.646	0.000	-53.852	-60.536	-160.000	2500.000
2069	366143	1	2300.377	59.00	30.90110	425.45981	-83.186	31.177	0.000	-16.126	-30.490	-101.000	2500.000
2070	366253	1	2264.359	60.00	32.45570	424.58893	-91.930	31.625	0.000	-18.232	-47.105	-110.000	2500.000
2071	366412	1	2197.025	60.00	33.15965	423.97614	-139.011	48.495	0.000	-29.555	-23.903	-159.000	2500.000
2072	366493	1	2212.087	60.00	33.43705	424.34839	-115.968	-31.980	0.000	-32.677	-26.287	-81.000	2500.000
2073	366627	1	2140.982	60.00	31.29813	424.84399	-131.613	64.128	0.000	-52.813	-104.721	-134.000	2500.000
2074	366866	4	-606.296	59.00	31.78427	422.68710	-289.933	39.139	0.000	-51.004	-65.498	-239.000	0.000
2075	366970	1	1972.373	60.00	33.23945	423.96991	-121.372	25.963	-140.000	-120.373	-67.846	-104.000	2500.000
2076	367215	4	-968.223	59.00	36.14313	423.84515	-407.063	7.703	-140.000	-62.950	-120.914	-245.000	0.000
2077	367279	1	2328.070	60.00	31.84271	423.46982	-71.371	17.309	0.000	-14.213	-39.655	-64.000	2500.000
2078	367318	1	2357.490	61.00	32.48757	422.63205	-53.192	0.682	0.000	-10.145	-40.855	-39.000	2500.000
2079	367385	1	2365.494	62.00	30.46145	422.59177	-56.377	17.155	0.000	-6.942	-21.342	-67.000	2500.000
2080	367558	4	-868.408	62.00	32.32099	423.60168	-214.364	16.296	-100.000	-308.190	-89.150	-173.000	0.000
2081	367641	1	2278.813	62.00	30.60143	423.17108	-101.484	30.337	0.000	-37.873	-29.168	-83.000	2500.000
2082	367714	1	2363.853	62.00	32.97448	423.72253	-59.880	14.292	0.000	-6.071	-11.488	-73.000	2500.000
2083	367744	1	2366.076	63.00	34.18115	421.93906	-43.374	1.711	0.000	-18.057	-44.204	-30.000	2500.000
2084	367912	1	2147.726	63.00	31.99210	423.87891	-135.018	57.253	0.000	-36.402	-70.108	-168.000	2500.000
2085	368121	1	1839.636	64.00	32.19065	423.64359	-297.583	-35.047	0.000	-57.410	-61.323	-209.000	2500.000
2086	368322	4	-515.322	63.00	32.90733	422.93124	-250.077	28.947	0.000	-38.955	-54.238	-201.000	0.000
2087	368393	1	2372.798	64.00	33.81866	422.38156	-44.413	21.091	0.000	-15.194	-17.687	-71.000	2500.000
2088	368494	2	-2478.044	63.00	31.93682	423.94589	-91.208	16.305	-40.000	-217.032	-45.109	-101.000	-2000.000
2089	368534	1	2382.885	63.00	36.34071	422.28839	-27.414	12.054	-40.000	-5.314	-16.442	-40.000	2500.000
2090	368789	4	-1137.194	63.00	33.15650	423.15985	-321.476	40.591	-160.000	-331.984	-109.324	-255.000	0.000
2091	368917	1	2061.174	63.00	33.44077	423.14191	-131.509	48.509	-120.000	-43.857	-63.969	-128.000	2500.000
2092	369021	1	2272.388	63.00	32.19250	422.73929	-61.842	30.754	0.000	-53.121	-39.402	-104.000	2500.000
2093	369227	4	-743.062	63.00	34.84181	424.16669	-195.519	89.787	-40.000	-315.596	-75.734	-206.000	0.000
2094	369480	4	-1142.553	63.00	33.96597	422.06680	-471.258	-6.768	-20.000	-261.857	-129.669	-253.000	0.000
2095	369581	1	2289.454	64.00	30.70285	421.98145	-75.174	30.318	0.000	-38.932	-25.757	-101.000	2500.000
2096	369618	2	-2304.509	63.00	35.23618	423.06506	-45.424	1.014	-140.000	-48.992	-34.107	-37.000	-2000.000
2097	369689	1	2325.321	64.00	31.81704	422.22693	-79.852	33.245	0.000	-17.606	-39.466	-71.000	2500.000
2098	369763	1	2054.226	64.00	34.68916	422.22339	-78.493	20.700	-240.000	-16.317	-57.664	-74.000	2500.000
2099	369959	4	-642.218	64.00	34.45467	423.21417	-226.014	28.545	0.000	-146.886	-101.862	-196.000	0.000
2100	370210	1	1253.821	65.00	33.20662	422.44193	-262.888	51.670	-400.000	-276.954	-107.007	-251.000	2500.000
2101	370247	1	2411.204	66.00	33.63725	421.46051	-29.766	8.623	0.000	-15.512	-15.141	-37.000	2500.000
2102	370506	1	1719.875	67.00	33.93047	421.46622	-178.668	104.157	-120.000	-223.863	-102.752	-259.000	2500.000
2103	370786	4	-1023.879	67.00	33.51992	422.17902	-244.175	51.551	0.000	-393.213	-158.042	-280.000	0.000
2104	371016	4	-687.255	66.00	33.90025	421.70557	-299.321	33.894	0.000	-104.304	-87.524	-230.000	0.000
2105	371291	4	-1693.905	65.00	32.32170	420.60272	-298.935	92.457	-400.000	-658.428	-154.000	-275.000	0.000
2106	371395	1	2046.537	65.00	35.13036	421.57352	-81.710	26.288	-220.000	-28.657	-45.384	-104.000	2500.000
2107	371576	1	2052.015	65.00	30.41968	420.25449	-161.042	44.804	0.000	-82.632	-68.114	-181.000	2500.000
2108	371684	1	2279.861	66.00	35.08091	421.65466	-59.751	33.884	0.000	-59.620	-26.653	-108.000	2500.000
2109	371851	1	1948.291	66.00	33.34018	420.98611	-199.617	86.719	-160.000	-38.994	-72.817	-167.000	2500.000
2110	371893	2	-2232.414	66.00	34.87440	422.62021	-33.659	4.443	-100.000	-26.024	-35.174	-42.000	-2000.000
2111	372049	1	1929.537	66.00	32.36057	422.00656	-193.245	60.220	-140.000	-61.075	-80.363	-156.000	2500.000
2112	372144	1	2237.279	66.00	35.82417	419.90042	-52.079	25.758	0.000	-88.628	-52.772	-95.000	2500.000
2113	372210	1	2386.259	66.00	33.46692	422.82611	-41.517	17.284	0.000	-2.164	-21.344	-66.000	2500.000
2114	372251	2	-2473.455	65.00	34.20343	421.48453	-37.323	1.291	-240.000	-101.632	-54.791	-41.000	-2000.000
2115	372303	1	2326.133	65.00	32.66860	418.59229	-58.869	19.043	-60.000	-8.190	-13.851	-52.000	2500.000
2116	372370	1	2347.376	66.00	35.69177	421.18469	-59.506	15.523	0.000	-15.724	-25.918	-67.000	2500.000
2117	372403	1	2443.962	66.00	35.88366	420.98419	-14.356	9.884	0.000	-2.969	-15.597	-33.000	2500.000
2118	372480	1	2365.424	66.00	35.41717	419.28036	-45.048	22.898	0.000	-18.573	-16.854	-77.000	2500.000
2119	372661	1	1659.904	66.00	34.68242	421.52750	-150.561	66.558	-340.000	-170.821	-64.272	-181.000	2500.000
2120	372779	1	2209.405	66.00	35.60448	420.24506	-115.097	43.986	0.000	-30.777	-70.707	-118.000	2500.000
2121	373007	4	-577.798	66.00	33.62825	420.77988	-229.260	75.430	0.000	-85.923	-110.044	-228.000	0.000
2122	373087	1	2224.136	66.00	32.89276	420.34247	-74.936	12.345	-80.000	-17.819	-35.454	-80.000	2500.000
2123	373255	1	2158.500	66.00	34.60199	421.18402	-132.626	66.472	0.000	-63.107	-44.239	-168.000	2500.000
2124	373374	2	-2597.329	65.00	34.51173	421.12888	-55.424	23.003	-40.000	-369.353	-36.553	-119.000	-2000.000
2125	373455	1	2225.297	66.00	31.92678	421.09781	-78.428	16.731	-20.000	-62.500	-49.506	-81.000	2500.000
2126	373615	1	2040.543	67.00	32.15018	419.34912	-191.707	32.589	-80.000	-22.114	-38.225	-160.000	2500.000
2127	373787	1	1809.911	68.00	33.57349	420.85303	-196.207	51.960	-160.000	-126.249	-87.592	-172.000	2500.000
2128	373851	1	2405.369	69.00	31.32458	420.67133	-23.470	22.895	0.000	-18.015	-12.040	-64.000	2500.000
2129	373951	1	2239.939	70.00	33.51260	419.78958	-99.784	17.996	0.000	-33.288	-44.985	-100.000	2500.000
2130	374200	1	1352.315	70.00	33.04928	419.34052	-311.867	-5.507	-320.000	-128.911	-132.400	-249.000	2500.000
2131	374363	1	2138.359	70.00	31.84101	420.54880	-84.065	63.180	0.000	-110.281	-67.474	-163.000	2500.000
2132	374404	1	2411.632	70.00	35.53414	419.25101	-25.243	10.127	0.000	-8.566	-23.686	-41.000	2500.000
2133	374544	1	2105.802	70.00	31.26379	420.43655	-139.343	33.959	0.000	-67.137	-81.676	-140.000	2500.000
2134	374638	1	2368.731	71.00	31.73977	419.94577	-31.648	35.559	0.000	-11.621	-29.559	-94.000	2500.000
2135	374902	4	-1441.074	71.00	32.81895	419.38589	-346.686	34.921	-200.000	-563.220	-102.089	-264.000	0.000
2136	375040	1	2127.937	71.00	32.63258	418.51111	-186.743	46.276	0.000	-29.355	-64.241	-138.000	2500.000
2137	375079	1	2419.116	71.00	30.83494	418.21490	-20.889	13.316	0.000	-16.439	-17.872	-39.000	2500.000
2138	375150	2	-2748.170	71.00	34.92666	420.84195	-96.756	2.617	-140.000	-380.981	-62.050	-71.000	-2000.000
2139	375357	1	1348.064	72.00	32.68610	419.44098	-222.982	37.874	-460.000	-193.410	-106.417	-207.000	2500.000
2140	375652	4	-862.255	72.00	33.30352	419.82101	-325.302	73.279	-140.000	-73.001	-102.230	-295.000	0.000
2141	375683	1	2431.780	73.00	35.15554	418.35706	-29.114	6.557	0.000	-2.229	-12.434	-31.000	2500.000
2142	375781	1	2213.367	73.00	31.02199	418.37744	-137.996	25.200	0.000	-33.416	-42.420	-98.000	2500.000
2143	375854	1	2250.778	73.00	30.83631	417.94650	-107.855	-39.488	0.000	-7.314	-21.565	-73.000	2500.000
2144	375937	1	2347.401	73.00	32.81811	419.52386	-54.711	32.105	0.000	-13.190	-33.804	-83.000	2500.000
2145	376203	4	-1070.064	72.00	32.70597	418.97314	-427.451	-19.306	-60.000	-173.615	-123.692	-266.000	0.000
2146	376448	4	-1435.076	72.00	33.69583	419.21234	-279.645	31.576	-460.000	-298.464	-183.543	-245.000	0.000
2147	376615	2	-2597.595	71.00	33.77515	418.97101	-201.127	28.156	-80.000	-117.545	-60.080	-167.000	-2000.000
2148	376762	2	-2943.595	70.00	34.07897	418.42996	-214.362	37.876	-200.000	-287.349	-132.761	-147.000	-2000.000
2149	376828	1	2326.500	70.00	32.32442	417.08188	-53.916	15.419	0.000	-21.176	-47.827	-66.000	2500.000
2150	377058	4	-742.806	70.00	33.87278	418.17627	-313.938	52.061	0.000	-167.091	-83.838	-230.000	0.000
2151	377217	1	1816.277	70.00	35.76793	418.41351	-170.277	55.659	-280.000	-51.886	-78.219	-159.000	2500.000
2152	377297	1	2331.538	70.00	36.53147	418.94049	-82.340	25.293	0.000	-10.535	-20.879	-80.000	2500.000
2153	377369	1	2332.256	71.00	30.73750	418.63422	-81.506	32.532	0.000	-7.065	-39.706	-72.000	2500.000
2154	377423	1	2378.127	71.00	35.88274	419.98431	-51.922	8.339	0.000	-4.378	-19.912	-54.000	2500.000
2155	377706	4	-674.088	70.00	34.40164	418.57874	-263.935	57.174	0.000	-111.276	-73.051	-283.000	0.000
2156	377745	1	2375.662	70.00	28.73776	419.50467	-36.961	5.761	0.000	-12.140	-41.997	-39.000	2500.000
2157	377938	4	-613.810	70.00	33.69110	418.87115	-317.872	1.200	0.000	-34.569	-69.569	-193.000	0.000
2158	377980	1	2440.873	71.00	33.07792	417.27484	-19.471	13.852	0.000	-1.871	-9.637	-42.000	2500.000
2159	378195	1	1852.395	71.00	35.05484	417.39798	-231.231	58.295	0.000	-203.585	-56.085	-215.000	2500.000
2160	378338	2	-2658.226	70.00	32.19447	416.70743	-266.390	-19.038	-60.000	-65.462	-104.337	-143.000	-2000.000
2161	378421	1	2314.258	70.00	36.28397	416.72372	-64.552	16.251	0.000	-30.850	-23.591	-83.000	2500.000
2162	378589	4	-371.238	69.00	34.39932	416.88174	-171.287	56.618	0.000	-29.180	-59.390	-168.000	0.000
2163	378725	1	1926.584	69.00	32.11945	416.52573	-175.421	16.197	-120.000	-67.510	-90.683	-136.000	2500.000
2164	378889	1	2008.850	69.00	33.39843	416.42627	-144.372	54.260	-140.000	-36.919	-60.119	-164.000	2500.000
2165	379065	1	2085.807	70.00	31.97429	416.63037	-155.871	52.901	0.000	-53.918	-81.305	-176.000	2500.000
2166	379169	1	2297.196	70.00	34.57290	416.77332	-73.955	31.282	0.000	-16.518	-39.614	-104.000	2500.000
2167	379220	1	2042.593	71.00	36.38457	416.24594	-38.805	12.441	-220.000	-95.667	-64.375	-51.000	2500.000
2168	379443	4	-1017.865	70.00	34.04808	417.21310	-276.176	57.988	-320.000	-146.940	-109.737	-223.000	0.000
2169	379564	1	2123.378	70.00	35.37994	416.33395	-137.861	20.846	0.000	-74.712	-63.895	-121.000	2500.000
2170	379721	1	2093.478	70.00	37.58801	415.76083	-206.571	-6.221	0.000	-10.506	-26.224	-157.000	2500.000
2171	379816	2	-2387.407	69.00	34.91282	418.08475	-129.931	4.232	-60.000	-68.342	-38.366	-95.000	-2000.000
2172	379964	1	2198.821	69.00	33.11710	416.11514	-119.873	72.471	0.000	-26.524	-79.253	-148.000	2500.000
2173	380152	1	2146.385	69.00	31.59830	416.11938	-117.428	61.518	0.000	-46.140	-63.565	-188.000	2500.000
2174	380258	1	2306.014	70.00	36.27378	415.85345	-84.481	43.321	0.000	-22.753	-24.074	-106.000	2500.000
2175	380365	1	2291.023	70.00	33.60841	416.21497	-92.160	36.233	0.000	-13.532	-32.517	-107.000	2500.000
2176	380401	1	2440.070	71.00	36.22579	415.33585	-15.208	9.647	0.000	-6.944	-11.426	-36.000	2500.000
2177	380530	1	1833.104	71.00	31.62364	416.26151	-117.723	25.228	-240.000	-118.135	-87.265	-129.000	2500.000
2178	380790	4	-969.314	70.00	34.99148	416.38437	-278.997	2.853	0.000	-267.167	-166.002	-260.000	0.000
2179	380878	1	2390.330	70.00	32.15326	418.60751	-21.861	25.543	0.000	-14.595	-10.758	-88.000	2500.000
2180	381091	4	-640.673	70.00	35.18780	416.09851	-250.419	16.406	-40.000	-64.622	-89.038	-213.000	0.000
2181	381131	1	2398.632	70.00	35.41301	416.42831	-43.253	10.512	0.000	-6.669	-21.958	-40.000	2500.000
2182	381196	1	2391.174	70.00	36.36886	417.00085	-32.366	16.664	0.000	-5.304	-22.820	-65.000	2500.000
2183	381415	4	-753.217	69.00	34.62199	415.32877	-240.804	94.070	-200.000	-101.361	-86.122	-219.000	0.000
2184	381487	1	2359.373	69.00	34.29268	415.15750	-44.032	25.044	0.000	-14.175	-35.463	-72.000	2500.000
2185	381735	4	-819.969	68.00	34.56904	415.17685	-275.290	30.870	0.000	-225.152	-102.396	-248.000	0.000
2186	381969	1	1931.367	69.00	32.45174	416.09555	-312.822	117.574	0.000	-56.444	-82.941	-234.000	2500.000
2187	382063	1	2331.922	69.00	32.67672	413.96472	-63.205	33.801	0.000	-16.510	-28.164	-94.000	2500.000
2188	382222	1	2203.030	70.00	34.90439	415.28445	-94.488	59.196	0.000	-52.425	-50.252	-159.000	2500.000
2189	382418	1	2132.716	70.00	32.32327	415.70551	-134.593	43.570	0.000	-43.421	-36.839	-196.000	2500.000
2190	382613	1	2016.303	71.00	33.97813	414.52676	-192.362	50.237	0.000	-60.469	-86.102	-195.000	2500.000
2191	382693	1	2359.618	71.00	35.49020	414.59717	-46.561	24.610	0.000	-11.272	-27.159	-80.000	2500.000
2192	382778	1	1958.281	71.00	35.58798	415.78055	-72.091	20.787	-120.000	-200.909	-84.506	-85.000	2500.000
2193	382909	1	2156.000	72.00	36.43488	413.98077	-145.826	65.126	-40.000	-38.463	-53.838	-131.000	2500.000
2194	383066	1	1977.728	73.00	37.82958	414.37912	-106.614	54.583	-160.000	-64.459	-88.783	-157.000	2500.000
2195	383133	1	2370.205	73.00	33.91069	415.36545	-54.877	30.922	0.000	-20.175	-18.665	-67.000	2500.000
2196	383174	1	2417.069	74.00	30.92654	414.90506	-24.855	13.772	0.000	-14.105	-16.743	-41.000	2500.000
2197	383347	1	2225.451	74.00	35.02890	413.68533	-81.009	56.242	0.000	-36.103	-40.679	-173.000	2500.000
2198	383393	1	2415.164	74.00	32.76157	414.98816	-29.960	12.031	0.000	-11.873	-9.034	-46.000	2500.000
2199	383465	1	2393.460	75.00	38.56963	413.95514	-34.839	25.008	0.000	-6.114	-18.595	-72.000	2500.000
2200	383539	1	2357.215	75.00	35.02887	414.42197	-51.140	20.843	0.000	-14.000	-24.487	-74.000	2500.000
2201	383649	1	2093.432	75.00	34.09753	414.18396	-166.040	-62.226	0.000	-16.123	-52.180	-110.000	2500.000
2202	383683	2	-2154.406	74.00	29.59616	415.57584	-20.772	5.834	-80.000	-6.877	-18.591	-34.000	-2000.000
2203	383812	1	2156.076	75.00	35.08126	413.89008	-131.745	52.717	0.000	-63.044	-72.852	-129.000	2500.000
2204	384031	1	1813.329	76.00	32.13031	414.11304	-188.158	55.002	-80.000	-163.656	-90.859	-219.000	2500.000
2205	384280	4	-607.973	76.00	34.03870	414.24228	-275.774	58.404	0.000	-46.942	-94.660	-249.000	0.000
2206	384336	1	2423.740	76.00	31.84365	412.94321	-29.402	19.252	0.000	-2.114	-7.996	-56.000	2500.000
2207	384518	2	-2740.407	75.00	34.30539	413.71136	-211.889	42.146	-80.000	-195.824	-112.840	-182.000	-2000.000
2208	384728	4	-522.215	74.00	34.62414	412.45432	-232.565	91.354	0.000	-36.192	-134.812	-210.000	0.000
2209	384785	1	2221.853	74.00	33.75536	411.67334	-60.522	20.031	-120.000	-23.342	-37.313	-57.000	2500.000
2210	384878	1	2306.459	75.00	32.71671	412.96521	-83.323	19.397	0.000	-15.757	-20.857	-93.000	2500.000
2211	385102	4	-611.634	74.00	35.02792	412.12012	-279.674	69.415	0.000	-73.486	-103.889	-224.000	0.000
2212	385166	1	2363.585	74.00	35.22184	412.39322	-42.046	8.781	0.000	-7.355	-31.795	-64.000	2500.000
2213	385446	4	-681.568	73.00	33.46777	413.11929	-314.076	152.707	0.000	-83.261	-156.938	-280.000	0.000
2214	385586	1	1677.885	74.00	33.48055	413.15720	-191.409	-9.044	-360.000	-54.257	-67.405	-140.000	2500.000
2215	385657	1	2342.958	74.00	31.30249	411.83609	-53.263	11.577	0.000	-8.709	-35.647	-71.000	2500.000
2216	385776	2	-2604.486	73.00	33.20782	412.76849	-194.875	8.793	-80.000	-141.570	-77.834	-119.000	-2000.000
2217	385948	1	1994.496	73.00	32.85508	412.51068	-185.646	27.192	0.000	-69.865	-105.185	-172.000	2500.000
2218	386199	1	1612.416	73.00	33.84104	412.92523	-350.110	-84.044	0.000	-56.326	-146.104	-251.000	2500.000
2219	386268	2	-2302.501	72.00	31.81134	412.44275	-70.414	7.622	-120.000	-13.553	-37.156	-69.000	-2000.000
2220	386450	1	2030.052	72.00	34.99287	412.98999	-213.380	63.224	0.000	-62.447	-75.345	-182.000	2500.000
2221	386767	4	-727.172	72.00	35.00527	412.31415	-300.580	100.795	0.000	-114.236	-96.152	-317.000	0.000
2222	387072	4	-1026.571	71.00	33.84666	412.30890	-470.577	23.558	0.000	-108.007	-166.546	-305.000	0.000
2223	387303	4	-1019.126	70.00	34.41810	412.28748	-349.646	-37.460	-220.000	-76.624	-104.396	-231.000	0.000
2224	387381	1	2324.559	71.00	34.61082	411.98849	-72.802	14.659	0.000	-13.508	-25.790	-78.000	2500.000
2225	387642	4	-1152.058	70.00	31.88119	411.75327	-361.358	6.642	-160.000	-247.010	-129.333	-261.000	0.000
2226	387702	1	2247.659	70.00	35.84208	409.93625	-50.860	12.302	-100.000	-14.978	-38.805	-60.000	2500.000
2227	388001	4	-1498.884	69.00	34.81266	411.31839	-429.805	8.285	-260.000	-369.439	-148.926	-299.000	0.000
2228	388048	1	2433.175	69.00	32.15157	412.21924	-17.472	16.965	0.000	-5.724	-13.593	-47.000	2500.000
2229	388289	1	1621.223	69.00	33.62893	412.27841	-295.617	28.470	0.000	-227.458	-143.173	-241.000	2500.000
2230	388351	1	2383.027	69.00	31.83991	412.02328	-31.087	19.334	0.000	-8.729	-34.490	-62.000	2500.000
2231	388477	1	2276.814	69.00	33.23102	411.28329	-93.524	37.827	0.000	-17.806	-23.683	-126.000	2500.000
2232	388717	1	1550.198	69.00	31.57678	410.80365	-353.078	-126.262	0.000	-82.884	-147.578	-240.000	2500.000
2233	388768	2	-2150.841	68.00	35.09560	413.90741	-30.826	18.412	-40.000	-19.104	-28.323	-51.000	-2000.000
2234	388907	1	2192.566	68.00	35.19442	411.54031	-122.029	27.668	0.000	-27.532	-46.541	-139.000	2500.000
2235	389147	1	1950.103	69.00	34.38346	412.05798	-244.366	54.385	0.000	-33.327	-86.588	-240.000	2500.000
2236	389261	1	2153.791	69.00	31.93756	411.05347	-160.474	-0.480	-20.000	-7.311	-43.943	-114.000	2500.000
2237	389291	2	-2531.596	68.00	36.41051	411.25436	-52.362	-2.897	-300.000	-113.727	-32.611	-30.000	-2000.000
2238	389489	1	1897.026	69.00	33.14900	409.80972	-239.619	58.262	0.000	-151.436	-72.181	-198.000	2500.000
2239	389530	2	-2419.795	68.00	36.75450	412.03439	-33.334	0.856	-140.000	-156.787	-49.530	-41.000	-2000.000
2240	389688	1	2090.351	69.00	33.25793	411.71368	-184.384	31.698	0.000	-32.820	-66.142	-158.000	2500.000
2241	389824	1	2165.635	69.00	35.84584	410.47324	-129.252	44.498	0.000	-27.495	-86.116	-136.000	2500.000
2242	390032	1	1798.857	69.00	32.59560	410.79187	-298.339	-5.493	-100.000	-26.110	-63.201	-208.000	2500.000
2243	390263	4	-569.323	68.00	33.54814	411.01514	-259.085	71.206	0.000	-72.128	-78.315	-231.000	0.000
2244	390411	2	-2784.111	67.00	34.73560	410.41684	-188.141	23.901	-260.000	-127.194	-84.678	-148.000	-2000.000
2245	390611	1	2063.845	68.00	34.76098	409.78720	-194.215	93.120	0.000	-60.440	-74.620	-200.000	2500.000
2246	390867	1	1767.437	69.00	36.47987	410.38681	-302.310	107.942	-160.000	-36.431	-85.764	-256.000	2500.000
2247	391031	1	2104.743	70.00	33.02588	410.31137	-197.664	19.189	0.000	-21.088	-31.695	-164.000	2500.000
2248	391206	1	2121.893	71.00	31.71310	410.46671	-145.437	43.241	0.000	-25.801	-75.110	-175.000	2500.000
2249	391291	2	-2467.600	70.00	36.05536	410.93561	-63.592	12.602	-260.000	-30.984	-40.626	-85.000	-2000.000
2250	391352	2	-2422.183	70.00	32.71827	408.75015	-78.162	-1.590	-180.000	-59.463	-41.968	-61.000	-2000.000
2251	391570	4	-1474.840	69.00	36.11853	409.35266	-268.222	42.418	-320.000	-558.233	-152.803	-218.000	0.000
2252	391653	1	2270.531	69.00	33.35271	409.89542	-65.681	23.163	0.000	-57.568	-46.383	-83.000	2500.000
2253	391786	2	-2392.537	68.00	35.64806	409.16138	-141.802	17.089	-60.000	-33.145	-41.679	-133.000	-2000.000
2254	391857	1	2337.347	68.00	32.33569	408.74457	-63.038	14.784	0.000	-15.548	-27.851	-71.000	2500.000
2255	391887	2	-2384.127	68.00	33.21988	412.20767	-29.771	0.159	-160.000	-145.173	-19.342	-30.000	-2000.000
2256	391936	2	-2147.869	67.00	32.66322	408.54675	-29.992	7.061	-40.000	-24.705	-11.233	-49.000	-2000.000
2257	392013	1	2379.614	68.00	34.04824	408.57596	-33.851	30.046	0.000	-26.211	-13.370	-77.000	2500.000
2258	392043	2	-2330.811	67.00	30.14500	410.34586	-60.069	-8.029	-140.000	-67.505	-25.208	-30.000	-2000.000
2259	392078	1	2409.575	67.00	32.58508	409.70490	-33.260	12.530	0.000	-17.226	-17.469	-35.000	2500.000
2260	392242	1	1924.903	68.00	36.44830	408.89377	-237.072	-62.130	0.000	-43.345	-68.550	-164.000	2500.000
2261	392391	1	2081.921	68.00	35.04752	410.64185	-178.949	19.912	-20.000	-39.173	-50.870	-149.000	2500.000
2262	392449	1	2407.806	69.00	34.22581	409.10571	-22.120	18.192	0.000	-18.489	-11.776	-58.000	2500.000
2263	392563	2	-2501.327	68.00	31.98721	409.64764	-176.705	-9.857	-120.000	-20.232	-60.533	-114.000	-2000.000
2264	392622	1	2404.674	68.00	33.52877	409.14761	-38.006	20.596	0.000	-3.506	-15.410	-59.000	2500.000
2265	392690	2	-2289.295	67.00	38.70105	410.49997	-82.740	4.353	-80.000	-31.219	-31.690	-68.000	-2000.000
2266	392820	2	-3117.800	66.00	32.29581	409.87296	-149.111	25.746	-540.000	-207.162	-117.272	-130.000	-2000.000
2267	392987	1	1402.240	66.00	34.88011	410.01529	-147.195	12.518	-320.000	-418.738	-57.345	-167.000	2500.000
2268	393065	1	2287.458	67.00	33.50103	408.54916	-97.926	18.749	0.000	-18.163	-37.203	-78.000	2500.000
2269	393103	1	2362.846	67.00	33.04157	407.63110	-51.558	-8.362	0.000	-1.489	-37.745	-38.000	2500.000
2270	393263	2	-2909.315	66.00	34.88906	409.36374	-154.455	27.946	-260.000	-222.671	-140.136	-160.000	-2000.000
2271	393344	2	-2466.048	66.00	36.19305	409.32852	-72.074	7.578	-200.000	-61.891	-58.661	-81.000	-2000.000
2272	393458	1	2098.796	66.00	34.84699	410.91370	-143.234	17.600	0.000	-26.510	-135.059	-114.000	2500.000
2273	393638	1	1967.534	66.00	34.74515	409.25195	-213.489	26.705	0.000	-85.662	-80.020	-180.000	2500.000
2274	393743	2	-2559.597	65.00	35.49905	408.57190	-180.875	12.490	-200.000	-41.513	-44.699	-105.000	-2000.000
2275	393856	2	-2653.828	64.00	34.84152	409.41833	-128.227	17.512	-100.000	-260.392	-69.721	-113.000	-2000.000
2276	394008	1	2061.170	64.00	33.90205	409.64655	-178.786	26.118	0.000	-40.022	-94.140	-152.000	2500.000
2277	394113	1	2104.500	64.00	35.98702	409.17102	-106.244	38.584	-120.000	-58.765	-44.076	-105.000	2500.000
2278	394143	1	2390.163	65.00	32.48414	406.59167	-39.577	0.561	0.000	-3.262	-37.559	-30.000	2500.000
2279	394330	1	1862.760	65.00	34.85403	409.50360	-185.673	64.110	0.000	-211.881	-116.796	-187.000	2500.000
2280	394501	1	2062.146	66.00	35.24136	409.91464	-189.242	33.112	0.000	-52.201	-58.522	-171.000	2500.000
2281	394635	1	2195.702	66.00	33.30590	408.25415	-133.842	44.035	-40.000	-5.491	-35.000	-134.000	2500.000
2282	394696	1	2222.983	66.00	38.19073	407.28391	-100.244	-10.899	0.000	-47.724	-57.151	-61.000	2500.000
2283	394746	1	2347.042	67.00	35.25672	407.89737	-69.809	5.685	0.000	-3.868	-34.967	-50.000	2500.000
2284	394908	2	-2667.555	66.00	35.52626	408.96237	-158.778	32.344	-80.000	-251.695	-47.426	-162.000	-2000.000
2285	394961	1	2366.850	67.00	33.52756	408.81354	-48.505	14.679	0.000	-14.126	-32.198	-53.000	2500.000
2286	395150	4	-830.981	66.00	34.33622	407.82462	-316.838	-111.390	0.000	-94.862	-118.891	-189.000	0.000
2287	395220	1	2362.533	66.00	35.35699	407.85104	-54.121	17.755	0.000	-5.131	-25.970	-70.000	2500.000
2288	395485	4	-775.636	65.00	34.99439	408.35117	-352.247	67.612	0.000	-105.558	-120.443	-265.000	0.000
2289	395579	1	2117.713	65.00	34.73982	409.82321	-37.668	34.600	-160.000	-79.301	-45.918	-94.000	2500.000
2290	395734	1	2087.380	65.00	34.72466	408.17984	-110.904	44.056	0.000	-123.511	-67.261	-155.000	2500.000
2291	395875	1	2220.762	65.00	34.72438	407.30212	-93.203	48.404	0.000	-35.209	-58.230	-141.000	2500.000
2292	395929	2	-2502.201	64.00	35.08383	407.34558	-42.046	2.212	-220.000	-168.254	-20.113	-54.000	-2000.000
2293	396004	1	2281.314	64.00	34.07519	407.42856	-83.696	10.673	0.000	-25.633	-45.030	-75.000	2500.000
2294	396236	4	-949.790	63.00	32.83691	408.35379	-350.661	-16.540	0.000	-164.475	-186.114	-232.000	0.000
2295	396514	4	-1141.098	62.00	34.77127	407.79871	-337.125	81.496	0.000	-433.828	-173.641	-278.000	0.000
2296	396653	1	2055.119	62.00	35.03875	408.47571	-110.312	23.990	0.000	-123.927	-95.632	-139.000	2500.000
2297	396715	1	2369.354	62.00	31.50580	406.75165	-42.575	21.608	0.000	-12.717	-34.962	-62.000	2500.000
2298	396810	1	2329.104	62.00	34.40212	407.23346	-41.248	27.283	0.000	-24.773	-37.158	-95.000	2500.000
2299	396840	1	2393.976	62.00	31.30085	407.51218	-41.174	-1.269	0.000	-10.504	-23.076	-30.000	2500.000
2300	396996	1	2210.599	62.00	34.13415	408.17627	-108.829	42.205	0.000	-33.709	-33.068	-156.000	2500.000
2301	397026	1	2370.271	62.00	32.05482	408.41943	-44.547	-1.223	0.000	-16.171	-37.788	-30.000	2500.000
2302	397093	1	2273.862	63.00	31.67854	407.93030	-40.920	23.128	-100.000	-9.944	-31.401	-67.000	2500.000
2303	397254	4	-544.294	62.00	35.49700	407.36063	-207.833	31.026	0.000	-142.980	-63.508	-161.000	0.000
2304	397323	1	2374.994	62.00	32.54490	406.55734	-39.503	26.334	0.000	-12.026	-30.812	-69.000	2500.000
2305	397365	1	2443.281	63.00	36.40609	406.25418	-16.693	14.838	0.000	-2.032	-10.832	-42.000	2500.000
2306	397544	1	2035.657	63.00	35.26153	408.07559	-184.028	27.158	0.000	-61.002	-67.471	-179.000	2500.000
2307	397591	2	-2517.003	63.00	38.15775	407.29272	-45.215	1.165	-180.000	-215.338	-30.615	-47.000	-2000.000
2308	397867	4	-1104.067	63.00	34.48680	406.72858	-376.909	26.467	-160.000	-159.646	-157.978	-276.000	0.000
2309	398100	4	-690.394	62.00	36.53013	407.97562	-340.404	-4.226	0.000	-45.946	-66.818	-233.000	0.000
2310	398181	1	2344.773	62.00	36.55932	408.34109	-55.026	24.034	0.000	-19.332	-23.904	-81.000	2500.000
2311	398211	2	-2230.132	62.00	35.31316	409.43130	-34.947	6.660	-140.000	-17.489	-14.355	-30.000	-2000.000
2312	398338	1	2145.213	62.00	37.63460	407.56772	-124.953	21.626	0.000	-59.975	-64.485	-127.000	2500.000
2313	398482	1	1952.973	63.00	34.96963	406.72797	-147.516	41.389	-40.000	-143.796	-113.104	-144.000	2500.000
2314	398520	2	-2659.771	62.00	35.94149	407.26154	-62.459	-0.066	-220.000	-306.434	-32.812	-38.000	-2000.000
2315	398596	1	2313.107	62.00	37.24536	407.27768	-80.915	17.423	0.000	-9.520	-37.882	-76.000	2500.000
2316	398765	1	2089.737	63.00	33.24302	407.12949	-165.681	64.701	0.000	-54.084	-86.199	-169.000	2500.000
2317	399021	4	-943.524	62.00	36.27390	406.47745	-348.491	15.067	-100.000	-145.163	-108.937	-256.000	0.000
2318	399126	1	2095.581	62.00	34.17420	406.81622	-94.447	38.358	-100.000	-67.198	-76.132	-105.000	2500.000
2319	399199	1	2365.696	63.00	36.00685	407.29623	-61.848	19.413	0.000	-0.907	-17.962	-73.000	2500.000
2320	399275	1	2370.518	63.00	35.09207	406.61951	-47.758	20.373	0.000	-18.667	-7.429	-76.000	2500.000
2321	399522	4	-564.559	63.00	35.98557	407.40714	-282.844	107.030	0.000	-42.842	-98.903	-247.000	0.000
2322	399738	4	-793.755	63.00	36.13259	405.96814	-266.283	27.881	-60.000	-171.313	-108.040	-216.000	0.000
2323	399816	1	2208.466	64.00	34.24174	406.65494	-88.704	10.769	0.000	-67.070	-68.528	-78.000	2500.000
2324	399878	1	2362.366	64.00	36.55462	407.51303	-35.659	23.983	0.000	-22.981	-40.977	-62.000	2500.000
2325	400122	4	-1177.376	64.00	36.11811	406.01068	-368.196	-10.620	-320.000	-126.279	-108.282	-244.000	0.000
2326	400280	1	1950.317	64.00	35.55567	406.70813	-125.997	45.546	0.000	-199.482	-111.751	-158.000	2500.000
2327	400332	2	-2216.726	64.00	35.32577	406.67816	-49.361	2.782	-80.000	-12.417	-25.731	-52.000	-2000.000
2328	400558	2	-3186.532	63.00	34.00747	406.00333	-404.389	-15.190	-300.000	-108.528	-132.425	-226.000	-2000.000
2329	400629	2	-2399.143	62.00	30.49486	405.97153	-123.864	9.146	-120.000	-43.993	-49.432	-71.000	-2000.000
2330	400815	1	2034.308	62.00	34.70493	405.37823	-197.384	44.117	0.000	-60.212	-66.213	-186.000	2500.000
2331	400855	1	2400.463	62.00	34.98025	406.89093	-30.809	9.698	0.000	-13.861	-24.565	-40.000	2500.000
2332	401058	1	1426.080	62.00	35.39175	405.90149	-174.670	49.547	-380.000	-220.588	-145.209	-203.000	2500.000
2333	401283	1	2040.814	63.00	36.10740	406.12744	-238.287	114.806	0.000	-43.702	-67.002	-225.000	2500.000
2334	401425	1	2227.965	63.00	37.09684	405.89404	-148.516	76.014	0.000	-22.780	-34.753	-142.000	2500.000
2335	401650	4	-841.512	62.00	34.88929	405.65540	-371.846	30.952	0.000	-169.416	-106.202	-225.000	0.000
2336	401680	1	2429.367	62.00	32.27002	403.99689	-21.548	9.151	0.000	-17.132	-11.105	-30.000	2500.000
2337	401875	4	-710.928	62.00	37.64771	405.37195	-256.357	29.214	-140.000	-78.208	-70.577	-195.000	0.000
2338	401960	1	2311.515	62.00	39.34562	405.21664	-65.276	27.293	0.000	-31.911	-33.590	-85.000	2500.000
2339	402033	1	2363.835	63.00	32.77919	404.91003	-49.043	21.233	0.000	-6.373	-28.982	-73.000	2500.000
2340	402119	1	2375.331	63.00	36.28498	405.95331	-36.753	34.174	0.000	-22.490	-13.599	-86.000	2500.000
2341	402283	1	2110.583	63.00	34.29057	405.22684	-107.483	44.980	0.000	-79.632	-83.282	-164.000	2500.000
2342	402505	4	-504.174	62.00	35.42265	405.43558	-202.557	104.630	-20.000	-73.560	-90.686	-222.000	0.000
2343	402693	1	1973.695	63.00	35.31013	405.11285	-235.192	68.796	0.000	-49.452	-122.457	-188.000	2500.000
2344	402724	1	2447.656	64.00	28.80153	404.07877	-15.570	7.036	0.000	-3.019	-9.791	-31.000	2500.000
2345	402837	1	2062.588	64.00	32.87836	405.93149	-143.117	1.562	-80.000	-38.875	-63.982	-113.000	2500.000
2346	402915	1	2332.915	64.00	35.34721	406.71365	-51.924	19.613	0.000	-18.501	-38.272	-78.000	2500.000
2347	402949	1	2363.275	64.00	38.79578	405.48529	-52.908	-0.039	0.000	-14.838	-34.939	-34.000	2500.000
2348	403160	4	-566.287	63.00	36.35297	405.71368	-189.705	77.176	0.000	-137.889	-104.868	-211.000	0.000
2349	403241	2	-2531.003	63.00	37.37344	405.05893	-97.667	0.197	-240.000	-67.409	-45.125	-81.000	-2000.000
2350	403463	4	-837.043	63.00	36.53140	403.95706	-211.810	86.421	-180.000	-153.257	-156.398	-222.000	0.000
2351	403724	4	-1536.155	63.00	35.96553	404.24005	-303.920	87.573	-440.000	-439.188	-179.620	-261.000	0.000
2352	403955	4	-1453.822	62.00	36.03746	404.44568	-263.752	34.720	-220.000	-636.179	-137.611	-231.000	0.000
2353	404183	4	-904.935	62.00	34.28049	404.09674	-344.612	-4.962	0.000	-179.606	-147.756	-228.000	0.000
2354	404258	2	-2400.135	61.00	35.32899	404.82153	-116.434	2.047	-60.000	-37.617	-113.130	-75.000	-2000.000
2355	404316	1	2345.268	62.00	34.11095	404.53415	-70.989	20.082	-20.000	-6.985	-18.840	-58.000	2500.000
2356	404390	1	2410.846	63.00	35.82540	404.45010	-24.981	28.416	0.000	-4.191	-14.398	-74.000	2500.000
2357	404482	1	2261.719	63.00	34.44906	405.68356	-107.691	7.074	0.000	-22.147	-23.517	-92.000	2500.000
2358	404614	1	2042.893	64.00	33.17529	402.79437	-179.015	25.416	0.000	-101.688	-69.820	-132.000	2500.000
2359	404652	1	2346.853	64.00	33.51258	405.53296	-63.163	-2.795	0.000	-1.637	-47.551	-38.000	2500.000
2360	404881	4	-743.376	63.00	35.37943	404.41629	-277.812	9.546	-40.000	-87.296	-118.814	-229.000	0.000
2361	404951	1	2375.673	63.00	38.98857	404.75446	-47.318	19.369	0.000	-4.107	-22.272	-70.000	2500.000
2362	405227	4	-693.738	62.00	35.41409	405.63498	-249.608	87.086	0.000	-143.514	-111.702	-276.000	0.000
2363	405257	1	2431.638	63.00	34.59661	402.72699	-25.437	11.948	0.000	-5.635	-19.238	-30.000	2500.000
2364	405287	1	2458.152	63.00	33.76482	402.65070	-9.992	10.203	0.000	-1.685	-10.374	-30.000	2500.000
2365	405530	1	1209.237	64.00	35.05626	403.39145	-307.808	-3.922	-340.000	-257.264	-138.769	-243.000	2500.000
2366	405644	1	2160.225	65.00	32.39108	404.00610	-136.673	26.718	-20.000	-30.017	-65.803	-114.000	2500.000
2367	405799	1	2108.593	65.00	37.23013	403.31851	-191.792	29.689	0.000	-32.885	-41.419	-155.000	2500.000
2368	406009	4	-753.576	64.00	36.31683	403.79099	-339.314	64.285	-80.000	-71.003	-117.545	-210.000	0.000
2369	406168	1	1726.825	64.00	34.32434	403.83743	-171.035	8.103	-140.000	-212.082	-99.162	-159.000	2500.000
2370	406237	1	2385.786	65.00	32.61510	402.58517	-50.056	33.587	0.000	-7.398	-21.346	-69.000	2500.000
2371	406267	1	2389.813	66.00	31.04478	403.59192	-45.053	-0.688	0.000	-7.438	-27.007	-30.000	2500.000
2372	406411	1	2160.470	66.00	38.02888	403.98267	-160.223	44.596	0.000	-46.808	-33.094	-144.000	2500.000
2373	406518	1	2322.247	66.00	33.54696	403.51373	-61.136	36.891	0.000	-29.058	-17.449	-107.000	2500.000
2374	406756	4	-531.802	66.00	34.78631	403.57065	-266.535	76.623	0.000	-28.036	-75.854	-238.000	0.000
2375	406876	1	2236.522	67.00	37.41396	403.47800	-104.408	17.501	0.000	-15.652	-40.919	-120.000	2500.000
2376	406940	1	2386.685	67.00	39.39109	402.35135	-38.518	19.212	0.000	-6.180	-23.827	-64.000	2500.000
2377	406970	1	2442.578	67.00	33.61605	404.40359	-22.071	10.498	0.000	-5.548	-10.302	-30.000	2500.000
2378	407209	1	1619.007	67.00	35.13747	403.85812	-215.078	100.920	-400.000	-53.381	-74.454	-239.000	2500.000
2379	407289	2	-2375.179	66.00	36.40354	402.78418	-100.888	5.887	-80.000	-94.344	-25.834	-80.000	-2000.000
2380	407422	1	2180.859	66.00	35.26765	403.36118	-103.976	29.743	0.000	-42.640	-69.268	-133.000	2500.000
2381	407488	1	2365.825	66.00	30.16183	402.71976	-34.351	18.577	0.000	-19.182	-33.219	-66.000	2500.000
2382	407518	1	2444.963	66.00	37.98971	402.73911	-17.949	7.258	0.000	-0.394	-13.953	-30.000	2500.000
2383	407674	1	2142.211	66.00	35.48397	402.10049	-142.831	33.902	0.000	-26.161	-66.699	-156.000	2500.000
2384	407876	4	-1103.085	66.00	35.10616	403.30151	-155.395	14.355	-220.000	-409.878	-130.167	-202.000	0.000
2385	407919	1	2403.754	66.00	37.63149	405.30286	-30.764	10.862	0.000	-14.947	-18.396	-43.000	2500.000
2386	408150	1	1856.471	67.00	35.63393	403.75540	-307.004	97.520	0.000	-77.732	-125.313	-231.000	2500.000
2387	408388	4	-502.055	66.00	36.94975	403.16257	-286.763	120.856	0.000	-28.387	-69.760	-238.000	0.000
2388	408567	1	1565.204	67.00	34.96967	402.08685	-206.174	30.649	-500.000	-24.436	-55.834	-179.000	2500.000
2389	408792	1	1828.101	67.00	37.90895	402.88321	-181.895	95.730	-120.000	-103.866	-136.869	-225.000	2500.000
2390	408913	1	2144.536	67.00	37.25791	402.12628	-115.113	35.289	-80.000	-26.990	-47.651	-121.000	2500.000
2391	409062	1	2031.686	67.00	37.68872	403.41000	-130.631	44.325	-140.000	-30.608	-62.401	-149.000	2500.000
2392	409186	2	-3083.522	67.00	35.46997	403.25797	-159.551	-11.631	-80.000	-623.407	-84.933	-124.000	-2000.000
2393	409315	1	2186.315	67.00	34.98914	402.76593	-88.393	30.267	0.000	-59.274	-67.285	-129.000	2500.000
2394	409405	1	2211.378	68.00	37.28587	402.24078	-109.941	10.191	0.000	-39.399	-59.472	-90.000	2500.000
2395	409642	1	1815.755	69.00	36.23087	403.02170	-278.910	88.108	-120.000	-50.746	-85.697	-237.000	2500.000
2396	409909	1	1787.175	69.00	36.89500	403.57526	-271.632	48.433	-40.000	-81.510	-101.116	-267.000	2500.000
2397	410028	1	2290.372	69.00	37.50348	403.38809	-80.148	46.868	0.000	-17.664	-39.684	-119.000	2500.000
2398	410172	1	2163.177	69.00	36.33928	402.17184	-85.674	55.588	-100.000	-26.824	-35.913	-144.000	2500.000
2399	410340	1	2143.068	69.00	35.57347	402.61441	-152.326	54.044	0.000	-24.678	-65.972	-168.000	2500.000
2400	410479	1	2104.985	69.00	37.01542	401.81702	-142.062	55.771	-40.000	-77.463	-52.262	-139.000	2500.000
2401	410810	4	-958.951	68.00	37.34334	402.24344	-406.817	115.164	0.000	-203.233	-133.065	-331.000	0.000
2402	410841	1	2123.810	68.00	40.39400	405.56830	-33.797	6.886	-160.000	-126.046	-32.233	-31.000	2500.000
2403	410932	1	2285.597	69.00	37.11708	402.22403	-70.242	28.073	0.000	-44.619	-36.615	-91.000	2500.000
2404	411043	1	2023.701	69.00	35.27159	402.98120	-164.698	-60.262	0.000	-82.354	-57.985	-111.000	2500.000
2405	411111	1	2309.554	69.00	36.63261	401.00549	-75.658	2.450	0.000	-19.304	-29.934	-68.000	2500.000
2406	411390	4	-1688.715	68.00	37.31455	402.28214	-333.777	52.839	-640.000	-379.575	-109.202	-279.000	0.000
2407	411454	1	2286.143	69.00	34.55065	403.44193	-74.828	10.863	0.000	-34.192	-51.700	-64.000	2500.000
2408	411484	1	2369.554	70.00	39.67576	401.26154	-43.823	3.319	0.000	-12.858	-47.083	-30.000	2500.000
2409	411514	1	2376.522	71.00	34.73150	403.64420	-44.547	-5.801	0.000	-11.750	-31.381	-30.000	2500.000
2410	411644	1	2242.258	71.00	33.97382	402.46463	-89.812	39.347	0.000	-37.354	-39.924	-130.000	2500.000
2411	411833	1	2097.321	72.00	34.74905	401.61383	-177.163	72.490	0.000	-51.023	-57.984	-189.000	2500.000
2412	411870	1	2369.040	72.00	38.51849	401.28918	-55.911	-8.764	0.000	-1.913	-27.371	-37.000	2500.000
2413	411993	1	2311.960	72.00	34.14157	402.78339	-77.756	38.473	0.000	-11.962	-13.794	-123.000	2500.000
2414	412169	1	1836.647	73.00	37.16322	402.96228	-162.120	36.117	-60.000	-197.862	-103.489	-176.000	2500.000
2415	412257	1	1938.141	73.00	36.52953	402.27902	-103.878	24.084	-280.000	-41.359	-72.706	-88.000	2500.000
2416	412336	1	2205.208	73.00	37.35242	401.78064	-50.267	29.047	-160.000	-11.420	-23.153	-79.000	2500.000
2417	412461	1	2264.925	74.00	35.41383	401.17361	-84.167	49.217	0.000	-26.024	-49.101	-125.000	2500.000
2418	412617	2	-2679.111	73.00	37.55588	401.56616	-233.087	-2.847	-120.000	-101.991	-65.185	-156.000	-2000.000
2419	412711	1	2233.901	73.00	37.16661	402.13272	-93.419	11.256	0.000	-37.908	-52.028	-94.000	2500.000
2420	412808	1	2260.818	73.00	40.49111	401.22162	-87.442	35.347	0.000	-42.122	-47.964	-97.000	2500.000
2421	412961	1	2200.482	74.00	37.55819	402.05060	-117.137	67.769	0.000	-37.078	-60.073	-153.000	2500.000
2422	413234	4	-678.673	74.00	37.50176	401.17480	-259.419	109.724	0.000	-130.825	-125.153	-273.000	0.000
2423	413305	1	2194.006	74.00	38.64998	402.52380	-57.737	16.161	-140.000	-30.351	-23.067	-71.000	2500.000
2424	413472	1	2203.626	74.00	34.57812	400.19040	-102.775	56.726	0.000	-44.439	-38.886	-167.000	2500.000
2425	413639	1	1953.470	75.00	35.11871	401.05811	-160.068	48.648	-100.000	-92.359	-75.750	-167.000	2500.000
2426	413769	1	2258.670	75.00	37.67841	400.57022	-82.856	34.641	0.000	-35.377	-27.738	-130.000	2500.000
2427	413946	1	2150.598	76.00	35.21680	400.62204	-122.758	58.616	0.000	-47.170	-61.090	-177.000	2500.000
2428	414099	1	2089.737	77.00	35.80663	401.29916	-172.394	58.141	0.000	-38.585	-104.425	-153.000	2500.000
2429	414201	1	2196.888	78.00	35.05157	399.69757	-114.574	32.565	-20.000	-39.306	-59.797	-102.000	2500.000
2430	414415	4	-1724.479	77.00	36.26509	399.96207	-404.854	-44.326	-620.000	-279.458	-161.841	-214.000	0.000
2431	414629	1	1835.951	77.00	35.61613	400.95438	-309.240	52.915	0.000	-80.287	-113.437	-214.000	2500.000
2432	414697	1	2403.024	77.00	37.64411	399.68195	-32.919	25.795	0.000	-9.775	-12.077	-68.000	2500.000
2433	414906	4	-640.748	76.00	34.77303	401.16229	-280.281	59.984	-80.000	-46.932	-84.518	-209.000	0.000
2434	414976	1	2316.793	76.00	37.52810	401.45782	-68.804	11.892	0.000	-14.670	-41.625	-70.000	2500.000
2435	415118	2	-2459.487	76.00	36.33044	402.53494	-143.146	22.429	-100.000	-30.282	-66.488	-142.000	-2000.000
2436	415296	1	1890.853	76.00	35.01901	400.05576	-202.835	25.419	-160.000	-28.608	-65.124	-178.000	2500.000
2437	415468	1	2072.203	77.00	36.96831	400.17859	-169.237	46.800	0.000	-53.570	-79.789	-172.000	2500.000
2438	415602	2	-2501.697	76.00	38.21632	400.00916	-103.478	19.928	-220.000	-17.927	-46.220	-134.000	-2000.000
2439	415854	4	-1676.322	75.00	35.78226	400.71039	-362.266	65.856	-520.000	-482.370	-125.542	-252.000	0.000
2440	416009	1	1923.880	75.00	36.65696	400.92532	-180.738	39.798	-160.000	-42.730	-77.451	-155.000	2500.000
2441	416158	1	2245.346	75.00	36.61990	400.41272	-107.752	55.555	0.000	-17.139	-36.317	-149.000	2500.000
2442	416208	2	-2280.332	75.00	36.36907	398.95798	-84.991	-1.337	-80.000	-59.020	-4.984	-50.000	-2000.000
2443	416302	1	2193.571	75.00	39.27290	400.18991	-73.047	22.527	-80.000	-41.156	-40.753	-94.000	2500.000
2444	416414	1	2206.750	75.00	35.10802	400.32867	-126.830	27.589	0.000	-31.729	-50.280	-112.000	2500.000
2445	416448	2	-2293.294	74.00	37.14285	397.35852	-28.042	3.710	-220.000	-2.676	-12.286	-34.000	-2000.000
2446	416510	1	2394.499	74.00	36.26433	400.11496	-34.051	18.735	0.000	-2.704	-25.481	-62.000	2500.000
2447	416540	1	2456.785	74.00	40.44533	399.51318	-15.671	10.087	0.000	-2.084	-5.547	-30.000	2500.000
2448	416703	1	1910.612	75.00	38.66427	399.95010	-117.373	55.063	-280.000	-21.361	-62.717	-163.000	2500.000
2449	416959	1	1784.039	76.00	36.21457	400.14301	-194.024	85.694	-80.000	-161.032	-110.599	-256.000	2500.000
2450	417111	1	2154.096	77.00	36.34431	401.05014	-102.364	47.177	0.000	-81.143	-57.575	-152.000	2500.000
2451	417300	1	2114.007	78.00	35.58273	399.59665	-115.391	84.246	0.000	-97.138	-68.711	-189.000	2500.000
2452	417342	1	2396.663	79.00	42.78207	399.35431	-23.674	10.224	0.000	-11.348	-36.539	-42.000	2500.000
2453	417459	1	2294.400	80.00	36.52496	399.54013	-84.563	51.245	0.000	-9.357	-45.925	-117.000	2500.000
2454	417658	4	-744.319	80.00	38.20917	400.43393	-326.866	7.534	-80.000	-49.850	-96.137	-199.000	0.000
2455	417689	1	2427.900	80.00	38.99849	398.55948	-31.238	12.437	0.000	-1.027	-21.273	-31.000	2500.000
2456	417720	1	2400.482	80.00	32.59417	403.09827	-39.008	-0.340	0.000	-3.101	-26.069	-31.000	2500.000
2457	417800	1	2368.258	80.00	35.89666	397.73026	-50.961	22.096	0.000	-10.419	-12.458	-80.000	2500.000
2458	418020	1	2010.628	80.00	35.63325	399.91217	-176.876	109.281	-40.000	-59.703	-102.073	-220.000	2500.000
2459	418110	1	2316.150	80.00	36.46915	397.52969	-54.761	37.563	-20.000	-18.086	-38.566	-90.000	2500.000
2460	418194	1	2373.847	81.00	35.87197	400.02106	-31.847	30.064	0.000	-14.352	-26.018	-84.000	2500.000
2461	418231	1	2362.981	81.00	40.79769	402.05206	-50.495	-7.766	0.000	-9.771	-31.987	-37.000	2500.000
2462	418378	1	2188.599	82.00	35.49209	398.38928	-114.595	33.337	0.000	-56.539	-26.604	-147.000	2500.000
2463	418560	1	2059.012	82.00	35.75511	398.81940	-182.377	43.288	0.000	-32.548	-87.352	-182.000	2500.000
2464	418791	4	-778.051	81.00	37.39865	399.69455	-228.871	68.037	-180.000	-98.231	-107.987	-231.000	0.000
2465	419058	4	-835.748	80.00	35.36929	397.66235	-421.987	22.979	0.000	-58.530	-111.209	-267.000	0.000
2466	419203	1	2163.209	80.00	34.75784	398.63144	-137.570	42.802	0.000	-22.103	-74.920	-145.000	2500.000
2467	419442	4	-884.186	79.00	36.43545	398.92426	-243.941	88.608	-240.000	-165.273	-84.579	-239.000	0.000
2468	419672	1	1424.369	80.00	36.78693	398.82019	-335.174	17.308	-200.000	-219.068	-108.697	-230.000	2500.000
2469	419902	4	-525.799	79.00	36.97734	398.91913	-279.366	75.811	0.000	-31.022	-61.222	-230.000	0.000
2470	420041	2	-2561.400	78.00	36.01813	398.01480	-187.181	7.127	-80.000	-62.525	-99.821	-139.000	-2000.000
2471	420106	1	2363.650	78.00	37.19492	396.69458	-50.501	23.285	0.000	-15.883	-28.250	-65.000	2500.000
2472	420248	1	2084.351	78.00	35.43944	398.47449	-137.242	46.608	-140.000	-6.983	-36.032	-142.000	2500.000
2473	420510	4	-1487.111	77.00	36.49548	399.33304	-374.989	-5.098	-640.000	-62.416	-142.608	-262.000	0.000
2474	420632	1	2047.969	78.00	36.02908	398.02396	-136.401	17.968	-100.000	-58.883	-52.714	-122.000	2500.000
2475	420681	2	-2306.647	77.00	36.49821	397.15652	-46.284	1.582	-120.000	-49.859	-43.086	-49.000	-2000.000
2476	420944	4	-678.578	76.00	37.92149	398.79694	-308.755	6.508	0.000	-35.994	-77.337	-263.000	0.000
2477	421160	4	-639.226	75.00	37.15032	397.62006	-304.815	29.750	0.000	-65.977	-82.183	-216.000	0.000
2478	421212	1	2376.760	75.00	36.21482	397.93951	-53.851	13.292	0.000	-3.503	-27.178	-52.000	2500.000
2479	421491	4	-950.829	75.00	35.81286	398.54874	-297.408	100.993	-160.000	-199.744	-115.671	-279.000	0.000
2480	421603	1	2129.782	75.00	36.80901	397.83084	-102.311	30.709	-80.000	-49.657	-56.959	-112.000	2500.000
2481	421885	4	-786.569	74.00	35.89075	398.62314	-360.555	59.151	0.000	-60.148	-143.017	-282.000	0.000
2482	422131	4	-966.174	73.00	35.47711	397.55286	-301.927	80.042	-180.000	-146.666	-171.623	-246.000	0.000
2483	422193	1	2324.311	73.00	38.49327	396.98602	-70.177	11.260	0.000	-25.225	-29.547	-62.000	2500.000
2484	422329	2	-2569.311	73.00	37.22803	397.15463	-151.037	15.523	-100.000	-119.803	-77.993	-136.000	-2000.000
2485	422548	1	1816.590	73.00	34.80903	398.43408	-230.541	109.455	-140.000	-69.967	-133.357	-219.000	2500.000
2486	422764	1	2039.814	73.00	36.30554	397.42130	-200.071	88.699	0.000	-45.881	-86.933	-216.000	2500.000
2487	422998	1	1505.702	74.00	37.37543	397.07101	-266.204	58.253	-120.000	-243.240	-189.107	-234.000	2500.000
2488	423111	2	-2395.764	73.00	35.66943	397.90109	-71.608	26.106	-120.000	-69.587	-47.675	-113.000	-2000.000
2489	423280	1	1774.173	73.00	37.30357	397.46652	-218.479	46.118	-40.000	-268.522	-75.945	-169.000	2500.000
2490	423435	1	1952.544	73.00	38.33679	397.75293	-236.662	-89.369	0.000	-25.177	-41.247	-155.000	2500.000
2491	423510	1	2145.077	73.00	37.46868	397.87277	-61.452	17.529	-180.000	-25.221	-30.779	-75.000	2500.000
2492	423670	1	2146.831	74.00	38.08697	398.38885	-156.298	38.072	0.000	-33.078	-41.865	-160.000	2500.000
2493	423808	1	2071.650	74.00	35.25773	396.53333	-134.746	49.186	0.000	-123.727	-81.062	-138.000	2500.000
2494	423874	1	2385.541	74.00	36.89092	396.62054	-45.712	18.919	0.000	-7.782	-13.883	-66.000	2500.000
2495	424035	1	2136.861	74.00	37.64634	396.82721	-145.594	36.893	0.000	-32.315	-61.123	-161.000	2500.000
2496	424353	4	-1048.366	73.00	35.45768	397.59302	-341.614	83.443	-220.000	-106.608	-145.588	-318.000	0.000
2497	424472	1	2094.823	73.00	33.39846	398.21585	-103.884	29.187	-120.000	-49.339	-42.141	-119.000	2500.000
2498	424728	4	-654.549	72.00	36.74881	396.78204	-292.265	71.653	0.000	-76.458	-101.480	-256.000	0.000
2499	424855	1	1892.191	72.00	38.37854	396.63846	-141.459	5.328	-140.000	-147.123	-57.555	-127.000	2500.000
2500	425026	2	-2814.483	71.00	37.85777	397.81000	-175.580	56.456	-240.000	-183.717	-100.641	-171.000	-2000.000
2501	425215	1	2139.063	72.00	37.95380	397.23773	-162.827	53.236	0.000	-30.861	-31.484	-189.000	2500.000
2502	425430	1	1914.212	72.00	36.07619	396.87912	-269.055	85.164	0.000	-82.411	-104.486	-215.000	2500.000
2503	425542	1	2351.770	72.00	38.93298	398.13995	-44.956	37.637	0.000	-14.015	-14.896	-112.000	2500.000
2504	425595	1	2178.454	72.00	36.05332	398.54141	-25.773	15.580	-200.000	-15.636	-42.716	-53.000	2500.000
2505	425839	1	1341.684	72.00	35.63324	396.23495	-300.941	109.879	-560.000	-62.364	-100.890	-244.000	2500.000
2506	425930	1	2369.106	73.00	36.98940	397.24252	-38.423	31.198	0.000	-7.682	-24.987	-91.000	2500.000
2507	426217	1	1588.127	73.00	37.55844	396.71179	-324.027	44.868	-240.000	-40.153	-65.561	-287.000	2500.000
2508	426574	4	-872.595	72.00	34.93681	396.67398	-348.307	79.104	0.000	-70.698	-175.694	-357.000	0.000
2509	426710	1	2201.533	72.00	40.19794	396.61255	-116.308	35.563	0.000	-32.928	-48.795	-136.000	2500.000
2510	426740	1	2371.159	72.00	40.14024	394.82144	-48.089	4.646	0.000	-19.404	-35.993	-30.000	2500.000
2511	427093	4	-981.258	71.00	36.53754	397.17981	-519.501	107.446	0.000	-60.382	-155.822	-353.000	0.000
2512	427226	2	-2602.761	70.00	36.75898	396.55490	-188.167	6.901	-120.000	-85.002	-83.493	-133.000	-2000.000
2513	427327	1	2305.443	70.00	36.55791	396.92419	-64.368	35.797	0.000	-36.935	-28.051	-101.000	2500.000
2514	427675	4	-982.932	69.00	35.98769	397.01907	-422.578	119.091	-80.000	-84.389	-167.056	-348.000	0.000
2515	428008	4	-1295.846	68.00	38.04282	396.48169	-439.620	124.094	0.000	-371.168	-276.152	-333.000	0.000
2516	428363	4	-1213.813	67.00	35.99229	396.79739	-577.428	57.284	-100.000	-116.940	-121.728	-355.000	0.000
2517	428481	1	2274.566	67.00	38.00567	395.42041	-80.833	34.872	0.000	-13.990	-47.483	-118.000	2500.000
2518	428835	4	-1044.443	67.00	37.47169	395.44879	-415.207	120.521	-120.000	-130.152	-145.604	-354.000	0.000
2519	429121	1	1551.367	67.00	37.07378	396.45142	-371.635	59.516	-100.000	-61.391	-189.123	-286.000	2500.000
2520	429467	4	-997.357	66.00	37.93502	395.67422	-437.819	58.361	0.000	-103.422	-168.477	-346.000	0.000
2521	429636	2	-3037.149	65.00	39.01307	395.15778	-266.094	5.125	-240.000	-172.621	-194.558	-169.000	-2000.000
2522	429835	1	1955.482	66.00	34.59423	395.87860	-207.410	48.407	0.000	-67.994	-118.522	-199.000	2500.000
2523	429865	1	2359.465	66.00	43.90799	396.29742	-51.140	7.725	0.000	-32.725	-34.396	-30.000	2500.000
2524	429979	1	2295.769	66.00	37.78805	396.09171	-82.331	42.347	0.000	-12.411	-37.835	-114.000	2500.000
2525	430032	1	2392.702	66.00	36.24195	395.47537	-35.819	16.170	0.000	-7.010	-27.639	-53.000	2500.000
2526	430089	1	2200.047	66.00	40.91992	395.10434	-27.397	16.319	-180.000	-11.347	-40.528	-57.000	2500.000
2527	430128	1	2445.215	66.00	35.16661	392.70175	-7.398	10.010	0.000	-10.323	-8.074	-39.000	2500.000
2528	430295	1	2176.390	66.00	35.34246	395.94269	-130.968	40.789	0.000	-25.054	-41.377	-167.000	2500.000
2529	430348	1	2425.936	66.00	32.65440	393.86948	-27.986	15.403	0.000	-0.705	-7.777	-53.000	2500.000
2530	430486	1	2175.661	67.00	38.54278	394.41660	-153.626	60.004	0.000	-17.066	-75.651	-138.000	2500.000
2531	430691	1	2058.872	67.00	36.74937	395.11673	-109.944	91.556	0.000	-123.700	-94.041	-205.000	2500.000
2532	430794	1	2263.474	67.00	36.18042	396.34860	-88.706	37.900	0.000	-40.830	-41.890	-103.000	2500.000
2533	431082	1	1656.606	68.00	36.46696	395.00089	-288.940	36.721	0.000	-140.153	-163.022	-288.000	2500.000
2534	431291	2	-3012.877	67.00	37.00515	396.13113	-239.436	73.745	-240.000	-285.869	-112.318	-209.000	-2000.000
2535	431641	2	-3336.174	67.00	37.87315	395.46652	-486.721	154.813	-220.000	-228.740	-205.527	-350.000	-2000.000
2536	431907	1	1408.255	67.00	35.16294	394.25909	-298.857	56.678	0.000	-370.791	-212.775	-266.000	2500.000
2537	432066	1	1917.792	67.00	37.51797	396.02975	-257.605	-104.709	0.000	-18.452	-42.442	-159.000	2500.000
2538	432307	4	-745.451	67.00	37.04523	394.86539	-312.310	114.717	-60.000	-126.192	-120.666	-241.000	0.000
2539	432385	1	1681.908	68.00	39.59655	395.95712	-104.096	17.758	-400.000	-134.996	-118.758	-78.000	2500.000
2540	432464	1	1963.520	68.00	37.66369	394.54376	-124.106	-44.795	-220.000	-24.525	-44.054	-79.000	2500.000
2541	432792	4	-1094.120	67.00	37.28138	394.75934	-381.283	50.122	-180.000	-78.635	-176.325	-328.000	0.000
2542	432844	2	-2350.052	67.00	34.23765	394.75027	-106.069	-2.992	-100.000	-48.709	-40.281	-52.000	-2000.000
2543	433023	2	-2476.269	66.00	36.80456	394.12439	-171.844	69.452	-80.000	-55.753	-59.123	-179.000	-2000.000
2544	433205	1	1882.052	66.00	38.56613	394.83005	-257.111	14.254	-100.000	-36.102	-56.989	-182.000	2500.000
2545	433322	1	2271.289	67.00	38.05827	395.51913	-122.380	39.022	0.000	-6.219	-22.134	-117.000	2500.000
2546	433440	1	2096.757	67.00	35.33960	394.48941	-136.435	28.656	-40.000	-94.147	-43.317	-118.000	2500.000
2547	433530	1	2334.158	67.00	39.20941	393.89154	-45.692	30.065	0.000	-22.382	-37.833	-90.000	2500.000
2548	433805	4	-1254.175	66.00	37.51851	394.11292	-393.777	91.810	-340.000	-159.553	-177.655	-275.000	0.000
2549	433980	1	1783.153	66.00	36.45589	394.79004	-175.580	28.773	-160.000	-143.797	-91.243	-175.000	2500.000
2550	434126	1	2158.713	66.00	37.14357	395.18274	-111.565	70.015	0.000	-85.504	-68.232	-146.000	2500.000
2551	434205	1	2194.111	66.00	39.17933	392.49112	-88.632	31.899	0.000	-98.873	-71.284	-79.000	2500.000
2552	434398	1	1956.401	66.00	38.12065	394.31055	-216.106	37.054	0.000	-71.781	-99.766	-193.000	2500.000
2553	434481	1	2347.204	66.00	34.90485	395.09030	-61.375	23.963	0.000	-9.774	-22.610	-83.000	2500.000
2554	434599	1	2201.770	67.00	39.21906	392.84656	-151.803	46.708	0.000	-5.926	-69.208	-118.000	2500.000
2555	434786	1	1953.777	67.00	39.22169	394.29996	-201.985	74.623	-20.000	-113.289	-98.572	-187.000	2500.000
2556	434865	1	2246.879	67.00	32.23939	395.88782	-45.526	35.351	0.000	-109.095	-54.851	-79.000	2500.000
2557	434934	1	2218.936	67.00	36.39668	392.52448	-111.743	-32.637	0.000	-10.448	-57.236	-69.000	2500.000
2558	435024	1	2286.767	67.00	37.59353	392.96732	-86.436	16.299	0.000	-24.962	-28.135	-90.000	2500.000
2559	435080	1	2413.230	67.00	39.98829	395.26910	-16.578	16.116	0.000	-8.504	-21.805	-56.000	2500.000
2560	435152	1	2393.740	67.00	37.66225	395.22665	-30.687	24.418	0.000	-5.393	-22.598	-72.000	2500.000
2561	435182	1	2376.492	67.00	39.17406	392.79626	-39.442	9.563	0.000	-22.733	-40.895	-30.000	2500.000
2562	435396	4	-652.386	66.00	38.59248	394.43622	-177.382	88.467	-220.000	-40.060	-89.410	-214.000	0.000
2563	436032	1	-257.222	66.00	37.45045	394.35358	-850.940	75.677	-640.000	-292.397	-413.563	-636.000	2500.000
2564	436093	1	2316.247	67.00	33.97738	392.37778	-68.962	4.660	0.000	-26.939	-31.512	-61.000	2500.000
2565	436383	1	1838.253	68.00	36.98422	393.84003	-276.101	140.648	-40.000	-94.888	-101.406	-290.000	2500.000
2566	436687	4	-808.142	67.00	37.76641	393.66162	-337.833	81.836	0.000	-108.569	-139.575	-304.000	0.000
2567	436790	1	2318.167	68.00	38.38494	395.41388	-52.835	25.145	0.000	-16.098	-35.045	-103.000	2500.000
2568	436929	1	2211.242	68.00	36.44537	393.56125	-84.546	52.771	0.000	-61.427	-56.557	-139.000	2500.000
2569	436962	1	2417.102	69.00	37.11942	393.54724	-32.310	15.778	0.000	-10.751	-22.615	-33.000	2500.000
2570	437119	1	2133.675	70.00	37.25896	394.96738	-101.999	60.982	-80.000	-39.325	-48.983	-157.000	2500.000
2571	437276	1	2113.216	70.00	35.29000	393.12979	-153.765	50.928	0.000	-71.636	-55.311	-157.000	2500.000
2572	437507	1	1969.767	70.00	39.72914	392.90424	-213.168	118.303	0.000	-54.285	-150.083	-231.000	2500.000
2573	437627	1	2279.654	71.00	38.33993	395.60898	-85.195	51.111	0.000	-7.653	-58.609	-120.000	2500.000
2574	437877	4	-1031.325	70.00	36.72082	392.27704	-336.590	16.587	-300.000	-43.068	-118.253	-250.000	0.000
2575	438208	4	-1299.724	70.00	37.70920	392.55276	-473.012	32.474	-280.000	-156.102	-92.083	-331.000	0.000
2576	438290	2	-2470.341	70.00	35.56860	395.07770	-142.601	-2.471	-60.000	-107.893	-75.376	-82.000	-2000.000
2577	438513	4	-858.438	70.00	37.89915	392.56116	-287.959	61.335	-260.000	-56.965	-91.849	-223.000	0.000
2578	438631	1	2256.673	70.00	34.77576	392.48712	-85.215	30.230	0.000	-12.764	-57.578	-118.000	2500.000
2579	438780	1	2161.931	71.00	39.40208	394.18912	-128.330	35.346	0.000	-24.999	-71.085	-149.000	2500.000
2580	438982	4	-568.338	70.00	36.72761	393.12674	-185.143	76.244	-120.000	-38.994	-98.445	-202.000	0.000
2581	439032	1	2382.206	71.00	33.37860	391.43445	-46.326	8.133	0.000	-13.693	-15.909	-50.000	2500.000
2582	439169	1	2203.920	72.00	37.41983	393.33801	-120.112	60.944	0.000	-27.203	-72.710	-137.000	2500.000
2583	439429	4	-1098.340	71.00	36.95831	393.27878	-291.166	72.371	-180.000	-238.070	-201.474	-260.000	0.000
2584	439586	1	2009.100	72.00	39.20990	392.88153	-198.817	19.031	-20.000	-40.956	-93.158	-157.000	2500.000
2585	439754	1	2151.873	72.00	40.15559	392.95239	-144.291	36.465	0.000	-16.796	-55.505	-168.000	2500.000
2586	439908	1	2050.724	72.00	37.64207	393.66495	-117.931	49.049	-140.000	-36.242	-50.152	-154.000	2500.000
2587	440084	2	-2900.503	71.00	38.39885	392.44870	-129.881	67.775	-520.000	-98.705	-43.692	-176.000	-2000.000
2588	440312	1	1933.553	72.00	38.95522	391.90060	-270.925	95.698	0.000	-103.569	-59.651	-228.000	2500.000
2589	440405	1	2295.759	72.00	38.36271	393.40512	-83.429	41.739	0.000	-23.149	-46.402	-93.000	2500.000
2590	440481	1	2340.226	72.00	39.08520	391.46832	-70.220	25.973	0.000	-10.753	-28.775	-76.000	2500.000
2591	440707	1	1932.159	72.00	36.71394	391.86145	-280.458	70.702	0.000	-65.809	-66.276	-226.000	2500.000
2592	440737	2	-2453.351	71.00	35.67395	392.94595	-58.790	-0.129	-200.000	-106.831	-57.601	-30.000	-2000.000
2593	440825	1	2113.547	71.00	36.68601	391.54739	-82.083	17.955	-100.000	-47.726	-86.599	-88.000	2500.000
2594	441102	4	-1060.366	70.00	38.75815	391.72610	-413.756	-37.264	0.000	-135.384	-196.962	-277.000	0.000
2595	441315	4	-1099.269	69.00	39.63292	393.17285	-340.754	3.459	-240.000	-118.651	-190.323	-213.000	0.000
2596	441445	1	1719.765	70.00	38.30612	391.72351	-139.590	26.600	-240.000	-192.211	-105.034	-130.000	2500.000
2597	441654	1	1916.649	70.00	38.40273	392.88666	-192.330	67.997	-120.000	-39.594	-90.423	-209.000	2500.000
2598	441868	1	1921.640	71.00	38.19360	391.05307	-259.280	30.026	0.000	-29.032	-106.074	-214.000	2500.000
2599	442130	4	-745.099	70.00	37.52063	391.25745	-266.931	74.662	-140.000	-60.565	-90.264	-262.000	0.000
2600	442198	1	2298.745	71.00	39.62897	391.40555	-68.956	14.596	-20.000	-34.104	-24.791	-68.000	2500.000
2601	442277	2	-2392.613	70.00	36.51489	390.06799	-91.252	28.217	-100.000	-106.575	-44.003	-79.000	-2000.000
2602	442312	1	2397.222	70.00	39.67463	391.82434	-32.297	10.891	0.000	-5.015	-41.356	-35.000	2500.000
2603	442399	1	2325.184	70.00	39.04583	391.75687	-68.194	19.826	0.000	-17.137	-22.311	-87.000	2500.000
2604	442467	1	2406.443	70.00	37.24722	393.38873	-35.420	29.226	0.000	-5.368	-13.995	-68.000	2500.000
2605	442572	1	2129.333	70.00	36.08695	392.60019	-123.734	23.718	-60.000	-33.871	-71.780	-105.000	2500.000
2606	442602	1	2404.418	70.00	40.34166	392.51361	-40.436	9.599	0.000	-15.362	-19.384	-30.000	2500.000
2607	442845	4	-879.718	69.00	38.58711	391.14044	-362.313	34.740	-140.000	-53.664	-115.481	-243.000	0.000
2608	442970	1	2169.057	70.00	35.20049	390.63040	-139.409	11.971	0.000	-28.392	-50.113	-125.000	2500.000
2609	443183	4	-754.963	69.00	39.75389	390.69064	-287.130	70.207	0.000	-177.515	-147.524	-213.000	0.000
2610	443330	1	1908.556	69.00	36.08618	391.05939	-204.058	-7.390	-60.000	-66.754	-106.242	-147.000	2500.000
2611	443432	1	2177.786	70.00	37.62296	390.19812	-139.388	-28.549	0.000	-11.041	-41.237	-102.000	2500.000
2612	443640	1	2067.956	71.00	38.58848	391.55566	-187.896	78.071	0.000	-55.913	-58.307	-208.000	2500.000
2613	443933	4	-742.663	70.00	37.46607	390.25540	-358.571	93.323	0.000	-62.446	-121.969	-293.000	0.000
2614	443980	2	-2506.394	70.00	33.80816	390.98395	-73.963	0.808	-120.000	-149.507	-116.732	-47.000	-2000.000
2615	444042	1	2181.014	71.00	37.04778	389.48557	-57.276	17.789	-160.000	-30.498	-27.001	-62.000	2500.000
2616	444122	1	2340.597	72.00	39.10933	390.34000	-64.793	19.323	0.000	-12.143	-21.789	-80.000	2500.000
2617	444265	2	-2599.180	71.00	37.09042	390.41888	-154.449	37.339	-200.000	-85.478	-53.592	-143.000	-2000.000
2618	444351	1	2228.085	72.00	39.28869	392.73734	-68.700	19.891	-60.000	-26.634	-50.473	-86.000	2500.000
2619	444490	1	2248.074	72.00	37.59246	390.74667	-89.824	41.853	0.000	-28.407	-36.546	-139.000	2500.000
2620	444520	1	2429.424	73.00	37.99640	392.73602	-28.064	12.695	0.000	-10.172	-15.035	-30.000	2500.000
2621	444794	4	-830.262	73.00	37.51025	390.09171	-340.073	20.658	0.000	-82.563	-154.284	-274.000	0.000
2622	445013	1	1853.042	73.00	37.51985	390.53903	-269.794	28.457	0.000	-65.991	-120.629	-219.000	2500.000
2623	445167	1	2250.971	73.00	37.72601	390.22385	-101.195	49.509	0.000	-13.980	-29.363	-154.000	2500.000
2624	445363	4	-883.942	72.00	36.14267	390.72098	-360.974	-147.973	0.000	-57.609	-121.385	-196.000	0.000
2625	445512	1	2074.880	72.00	38.04474	390.34073	-172.100	24.790	0.000	-44.944	-83.865	-149.000	2500.000
2626	445656	1	2115.019	72.00	37.16631	389.43024	-116.586	47.394	-120.000	-9.865	-41.924	-144.000	2500.000
2627	445910	4	-1256.785	71.00	37.02528	390.25671	-363.893	69.850	-440.000	-126.511	-142.231	-254.000	0.000
2628	446012	1	2236.359	71.00	34.47636	390.50583	-80.304	27.303	-60.000	-8.099	-40.541	-102.000	2500.000
2629	446053	1	2412.783	71.00	35.34267	394.34207	-24.135	8.647	0.000	-6.892	-23.837	-41.000	2500.000
2630	446205	1	1943.370	71.00	34.72248	389.99045	-152.852	29.364	0.000	-149.676	-131.466	-152.000	2500.000
2631	446368	2	-2927.307	70.00	38.54848	390.09131	-157.563	52.742	-380.000	-172.996	-106.490	-163.000	-2000.000
2632	446558	1	2011.519	70.00	37.59328	390.36172	-252.521	75.380	0.000	-51.774	-69.565	-190.000	2500.000
2633	446770	4	-613.129	69.00	38.53505	390.56842	-287.657	70.878	0.000	-69.882	-114.468	-212.000	0.000
2634	446987	4	-561.818	69.00	37.13124	390.32532	-248.762	101.773	0.000	-82.644	-115.184	-217.000	0.000
2635	447143	1	1896.709	70.00	36.50505	388.61731	-182.058	45.669	-120.000	-91.982	-98.919	-156.000	2500.000
2636	447181	1	2427.273	70.00	36.38536	391.78909	-27.380	12.551	0.000	-5.036	-14.861	-38.000	2500.000
2637	447426	4	-851.460	69.00	37.95984	389.32730	-359.138	18.638	0.000	-86.317	-179.643	-245.000	0.000
2638	447549	1	2200.951	70.00	35.39643	388.49759	-108.120	26.865	-20.000	-28.615	-46.178	-123.000	2500.000
2639	447792	4	-788.716	69.00	34.73100	389.67899	-310.332	32.558	0.000	-110.712	-157.229	-243.000	0.000
2640	448140	4	-1174.382	68.00	36.87605	389.55783	-459.558	24.105	0.000	-141.633	-249.296	-348.000	0.000
2641	448282	1	2066.270	69.00	39.29148	388.78027	-72.143	45.891	-180.000	-30.049	-55.430	-142.000	2500.000
2642	448646	4	-806.075	69.00	34.51572	389.70844	-390.819	90.087	0.000	-46.125	-95.217	-364.000	0.000
2643	448783	1	2081.576	70.00	37.27594	388.75919	-129.477	35.744	-100.000	-26.876	-60.815	-137.000	2500.000
2644	449018	1	2083.844	70.00	36.75234	389.86343	-154.330	74.751	0.000	-47.874	-53.703	-235.000	2500.000
2645	449088	1	2307.816	70.00	34.14549	388.21533	-81.921	22.659	0.000	-21.033	-41.888	-70.000	2500.000
2646	449459	1	668.926	70.00	37.75057	388.87225	-469.249	24.068	-700.000	-165.239	-149.655	-371.000	2500.000
2647	449847	4	-1438.496	69.00	35.88734	389.70953	-524.993	122.929	-520.000	-32.906	-95.526	-388.000	0.000
2648	450137	1	1629.333	70.00	36.05817	389.83127	-336.817	33.328	0.000	-127.419	-149.758	-290.000	2500.000
2649	450306	1	2050.944	70.00	35.20789	388.48331	-200.448	58.805	0.000	-32.281	-106.132	-169.000	2500.000
2650	450654	1	1418.544	70.00	36.32618	388.90271	-387.559	121.238	-120.000	-169.066	-178.070	-348.000	2500.000
2651	450927	1	2020.001	70.00	36.77980	389.55576	-198.607	96.216	0.000	-43.330	-61.278	-273.000	2500.000
2652	451241	1	1752.257	70.00	36.41062	388.41870	-401.441	64.538	0.000	-30.616	-66.225	-314.000	2500.000
2653	451311	1	2337.979	70.00	37.95045	391.01614	-50.494	25.467	0.000	-27.863	-39.130	-70.000	2500.000
2654	451380	1	2263.460	70.00	36.96042	389.64282	-103.265	-8.370	0.000	-14.768	-41.137	-69.000	2500.000
2655	451766	4	-967.848	69.00	35.91642	388.74011	-434.137	122.368	-80.000	-46.163	-143.915	-386.000	0.000
2656	451907	1	2120.080	69.00	37.07241	388.85242	-139.349	28.630	-80.000	-7.951	-40.250	-141.000	2500.000
2657	452305	4	-1105.632	68.00	36.14104	388.85522	-555.020	50.543	0.000	-34.428	-168.727	-398.000	0.000
2658	452441	1	2127.423	68.00	36.04464	389.02521	-145.121	28.825	0.000	-60.370	-59.911	-136.000	2500.000
2659	452552	1	2301.766	68.00	38.02239	387.89819	-59.698	37.123	0.000	-36.544	-28.115	-111.000	2500.000
2660	452689	1	2011.316	68.00	38.27723	388.43466	-57.478	49.019	-280.000	-35.101	-28.124	-137.000	2500.000
2661	452835	1	2179.271	68.00	34.13622	388.39899	-152.859	10.985	0.000	-11.693	-21.162	-146.000	2500.000
2662	452986	1	2243.770	69.00	38.18845	389.59442	-98.039	44.998	0.000	-17.562	-34.627	-151.000	2500.000
2663	453309	1	1693.955	69.00	36.41552	389.32327	-339.340	111.770	0.000	-111.823	-143.651	-323.000	2500.000
2664	453400	1	2298.608	69.00	37.23635	387.27863	-101.833	30.414	0.000	-8.720	-30.252	-91.000	2500.000
2665	453573	1	1892.778	69.00	38.59613	388.62332	-194.863	29.887	0.000	-168.710	-100.536	-173.000	2500.000
2666	453669	1	2318.317	70.00	37.73527	387.43124	-85.255	39.944	0.000	-8.856	-31.516	-96.000	2500.000
2667	453822	1	1848.660	70.00	37.51912	389.57834	-190.264	-2.803	-240.000	-29.055	-36.217	-153.000	2500.000
2668	454042	1	2123.998	70.00	36.11558	387.81512	-124.434	68.866	0.000	-33.266	-67.168	-220.000	2500.000
2669	454290	1	1971.267	70.00	39.10378	387.24152	-202.230	71.565	-40.000	-28.737	-81.332	-248.000	2500.000
2670	454753	1	1060.071	70.00	36.65876	388.65085	-636.507	90.080	0.000	-164.408	-266.094	-463.000	2500.000
2671	454920	1	2201.014	70.00	37.45585	387.20453	-118.298	70.408	0.000	-17.689	-66.407	-167.000	2500.000
2672	455306	4	-1104.293	69.00	38.19238	387.66309	-388.386	98.969	-160.000	-80.337	-188.539	-386.000	0.000
2673	455507	1	1939.285	69.00	37.77725	387.22672	-208.046	40.227	0.000	-57.440	-134.457	-201.000	2500.000
2674	455773	1	1944.675	70.00	37.60124	388.35571	-280.083	92.354	0.000	-27.751	-73.845	-266.000	2500.000
2675	456177	4	-1423.471	70.00	37.39919	387.24396	-539.289	92.309	-220.000	-130.356	-222.135	-404.000	0.000
2676	456332	1	2142.273	71.00	35.26179	387.16693	-141.084	41.504	0.000	-45.861	-57.286	-155.000	2500.000
2677	456388	1	2355.015	72.00	39.78923	385.15414	-48.360	8.740	0.000	-5.407	-43.958	-56.000	2500.000
2678	456716	1	1411.012	72.00	37.77002	387.24365	-249.707	114.719	-140.000	-315.620	-170.381	-328.000	2500.000
2679	456919	2	-2744.532	71.00	35.36771	387.27789	-302.973	48.090	-80.000	-60.049	-146.600	-203.000	-2000.000
2680	457248	1	1665.593	72.00	38.15266	386.79437	-330.721	129.572	0.000	-132.334	-171.924	-329.000	2500.000
2681	457584	1	1836.419	72.00	36.31188	386.55997	-277.103	136.627	0.000	-60.972	-126.133	-336.000	2500.000
2682	457730	1	2059.700	72.00	40.05850	386.88153	-115.314	35.087	-20.000	-78.956	-115.117	-146.000	2500.000
2683	458012	1	968.050	73.00	39.30168	386.14755	-309.037	21.213	-520.000	-352.848	-89.278	-282.000	2500.000
2684	458062	1	2400.671	73.00	37.24877	387.94714	-34.046	10.409	0.000	-6.894	-18.798	-50.000	2500.000
2685	458313	1	1963.178	73.00	36.41975	386.10544	-239.888	62.270	0.000	-40.539	-67.666	-251.000	2500.000
2686	458536	2	-3674.805	72.00	36.14309	386.30981	-242.599	18.991	-460.000	-528.054	-240.142	-223.000	-2000.000
2687	458601	1	2373.978	73.00	35.59772	384.82553	-42.280	20.390	0.000	-8.916	-30.215	-65.000	2500.000
2688	458658	1	2312.346	73.00	38.58169	386.82135	-83.934	-2.872	0.000	-3.879	-39.969	-57.000	2500.000
2689	458937	1	1844.290	73.00	36.35174	386.43219	-298.486	51.433	0.000	-43.815	-85.843	-279.000	2500.000
2690	459285	4	-938.736	72.00	36.86182	387.13937	-388.810	199.165	-60.000	-139.815	-201.275	-348.000	0.000
2691	459682	4	-1554.041	71.00	39.16808	386.46173	-648.969	35.435	0.000	-267.675	-275.831	-397.000	0.000
2692	460053	4	-2171.826	71.00	38.44462	387.29263	-481.127	-2.266	-860.000	-208.762	-248.671	-371.000	0.000
2693	460444	4	-1135.670	70.00	38.87939	386.60767	-459.425	64.083	0.000	-141.295	-208.033	-391.000	0.000
2694	460533	1	2285.788	71.00	39.61848	387.55042	-90.503	26.060	0.000	-24.046	-36.723	-89.000	2500.000
2695	460763	1	2028.764	72.00	35.78182	386.75598	-251.017	117.855	0.000	-35.863	-72.211	-230.000	2500.000
2696	460841	2	-2971.437	71.00	38.29126	385.37546	-122.802	-9.094	-400.000	-216.932	-144.609	-78.000	-2000.000
2697	461097	1	1608.306	71.00	34.33708	386.56940	-312.348	45.626	-180.000	-63.298	-125.673	-256.000	2500.000
2698	461451	4	-1107.846	70.00	38.22611	386.52179	-460.418	157.485	-180.000	-78.785	-192.128	-354.000	0.000
2699	461494	1	2430.942	71.00	35.16180	386.36188	-24.398	12.976	0.000	-9.952	-4.684	-43.000	2500.000
2700	461642	1	2159.021	71.00	36.19117	386.30713	-137.921	32.586	0.000	-28.569	-59.075	-148.000	2500.000
2701	461766	1	2252.305	72.00	36.67210	387.14407	-105.046	32.261	0.000	-12.091	-38.820	-124.000	2500.000
2702	461888	2	-2701.715	71.00	36.97887	385.03006	-209.044	7.026	-240.000	-77.490	-60.207	-122.000	-2000.000
2703	461955	1	2289.558	71.00	37.88571	385.54581	-63.781	13.579	0.000	-52.524	-40.716	-67.000	2500.000
2704	462033	1	2183.443	71.00	38.94914	387.14139	-120.844	-14.734	-40.000	-19.268	-43.712	-78.000	2500.000
2705	462107	1	2391.951	71.00	40.99314	388.31808	-17.256	22.887	0.000	-25.420	-14.260	-74.000	2500.000
2706	462178	2	-2248.905	70.00	38.59362	386.74146	-54.615	13.428	-80.000	-34.504	-22.214	-71.000	-2000.000
2707	462315	1	1798.745	71.00	37.05372	385.54504	-133.749	26.656	-180.000	-174.026	-103.137	-137.000	2500.000
2708	462451	1	2174.532	71.00	40.14877	385.37918	-115.228	45.441	-40.000	-28.586	-51.095	-136.000	2500.000
2709	462717	4	-701.617	71.00	39.00093	386.01529	-342.782	133.677	0.000	-65.281	-161.231	-266.000	0.000
2710	462754	2	-2238.144	70.00	39.41108	385.87976	-44.881	3.734	-140.000	-2.665	-17.332	-37.000	-2000.000
2711	462831	2	-2423.220	69.00	32.84013	386.23849	-115.354	-2.001	-140.000	-27.470	-61.395	-77.000	-2000.000
2712	463094	4	-814.124	68.00	39.85539	385.87668	-388.929	65.572	0.000	-86.734	-141.033	-263.000	0.000
2713	463305	1	1934.811	69.00	37.08864	386.31036	-261.245	25.672	0.000	-38.686	-79.931	-211.000	2500.000
2714	463378	1	2356.543	70.00	37.02975	385.70615	-36.481	25.435	0.000	-23.789	-35.621	-73.000	2500.000
2715	463415	1	2409.989	70.00	38.39781	383.93497	-22.712	9.994	0.000	-10.656	-29.637	-37.000	2500.000
2716	463569	1	1992.586	70.00	39.08403	386.49133	-174.139	21.783	-40.000	-79.660	-81.397	-154.000	2500.000
2717	463659	1	2371.181	71.00	35.91321	388.04089	-46.389	29.380	0.000	-2.034	-19.777	-90.000	2500.000
2718	463705	1	2420.741	71.00	41.20487	385.49362	-22.334	15.013	0.000	-5.943	-19.995	-46.000	2500.000
2719	463785	1	2321.895	71.00	35.16117	386.11636	-62.006	21.220	0.000	-26.972	-30.347	-80.000	2500.000
2720	463841	1	2392.879	71.00	41.15803	385.32047	-46.949	19.718	0.000	-1.664	-22.225	-56.000	2500.000
2721	464054	1	2008.816	72.00	36.45359	385.85660	-188.868	60.908	0.000	-58.144	-92.079	-213.000	2500.000
2722	464174	1	2178.621	72.00	40.11456	385.20935	-156.863	32.256	0.000	-4.713	-72.060	-120.000	2500.000
2723	464232	1	2418.193	72.00	34.05321	385.28610	-28.537	21.255	0.000	-10.934	-5.591	-58.000	2500.000
2724	464502	1	1817.098	73.00	37.65068	385.06467	-291.474	66.627	0.000	-40.071	-147.984	-270.000	2500.000
2725	464599	2	-2372.841	72.00	37.53090	385.14859	-62.082	10.183	-120.000	-56.207	-47.735	-97.000	-2000.000
2726	464769	1	2071.433	72.00	37.33115	385.11786	-162.487	63.284	0.000	-27.952	-131.411	-170.000	2500.000
2727	465028	4	-998.223	72.00	39.33088	385.92484	-318.440	104.404	-220.000	-132.328	-172.858	-259.000	0.000
2728	465231	4	-603.566	71.00	39.74274	385.78668	-251.816	13.610	0.000	-45.120	-117.240	-203.000	0.000
2729	465274	1	2408.873	71.00	41.34654	386.74374	-41.558	17.077	0.000	-4.239	-19.407	-43.000	2500.000
2730	465557	4	-846.769	70.00	37.63475	385.04126	-441.930	107.081	0.000	-84.891	-144.029	-283.000	0.000
2731	465801	4	-843.604	70.00	38.60926	386.50140	-382.071	-4.836	0.000	-74.592	-138.105	-244.000	0.000
2732	466031	4	-702.891	69.00	38.53720	385.67856	-315.377	58.184	0.000	-103.430	-112.268	-230.000	0.000
2733	466226	4	-721.714	69.00	36.22058	385.66339	-232.899	31.042	-20.000	-112.753	-192.104	-195.000	0.000
2734	466271	1	2374.313	70.00	39.42759	385.37308	-17.597	15.311	-60.000	-6.517	-11.884	-45.000	2500.000
2735	466360	2	-2687.636	69.00	38.56789	385.12277	-141.193	-13.553	-260.000	-114.543	-69.346	-89.000	-2000.000
2736	466561	1	1815.496	69.00	36.71096	385.90994	-225.484	29.696	-60.000	-118.350	-109.367	-201.000	2500.000
2737	466695	1	2161.792	70.00	35.65403	386.56348	-133.672	45.785	0.000	-46.624	-69.698	-134.000	2500.000
2738	466802	1	2237.817	70.00	35.85398	385.62112	-98.456	42.056	0.000	-20.208	-78.575	-107.000	2500.000
2739	466899	1	2197.118	71.00	39.98331	385.97540	-70.062	41.954	-60.000	-45.736	-72.037	-97.000	2500.000
2740	467107	4	-750.610	71.00	39.90643	385.86282	-294.961	33.919	0.000	-94.633	-186.936	-208.000	0.000
2741	467357	4	-1359.341	70.00	36.18604	385.05658	-436.290	72.413	-400.000	-227.562	-117.902	-250.000	0.000
2742	467642	4	-1025.854	70.00	37.44962	385.16882	-470.751	9.429	0.000	-109.803	-169.730	-285.000	0.000
2743	467681	1	2248.707	70.00	34.90181	383.86127	-38.766	5.287	-80.000	-61.277	-37.537	-39.000	2500.000
2744	467783	1	2208.821	70.00	38.15413	383.84711	-99.465	14.667	-40.000	-25.582	-38.800	-102.000	2500.000
2745	467925	2	-2456.358	69.00	37.32718	385.14465	-146.694	37.574	-100.000	-64.604	-40.634	-142.000	-2000.000
2746	468127	2	-3168.844	68.00	38.13566	384.52505	-297.180	6.420	-180.000	-325.811	-170.273	-202.000	-2000.000
2747	468270	1	2021.985	69.00	37.93578	385.06107	-169.928	25.160	0.000	-86.194	-104.053	-143.000	2500.000
2748	468424	1	2120.215	69.00	36.33682	383.70547	-139.906	27.643	0.000	-53.669	-59.853	-154.000	2500.000
2749	468506	1	2165.513	69.00	36.02985	384.00259	-89.260	17.495	-100.000	-24.594	-56.128	-82.000	2500.000
2750	468582	1	1858.690	69.00	37.04102	383.85703	-65.927	13.581	-260.000	-197.680	-55.282	-76.000	2500.000
2751	468813	4	-832.557	68.00	37.41830	385.54352	-353.541	19.624	0.000	-108.163	-159.476	-231.000	0.000
2752	468864	1	2419.213	68.00	38.76731	382.49231	-18.336	17.966	0.000	-9.486	-19.931	-51.000	2500.000
2753	468938	1	2029.045	68.00	38.17589	383.98178	-34.988	22.392	-360.000	-9.632	-14.727	-74.000	2500.000
2754	469217	4	-1540.239	67.00	36.32518	384.11987	-346.505	84.045	-580.000	-217.561	-201.218	-279.000	0.000
2755	469276	1	2348.756	68.00	36.15611	384.18143	-48.978	11.166	0.000	-25.822	-28.610	-59.000	2500.000
2756	469459	4	-570.655	67.00	37.29219	384.69931	-226.598	43.513	0.000	-75.242	-129.328	-183.000	0.000
2757	469523	2	-2330.006	67.00	36.62528	386.18073	-50.906	10.654	-120.000	-70.627	-35.127	-64.000	-2000.000
2758	469822	4	-1019.759	66.00	38.11490	384.70938	-435.236	-8.057	0.000	-76.013	-201.453	-299.000	0.000
2759	470081	4	-784.498	65.00	37.52834	384.49466	-323.421	60.024	0.000	-94.483	-167.617	-259.000	0.000
2760	470132	1	2371.828	65.00	35.09204	383.48438	-44.748	10.712	0.000	-1.509	-41.627	-51.000	2500.000
2761	470171	1	2370.846	65.00	35.68686	382.13315	-55.463	-7.219	0.000	-8.850	-18.623	-39.000	2500.000
2762	470282	1	2272.407	65.00	37.33668	385.26813	-56.626	37.508	-40.000	-20.143	-37.331	-111.000	2500.000
2763	470585	4	-1126.063	64.00	38.14437	384.37103	-366.420	38.827	0.000	-276.103	-219.367	-303.000	0.000
2764	470641	1	2424.503	64.00	34.07098	385.39630	-28.750	24.242	0.000	-3.798	-11.190	-56.000	2500.000
2765	470847	4	-539.167	63.00	38.34037	384.42401	-239.400	42.210	0.000	-48.057	-87.920	-206.000	0.000
2766	471042	4	-771.586	62.00	37.96827	384.64923	-252.775	19.986	-220.000	-48.608	-75.189	-195.000	0.000
2767	471248	4	-660.678	61.00	34.92455	383.25168	-268.069	29.363	-40.000	-75.562	-100.410	-206.000	0.000
2768	471332	1	2373.313	61.00	39.61637	383.91321	-53.452	32.802	0.000	-8.009	-14.028	-84.000	2500.000
2769	471483	1	1975.104	61.00	37.55519	384.27960	-141.119	44.810	-140.000	-40.893	-96.694	-151.000	2500.000
2770	471575	1	2051.485	61.00	38.83471	384.01486	-56.364	28.838	-240.000	-16.095	-72.894	-92.000	2500.000
2771	471645	1	2362.393	61.00	37.37653	384.84158	-53.867	16.516	0.000	-5.774	-24.482	-70.000	2500.000
2772	471725	2	-2555.066	61.00	40.16606	383.50055	-49.039	10.766	-160.000	-216.929	-59.864	-80.000	-2000.000
2773	471847	1	2281.963	61.00	38.01947	384.82947	-79.653	39.300	0.000	-34.381	-21.302	-122.000	2500.000
2774	472082	4	-785.685	60.00	36.80254	384.77368	-297.173	25.360	-100.000	-62.439	-116.433	-235.000	0.000
2775	472157	1	2299.526	61.00	35.44511	384.97842	-63.963	13.360	0.000	-16.531	-58.339	-75.000	2500.000
2776	472347	4	-1062.202	60.00	37.59654	384.77127	-254.873	14.727	-280.000	-183.261	-168.795	-190.000	0.000
2777	472484	1	2202.852	60.00	37.40535	383.26321	-127.374	27.420	0.000	-30.326	-29.869	-137.000	2500.000
2778	472652	1	2145.671	60.00	38.57867	385.22742	-149.327	59.837	0.000	-55.292	-41.546	-168.000	2500.000
2779	472876	4	-807.407	60.00	36.07183	384.17966	-337.202	4.653	-80.000	-45.373	-125.485	-224.000	0.000
2780	473082	4	-952.820	59.00	37.55405	384.39981	-343.539	22.860	-220.000	-61.595	-144.546	-206.000	0.000
2781	473119	1	2420.898	59.00	38.56427	383.11545	-29.554	14.091	0.000	-7.745	-18.894	-37.000	2500.000
2782	473338	4	-734.059	58.00	39.25329	382.43851	-363.331	18.351	0.000	-67.204	-102.875	-219.000	0.000
2783	473576	2	-2966.672	57.00	36.97228	383.81598	-279.056	87.070	-220.000	-125.535	-191.150	-238.000	-2000.000
2784	473617	1	2363.878	57.00	34.34417	384.83057	-11.593	14.934	-80.000	-4.063	-14.400	-41.000	2500.000
2785	473829	4	-541.237	56.00	36.57474	384.40192	-234.637	63.786	0.000	-80.065	-78.322	-212.000	0.000
2786	473870	2	-2298.886	56.00	36.69832	384.04047	-31.618	4.653	-160.000	-37.811	-33.109	-41.000	-2000.000
2787	473941	1	2301.354	56.00	35.84805	383.25513	-82.798	19.251	0.000	-22.795	-41.304	-71.000	2500.000
2788	474058	1	2261.368	56.00	37.41178	384.30634	-97.290	33.522	0.000	-24.328	-33.536	-117.000	2500.000
2789	474093	1	2403.645	56.00	28.86447	381.06314	-17.263	8.942	0.000	-35.638	-17.396	-35.000	2500.000
2790	474167	1	2185.537	57.00	39.48809	383.11777	-50.404	23.770	-140.000	-44.692	-29.138	-74.000	2500.000
2791	474404	4	-838.603	57.00	36.48200	382.64465	-243.439	77.070	-100.000	-180.122	-155.112	-237.000	0.000
2792	474494	1	2340.830	58.00	34.90641	382.81158	-49.717	26.681	0.000	-14.602	-31.532	-90.000	2500.000
2793	474712	1	1940.490	59.00	36.38723	383.62393	-241.252	96.041	0.000	-78.720	-117.579	-218.000	2500.000
2794	474857	1	2166.562	59.00	36.79619	383.24161	-141.981	39.922	0.000	-31.449	-54.930	-145.000	2500.000
2795	475052	4	-695.708	58.00	36.51306	382.87683	-202.101	70.518	-200.000	-35.169	-133.956	-195.000	0.000
2796	475093	2	-2419.552	58.00	38.06556	384.56198	-26.355	5.599	-200.000	-139.476	-18.320	-41.000	-2000.000
2797	475365	4	-996.874	57.00	37.79911	382.81555	-377.891	50.214	0.000	-209.355	-187.841	-272.000	0.000
2798	475604	4	-729.901	57.00	38.04148	383.26086	-312.121	54.737	0.000	-90.086	-143.430	-239.000	0.000
2799	475658	1	2159.211	57.00	39.46592	382.00873	-25.687	19.130	-260.000	-11.691	-8.541	-54.000	2500.000
2800	475877	4	-988.211	56.00	37.57735	383.80338	-384.753	-84.781	-80.000	-54.488	-165.189	-219.000	0.000
2801	476066	4	-601.906	55.00	36.67675	384.42178	-275.628	87.438	0.000	-96.260	-128.456	-189.000	0.000
2802	476269	4	-722.496	55.00	39.61616	383.05795	-289.916	6.466	0.000	-103.730	-132.317	-203.000	0.000
2803	476299	1	2386.604	55.00	37.87761	382.90936	-18.135	12.613	-60.000	-9.514	-8.360	-30.000	2500.000
2804	476381	1	2320.762	55.00	36.53585	381.39963	-73.118	14.564	0.000	-24.049	-14.635	-82.000	2500.000
2805	476521	1	2244.442	55.00	37.21357	384.21304	-85.592	38.884	0.000	-33.506	-35.344	-140.000	2500.000
2806	476720	4	-701.423	55.00	38.31350	382.61798	-233.065	45.590	-100.000	-125.665	-89.284	-199.000	0.000
2807	476809	1	2305.381	55.00	38.04079	383.45755	-74.737	25.622	0.000	-16.963	-39.542	-89.000	2500.000
2808	476896	1	2268.105	55.00	36.77049	381.91129	-45.979	22.259	0.000	-20.551	-100.624	-87.000	2500.000
2809	477227	1	1779.238	56.00	35.16221	383.25848	-336.745	76.726	0.000	-42.273	-87.469	-331.000	2500.000
2810	477612	4	-904.904	56.00	36.85798	382.11014	-456.781	131.482	0.000	-43.586	-151.019	-385.000	0.000
2811	477690	2	-2772.975	56.00	37.19699	382.75027	-169.565	1.951	-140.000	-248.435	-138.926	-78.000	-2000.000
2812	477819	1	1989.421	57.00	39.01830	382.72086	-176.507	33.368	-60.000	-66.895	-111.544	-129.000	2500.000
2813	477950	1	2040.349	57.00	37.68727	381.78940	-113.989	35.451	-120.000	-60.347	-69.766	-131.000	2500.000
2814	478201	4	-602.587	56.00	38.04432	381.19150	-286.445	53.738	0.000	-28.401	-90.480	-251.000	0.000
2815	478351	1	2098.068	56.00	36.19631	381.89331	-171.393	63.325	0.000	-51.968	-91.896	-150.000	2500.000
2816	478403	1	2424.569	56.00	34.93137	381.24655	-23.228	17.388	0.000	-2.083	-15.508	-52.000	2500.000
2817	478439	1	2452.930	56.00	35.78777	381.01379	-8.457	10.864	0.000	-5.074	-8.402	-36.000	2500.000
2818	478528	2	-2653.160	55.00	37.80108	382.16806	-112.154	13.895	-280.000	-63.566	-122.336	-89.000	-2000.000
2819	478596	1	2253.509	55.00	36.78439	381.59262	-67.002	11.318	0.000	-24.047	-98.761	-68.000	2500.000
2820	478739	1	2052.636	55.00	35.30198	383.58710	-150.703	51.981	0.000	-136.373	-69.268	-143.000	2500.000
2821	478897	1	1909.278	55.00	36.83751	382.74213	-258.529	-69.302	0.000	-38.975	-65.917	-158.000	2500.000
2822	478927	1	2380.634	55.00	38.11084	381.61511	-42.850	-2.050	0.000	-2.238	-42.229	-30.000	2500.000
2823	478987	2	-2298.449	54.00	34.36159	382.73758	-76.254	1.494	-60.000	-60.706	-42.983	-60.000	-2000.000
2824	479121	1	2066.973	54.00	37.05420	383.75076	-167.052	4.946	-40.000	-20.641	-76.280	-134.000	2500.000
2825	479326	1	1909.746	55.00	36.64658	382.96658	-160.243	72.917	-220.000	-26.658	-51.271	-205.000	2500.000
2826	479459	1	2270.784	55.00	38.59843	382.33139	-79.182	40.830	0.000	-23.103	-34.762	-133.000	2500.000
2827	479724	4	-588.168	55.00	35.99752	381.87457	-248.421	80.258	0.000	-56.682	-98.323	-265.000	0.000
2828	479787	1	2222.225	56.00	37.00559	381.10278	-49.663	8.106	-20.000	-110.556	-42.663	-63.000	2500.000
2829	479913	1	2157.378	56.00	35.53102	381.68890	-143.631	30.964	0.000	-46.337	-57.618	-126.000	2500.000
2830	480064	1	2185.900	57.00	38.40838	382.70078	-119.600	66.091	-40.000	-15.256	-54.334	-151.000	2500.000
2831	480455	4	-1442.928	57.00	36.31140	380.98578	-607.049	60.227	0.000	-187.885	-317.220	-391.000	0.000
2832	480835	4	-1357.943	57.00	36.34207	382.20966	-484.510	60.695	-100.000	-286.176	-167.952	-380.000	0.000
2833	480988	1	2175.291	58.00	36.34296	382.27545	-129.479	22.458	0.000	-31.465	-33.223	-153.000	2500.000
2834	481132	1	2137.875	58.00	37.63825	380.32544	-129.311	22.005	0.000	-37.898	-72.921	-144.000	2500.000
2835	481486	1	388.992	59.00	38.34623	382.97171	-381.342	42.192	-400.000	-805.326	-212.531	-354.000	2500.000
2836	481626	1	2163.347	59.00	37.48137	381.89792	-146.812	29.547	0.000	-36.095	-43.293	-140.000	2500.000
2837	481788	1	2171.442	59.00	40.28878	382.30829	-146.032	42.741	0.000	-24.634	-38.633	-162.000	2500.000
2838	481869	1	2318.179	59.00	38.11633	380.43024	-52.940	19.034	0.000	-40.962	-25.954	-81.000	2500.000
2839	481915	1	2413.799	59.00	40.93219	378.97311	-21.323	10.639	0.000	-9.672	-19.846	-46.000	2500.000
2840	482287	4	-1930.346	59.00	38.24626	382.79294	-406.429	149.960	-760.000	-389.968	-151.909	-372.000	0.000
2841	482518	1	1802.548	60.00	35.83662	382.33783	-223.709	25.721	-140.000	-52.141	-76.323	-231.000	2500.000
2842	482908	4	-992.041	60.00	37.46759	381.93982	-479.445	155.946	0.000	-89.063	-189.480	-390.000	0.000
2843	482938	1	2472.085	60.00	32.42690	379.95724	-3.936	8.078	0.000	-0.375	-1.682	-30.000	2500.000
2844	483296	1	1532.612	60.00	37.00427	382.33636	-444.303	94.337	0.000	-112.571	-146.852	-358.000	2500.000
2845	483650	4	-1107.490	60.00	38.08735	382.65466	-469.597	113.002	-120.000	-113.333	-163.562	-354.000	0.000
2846	483814	1	1744.839	61.00	38.12276	382.68298	-170.086	37.530	-260.000	-111.092	-87.513	-164.000	2500.000
2847	484097	1	1651.360	61.00	37.09310	381.32062	-392.319	-40.195	0.000	-57.241	-75.885	-283.000	2500.000
2848	484408	1	1320.499	61.00	36.19466	381.88849	-431.731	-61.405	-220.000	-64.930	-90.435	-311.000	2500.000
2849	484614	1	2074.689	61.00	36.79955	381.70605	-151.379	57.337	0.000	-24.193	-101.077	-206.000	2500.000
2850	484945	1	1558.823	61.00	36.37864	381.84225	-343.742	113.236	0.000	-145.873	-233.798	-331.000	2500.000
2851	485146	1	2044.012	62.00	35.40874	381.70551	-207.401	43.762	0.000	-30.270	-61.080	-201.000	2500.000
2852	485276	1	2259.020	62.00	37.80248	382.40018	-65.061	50.760	0.000	-40.428	-56.251	-130.000	2500.000
2853	485383	2	-2941.330	61.00	35.02927	380.52640	-122.778	9.468	-480.000	-134.498	-106.522	-107.000	-2000.000
2854	485687	1	1731.666	62.00	38.38698	381.58295	-368.105	96.802	0.000	-56.856	-136.175	-304.000	2500.000
2855	485733	1	2383.369	62.00	37.29440	382.03848	-30.107	8.542	0.000	-14.231	-34.835	-46.000	2500.000
2856	485865	2	-3144.151	62.00	38.12116	381.87509	-186.599	5.572	-620.000	-113.470	-97.655	-132.000	-2000.000
2857	486233	1	1285.785	63.00	38.20291	381.79593	-368.919	54.023	-80.000	-271.498	-179.821	-368.000	2500.000
2858	486507	1	1833.638	64.00	39.37560	380.64554	-202.907	96.417	0.000	-123.208	-162.664	-274.000	2500.000
2859	486885	4	-936.951	64.00	36.33320	381.09222	-398.618	155.191	0.000	-83.164	-232.359	-378.000	0.000
2860	486945	1	2347.197	64.00	34.88147	380.52747	-49.222	14.666	0.000	-15.881	-42.366	-60.000	2500.000
2861	487123	1	2175.168	64.00	36.38769	381.36148	-89.481	54.238	0.000	-49.504	-62.085	-178.000	2500.000
2862	487171	2	-2502.439	63.00	37.63253	379.96085	-63.637	-0.319	-220.000	-96.239	-74.242	-48.000	-2000.000
2863	487394	1	1911.467	64.00	37.03344	381.79776	-231.438	59.647	0.000	-71.043	-122.698	-223.000	2500.000
2864	487691	1	1878.160	64.00	37.27604	381.42578	-265.281	108.745	0.000	-46.963	-121.341	-297.000	2500.000
2865	487901	1	2180.820	65.00	39.28353	381.05118	-109.623	74.398	0.000	-30.866	-43.089	-210.000	2500.000
2866	488264	4	-1035.476	65.00	38.06052	381.36752	-462.596	27.316	0.000	-72.907	-164.289	-363.000	0.000
2867	488488	1	1986.331	66.00	38.02094	381.57089	-234.023	25.941	0.000	-36.716	-44.872	-224.000	2500.000
2868	488796	1	1614.710	66.00	37.15811	381.16354	-246.671	73.689	-140.000	-100.546	-163.762	-308.000	2500.000
2869	489150	1	1642.795	66.00	37.86079	380.53589	-334.096	114.616	-60.000	-63.654	-160.071	-354.000	2500.000
2870	489541	4	-1358.347	65.00	38.06678	381.19348	-526.731	30.068	-260.000	-72.353	-138.331	-391.000	0.000
2871	489736	1	1989.380	65.00	35.72799	380.96066	-237.334	21.412	0.000	-35.304	-64.394	-195.000	2500.000
2872	489975	1	2104.942	66.00	37.53546	380.54877	-156.769	80.308	0.000	-37.703	-41.893	-239.000	2500.000
2873	490159	1	2101.033	66.00	36.47927	380.50372	-90.931	54.046	0.000	-52.844	-125.238	-184.000	2500.000
2874	490204	1	2158.714	67.00	38.68950	378.52429	-57.848	-5.553	-60.000	-106.366	-66.520	-45.000	2500.000
2875	490278	2	-2366.769	66.00	37.97128	379.59427	-71.757	12.038	-100.000	-86.331	-46.719	-74.000	-2000.000
2876	490479	1	1973.804	67.00	38.01786	380.04959	-220.807	41.315	0.000	-51.679	-94.025	-201.000	2500.000
2877	490580	2	-2334.377	66.00	36.91216	381.10028	-117.586	6.185	-80.000	-6.867	-35.109	-101.000	-2000.000
2878	490625	1	2405.781	66.00	39.97721	379.35794	-29.758	15.080	0.000	-15.198	-19.343	-45.000	2500.000
2879	490934	1	1562.414	67.00	39.50181	381.10110	-358.273	126.565	-260.000	-21.515	-115.363	-309.000	2500.000
2880	490967	1	2375.720	68.00	43.77774	383.25052	-52.490	-2.382	0.000	-11.691	-24.717	-33.000	2500.000
2881	491370	4	-1204.848	67.00	37.04898	381.13657	-478.172	200.447	-80.000	-215.161	-228.963	-403.000	0.000
2882	491744	4	-1058.241	67.00	36.78687	380.54373	-538.489	62.906	0.000	-74.546	-134.112	-374.000	0.000
2883	491871	1	2168.362	68.00	36.75694	381.21481	-159.118	44.840	0.000	-27.790	-62.571	-127.000	2500.000
2884	492070	1	1827.774	68.00	34.91612	379.90759	-265.805	5.959	-20.000	-119.737	-73.643	-199.000	2500.000
2885	492472	4	-1814.200	68.00	37.94921	380.75226	-498.180	23.737	-540.000	-176.787	-220.970	-402.000	0.000
2886	492639	1	1660.476	69.00	36.71010	380.54773	-139.523	59.705	-460.000	-40.548	-92.157	-167.000	2500.000
2887	493012	1	1625.259	69.00	36.45983	380.06577	-470.885	168.010	0.000	-76.282	-122.584	-373.000	2500.000
2888	493130	1	2252.914	69.00	36.04380	380.61252	-84.792	40.319	0.000	-34.894	-49.718	-118.000	2500.000
2889	493445	1	1756.980	69.00	37.66258	380.65845	-324.341	44.154	0.000	-57.118	-90.714	-315.000	2500.000
2890	493671	2	-2967.678	68.00	37.83593	380.48993	-258.859	28.482	-120.000	-252.433	-138.868	-226.000	-2000.000
2891	493953	4	-918.250	68.00	37.68647	379.97418	-370.782	47.085	-100.000	-91.700	-120.854	-282.000	0.000
2892	494153	4	-610.349	67.00	39.48926	380.58743	-257.880	97.388	-60.000	-81.764	-108.093	-200.000	0.000
2893	494261	1	2044.411	67.00	34.95271	379.93335	-113.330	21.497	-120.000	-64.201	-71.555	-108.000	2500.000
2894	494303	2	-2240.793	66.00	36.02785	381.53595	-38.414	5.165	-100.000	-17.069	-48.475	-42.000	-2000.000
2895	494427	1	2150.080	67.00	37.58487	380.62634	-118.359	23.047	-60.000	-35.732	-34.876	-124.000	2500.000
2896	494460	2	-2202.153	67.00	35.89943	378.57901	-42.894	0.613	-60.000	-48.609	-18.264	-33.000	-2000.000
2897	494490	1	2431.380	68.00	35.92591	377.66385	-17.031	8.021	0.000	-8.195	-21.415	-30.000	2500.000
2898	494647	1	2113.455	69.00	35.94151	380.95602	-182.599	17.478	0.000	-19.111	-45.313	-157.000	2500.000
2899	494857	4	-784.133	68.00	35.61592	381.38382	-253.010	35.724	-80.000	-124.403	-152.444	-210.000	0.000
2900	495163	4	-1087.898	68.00	37.75306	380.46774	-405.047	63.418	-180.000	-95.855	-164.414	-306.000	0.000
2901	495291	1	2245.395	69.00	39.33385	381.04358	-58.433	44.437	0.000	-54.118	-58.491	-128.000	2500.000
2902	495346	1	2393.261	70.00	35.88181	379.03909	-41.371	17.010	0.000	-9.646	-17.732	-55.000	2500.000
2903	495440	1	2261.891	70.00	35.97707	380.64774	-101.128	9.284	0.000	-12.252	-40.012	-94.000	2500.000
2904	495719	4	-927.497	69.00	37.43747	379.24170	-331.229	118.665	-120.000	-169.952	-145.981	-279.000	0.000
2905	495930	4	-943.920	68.00	38.07099	379.60001	-286.971	-27.190	-180.000	-91.429	-147.331	-211.000	0.000
2906	496107	4	-552.970	68.00	35.04090	379.27176	-256.635	37.945	0.000	-40.259	-117.022	-177.000	0.000
2907	496203	1	2295.743	68.00	36.02654	381.57275	-91.398	17.812	0.000	-8.950	-25.722	-96.000	2500.000
2908	496339	1	2203.344	68.00	38.38166	381.22290	-110.827	49.000	0.000	-40.320	-58.510	-136.000	2500.000
2909	496634	1	1483.998	68.00	36.80624	379.91812	-354.799	85.096	0.000	-176.812	-274.487	-295.000	2500.000
2910	496915	4	-663.025	68.00	37.12867	379.93042	-330.271	146.894	0.000	-51.322	-147.326	-281.000	0.000
2911	497218	4	-844.920	68.00	35.77742	380.76901	-347.086	106.767	0.000	-113.865	-187.735	-303.000	0.000
2912	497248	1	2379.584	68.00	36.50737	380.51074	-25.088	9.675	-40.000	-11.325	-23.679	-30.000	2500.000
2913	497488	4	-646.000	67.00	37.47420	379.64014	-289.890	111.375	0.000	-62.771	-164.714	-240.000	0.000
2914	497661	4	-444.797	67.00	37.32496	380.26758	-212.104	41.972	0.000	-39.206	-62.458	-173.000	0.000
2915	497759	1	2183.033	67.00	39.04684	379.18307	-100.173	17.597	0.000	-49.038	-87.353	-98.000	2500.000
2916	497856	1	2280.833	67.00	35.76775	379.16394	-93.786	35.508	0.000	-26.175	-37.715	-97.000	2500.000
2917	498068	4	-532.732	66.00	37.62082	379.54031	-220.055	73.153	0.000	-48.353	-125.478	-212.000	0.000
2918	498407	4	-1221.707	66.00	36.92952	378.90759	-530.601	88.293	-240.000	-65.183	-135.216	-339.000	0.000
2919	498441	2	-2177.074	65.00	37.03648	382.24710	-27.078	7.779	-80.000	-11.795	-31.980	-34.000	-2000.000
2920	498654	4	-1277.719	64.00	39.54226	379.05872	-320.522	-7.851	-440.000	-216.748	-79.598	-213.000	0.000
2921	498696	1	2385.506	64.00	37.72388	377.45807	-42.060	3.631	0.000	-1.579	-32.487	-42.000	2500.000
2922	498739	1	2429.024	64.00	36.37849	380.07861	-24.761	15.011	0.000	-7.190	-11.036	-43.000	2500.000
2923	498930	4	-774.867	64.00	38.09078	380.08664	-337.006	-138.544	0.000	-30.682	-77.635	-191.000	0.000
2924	499001	1	2258.987	64.00	40.73080	380.61932	-91.687	21.598	-20.000	-19.449	-60.474	-71.000	2500.000
2925	499036	1	2362.841	64.00	33.79673	380.74399	-50.191	-1.186	0.000	-8.601	-42.181	-35.000	2500.000
2926	499094	1	2341.875	64.00	37.11492	379.53360	-65.820	6.658	0.000	-10.694	-30.269	-58.000	2500.000
2927	499127	1	2417.771	65.00	35.68625	377.68457	-25.059	7.927	0.000	-11.386	-20.711	-33.000	2500.000
2928	499179	1	2387.266	65.00	36.28509	379.45682	-24.912	18.300	0.000	-31.093	-23.028	-52.000	2500.000
2929	499328	2	-3094.432	64.00	37.64242	378.04166	-276.718	-12.578	-240.000	-305.315	-110.821	-149.000	-2000.000
2930	499426	1	2218.518	64.00	34.14043	379.52411	-105.466	18.623	0.000	-19.284	-77.355	-98.000	2500.000
2931	499551	2	-2365.188	64.00	38.99559	380.12357	-100.056	32.888	-80.000	-50.610	-42.411	-125.000	-2000.000
2932	499609	1	2298.339	65.00	41.97340	379.71658	-26.462	22.463	-100.000	-25.395	-14.267	-58.000	2500.000
2933	499801	4	-709.653	64.00	39.21278	379.98215	-221.978	56.104	-200.000	-47.046	-104.732	-192.000	0.000
2934	499836	1	2455.771	64.00	37.62567	377.84225	-15.329	12.469	0.000	-0.857	-5.512	-35.000	2500.000
2935	499981	1	2099.566	64.00	37.27089	379.05334	-150.129	31.229	-20.000	-53.190	-63.344	-145.000	2500.000
2936	500104	2	-2491.825	63.00	36.28390	378.12949	-140.120	24.085	-140.000	-56.757	-56.033	-123.000	-2000.000
2937	500191	1	2151.580	63.00	35.59106	377.82156	-106.399	9.398	-40.000	-71.678	-52.741	-87.000	2500.000
2938	500222	1	2439.318	63.00	45.63204	378.96271	-28.076	8.719	0.000	-5.639	-4.685	-31.000	2500.000
2939	500528	4	-752.795	62.00	37.30153	379.43896	-289.783	96.990	0.000	-139.252	-114.750	-306.000	0.000
2940	500786	2	-3855.236	62.00	36.84267	378.58374	-439.984	9.201	-760.000	-239.772	-166.681	-258.000	-2000.000
2941	500829	1	2410.677	62.00	34.28405	379.96133	-12.815	14.818	-40.000	-3.067	-5.258	-43.000	2500.000
2942	501118	1	1891.471	63.00	36.54918	378.85162	-259.735	115.957	0.000	-70.755	-104.997	-289.000	2500.000
2943	501210	1	2357.857	63.00	35.27611	378.26877	-62.194	36.010	0.000	-4.128	-19.831	-92.000	2500.000
2944	501288	1	2337.182	63.00	35.25558	379.00351	-73.447	21.983	0.000	-14.437	-18.917	-78.000	2500.000
2945	501417	1	2206.145	64.00	35.80703	378.73413	-133.257	19.046	0.000	-13.345	-37.299	-129.000	2500.000
2946	501526	1	2286.818	64.00	38.50838	380.46408	-74.026	31.626	0.000	-33.854	-27.928	-109.000	2500.000
2947	501556	1	2440.288	64.00	33.08760	376.11710	-22.498	12.092	0.000	-4.974	-14.332	-30.000	2500.000
2948	501806	4	-1212.977	63.00	37.06036	378.50305	-422.685	-59.541	-160.000	-186.924	-133.826	-250.000	0.000
2949	501915	1	2259.324	63.00	36.62045	378.98584	-86.640	30.794	0.000	-16.746	-59.084	-109.000	2500.000
2950	502147	4	-618.594	62.00	36.04654	378.90866	-220.682	59.465	-80.000	-60.914	-84.463	-232.000	0.000
2951	502258	1	1852.359	62.00	39.09303	379.31741	-105.407	7.384	-260.000	-104.242	-74.376	-111.000	2500.000
2952	502409	1	1786.631	62.00	35.79474	378.60178	-160.678	12.185	-300.000	-37.007	-76.870	-151.000	2500.000
2953	502712	4	-1197.311	62.00	39.34829	378.90140	-451.525	32.215	-160.000	-92.330	-222.671	-303.000	0.000
2954	502786	1	2249.268	62.00	38.62070	378.16873	-51.555	16.490	-20.000	-60.422	-61.245	-74.000	2500.000
2955	502992	4	-783.299	61.00	35.64102	379.09512	-286.052	18.750	-120.000	-47.763	-142.234	-206.000	0.000
2956	503027	1	2420.231	62.00	32.99699	380.80582	-29.638	15.060	0.000	-9.893	-20.297	-35.000	2500.000
2957	503127	1	2277.772	62.00	34.72622	377.43683	-99.524	18.409	0.000	-9.965	-31.149	-100.000	2500.000
2958	503201	2	-2239.639	61.00	36.16293	378.98523	-56.262	12.191	-40.000	-39.576	-41.992	-74.000	-2000.000
2959	503422	4	-931.528	61.00	36.18067	378.80875	-345.633	18.446	-100.000	-152.667	-130.675	-221.000	0.000
2960	503628	4	-626.740	60.00	39.23705	377.93655	-263.165	86.128	0.000	-112.073	-131.630	-206.000	0.000
2961	503696	1	2253.994	60.00	32.69523	377.28064	-67.630	21.133	-40.000	-39.290	-52.219	-68.000	2500.000
2962	503789	1	2308.645	61.00	37.78070	379.36307	-80.630	32.162	0.000	-5.357	-44.531	-93.000	2500.000
2963	504080	4	-974.685	60.00	38.35213	378.17535	-301.295	94.172	-320.000	-72.382	-84.180	-291.000	0.000
2964	504301	4	-650.693	59.00	37.28614	377.94980	-297.167	70.118	0.000	-74.357	-128.286	-221.000	0.000
2965	504382	1	2103.552	59.00	36.47422	378.23279	-101.482	5.721	-120.000	-19.573	-80.114	-81.000	2500.000
2966	504596	1	1897.140	60.00	36.30267	378.75897	-267.938	57.220	0.000	-58.536	-119.607	-214.000	2500.000
2967	504789	4	-924.439	59.00	39.13265	376.20544	-230.388	33.760	-400.000	-26.968	-107.843	-193.000	0.000
2968	504824	1	2302.000	59.00	43.22859	377.25882	-22.614	10.015	-120.000	-3.250	-27.152	-35.000	2500.000
2969	504892	1	2381.019	59.00	37.92282	378.99768	-36.921	21.275	0.000	-8.881	-26.454	-68.000	2500.000
2970	505089	1	1941.754	60.00	35.86968	378.21942	-255.579	11.785	0.000	-32.196	-85.256	-197.000	2500.000
2971	505286	1	1906.218	60.00	39.44852	379.62589	-239.240	39.892	-120.000	-37.352	-40.082	-197.000	2500.000
2972	505392	1	2227.368	60.00	36.16417	378.43997	-76.762	42.651	0.000	-52.283	-80.238	-106.000	2500.000
2973	505581	4	-546.493	59.00	36.93588	378.75934	-197.383	76.329	0.000	-80.486	-155.953	-189.000	0.000
2974	505724	1	2197.727	59.00	36.37842	377.92435	-117.080	43.190	0.000	-23.277	-62.107	-143.000	2500.000
2975	505811	2	-2311.832	59.00	35.81504	378.63574	-87.751	18.231	-100.000	-17.540	-37.771	-87.000	-2000.000
2976	506090	2	-3225.238	58.00	37.45123	377.70959	-392.290	6.760	-380.000	-57.152	-123.555	-279.000	-2000.000
2977	506219	1	2158.040	59.00	36.79667	378.15497	-148.062	13.919	0.000	-17.295	-61.522	-129.000	2500.000
2978	506395	1	1843.783	59.00	37.98588	378.56583	-220.064	47.740	0.000	-140.426	-167.467	-176.000	2500.000
2979	506444	1	2381.908	59.00	39.23351	380.63605	-50.746	7.292	0.000	-6.004	-19.634	-49.000	2500.000
2980	506639	4	-563.465	58.00	37.21715	377.26334	-264.843	84.830	0.000	-51.224	-137.228	-195.000	0.000
2981	506751	2	-2529.955	58.00	36.92416	377.85440	-173.010	3.551	-40.000	-109.060	-99.436	-112.000	-2000.000
2982	506854	2	-2526.591	58.00	35.01400	378.38577	-107.922	41.386	-260.000	-27.938	-69.117	-103.000	-2000.000
2983	507093	4	-733.037	57.00	37.80428	377.71014	-381.933	54.050	0.000	-77.332	-88.823	-239.000	0.000
