episode	total_steps	outcome	reward_sum	ma100_success	loss_critic	loss_actor	r_yaw	r_distance	r_obstacle	r_vlinear	r_vangular	r_step	r_terminal
1	25086	4	-2104.951	0.00	17.60012	105.01322	-225.399	-7.620	-300.000	-1135.730	-223.202	-213.000	0.000
2	25120	2	-2147.070	0.00	20.61010	106.66698	-31.487	3.081	-80.000	-1.683	-2.981	-34.000	-2000.000
3	25159	2	-2145.200	0.00	19.80847	106.30554	-18.404	5.052	-80.000	-7.067	-5.781	-39.000	-2000.000
4	25216	2	-2583.229	0.00	17.81093	105.93898	-118.644	-1.794	-400.000	-1.779	-4.013	-57.000	-2000.000
5	25337	2	-2699.409	0.00	18.32454	106.84299	-229.352	0.129	-320.000	-10.446	-18.740	-121.000	-2000.000
6	25367	5	-408.799	0.00	18.15753	106.28101	-15.889	3.463	-360.000	-2.764	-3.608	-30.000	0.000
7	25397	2	-2431.974	0.00	17.39467	107.45181	-40.081	1.964	-360.000	-0.268	-3.589	-30.000	-2000.000
8	25497	2	-2396.020	0.00	17.88830	108.03203	-181.554	-10.824	-80.000	-5.503	-18.139	-100.000	-2000.000
9	25549	2	-2139.641	0.00	18.23407	107.48702	-36.385	15.457	-60.000	-3.424	-3.289	-52.000	-2000.000
10	25579	2	-2353.103	0.00	20.00602	108.79660	-53.980	1.941	-260.000	-0.054	-11.011	-30.000	-2000.000
11	25691	2	-2995.488	0.00	18.06203	109.45609	-281.196	-25.362	-560.000	-6.064	-10.867	-112.000	-2000.000
12	25721	2	-2435.105	0.00	19.39963	109.11816	-74.156	-4.609	-320.000	-3.369	-2.972	-30.000	-2000.000
13	25751	2	-2355.825	0.00	17.88968	111.21825	-27.509	5.237	-300.000	-0.276	-3.277	-30.000	-2000.000
14	25786	2	-2142.881	0.00	19.98240	112.13399	-41.510	10.855	-60.000	-1.846	-15.379	-35.000	-2000.000
15	25826	2	-2193.345	0.00	18.25704	110.67528	-92.240	-6.128	-40.000	-6.927	-8.050	-40.000	-2000.000
16	25929	2	-2534.000	0.00	18.69991	112.36435	-220.423	-13.089	-180.000	-2.077	-15.412	-103.000	-2000.000
17	25986	2	-2592.652	0.00	19.01303	113.58959	-134.674	-9.746	-380.000	-0.384	-10.848	-57.000	-2000.000
18	26041	2	-2383.985	0.00	18.68248	113.13197	-119.371	-3.366	-200.000	-0.511	-5.736	-55.000	-2000.000
19	26090	2	-2511.437	0.00	19.88434	114.26161	-104.939	-11.323	-340.000	-0.880	-5.294	-49.000	-2000.000
20	26120	2	-2282.998	0.00	18.57348	115.63329	-34.925	12.554	-220.000	-1.733	-8.893	-30.000	-2000.000
21	26235	2	-2461.475	0.00	20.49350	115.21027	-183.170	2.796	-140.000	-1.340	-24.761	-115.000	-2000.000
22	26317	1	2200.533	4.55	19.05148	116.69199	-35.474	29.196	-200.000	-0.436	-10.753	-82.000	2500.000
23	26350	2	-2498.567	4.35	20.58341	116.95203	-94.448	-2.384	-360.000	-2.704	-6.032	-33.000	-2000.000
24	26526	2	-2861.405	4.17	19.69455	118.36194	-297.847	5.360	-300.000	-10.899	-82.019	-176.000	-2000.000
25	26559	2	-2257.635	4.00	19.53169	119.43420	-46.338	2.796	-160.000	-1.329	-19.764	-33.000	-2000.000
26	26599	2	-2164.509	3.85	20.43344	120.21781	-67.286	0.602	-40.000	-3.003	-14.822	-40.000	-2000.000
27	26636	2	-2708.351	3.70	18.26721	119.03331	-33.754	5.286	-580.000	-1.607	-61.276	-37.000	-2000.000
28	26696	2	-2552.036	3.57	21.33311	120.50811	-106.690	0.605	-340.000	-6.796	-39.155	-60.000	-2000.000
29	26766	2	-2293.623	3.45	20.90832	121.88835	-143.343	-18.855	-40.000	-0.163	-21.262	-70.000	-2000.000
30	26796	1	2367.360	6.67	22.16463	124.54063	-19.697	9.512	-80.000	-0.005	-12.450	-30.000	2500.000
31	26826	2	-2280.338	6.45	19.46142	120.88953	-65.152	-1.101	-140.000	-1.118	-42.966	-30.000	-2000.000
32	26924	2	-2432.721	6.25	20.02356	122.52285	-177.739	0.284	-80.000	-3.962	-73.305	-98.000	-2000.000
33	26983	2	-2279.137	6.06	20.92719	123.41331	-96.924	-4.551	-80.000	-2.062	-36.601	-59.000	-2000.000
34	27013	2	-2372.026	5.88	18.78216	124.31245	-52.265	0.640	-260.000	-4.763	-25.638	-30.000	-2000.000
35	27086	2	-2598.054	5.71	21.78414	127.36243	-136.623	-6.859	-340.000	-2.600	-38.973	-73.000	-2000.000
36	27132	2	-2267.582	5.56	23.03158	126.27190	-59.547	4.301	-140.000	-7.011	-19.325	-46.000	-2000.000
37	27186	2	-2370.373	5.41	20.27527	125.00205	-136.257	-11.076	-140.000	-5.122	-23.918	-54.000	-2000.000
38	27254	2	-2342.837	5.26	21.08102	126.21782	-101.264	3.766	-140.000	-4.723	-32.615	-68.000	-2000.000
39	27299	1	2385.801	7.69	21.26925	127.00844	-50.729	6.465	0.000	-0.871	-24.064	-45.000	2500.000
40	27361	2	-2423.161	7.50	22.50990	127.80265	-88.674	-1.597	-240.000	-1.691	-29.200	-62.000	-2000.000
41	27391	5	-362.235	7.32	22.42350	130.95427	-52.608	-0.761	-220.000	-2.214	-56.652	-30.000	0.000
42	27447	2	-2480.536	7.14	21.46563	127.43963	-97.743	-0.098	-260.000	-9.966	-56.728	-56.000	-2000.000
43	27482	2	-2354.585	6.98	22.54797	128.93010	-89.277	-3.868	-200.000	-5.828	-20.613	-35.000	-2000.000
44	27512	2	-2451.784	6.82	21.87728	128.59941	-62.336	0.853	-300.000	-1.541	-58.761	-30.000	-2000.000
45	27542	5	-130.231	6.67	23.07057	130.86336	-48.012	5.362	0.000	-4.556	-53.025	-30.000	0.000
46	27572	2	-2382.936	6.52	23.86632	130.35847	-46.177	-1.331	-220.000	-12.771	-72.657	-30.000	-2000.000
47	27618	2	-2282.637	6.38	24.05077	132.26337	-78.805	1.804	-140.000	-7.382	-12.255	-46.000	-2000.000
48	27697	1	2082.968	8.33	21.38466	132.32053	-73.849	32.895	-240.000	-1.200	-55.878	-79.000	2500.000
49	27735	2	-2141.733	8.16	21.97361	131.40102	-38.646	2.369	-40.000	-2.249	-25.207	-38.000	-2000.000
50	27830	2	-2575.781	8.00	24.42188	133.85672	-126.319	4.436	-280.000	-21.437	-57.462	-95.000	-2000.000
51	27865	2	-2340.279	7.84	22.66705	134.74519	-48.372	0.605	-220.000	-3.234	-34.278	-35.000	-2000.000
52	27959	2	-2986.586	7.69	24.51874	135.48074	-141.064	9.280	-680.000	-2.964	-77.837	-94.000	-2000.000
53	28039	2	-2445.471	7.55	23.14980	135.84085	-129.330	-3.215	-160.000	-1.592	-71.334	-80.000	-2000.000
54	28081	2	-2590.535	7.41	24.53571	139.06877	-97.034	-2.092	-400.000	-0.623	-48.786	-42.000	-2000.000
55	28178	2	-2656.029	7.27	23.61517	138.65166	-173.237	8.638	-340.000	-11.968	-42.462	-97.000	-2000.000
56	28221	2	-2213.378	7.14	22.87547	136.74960	-83.195	-3.012	-60.000	-2.225	-21.946	-43.000	-2000.000
57	28290	2	-2268.658	7.02	23.77362	139.80659	-73.220	5.881	-60.000	-10.231	-62.088	-69.000	-2000.000
58	28438	2	-2707.262	6.90	23.32306	141.20544	-205.954	18.212	-200.000	-18.023	-153.497	-148.000	-2000.000
59	28468	5	-410.730	6.78	23.69990	143.10840	-62.671	-2.325	-240.000	-0.948	-74.786	-30.000	0.000
60	28506	5	-264.308	6.67	22.84040	141.24438	-58.823	1.160	-100.000	-0.776	-67.868	-38.000	0.000
61	28614	2	-2446.954	6.56	23.16235	142.22009	-150.022	6.945	-80.000	-6.945	-108.932	-108.000	-2000.000
62	28676	2	-2346.670	6.45	24.60798	143.52872	-80.526	4.137	-140.000	-2.408	-65.872	-62.000	-2000.000
63	28843	2	-2728.864	6.35	24.62853	144.75839	-257.927	-11.605	-100.000	-25.481	-166.851	-167.000	-2000.000
64	29056	4	-761.575	6.25	24.99665	145.80127	-347.647	-3.326	0.000	-15.735	-181.868	-213.000	0.000
65	29233	1	1847.923	7.69	25.01401	149.02676	-250.515	-23.705	0.000	-15.546	-185.311	-177.000	2500.000
66	29406	2	-2815.136	7.58	24.92007	149.70377	-256.903	2.996	-180.000	-14.057	-194.172	-173.000	-2000.000
67	29615	4	-979.004	7.46	24.27909	150.64290	-347.719	-25.617	-160.000	-13.326	-223.343	-209.000	0.000
68	29711	2	-2706.399	7.35	25.07648	152.37463	-145.423	5.313	-340.000	-7.266	-123.023	-96.000	-2000.000
69	29900	2	-2718.750	7.25	26.07984	153.57834	-290.656	7.987	-40.000	-4.117	-202.964	-189.000	-2000.000
70	30021	2	-2523.831	7.14	26.68048	152.95045	-185.386	7.014	-120.000	-13.592	-90.867	-121.000	-2000.000
71	30074	2	-2300.212	7.04	25.00778	154.80185	-63.670	5.639	-120.000	-0.527	-68.654	-53.000	-2000.000
72	30210	2	-2500.751	6.94	24.06947	154.00159	-209.865	16.760	-60.000	-4.634	-107.012	-136.000	-2000.000
73	30287	2	-2510.108	6.85	24.66953	156.13503	-105.205	2.496	-200.000	-3.374	-127.025	-77.000	-2000.000
74	30320	2	-2234.222	6.76	24.27973	156.97017	-54.942	-0.468	-80.000	-0.391	-65.421	-33.000	-2000.000
75	30397	2	-2489.561	6.67	26.23857	156.30969	-88.710	9.147	-240.000	-4.613	-88.385	-77.000	-2000.000
76	30585	2	-2932.002	6.58	25.00121	156.24947	-273.529	9.644	-260.000	-13.166	-206.950	-188.000	-2000.000
77	30685	2	-2342.318	6.49	25.26118	158.63353	-119.999	30.585	-40.000	-11.682	-101.222	-100.000	-2000.000
78	30715	2	-2414.871	6.41	25.38096	157.93336	-50.347	-0.028	-260.000	-0.047	-74.450	-30.000	-2000.000
79	30842	2	-2847.885	6.33	24.48356	159.33598	-203.327	3.118	-360.000	-9.464	-151.212	-127.000	-2000.000
80	31028	4	-847.604	6.25	25.15073	159.54474	-283.936	13.006	-120.000	-11.013	-259.661	-186.000	0.000
81	31150	2	-2485.713	6.17	24.98809	161.51419	-174.838	13.523	-40.000	-17.752	-144.646	-122.000	-2000.000
82	31242	2	-2551.652	6.10	26.06113	162.40668	-131.260	4.296	-140.000	-6.176	-186.512	-92.000	-2000.000
83	31279	1	2258.971	7.23	26.21536	161.66673	-38.898	6.056	-120.000	-5.506	-45.681	-37.000	2500.000
84	31468	4	-907.012	7.14	25.78531	162.05760	-294.758	-8.594	-220.000	-15.160	-179.500	-189.000	0.000
85	31643	4	-747.829	7.06	24.73595	163.85748	-278.296	17.633	-80.000	-7.431	-224.735	-175.000	0.000
86	31714	2	-2550.286	6.98	26.40598	165.25143	-110.356	1.346	-200.000	-1.219	-169.057	-71.000	-2000.000
87	31759	2	-2246.601	6.90	25.63599	166.04820	-68.543	7.773	-100.000	-3.585	-37.247	-45.000	-2000.000
88	31910	1	1881.654	7.95	24.74027	164.71831	-192.561	18.555	-60.000	-6.175	-227.164	-151.000	2500.000
89	31970	2	-2344.229	7.87	25.64622	166.98935	-85.189	1.381	-120.000	-6.247	-74.175	-60.000	-2000.000
90	32019	1	2344.805	8.89	24.55806	166.86948	-53.889	4.618	0.000	-1.509	-55.414	-49.000	2500.000
91	32059	2	-2386.434	8.79	25.13105	168.31596	-75.487	-4.005	-180.000	-2.453	-84.489	-40.000	-2000.000
92	32127	1	2307.196	9.78	25.64647	168.80577	-85.923	7.601	0.000	-0.526	-45.957	-68.000	2500.000
93	32176	2	-2228.276	9.68	25.18861	166.41460	-43.902	2.156	-60.000	-8.951	-68.578	-49.000	-2000.000
94	32244	2	-2437.187	9.57	26.21095	166.72696	-115.851	-6.070	-120.000	-1.684	-125.582	-68.000	-2000.000
95	32294	1	2298.284	10.53	26.10840	169.10393	-59.269	11.483	0.000	-1.430	-102.501	-50.000	2500.000
96	32389	2	-2566.099	10.42	26.80074	168.40721	-103.952	19.444	-240.000	-3.445	-143.146	-95.000	-2000.000
97	32443	2	-2381.766	10.31	26.91727	171.84203	-94.891	-6.407	-140.000	-2.123	-84.345	-54.000	-2000.000
98	32490	2	-2254.055	10.20	29.16247	171.61604	-48.302	3.933	-60.000	-1.251	-101.434	-47.000	-2000.000
99	32556	1	2270.783	11.11	27.85052	171.07855	-80.331	12.014	0.000	-2.542	-92.358	-66.000	2500.000
100	32654	2	-2565.577	11.00	27.21958	172.19655	-138.376	20.271	-200.000	-1.060	-148.413	-98.000	-2000.000
101	32703	2	-2256.658	11.00	26.57715	171.61250	-72.823	7.336	-80.000	-2.497	-59.674	-49.000	-2000.000
102	32797	2	-2884.298	11.00	26.59445	172.82979	-117.420	2.345	-580.000	-4.503	-90.719	-94.000	-2000.000
103	32867	2	-2320.350	11.00	24.17085	173.05901	-90.754	9.113	-60.000	-2.584	-106.125	-70.000	-2000.000
104	32922	2	-2346.956	11.00	26.20684	173.73517	-66.969	2.215	-120.000	-8.752	-98.449	-55.000	-2000.000
105	32957	2	-2430.022	11.00	24.53218	174.14949	-35.063	2.843	-240.000	-10.929	-111.873	-35.000	-2000.000
106	32987	2	-2733.206	11.00	23.10716	171.64493	-55.837	-0.790	-560.000	-2.828	-83.752	-30.000	-2000.000
107	33136	1	1814.358	12.00	27.39851	174.86836	-173.001	60.975	-180.000	-18.215	-226.400	-149.000	2500.000
108	33189	2	-2189.531	12.00	27.86926	176.22885	-40.888	7.757	-40.000	-0.530	-62.870	-53.000	-2000.000
109	33228	1	2400.777	13.00	28.07640	177.17966	-23.832	12.146	0.000	-0.542	-47.995	-39.000	2500.000
110	33280	2	-2232.484	13.00	26.09202	176.16022	-61.023	7.666	-60.000	-2.289	-64.838	-52.000	-2000.000
111	33362	2	-2385.304	13.00	28.74432	177.68163	-108.264	1.559	-60.000	-12.619	-123.980	-82.000	-2000.000
112	33495	2	-2928.126	13.00	26.74873	177.24274	-195.263	6.020	-400.000	-7.369	-198.514	-133.000	-2000.000
113	33570	2	-2490.674	13.00	27.15683	177.65787	-81.942	13.186	-240.000	-2.575	-104.343	-75.000	-2000.000
114	33787	4	-1083.597	13.00	26.50916	179.39867	-353.501	6.596	-160.000	-13.777	-345.915	-217.000	0.000
115	33837	2	-2249.553	13.00	28.81416	180.31129	-75.227	-1.141	-40.000	-0.529	-82.656	-50.000	-2000.000
116	33920	1	2134.884	14.00	27.23495	180.28952	-93.721	6.345	-80.000	-6.543	-108.196	-83.000	2500.000
117	34032	2	-2599.965	14.00	26.35835	180.48756	-164.069	3.818	-160.000	-2.208	-165.505	-112.000	-2000.000
118	34114	2	-2617.404	14.00	28.59649	182.58188	-130.607	-3.070	-240.000	-2.363	-159.364	-82.000	-2000.000
119	34273	2	-2759.073	14.00	27.91318	182.30763	-244.579	-0.568	-140.000	-4.166	-210.759	-159.000	-2000.000
120	34303	2	-2183.443	14.00	26.07872	182.15514	-23.379	2.799	-80.000	-0.129	-52.734	-30.000	-2000.000
121	34371	2	-2544.116	14.00	26.95159	183.53175	-75.474	10.124	-300.000	-1.998	-108.768	-68.000	-2000.000
122	34414	1	2344.108	14.00	26.18719	183.75691	-44.784	14.583	0.000	-5.913	-76.778	-43.000	2500.000
123	34486	2	-2357.106	14.00	27.51529	184.93536	-67.901	12.642	-80.000	-9.257	-140.590	-72.000	-2000.000
124	34567	2	-2373.392	14.00	26.83634	183.78763	-105.991	27.140	-60.000	-4.287	-149.254	-81.000	-2000.000
125	34719	2	-2732.536	14.00	28.62020	184.95723	-206.354	15.804	-100.000	-8.623	-281.363	-152.000	-2000.000
126	34770	2	-2390.619	14.00	27.83348	186.81461	-60.743	3.887	-200.000	-1.283	-81.480	-51.000	-2000.000
127	34845	2	-2325.009	14.00	28.77892	186.22311	-103.125	1.068	-60.000	-6.667	-81.286	-75.000	-2000.000
128	34930	2	-2491.222	14.00	27.35360	186.60368	-130.099	1.641	-80.000	-0.049	-197.715	-85.000	-2000.000
129	34982	2	-2364.567	14.00	26.39246	185.97614	-51.265	6.917	-200.000	-8.010	-60.209	-52.000	-2000.000
130	35060	2	-2297.701	13.00	28.27636	188.76349	-98.214	7.372	-40.000	-5.713	-83.145	-78.000	-2000.000
131	35107	2	-2252.711	13.00	28.72316	186.78058	-56.208	6.249	-80.000	-1.914	-73.839	-47.000	-2000.000
132	35177	2	-2383.344	13.00	27.87666	189.17657	-99.603	3.985	-120.000	-6.059	-91.668	-70.000	-2000.000
133	35207	2	-2548.284	13.00	26.75824	185.58148	-39.855	-0.132	-400.000	-8.190	-70.106	-30.000	-2000.000
134	35283	2	-2488.601	13.00	26.82921	188.81955	-104.340	1.159	-200.000	-5.798	-103.623	-76.000	-2000.000
135	35316	2	-2403.331	13.00	28.46854	188.95648	-49.863	0.163	-240.000	-8.232	-72.398	-33.000	-2000.000
136	35502	2	-2926.872	13.00	28.13866	189.23029	-283.224	21.044	-40.000	-352.605	-86.087	-186.000	-2000.000
137	35532	2	-2303.198	13.00	29.61986	189.44440	-46.513	0.923	-100.000	-98.311	-29.298	-30.000	-2000.000
138	35693	4	-915.144	13.00	28.64761	190.56372	-223.982	21.384	-320.000	-123.315	-108.230	-161.000	0.000
139	35850	2	-3286.305	12.00	28.26054	189.27507	-238.757	6.296	-560.000	-202.032	-134.812	-157.000	-2000.000
140	35887	2	-2293.219	12.00	27.88945	189.74232	-71.513	-4.288	-140.000	-24.803	-15.615	-37.000	-2000.000
141	36006	2	-2718.604	12.00	26.41678	189.29196	-180.116	3.821	-260.000	-103.925	-59.384	-119.000	-2000.000
142	36093	1	2211.389	13.00	25.79618	189.19630	-96.592	28.873	0.000	-57.308	-76.584	-87.000	2500.000
143	36201	1	2137.801	14.00	27.98708	189.16238	-119.105	46.337	-80.000	-34.246	-67.185	-108.000	2500.000
144	36245	2	-2185.068	14.00	27.34482	188.71524	-29.401	9.409	-40.000	-46.334	-34.742	-44.000	-2000.000
145	36329	1	2131.699	15.00	26.47733	189.04468	-80.010	15.683	-140.000	-19.490	-60.482	-84.000	2500.000
146	36522	4	-646.997	15.00	26.83829	188.91864	-260.084	49.535	0.000	-108.888	-134.560	-193.000	0.000
147	36566	1	2348.007	16.00	26.18131	188.94424	-33.550	12.656	-40.000	-12.647	-34.452	-44.000	2500.000
148	36598	2	-2251.958	15.00	26.79781	189.30302	-51.415	-1.215	-100.000	-34.392	-32.936	-32.000	-2000.000
149	36675	2	-2398.321	15.00	27.98830	187.79893	-90.595	34.256	-180.000	-36.753	-48.230	-77.000	-2000.000
150	36718	2	-2269.101	15.00	25.12666	187.67937	-86.107	-1.563	-40.000	-65.418	-33.013	-43.000	-2000.000
151	36772	2	-2290.142	15.00	27.17758	188.79552	-70.136	7.081	-100.000	-33.530	-39.557	-54.000	-2000.000
152	36802	1	2415.291	16.00	27.02178	187.37897	-30.801	12.294	0.000	-7.543	-28.658	-30.000	2500.000
153	36942	1	2097.915	17.00	26.56740	188.85349	-155.397	32.328	0.000	-58.387	-80.629	-140.000	2500.000
154	37113	4	-678.550	17.00	27.71992	189.75624	-222.559	35.039	-140.000	-92.582	-87.448	-171.000	0.000
155	37192	2	-2369.666	17.00	26.90729	188.11383	-89.222	22.046	-140.000	-19.786	-63.703	-79.000	-2000.000
156	37271	2	-2674.307	17.00	25.37576	190.13531	-142.294	-3.819	-260.000	-151.809	-37.385	-79.000	-2000.000
157	37381	1	2181.320	18.00	25.93876	188.33234	-104.148	24.271	-20.000	-48.330	-60.473	-110.000	2500.000
158	37552	4	-628.884	18.00	26.00963	189.32819	-228.738	36.964	-80.000	-80.599	-105.511	-171.000	0.000
159	37622	2	-2355.085	18.00	26.74584	188.75616	-69.235	13.904	-180.000	-17.473	-32.282	-70.000	-2000.000
160	37785	4	-655.702	18.00	25.71470	188.83047	-206.910	55.912	-120.000	-143.934	-77.772	-163.000	0.000
161	37839	1	2292.947	19.00	26.64408	190.68620	-65.081	23.836	-60.000	-2.803	-49.004	-54.000	2500.000
162	37884	2	-2204.513	19.00	25.85513	188.57556	-44.995	5.755	-60.000	-32.418	-27.855	-45.000	-2000.000
163	38037	2	-2703.174	19.00	27.08974	189.83435	-202.700	13.050	-60.000	-185.536	-114.989	-153.000	-2000.000
164	38157	2	-2769.549	19.00	27.34656	190.37115	-169.796	13.772	-340.000	-44.603	-108.922	-120.000	-2000.000
165	38304	1	2052.816	19.00	25.40046	190.27153	-184.311	25.316	0.000	-62.628	-78.561	-147.000	2500.000
166	38338	2	-2439.494	19.00	24.96749	190.80641	-56.141	-7.811	-260.000	-35.747	-45.796	-34.000	-2000.000
167	38459	2	-2479.419	19.00	26.63587	190.38248	-169.276	7.141	-40.000	-69.967	-86.317	-121.000	-2000.000
168	38629	4	-795.275	19.00	26.61401	191.34964	-246.048	19.250	-200.000	-52.190	-146.287	-170.000	0.000
169	38666	2	-2188.755	19.00	26.28809	189.27017	-23.919	8.873	-100.000	-19.067	-17.642	-37.000	-2000.000
170	38713	1	2379.923	20.00	25.63891	192.33380	-51.341	14.778	0.000	-20.102	-16.412	-47.000	2500.000
171	38890	4	-646.853	20.00	25.92232	190.07841	-253.575	40.876	-80.000	-77.518	-99.635	-177.000	0.000
172	39034	1	1732.585	21.00	26.86266	190.03136	-162.011	31.691	-300.000	-52.501	-140.594	-144.000	2500.000
173	39072	1	2397.167	22.00	25.47373	189.33134	-27.163	14.614	0.000	-25.178	-27.106	-38.000	2500.000
174	39102	2	-2231.886	22.00	23.10275	190.46899	-13.241	3.300	-140.000	-8.999	-42.946	-30.000	-2000.000
175	39214	1	2129.038	23.00	28.80670	191.16716	-107.115	26.722	-40.000	-62.157	-76.411	-112.000	2500.000
176	39250	2	-2205.910	23.00	29.07629	191.52086	-25.480	4.860	-100.000	-9.448	-39.842	-36.000	-2000.000
177	39337	1	2276.298	24.00	24.92116	190.27191	-86.614	21.065	0.000	-15.452	-55.702	-87.000	2500.000
178	39368	2	-2527.778	24.00	24.59868	190.93387	-35.260	1.414	-360.000	-30.445	-72.487	-31.000	-2000.000
179	39458	2	-2518.531	24.00	26.37638	191.17747	-116.924	0.942	-100.000	-93.106	-119.442	-90.000	-2000.000
180	39548	2	-2334.636	24.00	27.15059	191.81831	-108.790	28.232	-40.000	-44.454	-79.624	-90.000	-2000.000
181	39719	1	1430.093	25.00	25.55770	190.63928	-219.834	43.429	-520.000	-72.382	-130.121	-171.000	2500.000
182	39812	2	-2912.513	25.00	25.32206	190.57982	-178.745	-5.312	-420.000	-104.707	-110.749	-93.000	-2000.000
183	39854	2	-2250.172	24.00	26.85862	191.89024	-67.896	-2.936	-80.000	-20.127	-37.212	-42.000	-2000.000
184	39946	2	-2544.540	24.00	24.18920	190.98485	-87.440	18.931	-200.000	-62.200	-121.830	-92.000	-2000.000
185	40053	2	-2517.668	24.00	26.17906	191.13380	-137.684	26.785	-160.000	-43.357	-96.412	-107.000	-2000.000
186	40096	2	-2265.103	24.00	25.69786	189.90839	-87.772	-4.177	-60.000	-38.741	-31.414	-43.000	-2000.000
187	40130	2	-2204.382	24.00	23.48476	188.96251	-45.206	0.238	-60.000	-9.397	-56.017	-34.000	-2000.000
188	40191	2	-2229.566	23.00	25.16788	191.11356	-61.089	4.628	-60.000	-17.391	-34.715	-61.000	-2000.000
189	40303	1	2158.225	24.00	25.14287	190.90701	-128.853	15.784	0.000	-27.286	-89.420	-112.000	2500.000
190	40390	1	2316.563	24.00	24.75424	191.33871	-67.652	38.979	0.000	-18.130	-49.633	-87.000	2500.000
191	40453	1	2377.739	25.00	25.80633	190.73543	-38.833	21.594	0.000	-18.429	-23.593	-63.000	2500.000
192	40544	1	2290.163	25.00	26.28815	191.15590	-81.980	24.958	0.000	-23.188	-38.627	-91.000	2500.000
193	40615	1	2305.213	26.00	23.42449	190.48080	-42.016	24.863	-40.000	-25.931	-40.704	-71.000	2500.000
194	40706	1	2300.514	27.00	24.24915	190.32338	-77.304	32.238	0.000	-27.335	-36.085	-91.000	2500.000
195	40851	2	-2858.950	26.00	25.40652	191.00658	-250.967	-77.059	-240.000	-35.545	-110.379	-145.000	-2000.000
196	40943	1	2252.202	27.00	26.92816	191.09834	-97.803	16.958	0.000	-19.963	-54.990	-92.000	2500.000
197	41033	2	-2452.640	27.00	23.79415	190.90585	-76.592	14.757	-220.000	-9.467	-71.338	-90.000	-2000.000
198	41117	2	-2460.596	27.00	23.64628	189.23689	-98.174	9.452	-200.000	-24.742	-63.132	-84.000	-2000.000
199	41211	2	-2512.995	26.00	24.43319	190.72893	-146.195	3.222	-120.000	-73.993	-82.028	-94.000	-2000.000
200	41293	2	-2414.769	26.00	22.78100	190.13934	-85.512	12.199	-180.000	-22.714	-56.742	-82.000	-2000.000
201	41323	2	-2670.552	26.00	22.74331	190.54950	-35.945	-0.455	-500.000	-32.074	-72.077	-30.000	-2000.000
202	41353	1	2413.671	27.00	24.61857	192.28743	-19.399	9.514	-20.000	-12.170	-14.274	-30.000	2500.000
203	41405	2	-2172.235	27.00	24.96592	191.44688	-35.828	21.998	-80.000	-4.712	-21.694	-52.000	-2000.000
204	41505	1	2189.555	28.00	24.23243	190.14525	-93.912	17.879	0.000	-39.205	-95.207	-100.000	2500.000
205	41641	1	1844.916	29.00	24.00879	191.03214	-126.904	40.227	-340.000	-30.140	-62.268	-136.000	2500.000
206	41857	4	-880.466	29.00	23.61049	190.35687	-316.427	43.067	0.000	-157.985	-233.121	-216.000	0.000
207	41899	2	-2746.313	28.00	23.93279	191.09850	-51.917	1.332	-460.000	-70.897	-122.831	-42.000	-2000.000
208	41929	1	2440.517	29.00	23.98103	191.94821	-20.849	8.680	0.000	-7.177	-10.137	-30.000	2500.000
209	42004	1	2146.363	29.00	24.37171	191.16571	-41.815	24.057	-200.000	-30.839	-30.040	-75.000	2500.000
210	42058	2	-2459.389	29.00	25.50993	190.63731	-60.343	2.675	-240.000	-54.902	-52.819	-54.000	-2000.000
211	42097	1	2155.503	30.00	24.24041	190.75526	-15.776	13.089	-180.000	-69.133	-53.676	-39.000	2500.000
212	42188	2	-2448.690	30.00	25.20722	191.33768	-72.732	8.042	-160.000	-58.100	-74.900	-91.000	-2000.000
213	42335	1	1957.189	31.00	24.45214	191.20181	-183.676	27.916	-80.000	-42.203	-117.849	-147.000	2500.000
214	42379	1	2354.802	32.00	25.69693	189.63515	-18.888	13.285	-60.000	-6.841	-28.753	-44.000	2500.000
215	42493	1	2027.694	33.00	26.15040	189.54649	-87.287	33.279	-220.000	-27.052	-57.245	-114.000	2500.000
216	42525	2	-2199.843	32.00	25.85913	191.39406	-9.542	2.131	-100.000	-25.767	-34.665	-32.000	-2000.000
217	42584	1	2317.474	33.00	24.93513	190.45918	-65.538	6.982	0.000	-11.550	-53.420	-59.000	2500.000
218	42627	1	2327.575	34.00	23.21429	191.09532	-67.886	-2.528	0.000	-12.223	-46.789	-43.000	2500.000
219	42709	2	-2292.500	34.00	25.65556	191.51709	-37.338	14.113	-60.000	-81.650	-45.625	-82.000	-2000.000
220	42743	2	-2118.617	34.00	23.21203	188.07332	-23.236	3.110	-40.000	-4.422	-20.069	-34.000	-2000.000
221	42834	1	1954.796	35.00	25.67670	190.93430	-82.049	26.818	-300.000	-23.343	-75.629	-91.000	2500.000
222	43060	4	-908.906	34.00	25.19196	190.98686	-277.336	109.225	-100.000	-158.539	-256.255	-226.000	0.000
223	43091	2	-2146.045	34.00	29.22962	190.87326	-26.312	2.079	-60.000	-6.016	-24.796	-31.000	-2000.000
224	43187	1	2309.496	35.00	26.00058	191.40108	-62.928	33.208	0.000	-29.287	-35.497	-96.000	2500.000
225	43229	2	-2120.744	35.00	26.82617	191.15721	-13.157	5.708	-40.000	-7.881	-23.413	-42.000	-2000.000
226	43334	1	2079.079	36.00	24.41596	190.58282	-86.393	28.406	-160.000	-57.665	-40.268	-105.000	2500.000
227	43409	2	-2298.485	36.00	22.84588	190.58678	-53.250	10.999	-100.000	-19.880	-61.354	-75.000	-2000.000
228	43439	2	-2492.470	36.00	24.70724	189.75655	-33.023	1.317	-300.000	-70.468	-60.296	-30.000	-2000.000
229	43469	1	2393.639	37.00	20.85921	189.22847	-21.397	12.311	-40.000	-4.303	-22.972	-30.000	2500.000
230	43501	1	2105.378	38.00	23.84407	189.86688	-48.307	9.404	-280.000	-8.735	-34.984	-32.000	2500.000
231	43573	1	2118.077	39.00	24.08984	190.30153	-41.466	22.146	-200.000	-29.146	-61.457	-72.000	2500.000
232	43680	2	-2740.860	39.00	26.28071	191.03432	-158.300	-7.839	-280.000	-73.957	-113.765	-107.000	-2000.000
233	43755	1	2068.649	40.00	24.16437	191.39923	-49.281	18.595	-220.000	-40.750	-64.915	-75.000	2500.000
234	43870	1	2244.133	41.00	23.82183	190.26640	-56.269	37.010	-80.000	-9.434	-32.174	-115.000	2500.000
235	44068	1	1692.516	42.00	25.13414	190.42613	-204.147	53.321	-200.000	-82.528	-176.129	-198.000	2500.000
236	44106	2	-2153.917	42.00	27.09007	190.78572	-21.599	2.332	-60.000	-17.246	-19.404	-38.000	-2000.000
237	44317	4	-1168.647	42.00	24.42030	190.62624	-238.739	110.174	-380.000	-210.436	-238.646	-211.000	0.000
238	44351	2	-2450.193	42.00	22.98665	190.28806	-35.834	1.403	-300.000	-30.870	-50.892	-34.000	-2000.000
239	44441	1	2298.708	43.00	24.20980	190.81467	-77.840	24.696	0.000	-29.350	-28.797	-90.000	2500.000
240	44471	2	-2682.147	43.00	23.59340	190.65536	-38.343	0.200	-480.000	-37.470	-96.534	-30.000	-2000.000
241	44511	2	-2192.471	43.00	24.37486	191.35309	-13.585	7.873	-60.000	-49.154	-37.605	-40.000	-2000.000
242	44555	2	-2312.288	42.00	25.18455	189.44092	-30.087	4.044	-100.000	-65.468	-76.777	-44.000	-2000.000
243	44739	2	-3278.613	41.00	25.39955	191.02101	-216.112	58.955	-440.000	-267.848	-229.608	-184.000	-2000.000
244	44769	2	-2427.922	41.00	23.14178	191.03813	-49.046	-0.039	-260.000	-39.621	-49.216	-30.000	-2000.000
245	44895	1	1742.423	41.00	23.99273	191.02373	-101.827	57.274	-200.000	-236.808	-150.216	-126.000	2500.000
246	45027	2	-2696.401	41.00	27.42269	192.11253	-120.328	39.752	-280.000	-63.481	-140.344	-132.000	-2000.000
247	45081	2	-2569.966	40.00	24.46213	192.86502	-39.949	5.900	-400.000	-33.059	-48.859	-54.000	-2000.000
248	45111	1	2412.508	41.00	25.57285	190.76955	-21.376	12.012	-20.000	-8.217	-19.911	-30.000	2500.000
249	45231	1	2090.343	42.00	25.26262	190.97112	-89.968	56.785	-160.000	-25.011	-71.463	-120.000	2500.000
250	45329	1	2304.232	43.00	24.30463	191.12566	-43.579	34.734	-40.000	-17.456	-31.467	-98.000	2500.000
251	45369	2	-2165.733	43.00	24.39194	190.57870	-35.406	2.762	-60.000	-8.292	-24.798	-40.000	-2000.000
252	45399	1	2433.934	43.00	25.32057	190.49297	-18.738	8.931	0.000	-11.487	-14.772	-30.000	2500.000
253	45451	1	1956.725	43.00	24.88373	191.29471	-57.695	16.466	-360.000	-45.874	-44.172	-52.000	2500.000
254	45485	2	-2295.150	43.00	23.27960	189.76758	-12.547	4.403	-220.000	-12.685	-20.320	-34.000	-2000.000
255	45515	1	2427.638	44.00	25.12055	189.54701	-24.039	11.611	0.000	-5.803	-24.131	-30.000	2500.000
256	45552	2	-2219.679	44.00	21.66839	191.26314	-30.555	2.771	-120.000	-4.880	-30.015	-37.000	-2000.000
257	45621	2	-2445.521	43.00	24.78571	190.57948	-106.478	2.956	-120.000	-70.245	-82.754	-69.000	-2000.000
258	45835	4	-931.090	43.00	23.88460	190.38159	-244.890	87.435	-200.000	-118.827	-240.809	-214.000	0.000
259	45908	1	2127.625	44.00	26.45688	190.91809	-49.496	24.968	-220.000	-20.716	-34.131	-73.000	2500.000
260	46021	1	2160.066	45.00	25.22917	190.08649	-83.407	45.560	-120.000	-20.218	-48.869	-113.000	2500.000
261	46071	2	-2153.395	44.00	26.10497	190.83978	-19.730	8.512	-60.000	-8.772	-23.405	-50.000	-2000.000
262	46130	1	2139.884	45.00	24.83333	190.63014	-59.035	25.155	-200.000	-20.281	-46.955	-59.000	2500.000
263	46208	1	2111.495	46.00	25.28170	189.87280	-77.673	27.664	-160.000	-27.772	-72.724	-78.000	2500.000
264	46255	2	-2170.457	46.00	23.62328	188.46873	-28.628	6.876	-60.000	-21.566	-20.138	-47.000	-2000.000
265	46285	2	-2131.725	45.00	24.92232	189.89207	-12.399	4.016	-60.000	-8.533	-24.809	-30.000	-2000.000
266	46363	1	2170.182	46.00	26.15626	189.63451	-59.185	23.507	-120.000	-21.687	-74.454	-78.000	2500.000
267	46418	2	-2375.609	46.00	24.87141	192.06477	-55.489	9.210	-240.000	-1.608	-32.722	-55.000	-2000.000
268	46498	2	-2404.315	46.00	23.91781	191.12210	-106.460	-1.042	-140.000	-37.844	-38.968	-80.000	-2000.000
269	46712	4	-1259.389	46.00	24.28457	190.02509	-236.410	92.987	-420.000	-224.964	-257.003	-214.000	0.000
270	46774	1	2312.292	46.00	25.81976	190.53099	-64.747	10.797	0.000	-26.390	-45.368	-62.000	2500.000
271	46860	2	-2348.852	46.00	23.67170	189.48724	-41.293	19.895	-120.000	-71.481	-49.973	-86.000	-2000.000
272	46953	2	-2841.951	45.00	22.59235	190.90216	-81.552	11.497	-440.000	-107.364	-131.533	-93.000	-2000.000
273	47052	1	1944.413	45.00	24.11595	190.84656	-91.187	17.055	-260.000	-57.146	-65.308	-99.000	2500.000
274	47109	1	2402.449	46.00	22.99671	189.40689	-27.931	22.869	0.000	-12.187	-23.302	-57.000	2500.000
275	47157	1	2354.051	46.00	24.73828	190.02539	-26.408	16.089	-60.000	-4.805	-22.825	-48.000	2500.000
276	47202	1	2243.156	47.00	23.36062	190.03581	-30.577	10.850	-160.000	-7.734	-24.383	-45.000	2500.000
277	47277	2	-2527.859	46.00	23.76925	188.60840	-45.357	15.128	-280.000	-44.062	-98.567	-75.000	-2000.000
278	47376	1	2262.665	47.00	26.47646	190.36139	-65.905	33.639	0.000	-47.498	-58.571	-99.000	2500.000
279	47509	2	-2581.129	47.00	24.37722	189.35820	-138.915	24.584	-180.000	-46.485	-107.314	-133.000	-2000.000
280	47584	1	2080.676	48.00	24.72808	190.14439	-37.314	28.056	-200.000	-73.304	-61.762	-75.000	2500.000
281	47692	2	-2358.991	47.00	23.77913	190.01381	-101.720	31.867	-100.000	-22.298	-58.840	-108.000	-2000.000
282	47749	1	2356.060	48.00	25.57033	189.29596	-51.412	8.264	0.000	-20.649	-23.143	-57.000	2500.000
283	47779	2	-2577.550	48.00	25.25053	190.60330	-38.666	-0.113	-420.000	-33.080	-55.691	-30.000	-2000.000
284	47809	5	-294.359	48.00	25.86464	190.96925	-76.333	-0.243	0.000	-106.040	-81.743	-30.000	0.000
285	47852	2	-2493.871	48.00	21.59715	190.85315	-94.096	-8.649	-260.000	-1.886	-86.240	-43.000	-2000.000
286	47884	2	-2241.007	48.00	22.41029	190.41708	-44.489	1.729	-120.000	-0.648	-45.599	-32.000	-2000.000
287	47974	2	-2436.439	48.00	26.04520	192.03320	-119.097	11.230	-120.000	-56.218	-62.355	-90.000	-2000.000
288	48004	2	-2621.176	48.00	21.93353	189.46538	-64.328	-0.031	-420.000	-24.512	-82.305	-30.000	-2000.000
289	48037	2	-2454.673	47.00	21.41858	188.94823	-52.202	1.689	-320.000	-7.018	-44.142	-33.000	-2000.000
290	48229	1	1682.442	47.00	25.39225	190.22736	-195.372	74.441	-140.000	-170.480	-194.146	-192.000	2500.000
291	48374	2	-2951.083	46.00	23.92035	190.84921	-107.647	30.409	-600.000	-16.540	-112.305	-145.000	-2000.000
292	48450	1	2145.122	46.00	23.87293	191.30602	-45.052	26.454	-200.000	-29.718	-30.563	-76.000	2500.000
293	48501	2	-2271.124	45.00	26.40660	191.62134	-42.035	13.625	-140.000	-14.700	-37.013	-51.000	-2000.000
294	48532	2	-2549.350	44.00	23.99294	190.98123	-38.844	2.314	-420.000	-11.455	-50.364	-31.000	-2000.000
295	48683	2	-3412.252	44.00	24.49202	189.85861	-148.414	8.572	-820.000	-184.462	-116.949	-151.000	-2000.000
296	48746	2	-2425.117	43.00	21.68558	190.23752	-29.855	18.312	-240.000	-71.818	-38.755	-63.000	-2000.000
297	48850	1	2121.501	44.00	23.87926	190.67902	-105.610	44.064	-140.000	-19.421	-53.531	-104.000	2500.000
298	48980	2	-2430.379	44.00	24.36558	190.20514	-115.204	21.827	-60.000	-50.133	-96.869	-130.000	-2000.000
299	49013	1	2435.371	45.00	27.14747	192.17798	-28.532	8.376	0.000	-3.159	-8.314	-33.000	2500.000
300	49093	1	2311.690	46.00	24.88684	190.85631	-45.713	21.304	0.000	-30.018	-53.882	-80.000	2500.000
301	49226	1	2091.543	47.00	24.97110	190.36154	-102.474	56.876	0.000	-133.746	-96.112	-133.000	2500.000
302	49283	1	2224.458	47.00	25.10222	191.81917	-72.467	-9.970	0.000	-74.380	-61.725	-57.000	2500.000
303	49347	2	-2282.895	47.00	24.26786	191.82472	-53.232	5.047	-80.000	-27.919	-62.791	-64.000	-2000.000
304	49377	2	-2397.967	46.00	24.85490	189.95975	-33.202	-0.517	-240.000	-35.523	-58.725	-30.000	-2000.000
305	49435	1	2307.820	46.00	24.42889	190.37204	-51.733	8.671	-40.000	-9.433	-41.686	-58.000	2500.000
306	49609	2	-2620.544	46.00	25.12340	191.29036	-179.968	71.445	-60.000	-95.165	-182.856	-174.000	-2000.000
307	49690	1	2311.021	47.00	25.53054	191.39886	-62.398	18.486	0.000	-27.608	-36.458	-81.000	2500.000
308	49720	2	-2258.804	46.00	21.86441	190.95134	-26.789	1.384	-160.000	-3.438	-39.961	-30.000	-2000.000
309	49756	1	2413.035	46.00	29.66931	192.07544	-31.825	9.172	0.000	-6.962	-21.350	-36.000	2500.000
310	49868	1	1951.739	47.00	23.25623	190.81142	-117.562	33.438	-180.000	-77.960	-94.176	-112.000	2500.000
311	49959	1	2266.153	47.00	26.62036	190.58038	-100.575	13.372	0.000	-17.824	-37.821	-91.000	2500.000
312	50032	1	2197.637	48.00	23.35442	191.66930	-90.787	31.574	-120.000	-6.606	-43.545	-73.000	2500.000
313	50078	1	1951.521	48.00	25.37596	191.40941	-36.039	11.300	-440.000	-4.141	-33.599	-46.000	2500.000
314	50302	4	-975.633	47.00	25.43814	191.18709	-207.621	105.304	-280.000	-169.340	-199.976	-224.000	0.000
315	50356	2	-2206.657	46.00	25.36448	191.12727	-43.174	11.106	-80.000	-10.958	-29.632	-54.000	-2000.000
316	50417	2	-2348.650	46.00	23.49231	190.97688	-83.596	-0.795	-140.000	-11.472	-51.787	-61.000	-2000.000
317	50494	2	-2703.739	45.00	22.37652	190.48505	-85.966	5.139	-400.000	-45.990	-99.922	-77.000	-2000.000
318	50567	1	2308.949	45.00	24.77053	191.11810	-92.151	5.696	0.000	-10.263	-21.333	-73.000	2500.000
319	50619	2	-2417.684	45.00	26.51511	192.43080	-46.368	5.440	-220.000	-51.869	-52.888	-52.000	-2000.000
320	50698	2	-2709.602	45.00	22.27389	191.70927	-80.226	8.931	-420.000	-94.830	-44.477	-79.000	-2000.000
321	50728	2	-2159.636	44.00	25.28189	191.81367	-31.350	5.522	-80.000	-4.989	-18.819	-30.000	-2000.000
322	50772	2	-2200.882	44.00	21.74968	190.27907	-34.767	5.980	-80.000	-22.207	-25.888	-44.000	-2000.000
323	50907	1	2113.547	45.00	24.86998	191.60422	-120.180	33.865	-80.000	-25.825	-59.314	-135.000	2500.000
324	50937	1	2190.512	45.00	22.33285	190.82074	-25.179	8.556	-200.000	-34.476	-28.389	-30.000	2500.000
325	51015	2	-2629.259	45.00	23.79425	192.03148	-59.969	13.238	-420.000	-23.417	-61.111	-78.000	-2000.000
326	51092	1	2385.369	45.00	26.03133	190.83240	-30.040	28.617	0.000	-17.555	-18.653	-77.000	2500.000
327	51122	1	2324.991	46.00	26.64660	192.36595	-46.296	1.356	0.000	-55.122	-44.947	-30.000	2500.000
328	51225	1	1922.540	47.00	25.12981	191.68922	-92.641	32.298	-360.000	-16.231	-37.887	-103.000	2500.000
329	51321	1	2316.793	47.00	25.52724	191.36992	-65.985	31.184	0.000	-14.943	-37.463	-96.000	2500.000
330	51382	2	-2349.517	46.00	26.70186	191.40294	-77.939	6.272	-160.000	-17.976	-38.874	-61.000	-2000.000
331	51432	2	-2214.762	45.00	25.65660	190.96637	-54.987	2.939	-40.000	-17.740	-54.973	-50.000	-2000.000
332	51531	1	2133.054	46.00	25.10167	191.53902	-74.767	37.392	-140.000	-24.317	-66.254	-99.000	2500.000
333	51603	1	2346.009	46.00	24.14474	191.45108	-37.527	19.914	-20.000	-14.039	-30.339	-72.000	2500.000
334	51656	2	-2501.480	45.00	24.10019	192.50543	-27.240	6.487	-380.000	-15.826	-31.902	-53.000	-2000.000
335	51733	1	2358.262	45.00	23.46797	191.35533	-42.654	27.756	0.000	-21.478	-28.362	-77.000	2500.000
336	51800	1	2122.284	46.00	26.48105	191.28488	-55.609	24.334	-220.000	-12.731	-46.711	-67.000	2500.000
337	51847	2	-2358.946	46.00	25.10341	191.18530	-66.901	5.126	-200.000	-14.479	-35.692	-47.000	-2000.000
338	51966	1	2228.192	47.00	24.43488	191.46878	-113.435	24.395	0.000	-22.844	-40.924	-119.000	2500.000
339	51996	1	2389.621	47.00	22.82520	190.66406	-43.868	3.862	0.000	-7.241	-33.132	-30.000	2500.000
340	52037	2	-2737.548	47.00	25.31842	190.79449	-92.450	-3.443	-460.000	-28.583	-112.072	-41.000	-2000.000
341	52070	2	-2654.122	47.00	23.51119	191.24911	-48.325	1.096	-400.000	-82.773	-91.120	-33.000	-2000.000
342	52145	1	2226.725	48.00	26.35457	191.59531	-37.682	25.218	-140.000	-13.016	-32.794	-75.000	2500.000
343	52175	2	-2469.174	48.00	26.32669	191.38103	-35.995	1.240	-340.000	-8.419	-56.000	-30.000	-2000.000
344	52256	2	-2547.477	48.00	23.95136	191.90085	-93.345	12.237	-200.000	-79.484	-105.886	-81.000	-2000.000
345	52385	1	2108.374	48.00	26.59104	192.15068	-83.312	58.095	0.000	-174.786	-62.623	-129.000	2500.000
346	52415	1	2256.211	49.00	23.84076	191.97589	-40.935	2.516	-100.000	-37.488	-37.882	-30.000	2500.000
347	52472	2	-2777.942	49.00	26.22005	191.37355	-65.680	1.476	-460.000	-69.312	-127.426	-57.000	-2000.000
348	52511	2	-2315.626	48.00	24.74225	192.22803	-31.958	2.101	-180.000	-14.105	-52.664	-39.000	-2000.000
349	52599	1	2250.138	48.00	25.67296	192.93877	-88.949	8.106	0.000	-20.573	-60.446	-88.000	2500.000
350	52629	1	2211.666	48.00	21.37330	191.60944	-40.421	6.296	-160.000	-3.329	-60.880	-30.000	2500.000
351	52683	2	-2334.002	48.00	24.97362	192.70911	-58.487	4.822	-160.000	-30.717	-35.620	-54.000	-2000.000
352	52756	1	2256.085	48.00	24.76023	192.44591	-67.659	10.519	-20.000	-40.359	-53.416	-73.000	2500.000
353	52786	1	2447.425	48.00	23.71830	191.52208	-10.027	9.070	0.000	-9.324	-12.293	-30.000	2500.000
354	52864	2	-2562.907	48.00	26.06909	192.55920	-48.147	7.547	-360.000	-37.643	-46.664	-78.000	-2000.000
355	52894	1	2299.743	48.00	27.10868	192.08124	-16.439	9.427	-140.000	-10.223	-13.023	-30.000	2500.000
356	52974	1	2226.111	49.00	25.39309	192.11339	-78.575	34.827	-100.000	-21.541	-28.599	-80.000	2500.000
357	53035	1	2354.601	50.00	23.84708	192.61696	-40.156	16.235	0.000	-30.273	-30.205	-61.000	2500.000
358	53112	2	-2283.227	50.00	25.45448	192.30519	-75.258	8.101	-40.000	-45.919	-53.151	-77.000	-2000.000
359	53142	2	-2520.763	49.00	25.54657	194.12923	-28.758	3.797	-380.000	-22.399	-63.404	-30.000	-2000.000
360	53193	2	-2316.679	48.00	23.41107	191.33060	-63.350	1.264	-140.000	-18.529	-45.064	-51.000	-2000.000
361	53238	1	2360.509	49.00	25.71342	192.55560	-31.070	11.584	-40.000	-12.317	-22.687	-45.000	2500.000
362	53282	2	-2298.994	48.00	24.52802	191.53487	-26.402	3.616	-200.000	-3.433	-28.776	-44.000	-2000.000
363	53496	4	-840.002	47.00	24.23193	192.13991	-220.453	69.461	-120.000	-146.419	-208.591	-214.000	0.000
364	53666	1	1827.251	48.00	26.26393	193.05287	-201.582	90.709	-220.000	-88.160	-83.716	-170.000	2500.000
365	53701	2	-2141.367	48.00	23.59256	191.95602	-12.926	8.746	-80.000	-12.147	-10.040	-35.000	-2000.000
366	53750	1	2372.695	48.00	25.71158	192.42255	-38.143	9.009	0.000	-22.541	-26.631	-49.000	2500.000
367	53781	2	-2188.438	48.00	25.79644	191.32227	-32.044	1.370	-100.000	-2.408	-24.357	-31.000	-2000.000
368	53812	2	-2157.484	48.00	27.30282	192.47240	-20.522	1.889	-80.000	-10.191	-17.661	-31.000	-2000.000
369	53867	1	2402.151	49.00	24.27745	192.33038	-36.180	20.727	0.000	-8.157	-19.239	-55.000	2500.000
370	54017	1	1950.958	49.00	24.83119	192.45169	-196.082	32.901	-140.000	-56.973	-38.887	-150.000	2500.000
371	54068	1	2225.695	50.00	25.47325	193.21281	-71.977	-11.501	-100.000	-14.392	-25.435	-51.000	2500.000
372	54285	4	-645.422	50.00	26.06259	192.71297	-221.612	84.171	-20.000	-134.174	-136.807	-217.000	0.000
373	54320	1	2422.374	50.00	27.75433	192.56186	-26.189	11.872	0.000	-11.966	-16.343	-35.000	2500.000
374	54378	2	-2213.533	49.00	27.41265	192.95178	-55.357	9.022	-60.000	-27.366	-21.833	-58.000	-2000.000
375	54417	1	2408.915	49.00	27.47186	192.22073	-23.944	11.158	0.000	-15.658	-23.641	-39.000	2500.000
376	54504	2	-2369.126	48.00	24.68852	192.47403	-94.069	17.445	-120.000	-22.572	-62.930	-87.000	-2000.000
377	54543	2	-2176.836	48.00	27.31908	191.50063	-23.325	3.716	-100.000	-4.505	-13.723	-39.000	-2000.000
378	54626	1	1945.565	48.00	23.13433	192.20392	-102.484	9.287	-300.000	-17.314	-60.925	-83.000	2500.000
379	54743	1	2093.785	49.00	24.47053	192.72139	-93.832	34.606	-160.000	-25.756	-44.233	-117.000	2500.000
380	54810	2	-2317.696	48.00	26.08340	192.36148	-90.197	-0.074	-100.000	-29.180	-31.244	-67.000	-2000.000
381	54840	1	2447.306	49.00	22.55618	191.21272	-14.200	9.986	0.000	-13.980	-4.500	-30.000	2500.000
382	54880	1	2421.674	49.00	25.38838	192.00786	-8.362	13.730	-20.000	-13.803	-9.891	-40.000	2500.000
383	54916	2	-2188.069	49.00	24.70597	192.41397	-28.561	3.231	-100.000	-3.461	-23.278	-36.000	-2000.000
384	55011	1	2075.145	50.00	25.26943	192.32692	-77.638	18.536	-180.000	-50.664	-40.089	-95.000	2500.000
385	55049	2	-2544.208	50.00	26.23996	193.10800	-39.045	1.538	-340.000	-21.289	-107.413	-38.000	-2000.000
386	55156	2	-2456.272	50.00	25.05891	192.83763	-107.729	10.609	-180.000	-32.672	-39.479	-107.000	-2000.000
387	55223	2	-2248.557	50.00	25.06977	192.13159	-62.616	10.372	-80.000	-19.247	-30.065	-67.000	-2000.000
388	55263	1	2339.472	51.00	25.42108	192.53365	-38.335	17.608	-60.000	-3.301	-36.500	-40.000	2500.000
389	55453	4	-633.150	51.00	24.71398	193.15236	-202.455	36.135	0.000	-132.382	-144.447	-190.000	0.000
390	55494	2	-2199.680	50.00	25.23716	192.53001	-8.983	10.962	-140.000	-6.412	-14.247	-41.000	-2000.000
391	55632	2	-2785.783	50.00	25.46386	193.42200	-163.507	12.126	-160.000	-229.330	-107.073	-138.000	-2000.000
392	55662	1	2440.174	50.00	29.42336	192.46980	-15.730	9.012	0.000	-5.382	-17.726	-30.000	2500.000
393	55698	2	-2326.397	50.00	23.44670	194.82860	-37.817	0.797	-220.000	-7.256	-26.121	-36.000	-2000.000
394	55746	1	2248.001	51.00	25.47324	193.17729	-34.853	16.070	-160.000	-11.082	-14.135	-48.000	2500.000
395	55840	1	2034.819	52.00	24.37963	193.04019	-63.458	29.984	-280.000	-14.309	-43.399	-94.000	2500.000
396	55893	1	2184.223	53.00	25.59687	193.86057	-48.162	9.422	-180.000	-14.753	-29.284	-53.000	2500.000
397	55978	2	-2367.258	52.00	24.11755	192.79225	-63.401	10.374	-180.000	-29.258	-19.973	-85.000	-2000.000
398	56015	2	-2160.806	52.00	23.49982	192.50475	-23.363	7.697	-80.000	-13.732	-14.409	-37.000	-2000.000
399	56061	2	-2244.198	51.00	27.58947	193.75716	-44.677	5.597	-80.000	-42.041	-37.077	-46.000	-2000.000
400	56117	1	2396.900	51.00	24.62305	193.36780	-30.080	19.426	0.000	-14.698	-21.747	-56.000	2500.000
401	56331	4	-1060.674	50.00	24.18000	193.73421	-282.600	81.020	-180.000	-294.321	-170.773	-214.000	0.000
402	56389	1	2330.703	50.00	27.01863	193.50836	-29.563	18.159	-60.000	-7.416	-32.477	-58.000	2500.000
403	56473	2	-2986.961	50.00	24.20418	193.59897	-69.590	12.078	-680.000	-67.375	-98.074	-84.000	-2000.000
404	56513	1	2102.799	51.00	29.22006	194.76741	-20.340	11.229	-280.000	-18.675	-49.415	-40.000	2500.000
405	56645	2	-2698.972	50.00	24.88693	193.54247	-130.259	30.242	-260.000	-105.703	-101.251	-132.000	-2000.000
406	56687	2	-2386.630	50.00	22.99994	192.99728	-43.807	3.456	-240.000	-25.113	-39.166	-42.000	-2000.000
407	56775	1	2332.262	50.00	25.56644	193.21065	-43.309	29.162	-20.000	-13.175	-32.416	-88.000	2500.000
408	56832	2	-2462.106	50.00	24.70282	192.77327	-63.999	2.279	-240.000	-33.773	-69.612	-57.000	-2000.000
409	56869	2	-2145.306	49.00	26.61481	194.43581	-36.538	16.841	-60.000	-6.611	-21.999	-37.000	-2000.000
410	56943	1	2383.991	49.00	25.13060	194.38371	-39.296	21.067	0.000	-9.372	-14.408	-74.000	2500.000
411	57001	1	2290.564	49.00	26.97241	193.98386	-29.172	16.751	-80.000	-26.337	-32.677	-58.000	2500.000
412	57073	2	-2706.738	48.00	26.01962	193.97893	-88.987	-1.073	-440.000	-29.378	-75.300	-72.000	-2000.000
413	57212	1	1888.145	48.00	25.29164	194.20540	-126.923	24.609	-180.000	-116.888	-73.652	-139.000	2500.000
414	57303	1	2291.444	49.00	26.86344	193.41406	-65.340	28.524	0.000	-16.295	-64.446	-91.000	2500.000
415	57340	1	2362.407	50.00	25.00841	193.90288	-52.992	-5.770	0.000	-20.635	-21.196	-37.000	2500.000
416	57418	2	-2226.623	50.00	26.44624	194.42903	-57.742	23.358	-80.000	-10.839	-23.401	-78.000	-2000.000
417	57469	1	2257.185	51.00	23.16790	193.96432	-23.828	15.597	-120.000	-34.374	-29.210	-51.000	2500.000
418	57537	2	-2210.907	50.00	26.61058	195.91809	-55.207	15.845	-60.000	-13.805	-29.740	-68.000	-2000.000
419	57568	2	-2730.492	50.00	27.71261	195.41205	-59.737	-1.048	-480.000	-99.748	-58.958	-31.000	-2000.000
420	57598	2	-2417.628	50.00	26.55630	195.22252	-56.151	-2.229	-280.000	-21.497	-27.751	-30.000	-2000.000
421	57668	1	2313.181	51.00	28.27349	194.71426	-67.011	9.402	0.000	-8.384	-50.826	-70.000	2500.000
422	57756	2	-2373.336	51.00	25.29282	194.29205	-82.849	17.774	-80.000	-76.872	-63.389	-88.000	-2000.000
423	57857	1	2286.120	51.00	27.20207	194.79388	-68.098	27.208	0.000	-23.264	-48.727	-101.000	2500.000
424	57922	2	-2412.343	50.00	25.36659	194.41283	-60.953	8.590	-160.000	-43.933	-91.048	-65.000	-2000.000
425	57952	1	2326.080	51.00	29.98812	194.61317	-9.209	11.176	-120.000	-17.688	-8.199	-30.000	2500.000
426	58154	1	1644.442	51.00	25.52883	194.94676	-224.922	81.965	-360.000	-50.249	-100.353	-202.000	2500.000
427	58213	2	-2222.991	50.00	24.54001	194.92789	-64.318	2.517	-40.000	-17.974	-44.216	-59.000	-2000.000
428	58304	1	1944.164	50.00	26.27140	194.43268	-108.980	10.894	-300.000	-20.895	-45.855	-91.000	2500.000
429	58381	2	-2284.723	49.00	23.67402	195.14510	-53.224	17.713	-100.000	-27.413	-44.799	-77.000	-2000.000
430	58443	2	-2276.964	49.00	24.37308	195.01242	-84.502	-0.693	-40.000	-20.839	-68.930	-62.000	-2000.000
431	58531	1	2290.790	50.00	25.97794	195.38023	-71.331	20.715	0.000	-13.714	-56.879	-88.000	2500.000
432	58582	2	-2276.084	49.00	27.22281	194.91711	-80.455	-8.773	-100.000	-7.995	-27.861	-51.000	-2000.000
433	58661	1	2143.297	49.00	27.20095	194.94284	-52.682	20.915	-180.000	-27.893	-38.043	-79.000	2500.000
434	58776	2	-2803.016	49.00	27.14139	195.28416	-121.234	33.911	-480.000	-47.668	-73.026	-115.000	-2000.000
435	58862	1	2154.934	49.00	25.71304	194.63593	-72.546	25.691	-140.000	-26.168	-46.043	-86.000	2500.000
436	59021	1	1708.649	49.00	26.86755	195.58118	-98.784	54.031	-460.000	-47.782	-79.817	-159.000	2500.000
437	59141	2	-2713.866	49.00	26.45630	195.01001	-192.281	14.609	-320.000	-36.324	-59.871	-120.000	-2000.000
438	59196	2	-2625.256	48.00	26.23511	195.28600	-58.741	3.151	-460.000	-13.896	-40.770	-55.000	-2000.000
439	59279	1	2365.279	48.00	28.10764	195.05016	-43.384	24.627	0.000	-11.875	-21.089	-83.000	2500.000
440	59379	2	-2424.512	48.00	26.08760	194.83801	-76.883	16.713	-80.000	-91.098	-93.244	-100.000	-2000.000
441	59416	2	-2152.691	48.00	26.93310	196.19313	-33.185	2.920	-60.000	-11.256	-14.170	-37.000	-2000.000
442	59468	1	2398.123	48.00	27.41724	194.55923	-35.708	10.169	0.000	-5.064	-19.274	-52.000	2500.000
443	59498	2	-2332.846	48.00	29.39646	194.54141	-21.556	1.089	-220.000	-1.531	-60.849	-30.000	-2000.000
444	59591	1	2298.643	49.00	28.01061	195.14766	-77.626	23.681	0.000	-12.303	-42.108	-93.000	2500.000
445	59626	1	2442.854	49.00	24.88223	195.30679	-16.920	10.579	0.000	-3.641	-12.165	-35.000	2500.000
446	59686	2	-2254.692	48.00	26.88953	195.39650	-27.546	10.803	-140.000	-20.729	-17.220	-60.000	-2000.000
447	59756	1	2357.262	49.00	26.84702	195.25462	-49.510	18.027	0.000	-16.485	-24.771	-70.000	2500.000
448	59786	2	-2307.023	49.00	33.63798	195.79077	-30.232	1.046	-200.000	-8.502	-39.335	-30.000	-2000.000
449	59900	2	-2986.914	48.00	26.84788	194.95378	-99.047	14.993	-480.000	-133.914	-174.946	-114.000	-2000.000
450	59968	1	2340.428	48.00	28.15127	194.82678	-79.605	17.154	0.000	-6.105	-23.016	-68.000	2500.000
451	60076	1	2169.331	49.00	25.91098	195.11624	-75.349	36.795	-80.000	-38.172	-65.943	-108.000	2500.000
452	60127	2	-2175.720	48.00	25.11999	194.94672	-28.912	5.092	-60.000	-8.503	-32.397	-51.000	-2000.000
453	60171	2	-2279.237	47.00	25.97549	195.37135	-52.853	2.290	-80.000	-66.655	-38.019	-44.000	-2000.000
454	60239	1	2256.941	48.00	31.00525	195.51494	-45.426	28.747	-120.000	-9.945	-28.434	-68.000	2500.000
455	60455	4	-846.995	47.00	27.36273	195.23576	-155.588	96.689	-260.000	-181.921	-130.174	-216.000	0.000
456	60491	2	-2328.080	46.00	26.43757	195.06549	-55.333	-0.270	-120.000	-73.304	-43.173	-36.000	-2000.000
457	60560	1	2334.022	46.00	25.77120	195.31433	-42.081	25.432	-40.000	-15.862	-24.467	-69.000	2500.000
458	60686	2	-2726.440	46.00	25.65174	195.35988	-102.846	26.162	-420.000	-44.789	-58.967	-126.000	-2000.000
459	60737	2	-2152.923	46.00	27.00050	195.95555	-24.709	15.125	-40.000	-18.754	-33.585	-51.000	-2000.000
460	60783	1	2422.407	47.00	25.25970	195.35364	-35.532	15.231	0.000	-1.190	-10.102	-46.000	2500.000
461	60844	2	-2623.192	46.00	26.74408	194.77744	-56.761	11.933	-440.000	-31.453	-45.912	-61.000	-2000.000
462	60934	1	2291.704	47.00	27.13065	195.05894	-78.289	19.777	0.000	-20.907	-38.877	-90.000	2500.000
463	60976	2	-2352.339	47.00	29.10832	194.81938	-33.165	3.821	-240.000	-7.245	-33.749	-42.000	-2000.000
464	61061	1	2225.103	47.00	25.89573	195.66335	-48.805	25.955	-120.000	-16.562	-30.486	-85.000	2500.000
465	61176	2	-3108.907	47.00	23.94329	195.44806	-150.501	1.243	-160.000	-345.111	-339.538	-115.000	-2000.000
466	61234	2	-2167.684	46.00	27.29915	195.75557	-25.368	21.232	-80.000	-12.353	-13.195	-58.000	-2000.000
467	61267	2	-2143.734	46.00	29.20735	195.70964	-34.559	3.469	-40.000	-11.387	-28.258	-33.000	-2000.000
468	61338	1	2019.323	47.00	23.34296	195.93790	-69.516	14.517	-220.000	-60.912	-73.766	-71.000	2500.000
469	61389	2	-2530.739	46.00	28.83901	196.47295	-72.989	0.533	-300.000	-39.240	-68.043	-51.000	-2000.000
470	61451	1	2234.211	46.00	28.58027	195.96844	-54.777	14.535	-140.000	-5.101	-18.447	-62.000	2500.000
471	61482	1	2444.723	46.00	26.52692	194.34517	-9.676	10.177	0.000	-7.272	-17.506	-31.000	2500.000
472	61529	2	-2364.346	46.00	26.04369	195.90958	-54.200	1.093	-60.000	-74.993	-129.247	-47.000	-2000.000
473	61576	1	2443.666	46.00	26.03069	195.88844	-13.299	15.848	0.000	-6.166	-5.717	-47.000	2500.000
474	61712	1	2174.585	47.00	27.31975	195.91754	-82.790	42.850	-40.000	-52.494	-56.981	-136.000	2500.000
475	61751	2	-2375.986	46.00	26.92249	194.33582	-69.479	-7.375	-200.000	-16.172	-43.960	-39.000	-2000.000
476	61807	2	-2244.280	46.00	26.05762	195.15425	-74.593	-0.626	-80.000	-10.306	-22.755	-56.000	-2000.000
477	61846	1	2436.962	47.00	25.54495	196.38332	-18.238	11.804	0.000	-2.056	-15.549	-39.000	2500.000
478	62022	1	1483.262	47.00	25.86013	195.98424	-270.731	-49.825	-380.000	-51.507	-88.675	-176.000	2500.000
479	62055	2	-2146.466	46.00	26.76850	196.84204	-33.320	1.658	-40.000	-26.425	-15.379	-33.000	-2000.000
480	62085	1	2341.881	47.00	28.19485	195.83633	-23.553	11.804	-80.000	-19.701	-16.669	-30.000	2500.000
481	62115	2	-2485.117	46.00	25.26250	195.34138	-40.815	0.432	-360.000	-7.810	-46.923	-30.000	-2000.000
482	62164	1	2253.123	46.00	29.19439	195.26433	-44.146	16.647	-120.000	-11.075	-39.303	-49.000	2500.000
483	62269	1	2318.383	47.00	25.14190	195.78609	-69.401	35.276	0.000	-18.583	-23.909	-105.000	2500.000
484	62425	1	1715.451	47.00	27.11437	196.50037	-99.641	56.856	-480.000	-38.420	-67.344	-156.000	2500.000
485	62474	1	2417.605	48.00	25.76968	194.97128	-20.159	16.148	-20.000	-0.531	-8.853	-49.000	2500.000
486	62504	1	2432.558	49.00	29.25340	196.82220	-29.450	8.461	0.000	-0.114	-16.340	-30.000	2500.000
487	62589	1	2365.902	50.00	25.69576	195.83958	-48.372	30.386	0.000	-4.016	-27.095	-85.000	2500.000
488	62648	2	-2191.384	49.00	26.19122	195.25493	-24.017	8.636	-80.000	-7.554	-29.449	-59.000	-2000.000
489	62731	1	2367.622	50.00	25.09027	195.92874	-46.981	26.701	0.000	-14.699	-14.399	-83.000	2500.000
490	62817	1	1885.958	51.00	26.96590	195.53563	-113.129	16.555	-300.000	-50.275	-81.192	-86.000	2500.000
491	62865	1	2197.795	52.00	25.78774	196.17506	-27.813	15.543	-200.000	-2.301	-39.634	-48.000	2500.000
492	62977	1	2312.706	52.00	27.85518	195.70094	-83.792	38.222	0.000	-9.734	-19.989	-112.000	2500.000
493	63038	1	2213.490	53.00	26.59580	195.43843	-31.311	18.318	-140.000	-41.605	-30.911	-61.000	2500.000
494	63127	1	1989.386	53.00	27.59678	195.94928	-49.048	28.874	-300.000	-65.684	-35.756	-89.000	2500.000
495	63157	2	-2626.777	52.00	23.55503	194.94443	-34.524	1.556	-420.000	-60.053	-83.757	-30.000	-2000.000
496	63198	2	-2305.817	51.00	23.47015	195.44702	-51.298	-1.657	-140.000	-13.973	-57.889	-41.000	-2000.000
497	63228	1	2382.824	52.00	27.66702	195.83665	-21.118	10.618	-60.000	-2.825	-13.852	-30.000	2500.000
498	63339	1	2309.120	53.00	27.51739	195.93903	-67.266	31.214	0.000	-11.245	-32.583	-111.000	2500.000
499	63494	1	1921.298	54.00	25.54477	195.88692	-215.802	14.579	-160.000	-12.933	-49.545	-155.000	2500.000
500	63589	1	2300.068	54.00	28.04234	195.27129	-85.515	20.335	0.000	-10.349	-29.403	-95.000	2500.000
501	63626	1	2356.949	55.00	27.27883	195.50510	-22.666	10.561	-60.000	-2.079	-31.867	-37.000	2500.000
502	63662	2	-2238.658	54.00	28.13175	194.65610	-18.598	6.542	-160.000	-17.920	-12.682	-36.000	-2000.000
503	63721	2	-2644.864	54.00	28.24497	195.72618	-46.141	11.870	-440.000	-44.259	-67.335	-59.000	-2000.000
504	63763	2	-2201.428	53.00	26.45149	194.87560	-28.965	6.812	-120.000	-9.195	-8.080	-42.000	-2000.000
505	63801	2	-2290.977	53.00	28.48106	196.57144	-57.374	0.885	-140.000	-27.471	-29.017	-38.000	-2000.000
506	63854	1	2381.099	54.00	23.62589	195.00577	-48.455	11.808	0.000	-9.579	-19.675	-53.000	2500.000
507	63919	1	2398.705	54.00	27.29042	195.62860	-25.141	20.211	0.000	-7.580	-23.785	-65.000	2500.000
508	64097	2	-3096.090	54.00	25.41383	195.33092	-232.340	50.511	-520.000	-98.330	-117.931	-178.000	-2000.000
509	64154	2	-2652.245	54.00	28.63517	196.50569	-61.195	-0.128	-400.000	-58.163	-75.760	-57.000	-2000.000
510	64274	2	-2555.661	53.00	28.14676	195.80472	-139.913	13.945	-140.000	-64.192	-105.500	-120.000	-2000.000
511	64304	1	2363.206	53.00	29.51425	195.83652	-25.676	11.775	-80.000	-2.060	-10.833	-30.000	2500.000
512	64367	2	-2184.454	53.00	25.93394	196.00365	-28.061	20.064	-60.000	-21.260	-32.197	-63.000	-2000.000
513	64409	1	2429.690	53.00	24.36723	194.89510	-23.564	12.043	0.000	-6.582	-10.207	-42.000	2500.000
514	64473	1	2323.351	53.00	26.19266	196.24745	-50.664	26.780	-40.000	-16.928	-31.837	-64.000	2500.000
515	64522	2	-2187.182	52.00	27.53140	196.59042	-29.561	13.721	-80.000	-15.203	-27.138	-49.000	-2000.000
516	64552	1	2398.047	53.00	24.24655	195.71364	-14.289	12.252	-60.000	-4.576	-5.339	-30.000	2500.000
517	64644	1	1881.982	53.00	28.51729	196.10033	-87.826	18.144	-340.000	-61.002	-55.335	-92.000	2500.000
518	64710	2	-2179.847	53.00	25.10140	195.66107	-42.601	10.620	-40.000	-14.660	-27.206	-66.000	-2000.000
519	64778	1	2287.148	54.00	26.90211	195.53992	-22.014	26.719	-120.000	-20.097	-9.460	-68.000	2500.000
520	64808	1	2261.047	55.00	25.26396	196.17630	-26.379	10.364	-160.000	-9.204	-23.733	-30.000	2500.000
521	64988	1	2208.089	55.00	25.95227	195.67671	-81.365	59.561	0.000	-30.939	-59.168	-180.000	2500.000
522	65187	1	2025.511	56.00	26.36940	195.67953	-133.789	76.672	-40.000	-97.206	-81.166	-199.000	2500.000
523	65292	1	2117.415	56.00	25.06785	194.99686	-94.978	39.524	-80.000	-45.016	-97.114	-105.000	2500.000
524	65327	1	2451.155	57.00	27.89275	195.51828	-6.325	10.685	0.000	-16.200	-2.005	-35.000	2500.000
525	65405	2	-2546.092	56.00	24.94695	195.03439	-121.966	-5.077	-240.000	-72.880	-28.169	-78.000	-2000.000
526	65435	2	-2397.972	55.00	23.60342	195.32439	-35.762	0.020	-260.000	-34.954	-37.277	-30.000	-2000.000
527	65504	2	-2267.809	55.00	25.00447	196.37175	-86.453	8.026	-60.000	-21.329	-39.052	-69.000	-2000.000
528	65609	1	2280.043	55.00	24.91641	195.85094	-71.932	31.692	0.000	-17.204	-57.513	-105.000	2500.000
529	65732	2	-3510.267	55.00	27.93311	195.89842	-207.010	-1.159	-500.000	-371.983	-307.116	-123.000	-2000.000
530	65851	2	-2542.311	55.00	27.73604	196.31734	-133.866	18.829	-200.000	-48.184	-60.090	-119.000	-2000.000
531	65943	2	-2983.097	54.00	26.84037	195.92062	-117.415	5.585	-680.000	-31.570	-67.698	-92.000	-2000.000
532	65986	2	-2219.860	54.00	30.46944	194.87303	-67.144	1.751	-60.000	-18.196	-33.272	-43.000	-2000.000
533	66032	1	2189.136	54.00	25.97222	196.14311	-25.764	12.547	-200.000	-31.631	-20.015	-46.000	2500.000
534	66132	1	2195.755	55.00	27.86409	196.04002	-73.768	37.171	-100.000	-6.253	-61.395	-100.000	2500.000
535	66186	1	2356.699	55.00	29.08968	196.42950	-44.531	10.550	0.000	-17.403	-37.918	-54.000	2500.000
536	66216	2	-2453.262	54.00	29.11728	196.07515	-39.437	0.398	-300.000	-11.085	-73.138	-30.000	-2000.000
537	66265	2	-2242.027	54.00	24.82820	196.53242	-60.454	-0.641	-60.000	-25.558	-46.374	-49.000	-2000.000
538	66343	1	1986.439	55.00	28.95026	195.67702	-61.876	18.129	-300.000	-21.975	-69.840	-78.000	2500.000
539	66470	1	2095.890	55.00	28.21869	196.13258	-102.761	26.707	-100.000	-37.859	-63.197	-127.000	2500.000
540	66500	1	2462.997	56.00	28.23127	196.02716	-11.023	10.921	0.000	-1.983	-4.918	-30.000	2500.000
541	66540	2	-2415.390	56.00	26.66093	195.50616	-27.856	4.287	-280.000	-22.487	-49.334	-40.000	-2000.000
542	66581	1	2398.238	56.00	30.01039	196.31641	-23.752	13.436	0.000	-18.286	-32.160	-41.000	2500.000
543	66652	2	-2514.999	56.00	26.89367	196.48178	-83.195	12.781	-300.000	-22.455	-51.130	-71.000	-2000.000
544	66761	1	2211.715	56.00	26.75979	195.86812	-113.874	31.600	0.000	-24.691	-72.320	-109.000	2500.000
545	66791	1	2385.137	56.00	28.93297	195.61543	-40.026	-0.977	0.000	-1.941	-41.920	-30.000	2500.000
546	66848	1	2359.863	57.00	29.12089	196.42731	-30.149	20.029	-40.000	-9.989	-23.028	-57.000	2500.000
547	66896	2	-2190.960	56.00	25.36493	196.18593	-48.663	4.820	-60.000	-10.148	-28.970	-48.000	-2000.000
548	66935	1	2314.831	57.00	25.66103	196.07214	-35.068	5.603	-100.000	-4.533	-12.172	-39.000	2500.000
549	66981	1	2387.537	58.00	26.24025	196.14572	-40.316	13.192	0.000	-9.665	-29.673	-46.000	2500.000
550	67011	1	2192.531	58.00	25.12250	194.01326	-19.009	8.007	-240.000	-3.149	-23.317	-30.000	2500.000
551	67117	1	1913.416	58.00	26.99713	195.96854	-89.298	29.049	-260.000	-53.747	-106.587	-106.000	2500.000
552	67161	2	-2208.445	58.00	27.35129	195.94951	-36.663	3.349	-60.000	-21.848	-49.283	-44.000	-2000.000
553	67242	2	-2396.073	58.00	27.80441	196.22253	-28.505	22.758	-180.000	-100.135	-29.192	-81.000	-2000.000
554	67274	1	2388.174	58.00	27.09719	195.37361	-34.344	13.843	-40.000	-0.148	-19.178	-32.000	2500.000
555	67314	1	2376.844	59.00	25.29531	196.34030	-14.715	13.432	-60.000	-9.288	-12.585	-40.000	2500.000
556	67401	1	1996.791	60.00	27.65383	196.79269	-45.315	29.113	-320.000	-29.766	-50.240	-87.000	2500.000
557	67468	2	-2620.817	59.00	28.46341	196.58414	-46.366	11.629	-400.000	-36.536	-82.544	-67.000	-2000.000
558	67538	2	-2242.832	59.00	28.47739	197.05690	-46.443	11.169	-80.000	-15.132	-42.426	-70.000	-2000.000
559	67568	1	2431.673	60.00	26.23050	195.53984	-21.964	9.522	0.000	-10.501	-15.385	-30.000	2500.000
560	67679	1	2040.534	60.00	28.57305	196.18712	-103.413	45.694	-200.000	-29.975	-60.773	-111.000	2500.000
561	67740	2	-2259.156	60.00	25.51841	195.29517	-93.863	-2.657	-60.000	-7.452	-34.183	-61.000	-2000.000
562	67784	2	-2163.683	59.00	28.52709	196.27397	-20.792	9.579	-80.000	-18.728	-9.741	-44.000	-2000.000
563	67824	1	2422.177	60.00	26.02145	195.80553	-30.924	9.619	0.000	-3.083	-13.435	-40.000	2500.000
564	67922	1	2319.058	60.00	27.11340	196.54460	-68.625	30.807	0.000	-10.820	-34.304	-98.000	2500.000
565	67997	2	-2232.719	60.00	26.72700	196.22577	-57.626	6.379	-40.000	-38.888	-27.584	-75.000	-2000.000
566	68196	1	1902.775	61.00	26.23099	195.81462	-246.393	101.115	-120.000	-38.232	-94.715	-199.000	2500.000
567	68244	1	2420.624	62.00	25.72894	197.18666	-23.328	14.155	0.000	-3.553	-18.649	-48.000	2500.000
568	68428	1	2014.211	62.00	28.89315	196.61874	-156.154	85.180	0.000	-134.565	-96.249	-184.000	2500.000
569	68469	2	-2234.401	62.00	29.08521	195.65948	-57.547	1.080	-40.000	-20.443	-76.491	-41.000	-2000.000
570	68521	1	2350.554	62.00	29.82858	196.81438	-48.200	8.731	0.000	-16.791	-41.186	-52.000	2500.000
571	68585	2	-2296.813	61.00	27.20281	196.83582	-43.151	6.229	-80.000	-69.331	-46.560	-64.000	-2000.000
572	68618	2	-2142.541	61.00	28.48488	195.43115	-48.991	0.589	-40.000	-3.747	-17.392	-33.000	-2000.000
573	68648	1	2444.986	61.00	28.30066	196.87299	-20.785	11.276	0.000	-1.966	-13.539	-30.000	2500.000
574	68708	2	-2365.347	60.00	28.61234	196.75439	-44.868	14.276	-200.000	-34.658	-40.097	-60.000	-2000.000
575	68748	2	-2141.089	60.00	24.56907	197.13426	-32.725	5.549	-40.000	-12.379	-21.534	-40.000	-2000.000
576	68796	2	-2462.701	60.00	24.91914	196.04677	-76.663	-3.534	-280.000	-29.009	-25.495	-48.000	-2000.000
577	68930	1	1957.033	60.00	28.84471	196.58278	-146.701	19.255	-160.000	-27.727	-93.794	-134.000	2500.000
578	68994	1	2368.443	60.00	25.18306	196.11758	-39.399	19.535	0.000	-16.107	-31.587	-64.000	2500.000
579	69120	2	-2661.390	60.00	27.37096	196.90855	-132.304	41.272	-360.000	-31.919	-52.440	-126.000	-2000.000
580	69160	1	2407.459	60.00	27.21948	195.88539	-43.904	8.952	0.000	-1.959	-15.630	-40.000	2500.000
581	69351	2	-2894.361	60.00	28.86705	196.65819	-170.137	54.193	-360.000	-113.330	-114.087	-191.000	-2000.000
582	69423	1	2184.116	60.00	27.78485	196.56471	-43.615	19.919	-160.000	-24.905	-35.283	-72.000	2500.000
583	69453	2	-2383.116	59.00	28.72927	195.82002	-24.368	2.856	-300.000	-8.271	-23.333	-30.000	-2000.000
584	69602	2	-2469.372	58.00	26.44418	196.78632	-142.567	22.758	-80.000	-67.818	-52.744	-149.000	-2000.000
585	69634	2	-2182.415	57.00	29.69311	197.45361	-61.202	-1.234	-40.000	-12.865	-35.113	-32.000	-2000.000
586	69767	1	1916.874	57.00	26.20110	197.07695	-132.347	28.765	-220.000	-85.244	-41.300	-133.000	2500.000
587	69834	2	-2159.363	56.00	27.23964	196.61855	-31.401	20.089	-40.000	-15.960	-25.091	-67.000	-2000.000
588	69864	1	2446.741	57.00	28.75257	195.81381	-13.923	7.913	0.000	-4.394	-12.855	-30.000	2500.000
589	69936	1	2335.680	57.00	29.34655	196.69194	-40.569	28.043	-40.000	-9.861	-29.933	-72.000	2500.000
590	69968	2	-2171.909	56.00	25.48111	196.08278	-48.431	-0.593	-80.000	-1.167	-9.719	-32.000	-2000.000
591	70004	2	-2179.962	55.00	28.07703	196.60318	-27.994	2.600	-60.000	-36.550	-22.017	-36.000	-2000.000
592	70075	1	2376.124	55.00	28.21911	196.82762	-41.951	20.227	0.000	-9.907	-21.245	-71.000	2500.000
593	70105	1	1888.706	55.00	30.44296	196.34659	-46.101	2.938	-400.000	-91.409	-46.722	-30.000	2500.000
594	70179	2	-2389.374	54.00	26.27542	197.33417	-49.522	18.788	-240.000	-18.136	-26.504	-74.000	-2000.000
595	70212	1	2345.458	55.00	31.81361	197.10928	-19.982	7.867	-80.000	-15.460	-13.967	-33.000	2500.000
596	70248	1	2452.032	56.00	30.98277	196.69365	-8.956	10.119	0.000	-4.093	-9.038	-36.000	2500.000
597	70339	2	-2469.491	55.00	27.23915	196.54295	-96.762	32.409	-220.000	-59.740	-34.399	-91.000	-2000.000
598	70400	2	-2286.064	54.00	25.46848	196.52357	-60.630	7.958	-120.000	-33.095	-19.296	-61.000	-2000.000
599	70443	1	2430.368	54.00	25.83899	196.98085	-16.963	13.097	0.000	-5.361	-17.405	-43.000	2500.000
600	70476	2	-2598.853	53.00	28.32440	196.88240	-44.046	0.785	-380.000	-52.488	-90.104	-33.000	-2000.000
601	70526	2	-2153.272	52.00	31.57624	197.29860	-27.416	5.535	-60.000	-8.603	-12.787	-50.000	-2000.000
602	70558	2	-2191.598	52.00	25.39664	196.49442	-36.293	2.779	-60.000	-28.780	-37.304	-32.000	-2000.000
603	70678	2	-3055.206	52.00	29.40847	197.40242	-142.579	6.848	-580.000	-107.191	-112.284	-120.000	-2000.000
604	70883	1	1706.839	53.00	28.03035	197.17885	-201.183	71.223	-220.000	-106.099	-132.101	-205.000	2500.000
605	70923	2	-2186.674	53.00	28.02869	197.21278	-38.525	2.214	-40.000	-14.822	-55.541	-40.000	-2000.000
606	70996	1	2364.651	53.00	30.99494	197.53424	-42.777	19.216	0.000	-14.166	-24.623	-73.000	2500.000
607	71026	1	2422.603	53.00	29.83462	196.34315	-26.998	12.899	0.000	-6.471	-26.826	-30.000	2500.000
608	71071	1	2188.640	54.00	28.43255	197.76866	-29.168	15.787	-240.000	-1.410	-11.570	-45.000	2500.000
609	71163	2	-2542.055	54.00	30.21333	197.62099	-84.501	28.564	-240.000	-65.488	-88.630	-92.000	-2000.000
610	71210	2	-2823.024	54.00	28.47455	197.62102	-57.096	-0.015	-560.000	-57.694	-101.219	-47.000	-2000.000
611	71256	1	2363.781	54.00	27.55180	197.66991	-45.433	8.981	0.000	-7.337	-46.429	-46.000	2500.000
612	71320	1	2376.034	55.00	26.01210	197.33282	-22.527	18.509	-20.000	-15.986	-19.962	-64.000	2500.000
613	71432	1	1842.712	55.00	29.34092	197.63602	-58.104	37.916	-420.000	-69.631	-35.469	-112.000	2500.000
614	71462	1	2451.991	55.00	30.40685	197.52408	-17.436	11.736	0.000	-2.877	-9.431	-30.000	2500.000
615	71549	1	2299.063	56.00	28.73080	197.45607	-79.060	29.281	0.000	-15.592	-48.566	-87.000	2500.000
616	71721	1	1776.645	56.00	26.91954	197.53775	-122.474	76.599	-360.000	-56.587	-88.893	-172.000	2500.000
617	71802	2	-2518.394	55.00	26.60538	197.55505	-58.710	9.228	-200.000	-75.888	-112.025	-81.000	-2000.000
618	71858	1	2269.328	56.00	28.63889	197.83611	-60.411	20.121	-100.000	-8.320	-26.062	-56.000	2500.000
619	71986	1	2253.096	56.00	27.65125	197.48656	-92.768	40.070	0.000	-27.776	-38.431	-128.000	2500.000
620	72021	2	-2252.270	55.00	26.08354	198.43156	-29.418	2.604	-100.000	-59.889	-30.566	-35.000	-2000.000
621	72130	1	2225.121	55.00	29.74122	197.55917	-111.629	28.994	0.000	-15.502	-67.742	-109.000	2500.000
622	72171	1	2277.670	55.00	28.05121	196.84048	-23.787	9.921	-140.000	-4.705	-22.759	-41.000	2500.000
623	72248	1	2194.891	55.00	24.22204	197.30301	-83.466	8.544	-120.000	-15.182	-18.005	-77.000	2500.000
624	72319	2	-2217.174	54.00	28.52320	197.79732	-46.631	9.874	-80.000	-16.734	-12.684	-71.000	-2000.000
625	72401	1	2005.732	55.00	25.96896	197.95648	-98.903	9.017	-220.000	-28.850	-73.532	-82.000	2500.000
626	72495	2	-2338.761	55.00	28.73379	197.57582	-68.410	9.870	-140.000	-22.236	-23.986	-94.000	-2000.000
627	72562	1	1789.232	56.00	30.61639	197.89398	-55.690	13.561	-460.000	-77.479	-64.160	-67.000	2500.000
628	72665	2	-2880.491	55.00	27.89024	198.05850	-179.517	-46.768	-400.000	-61.612	-89.594	-103.000	-2000.000
629	72695	1	2398.739	56.00	28.63874	198.31642	-21.725	10.151	-40.000	-3.983	-15.705	-30.000	2500.000
630	72778	1	2381.368	57.00	28.41084	197.04764	-28.278	29.439	0.000	-12.757	-24.036	-83.000	2500.000
631	72882	2	-2568.180	57.00	25.68320	197.32130	-77.518	27.639	-240.000	-88.140	-86.160	-104.000	-2000.000
632	72967	2	-2497.925	57.00	26.37972	198.00049	-64.120	15.388	-300.000	-19.648	-44.546	-85.000	-2000.000
633	73043	2	-2806.167	56.00	27.66467	197.43982	-82.839	8.802	-540.000	-33.367	-82.763	-76.000	-2000.000
634	73188	1	1761.932	56.00	29.92614	197.89160	-152.869	16.269	-340.000	-29.817	-86.651	-145.000	2500.000
635	73340	2	-2872.080	55.00	28.75366	198.45277	-109.645	52.495	-380.000	-197.072	-85.859	-152.000	-2000.000
636	73383	1	2373.662	56.00	30.39933	198.07040	-37.873	11.714	0.000	-25.341	-31.838	-43.000	2500.000
637	73418	2	-2126.117	56.00	26.94535	198.32533	-32.222	2.500	-40.000	-2.876	-18.520	-35.000	-2000.000
638	73458	2	-2236.594	55.00	26.87148	197.75026	-59.132	-1.946	-60.000	-14.307	-61.209	-40.000	-2000.000
639	73488	1	2368.665	55.00	29.90477	198.07364	-19.857	12.349	-80.000	-2.088	-11.739	-30.000	2500.000
640	73554	1	1899.394	55.00	28.05872	198.18349	-46.784	21.790	-440.000	-29.947	-39.666	-66.000	2500.000
641	73619	1	1811.830	56.00	27.55066	197.88368	-40.472	19.581	-520.000	-13.028	-69.251	-65.000	2500.000
642	73672	2	-2300.651	55.00	30.57061	199.18402	-58.445	6.516	-140.000	-19.222	-36.501	-53.000	-2000.000
643	73748	1	2318.202	56.00	30.23379	198.29871	-47.442	25.300	0.000	-49.385	-34.270	-76.000	2500.000
644	73808	1	2369.596	56.00	32.35392	198.12192	-29.342	19.197	0.000	-24.058	-36.201	-60.000	2500.000
645	73855	2	-2458.911	55.00	29.08487	199.39229	-20.118	6.083	-360.000	-10.403	-27.473	-47.000	-2000.000
646	73924	1	2399.190	55.00	30.43772	199.52930	-34.104	24.422	0.000	-11.430	-10.698	-69.000	2500.000
647	74051	2	-2623.551	55.00	26.61763	197.99023	-102.159	35.644	-340.000	-20.466	-69.570	-127.000	-2000.000
648	74154	1	2289.533	55.00	28.70245	198.30150	-103.985	24.842	0.000	-8.806	-19.518	-103.000	2500.000
649	74330	2	-2949.898	54.00	28.93715	198.33556	-113.234	66.575	-580.000	-61.793	-85.447	-176.000	-2000.000
650	74445	1	2085.041	54.00	30.38075	199.10042	-120.164	28.772	-160.000	-15.089	-33.478	-115.000	2500.000
651	74490	2	-2183.999	53.00	27.02877	198.57838	-32.844	3.277	-60.000	-27.024	-22.408	-45.000	-2000.000
652	74557	1	2157.754	54.00	29.65795	198.99915	-46.913	23.548	-200.000	-16.675	-35.207	-67.000	2500.000
653	74650	2	-2290.109	54.00	29.11449	198.23041	-43.579	15.619	-100.000	-11.604	-57.545	-93.000	-2000.000
654	74691	1	2400.210	54.00	29.86912	197.63957	-44.309	15.314	0.000	-0.963	-28.833	-41.000	2500.000
655	74794	1	2183.603	54.00	28.73580	198.91931	-52.534	39.150	-120.000	-31.223	-48.790	-103.000	2500.000
656	74873	1	2350.897	54.00	28.29517	198.73186	-61.385	26.572	0.000	-13.783	-21.507	-79.000	2500.000
657	74919	1	2260.005	55.00	30.31250	198.57188	-31.279	9.085	-140.000	-4.169	-27.632	-46.000	2500.000
658	75084	1	1591.860	56.00	29.10207	199.03357	-171.811	69.641	-500.000	-55.952	-85.018	-165.000	2500.000
659	75215	1	1976.765	56.00	29.11086	198.71979	-73.663	39.829	-260.000	-41.152	-57.250	-131.000	2500.000
660	75441	4	-579.953	55.00	28.29663	198.77400	-178.311	79.831	-40.000	-110.710	-104.764	-226.000	0.000
661	75485	1	2370.372	56.00	31.07377	198.79648	-48.232	10.138	-20.000	-4.776	-22.758	-44.000	2500.000
662	75515	2	-2391.777	56.00	29.20116	198.46381	-31.606	1.313	-280.000	-15.800	-35.684	-30.000	-2000.000
663	75553	1	2448.268	56.00	26.26482	198.07819	-18.776	11.624	0.000	-1.220	-5.359	-38.000	2500.000
664	75590	1	2336.520	56.00	28.72874	199.04280	-11.780	11.735	-120.000	-2.578	-3.857	-37.000	2500.000
665	75667	2	-2342.894	56.00	29.15606	197.97853	-82.100	9.452	-100.000	-59.446	-33.800	-77.000	-2000.000
666	75761	1	2087.012	56.00	29.05010	198.45909	-54.484	33.891	-240.000	-30.891	-27.505	-94.000	2500.000
667	75844	1	2246.059	56.00	28.79317	198.98393	-72.038	24.562	-80.000	-9.479	-33.985	-83.000	2500.000
668	75913	1	2343.255	56.00	30.68740	198.58614	-50.697	20.652	0.000	-14.656	-43.044	-69.000	2500.000
669	75943	1	2271.369	57.00	32.11217	199.41193	-31.813	6.803	-140.000	-9.485	-24.135	-30.000	2500.000
670	76003	1	2389.183	57.00	29.51249	199.37451	-36.593	16.620	0.000	-8.749	-22.094	-60.000	2500.000
671	76074	1	2188.065	58.00	30.61289	197.92850	-83.238	19.957	-120.000	-12.089	-45.565	-71.000	2500.000
672	76116	2	-2547.263	58.00	25.69632	199.18687	-61.133	1.388	-360.000	-28.732	-56.785	-42.000	-2000.000
673	76151	1	2343.659	58.00	28.62729	197.76955	-20.308	6.762	-80.000	-17.991	-9.803	-35.000	2500.000
674	76205	1	2370.280	59.00	27.10442	198.65671	-48.975	12.308	0.000	-9.200	-29.853	-54.000	2500.000
675	76235	1	2147.800	60.00	27.13820	199.63734	-46.637	10.205	-180.000	-38.277	-67.491	-30.000	2500.000
676	76276	1	2174.942	61.00	30.77327	198.66701	-46.638	17.401	-220.000	-7.660	-27.161	-41.000	2500.000
677	76311	1	2392.507	61.00	33.42051	199.05927	-40.174	3.265	0.000	-3.358	-32.226	-35.000	2500.000
678	76342	1	2409.484	61.00	27.70215	199.14143	-37.159	11.668	0.000	-2.424	-31.601	-31.000	2500.000
679	76438	1	2266.609	62.00	30.73756	199.33958	-68.442	29.491	0.000	-32.564	-65.876	-96.000	2500.000
680	76500	1	2133.705	62.00	30.27533	199.13011	-45.904	14.198	-180.000	-52.511	-40.078	-62.000	2500.000
681	76636	1	2286.381	63.00	29.93423	198.77049	-77.044	49.199	0.000	-28.048	-21.726	-136.000	2500.000
682	76719	1	2299.252	63.00	28.57963	199.52942	-57.671	19.918	0.000	-59.120	-20.875	-83.000	2500.000
683	76754	2	-2335.686	63.00	30.48938	198.71640	-23.832	1.085	-180.000	-63.450	-34.489	-35.000	-2000.000
684	76788	1	2414.388	64.00	32.28945	198.36572	-28.277	7.292	0.000	-6.912	-23.715	-34.000	2500.000
685	76818	2	-2576.414	64.00	28.06401	197.14915	-39.473	1.061	-440.000	-31.254	-36.748	-30.000	-2000.000
686	76871	1	2304.700	64.00	27.96157	198.78308	-62.823	6.762	0.000	-21.847	-64.391	-53.000	2500.000
687	77053	1	2115.045	65.00	28.97881	198.78065	-179.971	94.334	0.000	-32.425	-84.893	-182.000	2500.000
688	77224	1	1635.897	65.00	29.21575	198.68097	-164.038	48.045	-280.000	-149.720	-147.390	-171.000	2500.000
689	77257	1	2357.291	65.00	29.43411	198.86172	-48.680	0.587	0.000	-5.639	-55.977	-33.000	2500.000
690	77410	1	2047.282	66.00	29.33188	199.02310	-132.211	30.428	0.000	-129.553	-68.382	-153.000	2500.000
691	77456	1	2333.436	67.00	27.27160	198.95259	-66.538	-7.868	0.000	-13.460	-32.697	-46.000	2500.000
692	77492	2	-2324.806	66.00	30.49451	198.73264	-35.158	1.212	-160.000	-54.650	-40.211	-36.000	-2000.000
693	77571	1	2216.180	66.00	27.40061	199.02126	-54.398	28.606	-160.000	-4.180	-14.848	-79.000	2500.000
694	77646	2	-2519.570	66.00	30.43411	198.80972	-67.630	12.660	-280.000	-58.294	-51.306	-75.000	-2000.000
695	77687	2	-2308.087	65.00	32.03259	199.19112	-76.324	-5.953	-140.000	-10.303	-34.507	-41.000	-2000.000
696	77748	1	2394.565	65.00	28.74280	198.78331	-36.543	16.334	0.000	-3.284	-20.941	-61.000	2500.000
697	77793	2	-2203.608	65.00	28.56322	198.91212	-31.978	11.996	-100.000	-26.469	-12.157	-45.000	-2000.000
698	77885	1	2102.344	66.00	29.89515	198.50845	-65.014	34.154	-200.000	-27.221	-47.576	-92.000	2500.000
699	78001	2	-2265.003	65.00	29.55437	198.47734	-54.550	26.129	-80.000	-14.026	-26.556	-116.000	-2000.000
700	78086	1	2342.165	66.00	29.18198	198.16739	-36.626	28.378	0.000	-34.563	-30.024	-85.000	2500.000
701	78162	1	1982.850	67.00	29.98864	199.03334	-46.657	20.888	-320.000	-27.257	-68.124	-76.000	2500.000
702	78240	2	-2355.323	67.00	28.07577	199.43851	-76.184	7.211	-100.000	-45.340	-63.010	-78.000	-2000.000
703	78344	1	2263.224	68.00	30.59070	199.15056	-99.034	21.023	0.000	-13.039	-41.725	-104.000	2500.000
704	78448	1	2280.004	68.00	31.00727	198.49226	-70.869	30.424	0.000	-17.885	-57.666	-104.000	2500.000
705	78552	1	2104.394	69.00	29.73637	198.42189	-76.884	28.652	-180.000	-24.719	-38.655	-104.000	2500.000
706	78623	2	-2321.427	68.00	31.98297	198.87039	-79.484	2.981	-100.000	-40.681	-33.243	-71.000	-2000.000
707	78694	2	-2299.613	67.00	29.88198	198.85570	-58.616	8.457	-40.000	-98.470	-39.984	-71.000	-2000.000
708	78761	1	2381.537	67.00	31.26826	198.12701	-23.619	22.205	0.000	-35.133	-14.917	-67.000	2500.000
709	78931	1	2163.272	68.00	28.43782	198.15558	-82.149	63.755	-40.000	-58.751	-49.583	-170.000	2500.000
710	79056	1	2293.793	69.00	29.27066	198.33089	-69.403	41.361	0.000	-19.839	-33.325	-125.000	2500.000
711	79121	1	2386.573	69.00	25.07436	198.47594	-43.904	20.374	0.000	-11.720	-13.177	-65.000	2500.000
712	79199	2	-2354.009	68.00	27.35830	198.35347	-58.130	11.239	-120.000	-43.295	-65.822	-78.000	-2000.000
713	79401	2	-3177.505	67.00	29.23417	198.17491	-266.795	79.709	-480.000	-163.394	-145.025	-202.000	-2000.000
714	79431	2	-2320.903	66.00	27.85024	198.91586	-5.032	3.671	-200.000	-28.333	-61.208	-30.000	-2000.000
715	79608	2	-2957.695	65.00	30.85417	198.16034	-186.936	52.159	-360.000	-153.833	-132.084	-177.000	-2000.000
716	79674	1	2278.791	65.00	29.91959	198.72989	-33.333	20.854	-100.000	-5.748	-36.983	-66.000	2500.000
717	79730	1	1944.760	66.00	29.72829	198.47508	-44.114	10.067	-340.000	-50.557	-74.637	-56.000	2500.000
718	79764	2	-2285.805	65.00	27.68508	198.02020	-40.899	1.350	-180.000	-3.106	-29.150	-34.000	-2000.000
719	79796	1	2428.768	65.00	27.50053	198.57480	-19.816	6.406	0.000	-16.927	-8.895	-32.000	2500.000
720	79836	1	2425.992	66.00	30.22152	198.05379	-20.055	11.784	0.000	-3.824	-21.914	-40.000	2500.000
721	79910	2	-2255.804	65.00	30.64792	198.20056	-51.735	20.614	-60.000	-39.935	-50.748	-74.000	-2000.000
722	79951	2	-2174.271	64.00	28.66847	199.05365	-67.743	-4.146	-20.000	-4.132	-37.250	-41.000	-2000.000
723	79981	1	2428.210	64.00	31.54432	198.51787	-25.222	7.717	0.000	-4.983	-19.302	-30.000	2500.000
724	80048	1	2405.247	65.00	29.54952	198.44011	-25.880	24.816	0.000	-6.924	-19.765	-67.000	2500.000
725	80221	2	-2923.478	64.00	29.84853	198.98270	-169.192	31.737	-280.000	-204.133	-128.890	-173.000	-2000.000
726	80294	2	-2363.185	64.00	29.37457	198.70444	-76.710	3.755	-100.000	-26.351	-90.879	-73.000	-2000.000
727	80350	2	-2179.431	63.00	28.95200	198.67960	-23.854	18.574	-60.000	-32.346	-25.805	-56.000	-2000.000
728	80491	1	1543.083	64.00	27.62520	198.49763	-147.354	50.784	-600.000	-43.537	-75.810	-141.000	2500.000
729	80572	2	-2636.668	63.00	27.38900	197.64777	-98.271	2.804	-380.000	-19.563	-60.638	-81.000	-2000.000
730	80632	1	2419.978	63.00	27.83947	198.23911	-19.602	20.530	0.000	-8.564	-12.386	-60.000	2500.000
731	80704	1	1923.098	64.00	31.55453	198.74507	-103.955	-23.471	-280.000	-62.917	-34.559	-72.000	2500.000
732	80882	1	1674.618	65.00	30.16316	198.73318	-182.041	57.491	-280.000	-125.128	-117.704	-178.000	2500.000
733	80914	1	2460.481	66.00	33.38554	198.19041	-12.148	9.075	0.000	-0.302	-4.143	-32.000	2500.000
734	80965	2	-2411.030	65.00	28.40335	198.04153	-29.280	6.564	-300.000	-5.761	-31.553	-51.000	-2000.000
735	80995	1	2272.387	66.00	23.79687	197.95718	-24.035	7.077	-160.000	-0.585	-20.070	-30.000	2500.000
736	81060	2	-2314.582	65.00	30.61570	198.40048	-105.375	-22.371	-60.000	-5.543	-56.293	-65.000	-2000.000
737	81173	1	2100.923	66.00	30.09000	198.44579	-131.462	21.487	-100.000	-26.474	-49.628	-113.000	2500.000
738	81320	1	2069.378	67.00	29.18649	198.05219	-144.769	43.191	-120.000	-16.416	-45.629	-147.000	2500.000
739	81386	2	-2598.207	66.00	29.06651	198.69879	-31.678	8.579	-440.000	-22.867	-46.241	-66.000	-2000.000
740	81470	1	2191.396	66.00	28.94606	199.16650	-50.157	27.168	-160.000	-11.559	-30.056	-84.000	2500.000
741	81534	2	-2418.029	65.00	28.82997	198.58235	-36.868	6.045	-220.000	-59.667	-43.539	-64.000	-2000.000
742	81587	1	2356.388	66.00	29.98301	199.13791	-38.717	13.892	0.000	-7.547	-58.241	-53.000	2500.000
743	81637	1	2407.456	66.00	28.40250	198.27657	-35.788	8.785	0.000	-1.839	-13.701	-50.000	2500.000
744	81729	1	2133.116	66.00	30.72458	198.13699	-76.714	25.546	-160.000	-30.784	-32.932	-92.000	2500.000
745	81759	2	-2369.299	66.00	26.98326	200.16817	-38.066	1.971	-240.000	-28.312	-34.892	-30.000	-2000.000
746	81807	2	-2283.676	65.00	31.60220	198.12701	-31.759	6.280	-140.000	-45.836	-24.362	-48.000	-2000.000
747	81895	1	2088.257	66.00	29.90085	198.03091	-89.806	10.824	-120.000	-32.091	-92.671	-88.000	2500.000
748	81925	2	-2249.696	65.00	30.14166	197.98331	-43.353	-0.299	-160.000	-1.110	-14.933	-30.000	-2000.000
749	81990	2	-2338.449	65.00	28.83028	198.40202	-109.347	-7.106	-100.000	-15.743	-41.253	-65.000	-2000.000
750	82088	2	-2276.060	64.00	31.36862	198.52206	-78.405	23.917	-40.000	-32.652	-50.920	-98.000	-2000.000
751	82183	1	2281.868	65.00	30.14487	198.63051	-95.944	23.526	0.000	-13.829	-36.886	-95.000	2500.000
752	82213	2	-2263.537	64.00	26.96416	199.06422	-22.722	5.558	-200.000	-3.185	-13.187	-30.000	-2000.000
753	82250	2	-2219.489	64.00	27.73427	199.31479	-67.101	-2.709	-40.000	-15.836	-56.843	-37.000	-2000.000
754	82286	2	-2401.487	63.00	28.70588	197.68922	-25.235	8.664	-280.000	-25.225	-43.691	-36.000	-2000.000
755	82425	1	2132.950	63.00	31.12022	198.88777	-116.435	41.909	0.000	-82.758	-70.766	-139.000	2500.000
756	82542	2	-2453.298	62.00	31.06845	198.93025	-112.166	34.134	-140.000	-53.656	-64.610	-117.000	-2000.000
757	82627	1	2304.454	62.00	28.99606	198.22406	-73.277	22.997	0.000	-17.138	-43.129	-85.000	2500.000
758	82716	2	-2494.842	61.00	30.37893	198.89478	-66.441	12.020	-240.000	-42.394	-69.027	-89.000	-2000.000
759	82771	1	2418.282	61.00	32.06048	198.94087	-24.108	17.823	0.000	-13.104	-7.329	-55.000	2500.000
760	82880	2	-2312.788	61.00	28.47071	197.79974	-84.476	23.288	-60.000	-30.671	-51.930	-109.000	-2000.000
761	82958	1	2315.230	61.00	28.20871	197.92458	-49.315	27.397	0.000	-42.154	-42.698	-78.000	2500.000
762	82988	2	-2653.587	61.00	31.99411	198.84390	-45.982	0.511	-500.000	-31.623	-46.493	-30.000	-2000.000
763	83065	1	2370.657	61.00	29.70515	198.58430	-44.567	25.520	0.000	-6.716	-26.580	-77.000	2500.000
764	83186	1	2015.235	61.00	28.46978	197.68980	-105.108	39.473	-120.000	-111.028	-67.102	-121.000	2500.000
765	83304	2	-2538.045	61.00	29.23036	198.12456	-77.444	26.690	-240.000	-83.034	-46.256	-118.000	-2000.000
766	83379	1	2286.718	61.00	28.61217	198.14333	-81.297	17.716	0.000	-8.213	-66.487	-75.000	2500.000
767	83420	2	-2112.742	60.00	26.56200	198.21379	-18.675	7.523	-40.000	-12.980	-7.610	-41.000	-2000.000
768	83460	2	-2290.648	59.00	30.19430	197.87749	-41.383	4.126	-120.000	-32.001	-61.390	-40.000	-2000.000
769	83494	2	-2411.363	58.00	33.51920	198.52678	-44.324	0.477	-240.000	-45.994	-47.522	-34.000	-2000.000
770	83606	2	-2949.710	57.00	28.47039	198.10066	-114.166	33.107	-520.000	-126.889	-109.763	-112.000	-2000.000
771	83710	1	2293.449	57.00	31.22757	198.86151	-74.490	26.603	0.000	-23.212	-31.452	-104.000	2500.000
772	83787	1	2268.233	58.00	28.28746	197.44763	-39.749	24.085	-100.000	-6.540	-32.563	-77.000	2500.000
773	83856	2	-2206.377	57.00	29.69058	198.48761	-37.353	12.050	-80.000	-18.448	-13.627	-69.000	-2000.000
774	83928	1	2387.197	57.00	29.31265	198.24138	-46.594	22.442	0.000	-2.621	-14.029	-72.000	2500.000
775	84007	1	2313.699	57.00	28.12227	197.98157	-70.060	23.468	0.000	-20.975	-39.733	-79.000	2500.000
776	84063	1	2310.490	57.00	31.87804	198.23074	-80.785	12.765	0.000	-29.803	-35.686	-56.000	2500.000
777	84105	1	2440.380	57.00	30.51015	198.32669	-23.312	14.288	0.000	-2.144	-6.452	-42.000	2500.000
778	84142	2	-2197.403	56.00	29.54259	197.82507	-26.748	8.469	-80.000	-39.057	-23.067	-37.000	-2000.000
779	84224	1	2371.011	56.00	29.45078	197.96608	-36.339	27.439	0.000	-10.033	-28.056	-82.000	2500.000
780	84288	2	-2271.323	55.00	28.83219	198.94510	-50.398	13.470	-120.000	-6.170	-44.224	-64.000	-2000.000
781	84369	1	2247.223	55.00	28.63457	197.82655	-70.401	23.876	-60.000	-14.127	-51.125	-81.000	2500.000
782	84544	1	1686.430	55.00	30.49214	198.09424	-144.129	83.231	-460.000	-42.940	-74.730	-175.000	2500.000
783	84594	2	-2431.860	55.00	29.82909	197.42482	-58.517	2.744	-180.000	-70.993	-75.094	-50.000	-2000.000
784	84635	1	2213.472	55.00	30.80145	199.86766	-42.143	5.365	-160.000	-7.898	-40.853	-41.000	2500.000
785	84725	1	2276.373	56.00	28.23200	197.32155	-50.977	30.152	-40.000	-29.255	-43.547	-90.000	2500.000
786	84777	2	-2196.438	55.00	34.07881	198.41267	-28.267	5.950	-80.000	-24.935	-17.187	-52.000	-2000.000
787	84807	2	-2499.374	54.00	27.88927	198.47345	-36.472	0.062	-360.000	-40.050	-32.915	-30.000	-2000.000
788	84839	2	-2197.072	53.00	28.63378	198.83188	-20.757	2.354	-120.000	-7.818	-18.851	-32.000	-2000.000
789	84925	1	2362.276	53.00	30.47266	197.80251	-49.748	30.532	0.000	-21.028	-11.480	-86.000	2500.000
790	84955	2	-2269.297	52.00	27.29475	198.32248	-26.270	1.520	-180.000	-18.906	-15.641	-30.000	-2000.000
791	85024	1	2341.059	52.00	28.78347	197.45042	-83.322	30.172	0.000	-9.495	-27.296	-69.000	2500.000
792	85105	1	2169.201	53.00	30.22243	197.08852	-85.954	12.640	-120.000	-18.915	-37.571	-81.000	2500.000
793	85136	1	2445.381	53.00	28.24397	197.20207	-22.943	10.363	0.000	-5.688	-5.351	-31.000	2500.000
794	85246	1	2123.450	54.00	31.37689	197.51457	-88.854	37.092	-160.000	-8.429	-46.360	-110.000	2500.000
795	85276	1	2155.915	55.00	31.42201	198.29897	-42.821	-6.883	-240.000	-5.624	-18.757	-30.000	2500.000
796	85306	2	-2313.737	54.00	32.13451	197.57861	-28.573	1.178	-200.000	-21.233	-35.110	-30.000	-2000.000
797	85379	2	-2284.092	54.00	30.31067	197.69363	-77.237	9.008	-60.000	-34.057	-48.806	-73.000	-2000.000
798	85416	1	2405.189	54.00	26.02239	197.61551	-31.606	15.564	0.000	-4.928	-36.842	-37.000	2500.000
799	85528	1	2071.549	55.00	28.57682	197.57730	-75.767	36.237	-180.000	-31.843	-65.079	-112.000	2500.000
800	85634	2	-2522.062	54.00	31.59517	198.27974	-154.724	20.038	-160.000	-50.351	-71.025	-106.000	-2000.000
801	85727	1	2320.956	54.00	30.14333	197.28738	-57.434	26.126	0.000	-18.740	-35.995	-93.000	2500.000
802	85906	1	1680.627	55.00	28.85468	197.23109	-166.210	57.865	-360.000	-91.859	-80.169	-179.000	2500.000
803	85953	2	-2217.622	54.00	27.11958	197.68054	-58.391	8.970	-60.000	-17.734	-43.467	-47.000	-2000.000
804	86019	1	2364.299	54.00	31.58999	198.41394	-44.594	18.328	0.000	-15.146	-28.289	-66.000	2500.000
805	86117	1	2365.691	54.00	28.89355	198.02611	-50.121	35.305	0.000	-9.049	-12.444	-98.000	2500.000
806	86226	2	-2296.599	54.00	28.74563	197.10428	-67.357	21.004	-60.000	-30.030	-51.216	-109.000	-2000.000
807	86327	1	2025.472	55.00	29.52588	197.95879	-78.694	29.378	-240.000	-34.506	-49.706	-101.000	2500.000
808	86393	2	-2242.217	54.00	29.00921	197.48254	-34.847	12.997	-100.000	-30.375	-23.992	-66.000	-2000.000
809	86497	1	1552.473	54.00	30.30206	198.00772	-106.934	13.958	-560.000	-98.569	-91.982	-104.000	2500.000
810	86596	1	2354.712	54.00	34.32523	197.54669	-40.906	36.448	0.000	-20.706	-21.124	-99.000	2500.000
811	86815	4	-1041.492	53.00	30.80361	197.52557	-236.324	107.029	-480.000	-85.591	-127.606	-219.000	0.000
812	86845	1	2341.239	54.00	27.54330	198.07423	-18.520	10.445	-80.000	-18.335	-22.352	-30.000	2500.000
813	86922	1	2053.359	55.00	29.45105	197.82494	-50.860	15.247	-300.000	-5.367	-28.661	-77.000	2500.000
814	86990	2	-2212.608	55.00	30.17358	197.07532	-50.546	24.334	-80.000	-18.963	-19.433	-68.000	-2000.000
815	87084	1	1893.893	56.00	29.22281	197.56310	-106.057	8.428	-280.000	-52.888	-81.591	-94.000	2500.000
816	87139	1	2049.827	56.00	29.59828	197.34889	-83.406	-15.383	-240.000	-17.772	-38.612	-55.000	2500.000
817	87169	1	2301.643	56.00	28.77695	196.62729	-45.343	3.536	-60.000	-0.894	-65.656	-30.000	2500.000
818	87311	1	2224.580	57.00	31.17901	197.42192	-77.942	51.578	0.000	-43.327	-63.729	-142.000	2500.000
819	87345	1	2406.322	57.00	32.39245	197.50822	-32.236	4.485	0.000	-10.163	-21.764	-34.000	2500.000
820	87382	1	2400.883	57.00	27.95447	197.55647	-37.595	10.163	0.000	-3.468	-31.217	-37.000	2500.000
821	87583	2	-2471.842	57.00	30.19139	198.06429	-138.768	60.602	-100.000	-44.637	-48.039	-201.000	-2000.000
822	87684	1	1634.939	58.00	30.47063	197.13023	-76.936	20.214	-600.000	-60.046	-47.293	-101.000	2500.000
823	87751	2	-2255.667	57.00	29.85357	196.60492	-44.433	6.319	-100.000	-20.747	-29.807	-67.000	-2000.000
824	87792	1	2320.789	57.00	29.65570	196.32501	-16.675	12.560	-120.000	-4.465	-9.632	-41.000	2500.000
825	87870	1	2083.095	58.00	31.75827	197.49896	-66.017	17.575	-260.000	-6.372	-24.091	-78.000	2500.000
826	87987	1	2058.812	59.00	30.15900	197.20973	-151.016	-5.410	-100.000	-37.949	-29.812	-117.000	2500.000
827	88094	1	2222.242	60.00	30.78767	197.42569	-42.624	41.181	-120.000	-18.059	-31.257	-107.000	2500.000
828	88181	2	-2471.339	59.00	29.84447	197.29453	-56.969	13.652	-200.000	-81.140	-59.882	-87.000	-2000.000
829	88251	2	-2565.634	59.00	31.97515	197.61758	-77.589	11.078	-340.000	-20.106	-69.016	-70.000	-2000.000
830	88294	2	-2200.560	58.00	29.76701	197.57056	-45.517	3.914	-80.000	-4.613	-31.344	-43.000	-2000.000
831	88379	2	-2386.586	57.00	29.23282	196.53481	-84.092	10.080	-160.000	-35.501	-32.072	-85.000	-2000.000
832	88448	1	2275.732	57.00	32.04079	198.27217	-47.987	21.187	-80.000	-15.033	-33.436	-69.000	2500.000
833	88592	2	-2389.893	56.00	30.44734	196.57356	-142.765	17.300	-60.000	-6.413	-54.016	-144.000	-2000.000
834	88622	1	2449.088	57.00	24.71529	196.47105	-17.716	9.293	0.000	-7.921	-4.569	-30.000	2500.000
835	88701	1	1985.333	57.00	30.28943	196.91933	-74.112	33.840	-320.000	-28.058	-47.338	-79.000	2500.000
836	88784	2	-2430.631	57.00	29.87924	196.50168	-77.340	16.528	-180.000	-63.863	-42.957	-83.000	-2000.000
837	88841	1	2264.643	57.00	29.69542	196.45921	-20.272	17.345	-140.000	-21.626	-13.804	-57.000	2500.000
838	88871	2	-2273.688	56.00	29.51420	196.79195	-41.099	-1.051	-180.000	-7.849	-13.689	-30.000	-2000.000
839	88976	1	2264.626	57.00	29.44767	196.74786	-102.608	15.292	0.000	-16.599	-26.459	-105.000	2500.000
840	89061	1	2366.047	57.00	31.05072	197.27965	-52.521	32.487	0.000	-10.827	-18.093	-85.000	2500.000
841	89205	1	2034.106	58.00	29.01160	196.42548	-78.641	51.097	-240.000	-20.494	-33.856	-144.000	2500.000
842	89247	2	-2913.605	57.00	28.97815	195.88200	-44.778	1.359	-720.000	-45.864	-62.322	-42.000	-2000.000
843	89393	1	1923.048	57.00	28.08353	196.50000	-158.559	19.892	-160.000	-47.829	-84.456	-146.000	2500.000
844	89445	2	-2533.579	56.00	31.42330	196.92804	-44.130	2.731	-240.000	-71.247	-128.933	-52.000	-2000.000
845	89511	2	-2214.638	56.00	30.36202	196.61945	-52.168	11.938	-40.000	-35.861	-32.548	-66.000	-2000.000
846	89592	1	2371.204	57.00	28.33786	197.07607	-36.902	24.611	0.000	-10.726	-24.779	-81.000	2500.000
847	89651	1	2384.453	57.00	29.73265	196.45618	-41.483	20.001	0.000	-2.778	-32.287	-59.000	2500.000
848	89681	1	2359.316	58.00	30.99905	196.56129	-46.405	-0.841	0.000	-16.321	-47.117	-30.000	2500.000
849	89752	1	2381.802	59.00	30.44063	197.16428	-38.368	20.329	0.000	-10.672	-18.488	-71.000	2500.000
850	89860	1	2295.330	60.00	30.54080	196.44002	-61.504	34.403	0.000	-11.515	-58.054	-108.000	2500.000
851	90018	1	1954.262	60.00	33.00306	196.46767	-127.005	51.671	-220.000	-20.084	-72.320	-158.000	2500.000
852	90049	2	-2412.629	60.00	34.26537	195.63916	-37.919	-0.455	-280.000	-30.885	-32.371	-31.000	-2000.000
853	90170	1	2139.771	61.00	32.95951	196.56416	-154.630	33.577	-40.000	-32.176	-46.001	-121.000	2500.000
854	90217	1	2283.284	62.00	27.11888	196.80815	-16.331	14.360	-140.000	-7.448	-20.297	-47.000	2500.000
855	90335	1	1898.527	62.00	30.40370	196.54027	-74.610	39.422	-360.000	-35.603	-52.681	-118.000	2500.000
856	90416	1	2377.938	63.00	31.74096	196.21291	-45.183	26.439	0.000	-5.537	-16.781	-81.000	2500.000
857	90516	2	-2479.074	62.00	30.66325	196.05692	-79.665	38.658	-180.000	-108.838	-49.229	-100.000	-2000.000
858	90568	2	-2647.079	62.00	34.03143	196.41203	-50.134	3.338	-440.000	-48.986	-59.297	-52.000	-2000.000
859	90672	1	2101.420	62.00	32.86144	195.98822	-121.173	47.148	-140.000	-18.402	-62.154	-104.000	2500.000
860	90720	1	2448.846	63.00	30.99489	196.45171	-12.703	15.621	0.000	-1.564	-4.507	-48.000	2500.000
861	90870	1	1969.145	63.00	31.64899	195.53490	-118.112	36.605	-200.000	-38.982	-60.366	-150.000	2500.000
862	90900	1	2252.228	64.00	30.47158	195.58391	-45.247	-0.899	-120.000	-8.278	-43.348	-30.000	2500.000
863	90999	1	2170.475	64.00	30.75965	196.28165	-36.526	31.123	-180.000	-17.371	-27.751	-99.000	2500.000
864	91133	1	2184.487	64.00	30.62497	196.12454	-112.580	41.250	-40.000	-23.039	-47.145	-134.000	2500.000
865	91163	2	-2258.804	64.00	31.66665	196.78119	-25.942	0.454	-120.000	-51.860	-31.457	-30.000	-2000.000
866	91276	1	1983.549	64.00	31.21499	195.52419	-125.452	29.801	-240.000	-26.017	-41.784	-113.000	2500.000
867	91331	1	2347.389	65.00	30.62075	195.59935	-29.731	18.471	-60.000	-11.572	-14.780	-55.000	2500.000
868	91382	2	-2238.431	65.00	32.17405	195.95732	-30.621	4.151	-80.000	-37.842	-43.118	-51.000	-2000.000
869	91459	1	2401.033	66.00	31.87448	195.97359	-24.668	25.785	0.000	-8.042	-15.043	-77.000	2500.000
870	91498	1	2416.469	67.00	28.67670	194.72507	-22.344	9.946	0.000	-3.993	-28.139	-39.000	2500.000
871	91587	1	2275.123	67.00	29.08605	195.47560	-35.551	30.621	-100.000	-16.751	-14.196	-89.000	2500.000
872	91625	2	-2629.219	66.00	34.85509	196.11430	-76.016	-0.918	-420.000	-53.890	-40.395	-38.000	-2000.000
873	91705	2	-2929.174	66.00	31.18032	196.12357	-111.004	-1.143	-580.000	-59.109	-97.918	-80.000	-2000.000
874	91766	1	2290.934	66.00	27.89647	196.16629	-29.962	23.992	-100.000	-13.833	-28.263	-61.000	2500.000
875	91861	2	-2313.803	65.00	30.49279	195.09181	-91.323	8.542	-60.000	-33.851	-42.172	-95.000	-2000.000
876	91911	2	-2233.176	64.00	29.50219	195.32985	-78.790	-0.454	-60.000	-17.277	-26.655	-50.000	-2000.000
877	92071	1	1997.257	64.00	30.91559	195.22000	-196.633	33.592	0.000	-69.993	-109.709	-160.000	2500.000
878	92145	1	2382.519	65.00	32.74536	195.67427	-47.643	23.798	0.000	-3.861	-15.775	-74.000	2500.000
879	92266	1	2266.554	65.00	31.16940	195.99995	-74.160	34.731	0.000	-44.811	-28.205	-121.000	2500.000
880	92396	1	2299.894	66.00	30.10030	194.82965	-69.457	43.236	0.000	-24.554	-19.331	-130.000	2500.000
881	92426	1	2424.367	66.00	29.92549	195.60516	-25.862	10.543	0.000	-0.477	-29.838	-30.000	2500.000
882	92507	2	-2711.642	65.00	33.18855	196.29221	-88.081	7.281	-400.000	-75.164	-74.678	-81.000	-2000.000
883	92596	1	2256.829	66.00	33.39041	195.12064	-74.367	38.791	-60.000	-27.959	-30.636	-89.000	2500.000
884	92696	2	-2311.222	65.00	30.63008	195.60652	-57.467	37.973	-100.000	-55.857	-35.870	-100.000	-2000.000
885	92750	2	-2224.076	64.00	30.87838	195.09656	-27.281	18.897	-120.000	-7.189	-34.502	-54.000	-2000.000
886	92784	1	2417.283	65.00	31.62309	194.83116	-31.607	15.443	0.000	-2.535	-30.018	-34.000	2500.000
887	92827	2	-2374.648	65.00	26.12306	194.80930	-27.754	4.529	-280.000	-10.255	-18.168	-43.000	-2000.000
888	92861	2	-2183.829	65.00	28.76259	195.22362	-48.188	0.444	-60.000	-2.353	-39.731	-34.000	-2000.000
889	92898	2	-2213.647	64.00	35.17899	195.43013	-37.504	4.203	-120.000	-11.670	-11.676	-37.000	-2000.000
890	92948	1	2361.302	65.00	28.18554	194.75162	-31.523	12.696	0.000	-29.255	-40.615	-50.000	2500.000
891	93176	4	-1141.138	64.00	30.34058	194.80128	-317.371	69.686	-380.000	-147.223	-138.229	-228.000	0.000
892	93247	1	2327.813	64.00	32.46186	195.47829	-91.053	29.727	0.000	-0.694	-39.166	-71.000	2500.000
893	93363	1	2088.522	64.00	30.89750	195.50934	-68.445	41.985	-200.000	-22.498	-46.522	-116.000	2500.000
894	93543	1	1820.668	64.00	30.38913	194.50990	-115.842	59.861	-140.000	-189.092	-114.259	-180.000	2500.000
895	93577	1	2431.841	64.00	25.02588	194.31700	-26.232	7.037	0.000	-2.643	-12.321	-34.000	2500.000
896	93701	2	-2928.342	64.00	28.34793	194.93817	-120.211	12.748	-580.000	-52.947	-63.933	-124.000	-2000.000
897	93832	2	-2753.191	64.00	30.71760	195.36481	-160.904	10.991	-160.000	-216.184	-96.094	-131.000	-2000.000
898	93871	2	-2348.845	63.00	31.93872	195.68039	-63.592	0.615	-180.000	-33.472	-33.397	-39.000	-2000.000
899	93919	1	2413.645	63.00	26.88761	195.04475	-26.068	12.339	0.000	-5.622	-19.004	-48.000	2500.000
900	94092	2	-2913.037	63.00	33.06282	194.79277	-149.475	44.036	-340.000	-206.288	-88.310	-173.000	-2000.000
901	94198	1	2170.861	63.00	30.30717	195.41483	-67.806	32.552	-120.000	-24.632	-43.252	-106.000	2500.000
902	94329	1	1959.096	63.00	30.20901	194.60234	-95.592	40.306	-260.000	-36.189	-58.430	-131.000	2500.000
903	94362	2	-2146.811	63.00	31.71749	195.21849	-19.002	3.789	-60.000	-14.295	-24.302	-33.000	-2000.000
904	94463	2	-2415.890	62.00	28.90582	194.59352	-76.101	18.845	-100.000	-78.191	-79.443	-101.000	-2000.000
905	94544	1	2078.793	62.00	31.05040	194.59631	-80.042	14.719	-220.000	-14.527	-40.357	-81.000	2500.000
906	94626	1	1861.295	63.00	30.37250	194.46786	-53.264	25.248	-500.000	-5.721	-22.968	-82.000	2500.000
907	94672	2	-2202.277	62.00	26.56442	194.37233	-52.998	-0.265	-40.000	-42.349	-20.665	-46.000	-2000.000
908	94841	2	-2573.719	62.00	30.22743	194.69728	-176.496	53.834	-80.000	-63.530	-138.527	-169.000	-2000.000
909	94871	5	-173.158	61.00	30.61915	195.83141	-57.346	-1.715	0.000	-48.201	-35.896	-30.000	0.000
910	94928	2	-2306.506	60.00	31.26930	194.69376	-102.061	3.295	-60.000	-29.209	-61.532	-57.000	-2000.000
911	94958	2	-2228.074	60.00	30.94420	193.59286	-22.654	2.440	-140.000	-9.980	-27.880	-30.000	-2000.000
912	94988	2	-2419.286	59.00	30.75217	194.57268	-42.975	-0.633	-260.000	-48.915	-36.763	-30.000	-2000.000
913	95079	2	-2441.481	58.00	30.97241	194.43359	-82.410	10.293	-180.000	-31.392	-66.971	-91.000	-2000.000
914	95121	2	-2211.746	58.00	32.07233	195.53302	-57.435	3.229	-80.000	-19.645	-15.894	-42.000	-2000.000
915	95212	1	2091.198	58.00	30.98936	194.12234	-46.738	25.804	-240.000	-29.829	-27.038	-91.000	2500.000
916	95246	1	2365.570	58.00	31.38658	194.96628	-46.702	2.634	0.000	-0.959	-55.404	-34.000	2500.000
917	95344	1	2251.103	58.00	30.98958	194.33635	-114.586	36.427	0.000	-25.766	-46.973	-98.000	2500.000
918	95390	1	2352.301	58.00	28.36777	193.64175	-42.547	14.617	-40.000	-1.704	-32.065	-46.000	2500.000
919	95464	1	2252.896	58.00	30.33032	193.46312	-57.771	19.168	-100.000	-17.053	-17.448	-74.000	2500.000
920	95499	1	2438.933	58.00	31.44205	194.23344	-13.723	9.164	0.000	-5.714	-15.794	-35.000	2500.000
921	95529	1	2243.172	59.00	30.86116	194.82599	-12.154	10.069	-180.000	-15.579	-29.164	-30.000	2500.000
922	95630	1	2256.936	59.00	29.88603	193.82164	-59.676	31.850	-20.000	-45.921	-48.316	-101.000	2500.000
923	95699	2	-2315.213	59.00	30.61039	193.51352	-68.348	25.858	-120.000	-23.713	-60.009	-69.000	-2000.000
924	95777	1	2326.446	59.00	27.77981	193.86848	-52.171	26.657	0.000	-40.680	-29.359	-78.000	2500.000
925	95921	2	-2553.328	58.00	30.66559	193.27301	-186.523	14.363	-60.000	-101.334	-75.835	-144.000	-2000.000
926	95995	1	2394.314	58.00	28.86646	192.88763	-29.109	25.094	0.000	-5.291	-22.380	-74.000	2500.000
927	96110	1	2000.526	58.00	31.88286	194.20143	-98.894	26.625	-180.000	-64.655	-67.551	-115.000	2500.000
928	96246	1	2007.390	59.00	31.43446	194.36894	-84.423	41.343	-240.000	-34.210	-39.319	-136.000	2500.000
929	96305	1	2118.949	60.00	27.46344	193.95990	-84.704	-7.492	-180.000	-22.080	-27.774	-59.000	2500.000
930	96335	1	2386.306	61.00	29.57420	194.56616	-37.409	9.971	0.000	-12.364	-43.892	-30.000	2500.000
931	96379	2	-2276.947	61.00	29.36320	193.81601	-20.930	2.753	-80.000	-94.033	-40.738	-44.000	-2000.000
932	96492	2	-2403.381	60.00	29.22002	193.95126	-105.652	16.243	-100.000	-44.978	-55.993	-113.000	-2000.000
933	96529	1	2437.590	61.00	36.84307	193.72391	-16.378	10.766	0.000	-3.465	-16.334	-37.000	2500.000
934	96672	1	2218.350	61.00	30.82471	192.98262	-131.604	46.685	0.000	-17.089	-36.642	-143.000	2500.000
935	96877	1	2001.176	61.00	30.02830	193.01485	-235.896	39.394	0.000	-39.683	-57.639	-205.000	2500.000
936	96956	1	2232.904	62.00	29.52753	192.50511	-61.635	21.599	-40.000	-47.526	-60.534	-79.000	2500.000
937	97055	2	-2319.889	61.00	28.89009	193.55202	-82.540	36.027	-60.000	-45.606	-68.769	-99.000	-2000.000
938	97174	1	2274.189	62.00	31.29917	193.20187	-75.356	29.358	0.000	-22.305	-38.507	-119.000	2500.000
939	97212	1	2340.470	62.00	34.42829	192.92902	-27.152	10.260	-40.000	-20.819	-43.820	-38.000	2500.000
940	97242	1	2386.720	62.00	31.09810	193.11368	-45.117	-6.470	0.000	-12.963	-18.729	-30.000	2500.000
941	97272	1	2451.502	62.00	25.85689	192.64044	-13.618	10.264	0.000	-7.843	-7.301	-30.000	2500.000
942	97358	1	2308.629	63.00	32.03074	194.10329	-20.379	29.827	-80.000	-19.584	-15.234	-86.000	2500.000
943	97412	2	-2333.942	62.00	30.40672	193.16669	-94.084	-11.618	-100.000	-45.056	-29.184	-54.000	-2000.000
944	97490	1	2277.833	63.00	30.13072	193.69365	-85.625	9.581	0.000	-6.001	-62.122	-78.000	2500.000
945	97561	1	2243.878	64.00	27.54998	193.20761	-55.219	21.434	-120.000	-7.369	-23.968	-71.000	2500.000
946	97617	1	2377.974	64.00	27.27218	192.67081	-56.181	20.044	0.000	-0.986	-28.904	-56.000	2500.000
947	97701	2	-2839.715	63.00	28.61382	192.40764	-66.075	21.095	-520.000	-120.701	-70.034	-84.000	-2000.000
948	97829	1	2003.880	63.00	31.09149	192.91000	-176.072	-3.017	-80.000	-46.658	-62.373	-128.000	2500.000
949	97864	2	-2127.938	62.00	32.27570	193.73045	-32.156	1.568	-40.000	-7.271	-15.079	-35.000	-2000.000
950	97988	2	-2505.307	61.00	28.77176	193.02814	-135.516	19.108	-100.000	-91.670	-73.228	-124.000	-2000.000
951	98078	1	2287.908	61.00	28.68776	192.19661	-67.745	19.826	0.000	-44.438	-29.735	-90.000	2500.000
952	98134	2	-2326.006	61.00	27.97087	192.05653	-64.655	1.824	-120.000	-32.453	-54.723	-56.000	-2000.000
953	98169	2	-2417.706	60.00	31.80015	192.22891	-32.953	3.446	-280.000	-30.025	-43.173	-35.000	-2000.000
954	98220	2	-2849.898	59.00	31.23611	193.35185	-59.506	3.149	-680.000	-19.614	-42.927	-51.000	-2000.000
955	98291	1	2339.454	59.00	30.93631	192.16888	-49.111	16.566	0.000	-13.681	-43.321	-71.000	2500.000
956	98418	1	1853.795	59.00	30.74032	192.47188	-83.856	44.189	-360.000	-57.890	-61.647	-127.000	2500.000
957	98509	1	2095.533	60.00	30.54001	192.38254	-49.286	29.689	-220.000	-31.209	-42.660	-91.000	2500.000
958	98617	2	-2278.418	60.00	31.97573	192.54745	-65.726	35.255	-60.000	-29.599	-50.349	-108.000	-2000.000
959	98674	1	2379.370	60.00	32.24055	192.89491	-43.646	14.149	0.000	-5.769	-28.364	-57.000	2500.000
960	98780	2	-3024.465	59.00	29.17040	192.24367	-143.789	23.215	-580.000	-103.634	-114.257	-106.000	-2000.000
961	98995	4	-1478.952	58.00	31.85575	192.69591	-214.580	37.676	-560.000	-302.548	-224.500	-215.000	0.000
962	99025	1	2433.957	58.00	30.24028	191.48701	-29.185	12.108	0.000	-1.301	-17.664	-30.000	2500.000
963	99181	1	1737.373	58.00	30.43103	192.57048	-121.092	76.040	-400.000	-77.074	-84.502	-156.000	2500.000
964	99386	4	-530.619	57.00	30.84740	192.28117	-176.298	60.430	0.000	-104.593	-105.158	-205.000	0.000
965	99436	1	2331.416	58.00	28.35121	192.60442	-53.740	11.371	-40.000	-5.886	-30.329	-50.000	2500.000
966	99495	1	2179.167	58.00	31.52756	191.84895	-20.220	22.784	-200.000	-39.599	-24.798	-59.000	2500.000
967	99585	1	2226.656	58.00	29.55788	191.72107	-86.868	39.205	-80.000	-9.521	-46.159	-90.000	2500.000
968	99656	1	2393.623	59.00	35.20573	192.27116	-26.156	26.133	0.000	-23.246	-12.108	-71.000	2500.000
969	99705	1	2404.537	59.00	29.94878	191.94914	-30.351	12.980	0.000	-1.080	-28.011	-49.000	2500.000
970	99767	1	2266.049	59.00	30.70835	191.08180	-28.129	18.635	-140.000	-1.782	-20.675	-62.000	2500.000
971	99856	2	-2850.669	58.00	29.66087	192.15100	-69.069	20.575	-520.000	-129.225	-63.951	-89.000	-2000.000
972	99921	1	2366.170	59.00	30.03135	192.58832	-30.779	21.090	0.000	-27.466	-31.675	-65.000	2500.000
973	99962	1	2419.339	60.00	29.06252	193.52232	-28.786	17.501	0.000	-3.626	-24.750	-41.000	2500.000
974	100061	1	2329.761	60.00	30.51507	191.56096	-52.720	32.655	0.000	-19.202	-31.972	-99.000	2500.000
975	100104	1	2367.040	61.00	28.60410	191.90091	-54.828	5.496	0.000	-2.544	-38.083	-43.000	2500.000
976	100137	2	-2535.523	61.00	32.34518	192.09242	-38.386	0.363	-400.000	-27.271	-37.229	-33.000	-2000.000
977	100245	1	2200.924	61.00	30.02468	192.00916	-127.437	12.373	0.000	-17.862	-58.150	-108.000	2500.000
978	100275	2	-2154.919	60.00	32.95787	192.21532	-28.360	0.901	-60.000	-20.370	-17.089	-30.000	-2000.000
979	100405	1	2131.904	60.00	30.84356	192.06445	-115.601	38.047	-20.000	-58.331	-82.211	-130.000	2500.000
980	100443	1	2137.637	60.00	29.50237	191.59650	-22.815	11.834	-280.000	-2.460	-30.923	-38.000	2500.000
981	100473	2	-2357.072	59.00	26.57948	192.51151	-22.467	1.475	-240.000	-32.450	-33.629	-30.000	-2000.000
982	100504	1	2364.300	60.00	32.73878	191.07982	-25.127	7.718	-60.000	-3.368	-23.923	-31.000	2500.000
983	100587	1	2312.129	60.00	31.53642	191.41229	-80.524	34.163	0.000	-12.636	-45.873	-83.000	2500.000
984	100685	1	2001.628	61.00	31.72505	191.88776	-77.825	29.206	-300.000	-7.785	-43.970	-98.000	2500.000
985	100764	2	-2472.727	61.00	31.61719	190.59056	-56.281	20.034	-300.000	-24.366	-33.113	-79.000	-2000.000
986	100796	2	-2359.614	60.00	32.58872	190.73483	-52.180	0.929	-180.000	-41.738	-54.625	-32.000	-2000.000
987	100874	1	2319.638	61.00	29.36029	191.86078	-52.193	16.501	-20.000	-22.167	-24.502	-78.000	2500.000
988	100990	1	2175.229	62.00	30.52173	191.79218	-58.064	40.186	-140.000	-12.703	-38.190	-116.000	2500.000
989	101064	1	2351.462	63.00	27.54191	192.50632	-61.037	25.319	0.000	-6.735	-32.085	-74.000	2500.000
990	101230	2	-2714.206	62.00	30.57821	191.47060	-148.918	55.191	-240.000	-111.871	-102.609	-166.000	-2000.000
991	101333	2	-2742.399	62.00	33.16043	191.94499	-97.686	9.105	-380.000	-94.923	-75.895	-103.000	-2000.000
992	101367	1	2436.132	62.00	33.45151	191.56441	-25.593	10.131	0.000	-1.712	-12.694	-34.000	2500.000
993	101414	2	-2455.126	61.00	32.56185	190.96094	-38.259	1.529	-280.000	-45.197	-46.200	-47.000	-2000.000
994	101454	1	2344.284	61.00	28.19875	191.33711	-25.880	11.610	-80.000	-0.724	-20.722	-40.000	2500.000
995	101542	1	1694.934	61.00	30.70105	191.99013	-75.707	15.667	-600.000	-13.664	-43.361	-88.000	2500.000
996	101638	2	-2282.928	61.00	30.52096	190.93794	-69.162	23.041	-60.000	-32.846	-47.962	-96.000	-2000.000
997	101668	2	-2393.785	61.00	30.47058	192.00478	-42.938	-1.006	-260.000	-32.547	-27.294	-30.000	-2000.000
998	101765	1	2198.609	62.00	31.52848	191.08498	-95.703	23.967	-60.000	-29.534	-43.121	-97.000	2500.000
999	101811	2	-2226.990	61.00	30.33947	191.06552	-27.722	5.875	-100.000	-27.843	-31.301	-46.000	-2000.000
1000	101842	2	-2268.748	61.00	31.60695	191.62959	-53.853	0.075	-120.000	-17.191	-46.780	-31.000	-2000.000
1001	101984	1	1988.018	61.00	30.68909	191.14053	-154.992	28.540	-120.000	-35.138	-88.391	-142.000	2500.000
1002	102078	1	2348.844	61.00	32.05177	190.86380	-57.707	28.402	0.000	-13.326	-14.526	-94.000	2500.000
1003	102173	1	2012.081	62.00	30.55219	191.57796	-75.971	33.883	-240.000	-62.173	-48.658	-95.000	2500.000
1004	102203	1	2295.077	63.00	32.36308	191.27399	-43.149	1.671	-100.000	-5.512	-27.933	-30.000	2500.000
1005	102272	2	-2573.409	62.00	30.56212	191.96198	-98.790	7.283	-320.000	-32.305	-60.596	-69.000	-2000.000
1006	102302	1	2445.960	62.00	31.09116	190.54530	-15.176	6.757	0.000	-8.031	-7.590	-30.000	2500.000
1007	102372	1	2223.161	63.00	30.82072	191.09409	-107.529	-22.058	-20.000	-11.401	-45.852	-70.000	2500.000
1008	102449	1	2258.514	64.00	32.48145	191.28093	-40.901	25.495	-120.000	-0.938	-28.143	-77.000	2500.000
1009	102530	1	2364.016	65.00	28.54707	191.07945	-36.098	25.711	0.000	-10.359	-34.238	-81.000	2500.000
1010	102598	1	1957.792	66.00	33.87381	191.05496	-56.849	14.779	-340.000	-44.915	-47.223	-68.000	2500.000
1011	102636	2	-2353.548	66.00	30.61029	191.86475	-26.262	3.325	-240.000	-9.903	-42.708	-38.000	-2000.000
1012	102699	1	2309.805	67.00	30.55691	191.74736	-68.815	6.731	0.000	-3.712	-61.398	-63.000	2500.000
1013	102802	1	2270.634	68.00	29.59868	191.06297	-73.597	33.028	0.000	-35.895	-49.902	-103.000	2500.000
1014	102853	2	-2266.328	68.00	30.73145	191.30652	-24.368	12.412	-140.000	-36.753	-26.620	-51.000	-2000.000
1015	102952	1	2232.104	68.00	28.65041	190.45959	-96.794	17.797	0.000	-10.851	-79.047	-99.000	2500.000
1016	103015	1	2389.073	68.00	29.04488	190.76625	-52.252	19.847	0.000	-1.053	-14.468	-63.000	2500.000
1017	103063	1	2243.988	68.00	36.62779	190.73537	-36.717	17.232	-160.000	-5.881	-22.646	-48.000	2500.000
1018	103108	2	-2371.881	67.00	31.78577	191.14076	-33.536	3.323	-240.000	-21.100	-35.568	-45.000	-2000.000
1019	103192	1	2183.970	67.00	31.46316	190.59946	-77.236	9.893	-100.000	-24.819	-39.868	-84.000	2500.000
1020	103230	2	-2392.214	66.00	32.53791	190.68990	-49.882	-0.113	-240.000	-28.938	-35.280	-38.000	-2000.000
1021	103276	2	-2200.473	65.00	27.19020	190.00975	-43.251	6.747	-60.000	-37.102	-20.866	-46.000	-2000.000
1022	103326	1	2360.002	65.00	32.77322	190.79053	-57.987	5.860	0.000	-2.168	-35.703	-50.000	2500.000
1023	103365	2	-2194.334	65.00	34.88027	190.79077	-28.539	2.511	-80.000	-16.946	-32.359	-39.000	-2000.000
1024	103418	2	-2263.080	64.00	29.91156	189.35919	-23.344	14.010	-140.000	-36.402	-24.345	-53.000	-2000.000
1025	103515	1	1453.060	65.00	29.58363	190.36121	-108.881	21.044	-640.000	-81.508	-140.596	-97.000	2500.000
1026	103562	1	2332.704	65.00	27.81089	190.95079	-25.278	11.786	-60.000	-18.237	-28.567	-47.000	2500.000
1027	103615	2	-2252.562	64.00	29.31161	191.07593	-24.850	18.509	-120.000	-35.445	-37.776	-53.000	-2000.000
1028	103645	1	2436.017	64.00	32.65686	189.93335	-22.845	6.313	0.000	-6.640	-10.811	-30.000	2500.000
1029	103707	1	2174.299	64.00	32.15007	190.62599	-54.082	23.481	-140.000	-35.437	-57.664	-62.000	2500.000
1030	103808	2	-2511.797	63.00	31.46434	190.58403	-79.887	26.522	-260.000	-46.358	-51.075	-101.000	-2000.000
1031	103888	1	2379.291	64.00	32.49699	190.22073	-40.345	27.652	0.000	-5.302	-22.715	-80.000	2500.000
1032	103989	2	-2437.088	64.00	32.05958	189.74144	-122.567	38.869	-160.000	-48.748	-43.642	-101.000	-2000.000
1033	104060	1	2357.187	64.00	31.39071	190.43646	-44.135	20.645	0.000	-32.668	-15.654	-71.000	2500.000
1034	104116	2	-2247.772	63.00	31.45248	189.97078	-74.059	3.105	-60.000	-12.898	-47.918	-56.000	-2000.000
1035	104179	2	-2186.975	62.00	31.47710	190.12788	-35.659	17.396	-80.000	-10.433	-15.279	-63.000	-2000.000
1036	104339	1	2006.267	62.00	32.66005	190.32138	-212.721	65.357	-60.000	-38.598	-87.771	-160.000	2500.000
1037	104470	1	2239.615	63.00	30.61814	189.58391	-108.732	59.114	0.000	-13.037	-66.730	-131.000	2500.000
1038	104500	2	-2164.149	62.00	30.92271	190.67961	-13.267	3.088	-60.000	-38.909	-25.061	-30.000	-2000.000
1039	104579	2	-2342.808	61.00	31.13544	189.97639	-51.155	15.389	-140.000	-56.363	-31.679	-79.000	-2000.000
1040	104642	2	-2494.621	60.00	29.44689	190.02586	-89.952	-4.965	-160.000	-83.066	-93.637	-63.000	-2000.000
1041	104739	1	1679.607	60.00	28.25590	190.19995	-64.449	23.334	-500.000	-103.221	-79.056	-97.000	2500.000
1042	104849	1	2233.430	60.00	31.18144	190.20218	-66.451	30.925	-60.000	-20.574	-40.471	-110.000	2500.000
1043	104888	1	2414.482	61.00	29.79770	189.70511	-27.217	10.571	0.000	-4.556	-25.317	-39.000	2500.000
1044	104947	1	2360.750	61.00	30.03495	189.71371	-54.796	8.780	0.000	-5.776	-28.458	-59.000	2500.000
1045	105022	2	-2321.708	60.00	30.11411	190.07243	-61.607	12.936	-140.000	-19.018	-39.018	-75.000	-2000.000
1046	105081	2	-2369.369	59.00	30.28492	190.00856	-35.676	10.565	-200.000	-38.233	-47.025	-59.000	-2000.000
1047	105118	2	-2249.034	59.00	32.41631	190.25912	-52.877	-0.254	-100.000	-14.116	-44.787	-37.000	-2000.000
1048	105158	2	-2906.238	58.00	29.81641	189.97963	-62.777	-0.838	-600.000	-97.154	-105.469	-40.000	-2000.000
1049	105188	2	-2662.914	58.00	33.71218	189.89586	-36.659	-0.562	-460.000	-71.430	-64.264	-30.000	-2000.000
1050	105268	2	-2422.139	58.00	32.11718	189.87952	-66.741	22.555	-180.000	-88.124	-29.829	-80.000	-2000.000
1051	105310	2	-2333.902	57.00	26.34233	190.53004	-42.400	3.842	-200.000	-29.872	-23.472	-42.000	-2000.000
1052	105365	2	-2243.019	57.00	31.41803	190.32736	-41.124	9.761	-120.000	-14.400	-22.256	-55.000	-2000.000
1053	105408	2	-2172.940	57.00	32.28632	189.19241	-30.482	17.945	-80.000	-28.574	-8.829	-43.000	-2000.000
1054	105467	1	2396.774	58.00	31.02020	189.44379	-27.214	19.907	0.000	-24.151	-12.767	-59.000	2500.000
1055	105508	2	-2558.233	57.00	33.61946	189.63713	-62.691	-0.135	-220.000	-140.708	-93.699	-41.000	-2000.000
1056	105543	2	-2566.560	56.00	30.18700	190.13196	-34.093	10.656	-480.000	-6.031	-22.092	-35.000	-2000.000
1057	105635	1	1840.118	56.00	31.81854	190.38869	-115.121	23.740	-380.000	-22.496	-74.005	-92.000	2500.000
1058	105822	1	1526.348	57.00	31.75677	190.32430	-162.707	52.704	-440.000	-135.679	-100.969	-187.000	2500.000
1059	105896	2	-2236.070	56.00	29.64679	189.52753	-37.549	14.102	-60.000	-43.936	-34.686	-74.000	-2000.000
1060	105926	2	-2225.476	56.00	27.71148	188.75604	-18.630	3.967	-100.000	-52.316	-28.497	-30.000	-2000.000
1061	106141	4	-2196.116	56.00	30.92471	189.85472	-341.458	-9.126	-1300.000	-168.291	-162.241	-215.000	0.000
1062	106181	1	2371.262	56.00	30.35555	188.93283	-20.421	11.301	-60.000	-5.022	-14.596	-40.000	2500.000
1063	106311	1	2195.605	56.00	33.96198	190.20932	-101.094	60.032	0.000	-81.923	-51.410	-130.000	2500.000
1064	106423	2	-2626.890	56.00	30.39723	190.52980	-82.622	34.065	-340.000	-81.512	-44.821	-112.000	-2000.000
1065	106491	2	-2315.463	55.00	34.25258	189.64111	-63.655	8.956	-140.000	-22.544	-30.221	-68.000	-2000.000
1066	106544	2	-2153.887	54.00	29.28300	189.46378	-26.642	10.527	-60.000	-3.312	-21.461	-53.000	-2000.000
1067	106589	1	2440.840	54.00	32.69566	188.87053	-18.820	16.061	0.000	-1.099	-10.303	-45.000	2500.000
1068	106682	1	2355.388	54.00	33.14741	189.03659	-47.177	28.559	0.000	-12.000	-20.995	-93.000	2500.000
1069	106765	1	2095.253	54.00	33.18719	189.76201	-62.157	21.097	-200.000	-22.970	-57.717	-83.000	2500.000
1070	106796	2	-2129.764	53.00	35.99064	189.34305	-14.394	2.342	-40.000	-35.712	-11.001	-31.000	-2000.000
1071	106971	1	1470.011	54.00	30.27706	190.34872	-169.248	45.182	-540.000	-116.717	-74.206	-175.000	2500.000
1072	107119	2	-2781.835	53.00	31.36048	190.52345	-88.882	43.363	-460.000	-49.108	-79.209	-148.000	-2000.000
1073	107244	1	2003.240	53.00	31.98590	189.96204	-136.833	35.695	-160.000	-30.632	-79.990	-125.000	2500.000
1074	107404	1	2057.461	53.00	32.39028	189.75500	-109.494	64.383	-120.000	-64.664	-52.765	-160.000	2500.000
1075	107445	1	2407.358	53.00	31.38988	189.23845	-29.814	14.219	0.000	-6.025	-30.022	-41.000	2500.000
1076	107531	1	2254.326	54.00	30.19859	189.43549	-54.267	24.330	-80.000	-27.495	-22.240	-86.000	2500.000
1077	107603	1	2304.448	54.00	32.39836	189.28850	-63.813	15.556	-40.000	-6.113	-29.181	-72.000	2500.000
1078	107711	1	2180.560	55.00	31.79420	189.69821	-128.497	17.459	0.000	-42.288	-58.114	-108.000	2500.000
1079	107747	1	2445.655	55.00	30.53439	189.71092	-6.973	9.993	0.000	-12.674	-8.691	-36.000	2500.000
1080	107927	1	1544.337	55.00	30.73176	189.77943	-164.276	54.944	-500.000	-52.022	-114.309	-180.000	2500.000
1081	108030	1	2202.934	56.00	30.87882	189.46651	-73.914	36.941	-100.000	-14.735	-42.358	-103.000	2500.000
1082	108111	1	2330.593	56.00	32.93980	190.06421	-54.197	26.537	0.000	-14.531	-46.216	-81.000	2500.000
1083	108214	1	2229.943	56.00	33.95591	189.59114	-87.396	35.304	0.000	-55.979	-58.986	-103.000	2500.000
1084	108260	2	-2642.561	55.00	32.77708	189.87277	-43.123	0.851	-360.000	-89.089	-105.200	-46.000	-2000.000
1085	108351	1	2254.091	56.00	32.44542	189.22694	-102.979	5.302	0.000	-14.952	-42.279	-91.000	2500.000
1086	108471	2	-2384.848	56.00	30.19897	189.52216	-128.713	21.451	-80.000	-29.215	-48.371	-120.000	-2000.000
1087	108505	2	-2236.704	55.00	30.20230	189.21899	-17.173	4.344	-100.000	-72.099	-17.777	-34.000	-2000.000
1088	108584	2	-2810.340	54.00	33.19836	190.10245	-65.045	5.295	-520.000	-76.272	-75.317	-79.000	-2000.000
1089	108640	1	2242.691	54.00	30.85172	188.97319	-63.692	25.452	-120.000	-14.360	-28.708	-56.000	2500.000
1090	108709	1	2048.545	55.00	31.59104	188.86615	-62.346	13.519	-240.000	-46.242	-47.386	-69.000	2500.000
1091	108828	1	2260.766	56.00	31.39412	189.09329	-71.122	42.760	-20.000	-28.278	-43.594	-119.000	2500.000
1092	108911	1	2082.475	56.00	31.21184	189.08731	-55.483	24.479	-240.000	-35.682	-27.839	-83.000	2500.000
1093	108965	1	2255.361	57.00	31.21620	188.37543	-86.279	-3.883	0.000	-3.510	-96.966	-54.000	2500.000
1094	108996	2	-2184.143	56.00	31.04268	189.00208	-44.794	-5.261	-60.000	-6.949	-36.140	-31.000	-2000.000
1095	109084	1	2293.893	56.00	30.39434	189.16553	-84.058	39.997	0.000	-36.055	-37.992	-88.000	2500.000
1096	109158	1	2131.250	57.00	31.05502	189.00668	-69.255	7.350	-160.000	-20.501	-52.343	-74.000	2500.000
1097	109228	2	-2341.641	57.00	29.64133	188.78152	-45.768	6.885	-160.000	-31.666	-41.093	-70.000	-2000.000
1098	109279	1	2183.861	57.00	33.29804	188.73421	-37.814	13.250	-200.000	-5.060	-35.515	-51.000	2500.000
1099	109347	2	-2240.566	57.00	31.47751	188.69081	-48.820	25.922	-60.000	-44.489	-45.179	-68.000	-2000.000
1100	109544	1	1414.811	58.00	33.63299	189.56456	-204.461	83.942	-480.000	-107.336	-180.334	-197.000	2500.000
1101	109670	1	2199.853	58.00	31.14223	190.09413	-97.537	35.258	0.000	-52.213	-59.655	-126.000	2500.000
1102	109704	1	2408.816	58.00	31.73444	188.70691	-21.161	9.326	0.000	-19.648	-25.701	-34.000	2500.000
1103	109770	1	2346.460	58.00	31.58792	189.68814	-77.748	30.144	0.000	-4.205	-35.731	-66.000	2500.000
1104	109960	1	1718.337	58.00	32.25696	189.24129	-160.061	69.004	-300.000	-120.471	-80.134	-190.000	2500.000
1105	110009	2	-2317.258	58.00	29.84514	189.05988	-50.485	6.271	-120.000	-51.603	-52.441	-49.000	-2000.000
1106	110041	2	-2244.441	57.00	30.74269	188.55830	-37.821	2.291	-120.000	-32.419	-24.492	-32.000	-2000.000
1107	110093	1	2334.062	57.00	31.43926	188.53082	-48.986	10.797	-40.000	-7.007	-28.742	-52.000	2500.000
1108	110210	1	2103.447	57.00	32.23515	188.99312	-79.146	44.064	-180.000	-25.761	-38.710	-117.000	2500.000
1109	110354	1	2218.057	57.00	30.48651	189.35670	-89.451	64.410	0.000	-40.993	-71.909	-144.000	2500.000
1110	110384	5	-310.696	56.00	34.93349	188.68375	-20.648	1.032	-180.000	-35.713	-45.367	-30.000	0.000
1111	110535	1	1369.212	57.00	31.84076	189.49443	-125.475	48.595	-600.000	-170.971	-131.937	-151.000	2500.000
1112	110647	1	1989.771	57.00	31.66600	189.02274	-44.847	39.374	-280.000	-67.015	-45.742	-112.000	2500.000
1113	110703	2	-2206.739	56.00	30.15503	189.23225	-38.574	7.098	-80.000	-9.878	-29.385	-56.000	-2000.000
1114	110733	1	2443.603	57.00	29.20724	187.10815	-22.653	15.055	0.000	-2.166	-16.632	-30.000	2500.000
1115	110804	2	-2548.321	56.00	31.60560	188.51358	-106.927	-7.777	-300.000	-15.886	-46.731	-71.000	-2000.000
1116	110845	2	-2173.047	55.00	32.62547	188.89159	-21.488	7.593	-60.000	-37.646	-20.507	-41.000	-2000.000
1117	110900	1	2404.413	55.00	31.88581	188.94778	-31.656	16.648	0.000	-3.601	-21.978	-55.000	2500.000
1118	110979	1	2265.901	56.00	30.83863	188.78648	-35.962	25.507	-100.000	-7.972	-36.673	-79.000	2500.000
1119	111052	1	2321.496	56.00	29.94177	188.42252	-63.498	16.654	0.000	-22.857	-35.802	-73.000	2500.000
1120	111153	1	2111.868	57.00	29.70687	188.29779	-96.132	20.194	-180.000	-12.253	-18.942	-101.000	2500.000
1121	111239	1	2101.821	58.00	31.44218	188.60614	-53.219	25.528	-200.000	-13.329	-71.159	-86.000	2500.000
1122	111347	1	2254.643	58.00	31.67130	189.74109	-61.602	33.233	-60.000	-25.296	-23.693	-108.000	2500.000
1123	111377	1	2445.275	59.00	32.67027	188.66180	-19.204	11.243	0.000	-2.370	-14.395	-30.000	2500.000
1124	111537	1	2222.718	60.00	33.10442	187.45776	-93.349	56.464	0.000	-28.456	-51.941	-160.000	2500.000
1125	111585	2	-2379.604	59.00	33.47472	188.22813	-42.891	1.783	-140.000	-93.077	-57.418	-48.000	-2000.000
1126	111669	1	2176.618	59.00	34.01082	189.01955	-74.065	22.235	-100.000	-27.909	-59.644	-84.000	2500.000
1127	111820	2	-2552.933	59.00	29.39756	188.14763	-130.642	21.855	-160.000	-34.978	-98.167	-151.000	-2000.000
1128	111872	1	2315.587	59.00	31.03214	186.77267	-51.803	11.788	-20.000	-24.111	-48.287	-52.000	2500.000
1129	111906	1	2406.767	59.00	34.93899	187.85979	-14.393	7.267	0.000	-30.597	-21.510	-34.000	2500.000
1130	111936	1	2374.019	60.00	35.65406	188.51318	-20.538	6.976	-60.000	-0.390	-22.030	-30.000	2500.000
1131	112031	2	-2586.373	59.00	29.34947	187.79591	-94.281	10.134	-320.000	-50.610	-36.616	-95.000	-2000.000
1132	112083	1	2281.973	60.00	31.60043	188.31207	-61.420	12.276	-80.000	-8.168	-28.715	-52.000	2500.000
1133	112145	1	2302.501	60.00	34.10804	188.29631	-50.957	13.530	-80.000	-3.121	-14.950	-62.000	2500.000
1134	112304	1	2158.504	61.00	30.15081	188.04880	-95.258	52.993	0.000	-101.048	-39.183	-159.000	2500.000
1135	112519	4	-621.377	61.00	32.99447	188.16022	-147.928	71.997	-20.000	-199.165	-111.280	-215.000	0.000
1136	112573	2	-2219.585	60.00	29.24269	185.75209	-53.080	5.012	-60.000	-13.966	-43.552	-54.000	-2000.000
1137	112612	2	-2445.984	59.00	33.50031	188.39632	-62.996	-1.982	-240.000	-51.221	-50.785	-39.000	-2000.000
1138	112679	1	2150.553	60.00	30.32367	188.51251	-52.923	16.375	-180.000	-21.799	-44.100	-67.000	2500.000
1139	112709	2	-2238.759	60.00	28.86224	188.17409	-37.157	-0.166	-120.000	-16.515	-34.921	-30.000	-2000.000
1140	112746	1	2434.237	61.00	28.27562	187.34181	-13.875	9.908	0.000	-10.700	-14.096	-37.000	2500.000
1141	112836	1	1979.567	61.00	32.20937	188.03090	-55.098	29.954	-340.000	-21.302	-43.986	-90.000	2500.000
1142	112866	1	2430.590	61.00	31.14708	187.68170	-25.508	9.960	0.000	-6.184	-17.678	-30.000	2500.000
1143	112974	2	-2383.407	60.00	30.72782	188.01308	-62.995	29.707	-200.000	-18.974	-23.144	-108.000	-2000.000
1144	113075	1	1570.528	60.00	31.82930	188.02293	-108.157	32.086	-600.000	-58.815	-93.586	-101.000	2500.000
1145	113125	1	2400.632	61.00	31.43188	186.37660	-26.604	13.136	0.000	-18.850	-17.050	-50.000	2500.000
1146	113225	1	2331.787	62.00	31.27246	187.45383	-56.689	31.331	0.000	-12.900	-29.955	-100.000	2500.000
1147	113264	2	-2402.203	62.00	30.71017	187.43309	-33.228	4.956	-300.000	-7.813	-27.117	-39.000	-2000.000
1148	113316	1	2368.722	63.00	30.19314	187.48528	-50.137	8.310	0.000	-3.027	-34.425	-52.000	2500.000
1149	113347	1	2283.629	64.00	36.31919	188.57907	-46.048	-2.945	-100.000	-1.651	-34.727	-31.000	2500.000
1150	113526	1	1963.590	65.00	30.38549	187.53612	-167.786	46.113	-140.000	-39.456	-56.282	-179.000	2500.000
1151	113664	2	-2797.562	65.00	31.40322	187.12874	-97.144	49.031	-480.000	-62.528	-68.920	-138.000	-2000.000
1152	113701	1	2411.990	66.00	31.64002	188.27875	-37.667	10.633	0.000	-6.391	-17.585	-37.000	2500.000
1153	113798	1	2207.227	67.00	32.25482	187.09392	-37.226	33.898	-100.000	-70.787	-21.658	-97.000	2500.000
1154	113883	2	-2346.266	66.00	32.84073	187.04802	-60.134	15.800	-180.000	-3.263	-33.669	-85.000	-2000.000
1155	113922	2	-2142.473	66.00	30.23645	187.62378	-20.841	6.215	-60.000	-16.703	-12.143	-39.000	-2000.000
1156	113955	1	2449.500	67.00	34.01432	188.25745	-15.281	10.652	0.000	-6.561	-6.310	-33.000	2500.000
1157	114027	2	-2544.745	66.00	30.65406	187.10294	-93.688	5.292	-280.000	-47.735	-56.615	-72.000	-2000.000
1158	114081	1	2358.124	66.00	34.46799	186.92636	-31.424	19.980	-60.000	-2.988	-13.444	-54.000	2500.000
1159	114220	2	-2355.586	66.00	30.23654	186.31766	-102.610	31.630	-60.000	-33.208	-52.398	-139.000	-2000.000
1160	114295	1	2386.328	67.00	32.49239	187.84674	-39.651	22.496	0.000	-8.284	-13.234	-75.000	2500.000
1161	114328	2	-2216.913	67.00	32.68126	187.12262	-54.268	7.505	-80.000	-4.878	-52.272	-33.000	-2000.000
1162	114421	1	2122.075	67.00	30.21389	187.77650	-57.122	32.186	-180.000	-54.600	-25.389	-93.000	2500.000
1163	114510	1	2214.285	67.00	31.27010	187.40620	-60.367	28.447	0.000	-73.848	-90.947	-89.000	2500.000
1164	114603	1	2046.369	68.00	30.79271	187.26784	-84.611	20.374	-200.000	-50.673	-45.721	-93.000	2500.000
1165	114697	2	-2421.219	68.00	33.79168	187.03046	-44.141	33.396	-180.000	-87.062	-49.412	-94.000	-2000.000
1166	114736	2	-2105.303	68.00	31.65066	187.65486	-13.261	7.815	-40.000	-15.326	-5.531	-39.000	-2000.000
1167	114846	2	-2764.921	67.00	28.36603	187.12498	-142.906	10.517	-320.000	-128.847	-73.685	-110.000	-2000.000
1168	114916	1	2361.854	67.00	33.42850	187.92607	-55.461	18.962	0.000	-4.709	-26.937	-70.000	2500.000
1169	115048	1	2025.794	67.00	31.65922	187.04602	-110.175	35.734	-160.000	-61.596	-46.168	-132.000	2500.000
1170	115102	1	2356.389	68.00	33.42177	187.21115	-71.220	18.795	0.000	-12.921	-24.265	-54.000	2500.000
1171	115322	1	1580.896	68.00	32.29128	186.85522	-204.516	60.260	-320.000	-106.980	-127.868	-220.000	2500.000
1172	115424	2	-2396.908	68.00	32.45735	186.70660	-81.340	12.989	-60.000	-108.284	-58.274	-102.000	-2000.000
1173	115475	1	2425.507	68.00	35.88307	186.29468	-26.201	16.240	0.000	-2.711	-10.821	-51.000	2500.000
1174	115519	2	-2229.621	67.00	30.80783	187.39702	-20.609	2.782	-100.000	-36.200	-31.593	-44.000	-2000.000
1175	115552	2	-2104.162	66.00	35.99913	186.93927	-22.533	3.298	-40.000	-2.449	-9.478	-33.000	-2000.000
1176	115617	2	-2176.863	65.00	32.54877	186.67087	-42.379	10.201	-40.000	-1.994	-37.691	-65.000	-2000.000
1177	115691	1	1711.655	65.00	27.35072	186.56818	-84.035	9.592	-480.000	-78.927	-80.975	-74.000	2500.000
1178	115752	1	2364.786	65.00	32.64009	187.11824	-44.560	17.952	0.000	-7.228	-40.378	-61.000	2500.000
1179	115790	1	2394.103	65.00	31.37039	188.04175	-26.569	9.172	-20.000	-12.050	-18.451	-38.000	2500.000
1180	115831	1	2348.905	65.00	35.79694	186.36244	-58.474	-4.931	0.000	-11.405	-35.286	-41.000	2500.000
1181	115882	2	-2398.688	64.00	32.28500	187.25636	-65.063	1.362	-240.000	-19.719	-24.268	-51.000	-2000.000
1182	115946	1	2394.298	64.00	33.89765	186.07469	-28.784	19.769	0.000	-16.989	-15.699	-64.000	2500.000
1183	116118	1	1946.221	64.00	30.27612	186.35620	-136.936	63.396	-100.000	-116.709	-91.530	-172.000	2500.000
1184	116179	1	2320.074	65.00	29.76187	186.27867	-12.634	21.322	-100.000	-18.291	-9.323	-61.000	2500.000
1185	116395	4	-805.734	64.00	31.69622	186.42764	-163.842	75.595	-300.000	-93.808	-107.678	-216.000	0.000
1186	116435	2	-2130.617	64.00	29.20568	186.50839	-31.175	11.233	-60.000	-3.132	-7.543	-40.000	-2000.000
1187	116533	1	2309.608	65.00	30.91688	186.00323	-66.387	26.582	0.000	-12.876	-39.711	-98.000	2500.000
1188	116633	1	2277.264	66.00	31.67114	186.43207	-57.692	31.905	-40.000	-16.832	-40.117	-100.000	2500.000
1189	116727	1	2023.694	66.00	34.45353	187.28712	-62.866	27.892	-300.000	-24.849	-22.482	-94.000	2500.000
1190	116854	1	2227.149	66.00	31.86315	185.96634	-107.860	32.678	0.000	-39.098	-31.570	-127.000	2500.000
1191	116949	1	2196.984	66.00	32.15432	185.68166	-69.116	33.395	-60.000	-65.393	-46.901	-95.000	2500.000
1192	117018	2	-2200.953	65.00	30.77738	185.67462	-36.281	13.983	-40.000	-29.671	-39.984	-69.000	-2000.000
1193	117106	1	2229.772	65.00	31.97633	186.09651	-74.425	19.343	-20.000	-25.825	-81.322	-88.000	2500.000
1194	117137	2	-2245.924	65.00	30.50566	186.11696	-40.157	0.232	-100.000	-44.555	-30.444	-31.000	-2000.000
1195	117200	1	2179.789	65.00	32.13363	186.09415	-44.803	17.697	-200.000	-9.906	-20.199	-63.000	2500.000
1196	117230	2	-2267.097	64.00	34.29378	186.53334	-31.687	3.635	-180.000	-4.342	-24.703	-30.000	-2000.000
1197	117354	1	1604.270	65.00	30.29659	185.20067	-138.681	20.418	-460.000	-95.950	-97.517	-124.000	2500.000
1198	117428	1	2362.984	65.00	30.79215	185.87387	-59.021	25.167	0.000	-11.251	-17.911	-74.000	2500.000
1199	117556	1	2117.247	66.00	30.54803	185.30954	-136.807	7.856	0.000	-75.374	-50.429	-128.000	2500.000
1200	117633	2	-2450.708	65.00	33.30205	186.41272	-55.019	15.994	-180.000	-74.956	-79.729	-77.000	-2000.000
1201	117677	2	-2182.072	64.00	30.51780	185.57178	-27.375	8.467	-80.000	-14.963	-24.201	-44.000	-2000.000
1202	117760	1	2337.880	64.00	31.21409	185.50839	-46.703	25.801	0.000	-15.449	-42.769	-83.000	2500.000
1203	117808	2	-2200.871	63.00	34.07523	186.03593	-35.073	5.786	-60.000	-27.042	-36.542	-48.000	-2000.000
1204	117886	1	2269.712	63.00	33.37302	186.02274	-35.386	23.432	-100.000	-19.390	-20.943	-78.000	2500.000
1205	118084	1	2029.890	64.00	31.89160	185.43333	-111.572	71.978	-80.000	-81.246	-71.270	-198.000	2500.000
1206	118152	1	2353.848	65.00	32.34649	185.67305	-60.430	17.023	0.000	-7.432	-27.312	-68.000	2500.000
1207	118195	1	2431.171	65.00	32.61329	185.64635	-22.167	11.879	0.000	-8.530	-7.012	-43.000	2500.000
1208	118310	1	2302.025	65.00	33.30482	185.40439	-44.625	38.044	-40.000	-15.528	-20.867	-115.000	2500.000
1209	118401	2	-2843.476	64.00	32.10604	186.06310	-97.267	24.498	-420.000	-185.551	-74.157	-91.000	-2000.000
1210	118485	1	1962.234	65.00	32.76838	185.54608	-78.489	15.742	-300.000	-36.237	-54.783	-84.000	2500.000
1211	118565	1	2367.871	65.00	31.41979	186.22231	-42.908	25.953	0.000	-8.787	-26.387	-80.000	2500.000
1212	118637	2	-2278.999	64.00	31.62923	185.02922	-81.670	21.299	-80.000	-21.278	-45.350	-72.000	-2000.000
1213	118753	1	2258.493	65.00	29.16784	184.61276	-77.470	32.643	0.000	-41.154	-39.526	-116.000	2500.000
1214	118884	1	2223.513	65.00	31.21395	185.55359	-86.814	36.984	0.000	-55.425	-40.232	-131.000	2500.000
1215	118972	1	2190.111	66.00	34.53650	184.85405	-137.888	-29.707	0.000	-10.593	-43.701	-88.000	2500.000
1216	119011	1	2409.718	67.00	30.46590	185.22429	-29.609	4.823	0.000	-9.914	-16.582	-39.000	2500.000
1217	119105	1	1883.209	67.00	31.79165	185.32004	-66.357	25.863	-400.000	-39.015	-43.281	-94.000	2500.000
1218	119224	1	2186.648	67.00	30.46336	185.21088	-144.429	2.607	0.000	-12.049	-40.481	-119.000	2500.000
1219	119267	1	2331.687	67.00	28.69727	185.22427	-29.356	16.131	-100.000	-0.237	-11.852	-43.000	2500.000
1220	119330	1	2410.065	67.00	31.65318	185.14987	-23.327	22.039	0.000	-2.822	-22.825	-63.000	2500.000
1221	119369	2	-2169.923	66.00	34.07848	184.32338	-26.100	2.711	-60.000	-17.222	-30.312	-39.000	-2000.000
1222	119422	2	-2508.913	65.00	33.86181	185.05630	-82.999	1.171	-200.000	-111.628	-62.457	-53.000	-2000.000
1223	119556	1	1267.991	65.00	33.28252	185.06003	-171.072	25.928	-640.000	-195.923	-116.942	-134.000	2500.000
1224	119613	2	-2404.036	64.00	32.64954	184.93774	-65.393	2.712	-140.000	-83.846	-60.509	-57.000	-2000.000
1225	119649	1	2409.138	65.00	33.15410	185.30536	-34.983	17.579	0.000	-5.883	-31.575	-36.000	2500.000
1226	119725	1	2243.400	65.00	31.75093	185.00761	-56.462	23.622	-120.000	-7.768	-19.991	-76.000	2500.000
1227	119770	1	2451.261	66.00	31.92931	184.22610	-12.273	15.665	0.000	-0.428	-6.702	-45.000	2500.000
1228	119871	2	-2316.528	65.00	30.30758	185.03868	-57.476	31.875	-100.000	-57.745	-32.182	-101.000	-2000.000
1229	120031	1	1690.658	65.00	31.67768	184.11902	-193.043	37.137	-340.000	-42.697	-110.739	-160.000	2500.000
1230	120100	2	-2384.455	64.00	32.69097	184.89081	-89.445	1.326	-100.000	-77.548	-49.789	-69.000	-2000.000
1231	120169	1	2409.417	65.00	31.92342	184.59486	-25.078	22.141	0.000	-3.191	-15.455	-69.000	2500.000
1232	120220	2	-2280.049	64.00	32.64182	184.26013	-38.371	3.817	-100.000	-61.693	-32.802	-51.000	-2000.000
1233	120293	1	2305.411	64.00	29.88871	184.26608	-43.987	22.527	-40.000	-1.511	-58.618	-73.000	2500.000
1234	120352	1	2394.239	64.00	31.68066	184.61913	-36.971	16.292	0.000	-1.967	-24.114	-59.000	2500.000
1235	120512	1	1823.280	65.00	31.39604	184.11380	-182.299	59.037	-280.000	-66.126	-47.331	-160.000	2500.000
1236	120649	1	2181.885	66.00	31.10325	184.77187	-119.972	32.869	0.000	-37.214	-56.798	-137.000	2500.000
1237	120718	2	-2311.266	66.00	29.98899	184.12483	-52.491	6.775	-140.000	-22.986	-33.564	-69.000	-2000.000
1238	120763	2	-2145.876	65.00	32.32620	184.31578	-23.114	8.273	-60.000	-13.887	-12.148	-45.000	-2000.000
1239	120793	2	-2327.808	65.00	32.10139	184.10689	-24.168	2.316	-180.000	-63.792	-32.163	-30.000	-2000.000
1240	120869	1	2254.128	65.00	29.67625	183.84810	-42.297	20.222	-80.000	-46.240	-21.556	-76.000	2500.000
1241	120980	1	2203.363	65.00	31.47166	184.37637	-84.519	36.383	0.000	-54.678	-82.823	-111.000	2500.000
1242	121070	1	2042.769	65.00	31.27068	184.21907	-47.095	32.733	-260.000	-29.048	-63.821	-90.000	2500.000
1243	121231	2	-3021.246	65.00	31.84505	184.18179	-144.072	39.733	-560.000	-99.991	-95.915	-161.000	-2000.000
1244	121261	1	2442.262	65.00	30.74062	183.70844	-16.014	8.289	0.000	-6.772	-13.241	-30.000	2500.000
1245	121339	1	2210.659	65.00	29.76998	184.12498	-45.855	33.354	-160.000	-8.370	-30.470	-78.000	2500.000
1246	121416	2	-2202.560	64.00	30.73672	185.11354	-42.693	16.790	-60.000	-8.512	-31.144	-77.000	-2000.000
1247	121464	1	2400.046	65.00	34.82570	184.79524	-48.463	19.482	0.000	-6.625	-16.347	-48.000	2500.000
1248	121516	1	2425.422	65.00	28.98638	184.12622	-23.898	17.003	0.000	-6.553	-9.130	-52.000	2500.000
1249	121547	2	-2197.746	64.00	32.36488	183.85452	-36.580	2.267	-80.000	-9.711	-42.723	-31.000	-2000.000
1250	121577	1	2440.934	64.00	31.29889	183.04216	-23.853	12.054	0.000	-1.755	-15.512	-30.000	2500.000
1251	121695	1	2124.451	65.00	32.32121	184.85622	-132.423	32.254	-100.000	-12.512	-44.867	-118.000	2500.000
1252	121778	1	2108.848	65.00	32.15318	184.23219	-21.689	27.383	-260.000	-43.634	-10.212	-83.000	2500.000
1253	121875	1	2342.568	65.00	31.62238	183.60129	-56.083	31.221	0.000	-14.023	-21.547	-97.000	2500.000
1254	121919	2	-2265.796	65.00	32.33880	183.46034	-35.634	12.834	-160.000	-0.997	-37.999	-44.000	-2000.000
1255	122027	1	2164.554	66.00	31.80664	184.26985	-113.425	12.157	-20.000	-50.154	-56.023	-108.000	2500.000
1256	122143	1	2245.854	66.00	31.29583	183.91774	-42.150	40.514	-100.000	-12.836	-23.675	-116.000	2500.000
1257	122173	1	2378.450	67.00	33.11370	184.08307	-42.536	2.097	0.000	-5.443	-45.669	-30.000	2500.000
1258	122313	2	-2665.144	66.00	30.94746	183.77605	-116.116	29.778	-280.000	-84.238	-74.569	-140.000	-2000.000
1259	122405	1	2295.233	67.00	34.20846	183.62260	-81.200	20.775	0.000	-15.164	-37.178	-92.000	2500.000
1260	122437	2	-2332.723	66.00	32.09991	182.74438	-32.020	6.730	-200.000	-36.565	-38.868	-32.000	-2000.000
1261	122502	1	2293.383	67.00	32.96614	183.83186	-60.181	12.905	0.000	-11.722	-82.620	-65.000	2500.000
1262	122540	1	2426.229	67.00	32.50053	183.08752	-15.209	10.896	0.000	-12.545	-18.914	-38.000	2500.000
1263	122605	2	-2266.252	66.00	33.52707	183.24051	-85.113	0.203	-80.000	-23.160	-13.183	-65.000	-2000.000
1264	122637	2	-2134.289	65.00	29.26767	182.96494	-32.117	10.625	-60.000	-3.695	-17.102	-32.000	-2000.000
1265	122714	1	2289.717	66.00	32.74366	182.37700	-77.675	8.061	0.000	-14.460	-49.208	-77.000	2500.000
1266	122750	1	2454.948	67.00	34.32440	183.05678	-7.155	10.223	0.000	-6.059	-6.061	-36.000	2500.000
1267	122876	2	-2413.875	67.00	32.34749	183.33881	-75.230	34.955	-100.000	-90.386	-57.214	-126.000	-2000.000
1268	122907	2	-2122.351	66.00	33.29345	183.77100	-19.790	3.022	-60.000	-3.687	-10.896	-31.000	-2000.000
1269	123006	1	2109.862	66.00	31.77077	182.30363	-66.941	25.187	-100.000	-83.110	-66.274	-99.000	2500.000
1270	123168	1	2215.492	66.00	33.18910	183.14812	-90.592	48.791	0.000	-30.917	-49.790	-162.000	2500.000
1271	123333	1	2141.946	66.00	29.99301	182.97273	-89.359	58.076	0.000	-83.618	-78.154	-165.000	2500.000
1272	123363	2	-2297.628	66.00	34.36924	184.46925	-46.785	0.549	-140.000	-44.693	-36.699	-30.000	-2000.000
1273	123429	2	-2492.396	65.00	31.79407	183.39838	-45.340	14.452	-220.000	-125.362	-50.146	-66.000	-2000.000
1274	123522	1	2234.742	66.00	32.87410	183.93895	-79.730	41.618	-20.000	-66.636	-47.511	-93.000	2500.000
1275	123552	1	2378.648	67.00	35.08246	181.79961	-45.922	-0.309	0.000	-12.054	-33.067	-30.000	2500.000
1276	123582	1	2435.459	68.00	31.27756	182.90140	-29.016	9.403	0.000	-1.198	-13.730	-30.000	2500.000
1277	123712	1	2303.040	68.00	31.77534	182.85011	-86.013	56.195	0.000	-5.798	-31.344	-130.000	2500.000
1278	123747	2	-2204.591	67.00	35.06079	183.72202	-30.142	1.477	-80.000	-42.399	-18.528	-35.000	-2000.000
1279	123847	1	2299.249	67.00	32.80944	182.98045	-62.372	26.232	0.000	-13.304	-51.307	-100.000	2500.000
1280	123922	1	2368.325	67.00	31.56352	182.76678	-37.738	22.803	0.000	-5.297	-36.443	-75.000	2500.000
1281	124047	1	2079.020	68.00	31.77265	183.49396	-87.827	39.484	-140.000	-41.923	-65.714	-125.000	2500.000
1282	124105	1	2133.080	68.00	34.76035	183.06747	-69.433	15.024	-180.000	-23.485	-51.026	-58.000	2500.000
1283	124135	1	2322.951	68.00	30.85609	182.60147	-42.761	4.781	-40.000	-29.481	-39.588	-30.000	2500.000
1284	124194	1	2092.593	68.00	33.68396	182.92950	-47.976	11.476	-260.000	-9.427	-42.480	-59.000	2500.000
1285	124249	1	2287.754	69.00	31.19906	182.65707	-75.752	-6.443	0.000	-11.703	-63.348	-55.000	2500.000
1286	124279	1	2146.025	70.00	37.11464	182.67896	-35.754	-5.516	-200.000	-44.802	-37.903	-30.000	2500.000
1287	124317	2	-2160.288	69.00	29.63141	181.56279	-28.608	3.884	-40.000	-20.323	-37.242	-38.000	-2000.000
1288	124347	1	2445.546	69.00	31.78005	184.28102	-14.977	10.677	0.000	-6.682	-13.473	-30.000	2500.000
1289	124412	1	2337.016	69.00	29.86705	183.01149	-76.057	26.031	0.000	-2.403	-45.556	-65.000	2500.000
1290	124450	2	-2330.929	68.00	32.39174	182.75641	-44.025	2.445	-140.000	-75.184	-36.166	-38.000	-2000.000
1291	124537	1	2153.522	68.00	30.53731	182.92996	-76.809	21.605	-120.000	-27.324	-56.949	-87.000	2500.000
1292	124574	1	2355.482	69.00	30.59187	182.01917	-60.202	-7.570	0.000	-8.363	-31.383	-37.000	2500.000
1293	124648	1	2009.546	69.00	33.23934	182.61938	-80.015	19.551	-280.000	-18.348	-57.642	-74.000	2500.000
1294	124688	2	-2537.881	69.00	32.54838	182.66945	-28.207	3.169	-360.000	-63.233	-49.609	-40.000	-2000.000
1295	124718	1	2446.265	69.00	32.17043	181.60229	-18.711	10.488	0.000	-7.356	-8.156	-30.000	2500.000
1296	124811	1	2090.107	70.00	33.39538	182.79817	-148.570	-67.206	-60.000	-6.913	-34.204	-93.000	2500.000
1297	124911	1	2226.879	70.00	34.06610	181.85672	-75.217	34.058	-40.000	-33.149	-58.813	-100.000	2500.000
1298	124956	1	2412.897	70.00	31.79384	182.16904	-24.364	13.413	0.000	-2.945	-28.208	-45.000	2500.000
1299	124986	1	2454.417	70.00	31.94874	181.96013	-17.130	12.706	0.000	-1.052	-10.107	-30.000	2500.000
1300	125046	1	2276.148	71.00	30.23728	182.63132	-15.713	18.015	-140.000	-12.297	-13.856	-60.000	2500.000
1301	125076	2	-2331.478	71.00	34.16092	182.05325	-34.430	0.435	-200.000	-28.394	-39.089	-30.000	-2000.000
1302	125110	2	-2171.468	70.00	33.66529	182.24254	-23.807	4.936	-100.000	-5.437	-13.160	-34.000	-2000.000
1303	125209	1	2211.275	71.00	32.82925	182.62758	-87.823	41.626	-80.000	-27.537	-35.990	-99.000	2500.000
1304	125376	1	1974.800	71.00	33.29315	182.07005	-75.682	57.669	-240.000	-45.298	-54.890	-167.000	2500.000
1305	125423	2	-2220.724	70.00	31.44437	183.53072	-47.074	2.925	-80.000	-10.376	-39.199	-47.000	-2000.000
1306	125537	1	2186.351	70.00	31.10835	182.01491	-65.921	35.656	-60.000	-41.834	-67.550	-114.000	2500.000
1307	125567	2	-2266.619	69.00	33.79574	182.45967	-18.319	1.941	-160.000	-39.201	-21.040	-30.000	-2000.000
1308	125645	2	-2428.023	68.00	33.04928	182.50876	-84.233	5.797	-180.000	-37.241	-54.346	-78.000	-2000.000
1309	125725	1	2170.445	69.00	36.46381	182.91307	-74.263	14.678	-120.000	-27.731	-42.238	-80.000	2500.000
1310	125806	2	-2794.165	68.00	37.22924	182.90198	-72.615	28.915	-460.000	-117.347	-92.117	-81.000	-2000.000
1311	125891	1	2195.632	68.00	33.90736	182.81975	-48.748	29.517	-120.000	-47.006	-33.131	-85.000	2500.000
1312	125956	1	2221.626	69.00	32.36612	182.41315	-42.564	16.165	-140.000	-18.663	-28.312	-65.000	2500.000
1313	125997	1	2454.641	69.00	30.20429	182.86235	-7.445	12.607	0.000	-3.086	-6.435	-41.000	2500.000
1314	126069	1	2383.998	69.00	32.34180	182.63461	-45.032	22.780	0.000	-7.464	-14.286	-72.000	2500.000
1315	126245	1	1471.914	69.00	33.77768	182.29819	-191.358	32.498	-560.000	-65.740	-67.486	-176.000	2500.000
1316	126323	1	2171.785	69.00	31.77627	182.41136	-60.627	24.293	-140.000	-42.218	-31.663	-78.000	2500.000
1317	126362	2	-2124.223	68.00	35.11405	182.12097	-22.487	5.869	-40.000	-16.434	-12.170	-39.000	-2000.000
1318	126467	1	2242.243	68.00	33.78681	182.97475	-97.061	41.628	0.000	-36.171	-61.154	-105.000	2500.000
1319	126558	1	2112.914	68.00	34.98499	182.00598	-26.497	30.752	-240.000	-32.020	-28.321	-91.000	2500.000
1320	126633	2	-2536.121	67.00	33.17047	182.99149	-74.252	15.350	-280.000	-50.088	-72.132	-75.000	-2000.000
1321	126691	2	-2315.959	67.00	33.49218	182.34364	-106.649	-5.172	-20.000	-35.798	-90.340	-58.000	-2000.000
1322	126735	1	2355.079	68.00	33.53332	181.68248	-35.346	10.480	-60.000	-2.157	-13.898	-44.000	2500.000
1323	126831	1	2037.856	68.00	30.72384	182.24858	-89.642	29.434	-220.000	-36.066	-49.870	-96.000	2500.000
1324	126888	2	-2319.201	68.00	33.32033	182.15895	-50.533	10.732	-160.000	-31.590	-30.810	-57.000	-2000.000
1325	126950	1	1990.903	68.00	33.37529	181.72552	-65.115	10.819	-320.000	-22.359	-50.443	-62.000	2500.000
1326	127034	2	-2523.235	67.00	35.34191	182.32841	-63.339	19.591	-240.000	-87.357	-68.131	-84.000	-2000.000
1327	127118	1	1991.937	67.00	32.39810	182.12698	-98.426	32.407	-240.000	-35.301	-82.744	-84.000	2500.000
1328	127148	1	2445.714	68.00	35.20977	183.18715	-15.994	13.185	0.000	-1.949	-19.528	-30.000	2500.000
1329	127204	2	-2414.077	67.00	31.92877	181.57883	-35.258	6.060	-260.000	-29.852	-39.027	-56.000	-2000.000
1330	127238	1	2443.444	68.00	37.27895	182.17233	-16.993	9.593	0.000	-6.369	-8.787	-34.000	2500.000
1331	127316	1	2367.399	68.00	31.28422	182.44577	-49.388	26.699	0.000	-8.547	-23.365	-78.000	2500.000
1332	127365	1	2420.381	69.00	32.21786	182.06039	-34.379	18.889	0.000	-0.714	-14.415	-49.000	2500.000
1333	127400	2	-2157.270	68.00	34.29739	181.94583	-19.662	4.429	-80.000	-9.492	-17.545	-35.000	-2000.000
1334	127452	1	2270.473	68.00	32.39622	181.87633	-44.829	9.939	-80.000	-13.544	-49.093	-52.000	2500.000
1335	127502	1	2210.639	68.00	32.47365	181.52098	-50.688	13.264	-160.000	-15.202	-26.735	-50.000	2500.000
1336	127677	1	1935.936	68.00	33.92237	181.95900	-130.950	52.014	-180.000	-75.154	-54.974	-175.000	2500.000
1337	127825	2	-2637.992	68.00	32.44147	181.67183	-117.366	41.065	-280.000	-39.335	-94.357	-148.000	-2000.000
1338	127885	1	2382.842	69.00	33.26570	181.54379	-44.522	17.583	0.000	-5.926	-24.295	-60.000	2500.000
1339	128000	1	1965.009	70.00	34.28035	182.14034	-106.754	56.035	-180.000	-101.368	-87.903	-115.000	2500.000
1340	128094	2	-2249.247	69.00	32.36799	181.79596	-52.106	21.146	-60.000	-35.985	-28.301	-94.000	-2000.000
1341	128153	2	-2616.447	68.00	33.44812	182.08690	-101.448	0.810	-340.000	-71.321	-45.487	-59.000	-2000.000
1342	128231	1	2182.999	68.00	30.94665	180.38640	-53.573	9.645	-60.000	-88.420	-46.652	-78.000	2500.000
1343	128321	2	-2671.068	68.00	37.14495	181.22565	-65.808	25.015	-480.000	-26.170	-34.105	-90.000	-2000.000
1344	128368	1	2440.347	68.00	34.05738	182.13666	-16.140	16.418	0.000	-6.825	-6.105	-47.000	2500.000
1345	128442	2	-2495.771	67.00	35.38666	181.78752	-79.206	5.869	-240.000	-46.011	-62.423	-74.000	-2000.000
1346	128517	1	2354.617	68.00	32.69803	181.88931	-61.568	18.263	0.000	-5.631	-21.447	-75.000	2500.000
1347	128587	2	-2607.468	67.00	29.97919	181.92516	-39.620	8.595	-340.000	-124.274	-42.169	-70.000	-2000.000
1348	128647	1	2335.904	67.00	28.40980	181.32715	-41.654	15.395	-60.000	-1.816	-16.020	-60.000	2500.000
1349	128741	1	2340.768	68.00	33.54103	181.02165	-54.036	33.571	0.000	-11.883	-32.884	-94.000	2500.000
1350	128771	1	2114.630	68.00	28.43248	180.54047	-40.710	1.864	-260.000	-16.772	-39.752	-30.000	2500.000
1351	128821	2	-2286.721	67.00	32.05979	181.99545	-63.449	21.324	-140.000	-5.109	-49.487	-50.000	-2000.000
1352	128934	1	2156.103	67.00	34.07247	181.70422	-73.450	41.692	-20.000	-88.483	-90.656	-113.000	2500.000
1353	129034	1	2327.446	67.00	33.86952	180.92216	-37.628	37.818	0.000	-32.495	-40.249	-100.000	2500.000
1354	129095	2	-2495.638	67.00	32.31401	180.99176	-54.877	4.088	-300.000	-25.273	-58.577	-61.000	-2000.000
1355	129150	1	2330.228	67.00	34.11965	181.03598	-64.232	9.396	0.000	-11.949	-47.988	-55.000	2500.000
1356	129210	1	2162.699	67.00	30.00470	180.48787	-53.667	11.941	-180.000	-24.781	-30.795	-60.000	2500.000
1357	129268	1	2420.908	67.00	35.33850	181.01086	-25.449	21.316	0.000	-3.991	-12.967	-58.000	2500.000
1358	129334	1	2401.381	68.00	33.55569	181.56903	-34.224	19.719	0.000	-4.455	-13.659	-66.000	2500.000
1359	129379	2	-2129.463	67.00	30.40703	180.74591	-32.906	3.850	-40.000	-2.699	-12.708	-45.000	-2000.000
1360	129450	1	2332.018	68.00	30.97624	182.83087	-41.184	21.677	-20.000	-36.110	-21.366	-71.000	2500.000
1361	129480	2	-2293.840	67.00	34.21699	180.57993	-26.657	0.149	-120.000	-84.455	-32.877	-30.000	-2000.000
1362	129607	1	2203.258	67.00	32.62041	181.05301	-118.035	21.293	0.000	-32.053	-40.948	-127.000	2500.000
1363	129646	1	2398.666	68.00	32.06378	180.17674	-39.756	4.696	0.000	-0.806	-26.467	-39.000	2500.000
1364	129788	1	2259.393	69.00	31.93358	180.83650	-100.403	57.269	0.000	-15.957	-39.514	-142.000	2500.000
1365	129864	2	-2405.773	68.00	33.98931	181.14311	-59.580	27.877	-240.000	-10.062	-48.007	-76.000	-2000.000
1366	129923	1	2377.368	68.00	32.38827	180.81183	-44.761	16.003	0.000	-13.102	-21.771	-59.000	2500.000
1367	129990	1	2388.735	69.00	35.00105	181.11661	-32.408	21.213	0.000	-7.426	-25.644	-67.000	2500.000
1368	130104	1	2177.424	70.00	33.17524	180.83247	-100.413	50.858	-100.000	-10.942	-48.080	-114.000	2500.000
1369	130262	1	1912.764	70.00	33.48401	180.46806	-128.144	39.306	-140.000	-86.193	-114.206	-158.000	2500.000
1370	130376	1	2242.062	70.00	33.04523	180.70070	-55.840	40.396	-60.000	-14.381	-54.114	-114.000	2500.000
1371	130493	2	-2306.987	69.00	31.64369	180.41905	-103.105	32.116	-60.000	-14.243	-44.755	-117.000	-2000.000
1372	130545	2	-2337.956	69.00	30.44403	180.62082	-56.235	6.122	-120.000	-76.834	-39.008	-52.000	-2000.000
1373	130580	1	2400.956	70.00	32.59556	180.63556	-23.683	10.383	-40.000	-0.732	-10.013	-35.000	2500.000
1374	130613	1	2280.479	70.00	32.27039	180.92043	-29.538	5.933	-120.000	-3.371	-39.545	-33.000	2500.000
1375	130693	1	2388.313	70.00	31.98507	180.17615	-33.795	28.942	0.000	-13.554	-13.280	-80.000	2500.000
1376	130739	2	-2265.066	69.00	33.24421	180.45009	-48.563	4.043	-100.000	-33.868	-40.678	-46.000	-2000.000
1377	130778	2	-2328.315	68.00	34.01563	180.41499	-73.882	-1.180	-180.000	-2.525	-31.728	-39.000	-2000.000
1378	130836	1	1968.489	69.00	34.19404	180.08286	-71.721	11.439	-320.000	-44.750	-48.479	-58.000	2500.000
1379	130879	1	2435.796	69.00	32.00470	179.65210	-18.835	14.479	0.000	-9.174	-7.674	-43.000	2500.000
1380	130976	1	2262.303	69.00	34.06805	180.16795	-44.568	35.373	-80.000	-21.005	-30.497	-97.000	2500.000
1381	131155	1	2122.058	69.00	31.74296	180.47224	-119.678	72.768	0.000	-69.829	-82.203	-179.000	2500.000
1382	131193	2	-2234.440	68.00	34.14260	180.42126	-28.779	2.245	-100.000	-24.146	-45.760	-38.000	-2000.000
1383	131282	1	2224.097	68.00	34.37185	179.92627	-51.487	24.787	-40.000	-55.941	-64.261	-89.000	2500.000
1384	131323	1	2353.245	68.00	31.84408	180.10867	-61.063	-6.394	0.000	-2.244	-36.054	-41.000	2500.000
1385	131372	2	-2264.926	67.00	34.48426	179.53993	-55.800	2.473	-100.000	-28.047	-34.552	-49.000	-2000.000
1386	131417	2	-2314.308	66.00	32.36672	180.39439	-36.448	8.128	-180.000	-22.813	-38.175	-45.000	-2000.000
1387	131563	1	1788.411	67.00	31.81639	180.26572	-168.167	30.050	-260.000	-83.116	-84.356	-146.000	2500.000
1388	131599	1	2437.154	67.00	31.88925	180.58286	-25.662	9.552	0.000	-2.537	-8.199	-36.000	2500.000
1389	131688	1	2354.048	67.00	33.02061	180.34319	-58.673	24.672	0.000	-3.418	-19.533	-89.000	2500.000
1390	131814	1	2292.801	68.00	32.52141	179.92079	-75.355	40.160	0.000	-16.354	-29.650	-126.000	2500.000
1391	131917	1	2255.325	68.00	33.98917	180.07565	-60.839	31.947	-60.000	-22.212	-30.572	-103.000	2500.000
1392	131947	2	-2363.966	67.00	37.19457	182.29289	-30.297	0.478	-280.000	-6.912	-17.236	-30.000	-2000.000
1393	131977	1	2437.779	67.00	32.35021	180.03021	-25.577	8.811	0.000	-2.333	-13.122	-30.000	2500.000
1394	132052	1	2266.584	68.00	28.62779	180.41490	-42.374	29.787	-40.000	-73.261	-32.569	-75.000	2500.000
1395	132134	1	2358.607	68.00	32.06224	180.91273	-39.998	28.079	0.000	-11.885	-35.589	-82.000	2500.000
1396	132164	1	2390.430	68.00	34.72443	179.67213	-37.085	-1.102	0.000	-1.752	-39.631	-30.000	2500.000
1397	132216	1	2387.158	68.00	31.35444	179.84245	-50.542	14.408	0.000	-3.958	-20.750	-52.000	2500.000
1398	132272	2	-2153.318	67.00	30.19688	179.99306	-22.520	13.318	-60.000	-13.260	-14.856	-56.000	-2000.000
1399	132302	1	2389.890	67.00	32.16093	179.08400	-12.212	10.713	0.000	-51.801	-26.809	-30.000	2500.000
1400	132360	1	2268.482	67.00	33.97136	180.10382	-38.982	18.167	-100.000	-13.424	-39.279	-58.000	2500.000
1401	132429	1	2301.230	68.00	32.13678	179.77550	-40.553	22.821	-60.000	-11.509	-40.530	-69.000	2500.000
1402	132494	2	-2157.583	68.00	31.52995	179.24471	-39.113	12.438	-40.000	-5.814	-20.094	-65.000	-2000.000
1403	132524	1	2451.894	68.00	36.63912	179.84776	-21.628	10.255	0.000	-1.722	-5.011	-30.000	2500.000
1404	132554	2	-2219.564	67.00	31.18320	179.89412	-24.051	2.786	-120.000	-17.228	-31.071	-30.000	-2000.000
1405	132595	1	2419.800	68.00	32.10729	181.04814	-23.808	10.980	0.000	-2.277	-24.096	-41.000	2500.000
1406	132682	1	1908.188	68.00	33.75239	179.72273	-71.225	25.809	-360.000	-58.670	-40.727	-87.000	2500.000
1407	132842	1	1760.014	69.00	34.13348	179.90262	-119.857	56.492	-360.000	-82.499	-74.122	-160.000	2500.000
1408	132919	1	2271.503	70.00	32.06603	179.68248	-45.143	21.291	-100.000	-9.393	-18.252	-77.000	2500.000
1409	132981	1	2398.276	70.00	30.44087	179.39975	-32.603	20.191	0.000	-7.894	-19.418	-62.000	2500.000
1410	133019	2	-2279.618	70.00	33.03597	178.44690	-43.893	1.289	-120.000	-55.132	-23.883	-38.000	-2000.000
1411	133134	1	2209.263	70.00	32.18077	179.33762	-121.779	20.460	0.000	-13.764	-60.654	-115.000	2500.000
1412	133272	2	-2794.465	69.00	31.59655	179.05641	-160.981	34.663	-340.000	-89.681	-100.466	-138.000	-2000.000
1413	133335	1	2311.712	69.00	31.72638	179.72282	-45.748	20.156	-80.000	-2.741	-16.954	-63.000	2500.000
1414	133459	1	2050.780	69.00	30.04245	179.41943	-70.443	38.711	-220.000	-38.636	-34.852	-124.000	2500.000
1415	133559	1	2203.253	69.00	32.96395	179.23317	-99.882	42.821	-80.000	-20.322	-39.364	-100.000	2500.000
1416	133593	1	2429.661	69.00	35.02430	179.36792	-20.150	8.116	0.000	-2.355	-21.950	-34.000	2500.000
1417	133693	2	-2556.905	69.00	33.92832	179.14392	-36.635	33.886	-300.000	-114.854	-39.301	-100.000	-2000.000
1418	133759	2	-2468.165	68.00	33.92082	178.74850	-81.739	11.172	-220.000	-52.936	-58.662	-66.000	-2000.000
1419	133807	1	2201.193	68.00	28.80648	179.52699	-41.539	9.457	-180.000	-1.942	-36.782	-48.000	2500.000
1420	133838	1	2453.613	69.00	31.17982	179.77371	-8.566	10.367	0.000	-4.560	-12.628	-31.000	2500.000
1421	133913	1	2171.617	70.00	31.88190	179.52342	-56.253	22.046	-160.000	-5.665	-53.510	-75.000	2500.000
1422	133943	1	2233.797	70.00	37.49260	178.84906	-53.100	-0.007	-120.000	-34.653	-28.443	-30.000	2500.000
1423	134025	2	-2665.787	69.00	36.23167	180.24832	-65.712	14.930	-400.000	-57.012	-75.993	-82.000	-2000.000
1424	134084	2	-2392.084	69.00	33.39653	178.51866	-102.941	1.219	-180.000	-30.904	-20.457	-59.000	-2000.000
1425	134142	2	-2213.280	68.00	31.85197	178.98212	-42.251	5.992	-40.000	-41.918	-37.103	-58.000	-2000.000
1426	134248	1	2193.951	69.00	31.99000	180.00513	-112.475	26.001	0.000	-33.223	-80.352	-106.000	2500.000
1427	134391	2	-2665.601	68.00	34.65337	179.02243	-127.014	18.568	-180.000	-116.936	-117.218	-143.000	-2000.000
1428	134450	1	2300.205	68.00	35.46738	179.72475	-60.974	9.780	-40.000	-12.074	-37.527	-59.000	2500.000
1429	134480	1	2191.862	69.00	34.39640	178.80125	-47.718	-0.060	-140.000	-51.540	-38.820	-30.000	2500.000
1430	134541	2	-2301.960	68.00	32.17475	178.23601	-70.579	5.842	-140.000	-14.958	-21.264	-61.000	-2000.000
1431	134643	1	2125.677	68.00	33.43438	178.74443	-113.783	15.623	-120.000	-9.450	-44.713	-102.000	2500.000
1432	134708	1	2400.511	68.00	33.99459	179.32056	-36.235	23.153	0.000	-8.750	-12.657	-65.000	2500.000
1433	134764	2	-2466.592	68.00	34.65369	178.92166	-55.181	6.895	-240.000	-61.224	-61.082	-56.000	-2000.000
1434	134800	2	-2140.706	67.00	33.95708	178.51317	-19.758	13.225	-80.000	-2.922	-15.251	-36.000	-2000.000
1435	134918	1	1923.174	67.00	33.04941	178.84895	-158.294	31.017	-180.000	-51.590	-99.959	-118.000	2500.000
1436	134997	1	2111.359	67.00	30.52649	179.71599	-72.008	15.635	-200.000	-18.925	-34.343	-79.000	2500.000
1437	135035	1	2421.538	68.00	29.10986	178.54253	-27.755	7.135	0.000	-1.814	-18.027	-38.000	2500.000
1438	135131	1	2358.295	68.00	31.07008	178.68457	-38.129	32.166	0.000	-4.359	-35.383	-96.000	2500.000
1439	135162	1	2154.245	68.00	33.62814	179.81194	-43.184	6.444	-200.000	-28.836	-49.179	-31.000	2500.000
1440	135207	2	-2464.257	68.00	31.60960	177.28116	-24.224	5.222	-340.000	-22.152	-38.104	-45.000	-2000.000
1441	135284	2	-2578.736	68.00	34.06760	179.48154	-72.623	2.704	-280.000	-81.492	-70.325	-77.000	-2000.000
1442	135363	1	2315.042	68.00	29.08939	178.24799	-63.022	18.007	0.000	-11.387	-49.555	-79.000	2500.000
1443	135502	1	2159.854	69.00	33.42651	178.92445	-75.248	42.053	-100.000	-34.264	-33.688	-139.000	2500.000
1444	135532	1	2432.725	69.00	32.17625	178.58443	-20.364	7.776	0.000	-1.688	-23.000	-30.000	2500.000
1445	135648	1	1996.068	70.00	34.76056	178.64946	-70.063	40.211	-320.000	-6.404	-31.676	-116.000	2500.000
1446	135715	2	-2217.848	69.00	35.33199	178.54716	-51.785	21.262	-80.000	-17.885	-22.440	-67.000	-2000.000
1447	135766	1	2390.966	70.00	33.29487	179.21805	-43.656	13.445	0.000	-1.419	-26.405	-51.000	2500.000
1448	135805	1	2416.291	70.00	29.66300	178.23561	-40.579	10.132	0.000	-1.396	-12.866	-39.000	2500.000
1449	135899	1	2333.687	70.00	30.08021	178.28838	-61.069	26.136	0.000	-10.796	-26.585	-94.000	2500.000
1450	136025	2	-2639.891	69.00	31.35633	179.02756	-95.827	40.185	-260.000	-86.638	-111.610	-126.000	-2000.000
1451	136091	1	2404.457	70.00	33.60924	179.55673	-26.350	23.509	0.000	-15.023	-11.679	-66.000	2500.000
1452	136214	1	2306.102	70.00	30.53279	178.20085	-79.878	46.704	0.000	-9.504	-28.220	-123.000	2500.000
1453	136332	1	2321.881	70.00	33.10126	178.51913	-61.971	38.359	0.000	-18.508	-17.999	-118.000	2500.000
1454	136414	1	2377.004	71.00	31.97407	178.34312	-39.857	28.721	0.000	-5.614	-24.246	-82.000	2500.000
1455	136451	2	-2187.036	70.00	34.03551	178.16919	-33.723	0.956	-80.000	-6.976	-30.293	-37.000	-2000.000
1456	136495	1	2381.456	70.00	33.95632	177.67404	-28.279	12.004	0.000	-10.822	-47.448	-44.000	2500.000
1457	136584	1	2327.786	70.00	33.99237	178.33951	-48.687	28.767	0.000	-22.774	-40.520	-89.000	2500.000
1458	136675	1	2068.947	70.00	32.36697	178.75519	-95.285	33.492	-140.000	-77.629	-60.630	-91.000	2500.000
1459	136829	1	1815.566	71.00	33.35285	178.78960	-184.420	31.020	-280.000	-32.014	-65.019	-154.000	2500.000
1460	136918	1	2187.289	71.00	33.38657	177.27673	-45.791	25.369	-180.000	-9.464	-13.825	-89.000	2500.000
1461	137023	2	-2318.327	71.00	31.16859	178.53076	-102.579	24.973	-80.000	-9.402	-46.319	-105.000	-2000.000
1462	137106	1	1709.724	71.00	32.08496	178.62828	-64.357	20.783	-480.000	-107.048	-76.654	-83.000	2500.000
1463	137204	1	1861.310	71.00	33.03344	177.91577	-69.850	34.087	-460.000	-21.486	-23.440	-98.000	2500.000
1464	137338	1	1786.942	71.00	34.76035	177.89285	-72.485	45.152	-400.000	-68.267	-83.459	-134.000	2500.000
1465	137434	1	2164.905	72.00	33.52753	178.54230	-77.039	28.618	-140.000	-22.130	-28.544	-96.000	2500.000
1466	137570	1	1829.270	72.00	32.28452	177.80130	-216.529	-83.467	-160.000	-27.770	-46.964	-136.000	2500.000
1467	137623	1	2387.437	72.00	34.09589	177.27281	-50.746	4.492	0.000	-1.192	-12.117	-53.000	2500.000
1468	137694	1	2240.281	72.00	33.03210	177.80554	-41.508	20.494	-120.000	-18.557	-29.149	-71.000	2500.000
1469	137808	1	2289.825	72.00	34.33346	178.02028	-65.029	35.446	0.000	-23.885	-42.707	-114.000	2500.000
1470	137872	2	-2499.209	71.00	33.10133	178.10094	-27.668	21.828	-340.000	-42.546	-46.823	-64.000	-2000.000
1471	138010	1	1665.377	72.00	34.45273	177.93010	-106.178	28.921	-500.000	-45.967	-73.399	-138.000	2500.000
1472	138077	2	-2290.151	72.00	32.55131	177.55086	-41.268	7.178	-120.000	-31.391	-37.670	-67.000	-2000.000
1473	138107	1	2315.390	72.00	28.92413	177.31544	-9.211	9.428	-140.000	-9.652	-5.176	-30.000	2500.000
1474	138137	2	-2281.075	71.00	31.56831	177.82103	-27.205	2.701	-180.000	-7.892	-38.679	-30.000	-2000.000
1475	138334	1	1508.384	71.00	31.60553	177.51418	-273.678	38.004	-80.000	-245.375	-233.567	-197.000	2500.000
1476	138432	1	2019.496	72.00	31.67754	178.07381	-151.318	-44.579	-100.000	-27.854	-58.754	-98.000	2500.000
1477	138563	1	2273.825	73.00	30.53364	177.87193	-45.841	45.692	-60.000	-16.016	-19.009	-131.000	2500.000
1478	138659	1	2240.740	73.00	33.73141	177.81975	-89.114	27.850	0.000	-40.471	-61.524	-96.000	2500.000
1479	138803	2	-2379.454	72.00	32.48911	177.57628	-120.425	37.635	-100.000	-21.082	-31.582	-144.000	-2000.000
1480	138871	1	2373.239	72.00	34.70314	177.70857	-40.811	17.110	0.000	-9.660	-25.400	-68.000	2500.000
1481	138985	1	2120.274	72.00	33.32444	177.48471	-139.158	-0.718	0.000	-73.444	-52.406	-114.000	2500.000
1482	139018	2	-2435.770	72.00	36.49339	177.65471	-46.399	-0.682	-320.000	-8.716	-26.973	-33.000	-2000.000
1483	139131	1	2138.217	72.00	34.74006	177.43031	-114.164	19.179	0.000	-56.646	-97.152	-113.000	2500.000
1484	139247	1	2221.390	72.00	29.11947	177.22699	-85.504	31.933	0.000	-68.238	-40.801	-116.000	2500.000
1485	139313	1	2403.250	73.00	35.05115	177.23970	-30.434	20.339	0.000	-6.161	-14.494	-66.000	2500.000
1486	139388	1	2201.022	74.00	33.56201	177.34923	-40.943	18.946	-160.000	-13.735	-28.246	-75.000	2500.000
1487	139453	1	2266.145	74.00	31.11825	177.22107	-14.497	24.509	-140.000	-29.740	-9.127	-65.000	2500.000
1488	139628	2	-2661.069	73.00	32.15720	177.69617	-177.515	43.517	-180.000	-87.738	-84.333	-175.000	-2000.000
1489	139747	1	1805.876	73.00	34.11551	177.78087	-135.239	29.422	-360.000	-17.699	-91.607	-119.000	2500.000
1490	139781	1	2434.948	73.00	31.15379	176.69359	-21.949	7.493	0.000	-4.341	-12.255	-34.000	2500.000
1491	139845	2	-2216.908	72.00	34.54172	177.71750	-76.371	10.914	-60.000	-12.234	-15.218	-64.000	-2000.000
1492	139971	1	2117.775	73.00	32.08801	177.46565	-118.190	27.361	-80.000	-21.109	-64.286	-126.000	2500.000
1493	140011	2	-2208.288	72.00	33.38988	178.21223	-29.874	0.959	-60.000	-53.223	-26.149	-40.000	-2000.000
1494	140044	1	2436.848	72.00	30.14070	176.13115	-22.221	7.684	0.000	-7.624	-7.990	-33.000	2500.000
1495	140147	1	2224.713	72.00	33.70340	177.61023	-77.480	28.759	0.000	-56.458	-67.108	-103.000	2500.000
1496	140301	1	1693.062	72.00	34.71558	177.00462	-162.740	22.667	-340.000	-94.030	-78.836	-154.000	2500.000
1497	140366	2	-2260.732	71.00	32.24448	177.34225	-86.127	-1.708	-60.000	-14.903	-32.994	-65.000	-2000.000
1498	140434	1	2092.222	72.00	31.94934	176.11995	-65.104	9.336	-180.000	-49.231	-54.778	-68.000	2500.000
1499	140524	1	1621.861	72.00	34.38144	177.34415	-105.886	26.507	-620.000	-26.246	-62.515	-90.000	2500.000
1500	140588	1	2372.751	72.00	36.25442	177.72589	-47.620	21.923	0.000	-0.738	-36.814	-64.000	2500.000
1501	140619	1	2285.718	72.00	31.97338	176.45232	-12.150	8.911	-160.000	-1.000	-19.043	-31.000	2500.000
1502	140698	1	2328.605	73.00	30.58753	177.42426	-57.614	21.909	0.000	-20.624	-36.066	-79.000	2500.000
1503	140747	1	2297.630	73.00	34.23395	176.57069	-74.367	-2.832	0.000	-2.216	-73.956	-49.000	2500.000
1504	140796	2	-2297.075	73.00	32.57564	177.92871	-29.174	14.197	-100.000	-101.146	-31.951	-49.000	-2000.000
1505	140864	1	2404.348	73.00	34.10344	176.92140	-29.504	20.865	0.000	-10.102	-8.912	-68.000	2500.000
1506	140922	1	2404.841	73.00	34.35128	176.51549	-32.345	18.364	0.000	-3.387	-19.791	-58.000	2500.000
1507	141006	1	2311.128	73.00	31.73614	177.01570	-78.363	17.072	0.000	-6.457	-37.124	-84.000	2500.000
1508	141100	1	2312.965	73.00	33.67703	176.56656	-83.911	15.406	0.000	-9.345	-15.185	-94.000	2500.000
1509	141255	2	-2517.643	72.00	33.38777	175.81270	-158.250	46.143	-60.000	-145.701	-44.835	-155.000	-2000.000
1510	141301	2	-2235.211	72.00	34.35351	177.15756	-34.531	5.253	-120.000	-12.145	-27.789	-46.000	-2000.000
1511	141422	1	2174.186	72.00	33.38234	176.71765	-96.531	43.537	-80.000	-25.639	-46.182	-121.000	2500.000
1512	141454	2	-2185.597	72.00	32.10279	175.61168	-26.875	0.871	-100.000	-7.313	-20.280	-32.000	-2000.000
1513	141522	1	2354.415	72.00	30.44137	175.81825	-55.657	17.123	0.000	-4.410	-34.641	-68.000	2500.000
1514	141575	2	-2211.696	71.00	35.01103	176.98701	-51.480	3.631	-60.000	-24.151	-26.697	-53.000	-2000.000
1515	141709	2	-2800.737	70.00	32.22535	177.09657	-131.964	48.540	-320.000	-148.151	-115.162	-134.000	-2000.000
1516	141808	1	2175.763	70.00	35.82588	177.29251	-73.401	23.748	-80.000	-17.949	-77.634	-99.000	2500.000
1517	141862	2	-2473.419	70.00	30.55883	176.75253	-47.043	3.193	-300.000	-37.044	-38.525	-54.000	-2000.000
1518	141951	2	-3139.121	70.00	35.50542	177.64664	-77.550	10.388	-720.000	-141.145	-121.814	-89.000	-2000.000
1519	141992	1	2225.237	70.00	33.46841	175.89809	-29.478	10.911	-180.000	-1.219	-33.978	-41.000	2500.000
1520	142038	1	2415.837	70.00	33.78436	176.88255	-25.088	13.387	0.000	-3.553	-22.909	-46.000	2500.000
1521	142093	1	2427.153	70.00	32.68545	176.42491	-16.909	19.782	0.000	-10.143	-10.577	-55.000	2500.000
1522	142194	1	2206.605	70.00	31.29123	176.33653	-58.135	33.435	-80.000	-44.477	-43.218	-101.000	2500.000
1523	142228	2	-2320.984	70.00	35.70599	175.37314	-21.806	3.479	-200.000	-49.274	-19.382	-34.000	-2000.000
1524	142348	1	2010.448	71.00	30.36694	176.01602	-117.853	26.928	-120.000	-54.232	-104.395	-120.000	2500.000
1525	142498	2	-2604.493	71.00	34.78153	176.12735	-79.310	32.528	-80.000	-242.018	-85.693	-150.000	-2000.000
1526	142561	1	2082.571	71.00	33.40475	177.28595	-34.201	22.926	-320.000	-7.367	-15.788	-63.000	2500.000
1527	142660	2	-2450.914	71.00	36.03325	176.33195	-66.468	44.287	-260.000	-29.843	-39.891	-99.000	-2000.000
1528	142713	1	2420.512	71.00	30.35343	177.16028	-9.905	18.491	0.000	-25.951	-9.122	-53.000	2500.000
1529	142823	1	2070.849	71.00	35.96904	176.16592	-58.856	37.879	-200.000	-39.728	-58.445	-110.000	2500.000
1530	142886	2	-2239.414	71.00	35.31771	176.58060	-45.193	6.729	-120.000	-4.615	-13.334	-63.000	-2000.000
1531	142917	2	-2194.765	70.00	33.99982	177.18396	-19.110	5.150	-100.000	-28.029	-21.775	-31.000	-2000.000
1532	142947	2	-2670.566	69.00	31.29434	177.11455	-64.174	-2.467	-320.000	-198.168	-55.757	-30.000	-2000.000
1533	143001	1	2256.983	70.00	34.47947	176.22992	-43.375	13.328	-120.000	-20.645	-18.324	-54.000	2500.000
1534	143113	1	2024.413	71.00	34.28497	176.95511	-74.852	38.123	-240.000	-43.244	-43.614	-112.000	2500.000
1535	143143	2	-2472.727	70.00	32.94160	176.20375	-35.481	-0.900	-280.000	-75.876	-50.470	-30.000	-2000.000
1536	143175	2	-2161.557	69.00	33.39962	176.97993	-35.453	8.072	-80.000	-3.187	-18.989	-32.000	-2000.000
1537	143245	1	2372.887	69.00	33.35331	176.31566	-49.823	18.735	0.000	-2.214	-23.810	-70.000	2500.000
1538	143308	1	2390.917	69.00	33.89254	175.80034	-34.820	19.786	0.000	-8.334	-22.715	-63.000	2500.000
1539	143338	1	2362.180	69.00	32.69162	175.78447	-48.166	4.273	0.000	-15.055	-48.872	-30.000	2500.000
1540	143414	1	2106.080	70.00	32.25423	175.58545	-56.316	19.842	-240.000	-4.016	-37.430	-76.000	2500.000
1541	143562	2	-2385.253	70.00	36.83405	176.15544	-96.295	49.157	-80.000	-66.386	-43.729	-148.000	-2000.000
1542	143641	1	2341.878	70.00	32.00110	176.13876	-51.621	25.171	0.000	-2.390	-50.281	-79.000	2500.000
1543	143793	1	2143.920	70.00	34.61289	175.58923	-96.519	51.419	0.000	-104.119	-54.862	-152.000	2500.000
1544	143855	2	-2459.831	69.00	32.84430	176.45226	-51.873	21.233	-260.000	-27.689	-79.501	-62.000	-2000.000
1545	143918	1	2359.754	69.00	34.87352	176.87079	-52.589	9.531	0.000	-8.112	-26.076	-63.000	2500.000
1546	143978	1	2322.665	70.00	34.03045	176.69574	-50.642	21.934	0.000	-43.178	-45.450	-60.000	2500.000
1547	144021	2	-2260.615	69.00	36.02478	175.10797	-46.569	4.412	-140.000	-14.091	-21.367	-43.000	-2000.000
1548	144054	2	-2353.593	68.00	34.36469	176.28934	-52.054	-0.422	-200.000	-51.902	-16.215	-33.000	-2000.000
1549	144114	1	2147.447	68.00	31.72607	176.15308	-39.923	13.174	-180.000	-54.908	-30.896	-60.000	2500.000
1550	144184	1	2378.127	69.00	31.81111	175.87440	-31.281	24.420	0.000	-4.172	-40.839	-70.000	2500.000
1551	144292	1	2254.991	69.00	30.47900	175.49417	-64.820	42.660	-60.000	-9.521	-45.328	-108.000	2500.000
1552	144371	1	2370.013	69.00	31.35856	176.03380	-40.040	23.522	0.000	-10.517	-23.952	-79.000	2500.000
1553	144423	1	2420.570	69.00	38.90360	176.69872	-24.319	15.733	0.000	-4.965	-13.880	-52.000	2500.000
1554	144561	1	2107.292	69.00	34.75833	175.34248	-83.684	48.864	-100.000	-41.548	-78.340	-138.000	2500.000
1555	144617	2	-2505.829	69.00	31.31252	176.00639	-103.074	-1.390	-220.000	-43.608	-81.757	-56.000	-2000.000
1556	144670	1	2193.741	69.00	33.21467	175.82394	-34.915	13.820	-160.000	-35.099	-37.066	-53.000	2500.000
1557	144703	1	2383.139	69.00	33.52341	175.04277	-47.889	-8.139	0.000	-2.552	-25.281	-33.000	2500.000
1558	144773	2	-2313.144	68.00	34.60545	176.11284	-51.887	16.445	-120.000	-50.766	-36.936	-70.000	-2000.000
1559	144840	1	2363.322	68.00	32.39722	174.95491	-60.388	15.528	0.000	-3.370	-21.447	-67.000	2500.000
1560	144899	1	2214.983	68.00	32.45895	174.96941	-40.328	17.999	-160.000	-3.660	-40.028	-59.000	2500.000
1561	144995	1	2326.064	69.00	34.26859	175.77136	-46.717	33.105	-20.000	-12.180	-32.143	-96.000	2500.000
1562	145026	2	-2117.390	68.00	34.13160	176.04025	-28.297	5.444	-40.000	-6.280	-17.257	-31.000	-2000.000
1563	145244	4	-956.234	67.00	34.25688	175.52417	-244.905	58.504	-260.000	-160.058	-131.774	-218.000	0.000
1564	145392	1	2165.982	67.00	31.46447	175.56387	-94.712	53.660	0.000	-60.670	-84.297	-148.000	2500.000
1565	145440	2	-2197.090	66.00	33.23464	175.46240	-58.808	1.454	-40.000	-24.088	-27.648	-48.000	-2000.000
1566	145488	1	2213.541	66.00	30.63094	175.44997	-44.892	11.450	-160.000	-22.215	-22.802	-48.000	2500.000
1567	145522	2	-2759.039	65.00	34.47829	175.49837	-43.431	1.909	-580.000	-61.528	-41.989	-34.000	-2000.000
1568	145558	2	-2310.865	64.00	30.28577	174.96246	-44.961	5.307	-220.000	-6.231	-8.979	-36.000	-2000.000
1569	145653	1	2226.677	64.00	32.18084	174.99219	-106.206	11.196	0.000	-40.828	-42.485	-95.000	2500.000
1570	145706	1	2350.495	65.00	30.52061	174.90564	-17.634	17.325	-80.000	-6.938	-9.259	-53.000	2500.000
1571	145822	1	2274.112	65.00	34.67746	174.82851	-51.980	41.849	0.000	-62.063	-37.694	-116.000	2500.000
1572	145916	2	-2316.236	65.00	33.32454	175.18916	-72.541	23.723	-100.000	-34.277	-39.140	-94.000	-2000.000
1573	145995	1	2149.803	65.00	35.90543	175.31821	-86.364	10.497	-120.000	-33.471	-41.859	-79.000	2500.000
1574	146038	1	2244.065	66.00	36.36519	176.58867	-15.565	13.650	-180.000	-10.767	-20.252	-43.000	2500.000
1575	146204	2	-2794.499	65.00	34.92323	174.98975	-138.239	51.634	-320.000	-154.628	-67.266	-166.000	-2000.000
1576	146301	2	-2367.512	64.00	33.95496	174.78052	-103.715	5.942	-100.000	-23.075	-49.664	-97.000	-2000.000
1577	146350	1	2392.273	64.00	31.82086	173.97939	-41.129	9.000	0.000	-2.528	-24.070	-49.000	2500.000
1578	146417	1	2066.196	64.00	35.49165	174.92284	-42.742	20.996	-300.000	-13.392	-31.666	-67.000	2500.000
1579	146477	1	2347.340	65.00	28.95320	174.28566	-28.734	19.908	-40.000	-23.701	-20.132	-60.000	2500.000
1580	146535	1	2037.662	65.00	36.73982	175.54390	-35.474	20.060	-320.000	-31.061	-37.862	-58.000	2500.000
1581	146591	2	-2285.117	64.00	32.90184	175.75403	-42.887	9.816	-140.000	-36.703	-19.343	-56.000	-2000.000
1582	146632	2	-2529.082	64.00	31.50355	176.41693	-42.950	7.986	-340.000	-58.848	-54.269	-41.000	-2000.000
1583	146711	1	2164.483	64.00	33.21411	174.67328	-71.412	10.726	-80.000	-58.154	-57.677	-79.000	2500.000
1584	146760	2	-2232.995	63.00	34.34766	175.15730	-37.151	4.108	-80.000	-47.665	-23.287	-49.000	-2000.000
1585	146856	1	2276.687	63.00	33.20005	175.10133	-76.391	24.906	0.000	-30.453	-45.375	-96.000	2500.000
1586	146993	1	2264.629	63.00	32.03747	174.99585	-101.760	63.809	0.000	-10.189	-50.232	-137.000	2500.000
1587	147111	1	2286.355	63.00	32.48079	174.39427	-82.451	36.215	0.000	-2.978	-46.431	-118.000	2500.000
1588	147144	1	2411.949	64.00	33.94164	174.51030	-29.404	6.264	0.000	-0.327	-31.584	-33.000	2500.000
1589	147232	2	-2742.676	63.00	33.04870	174.90285	-119.935	11.885	-360.000	-94.132	-92.494	-88.000	-2000.000
1590	147319	1	2354.249	63.00	33.14608	174.33902	-59.537	25.010	0.000	-5.767	-18.458	-87.000	2500.000
1591	147414	1	2307.448	64.00	34.16985	174.27219	-51.619	30.868	-20.000	-20.227	-36.574	-95.000	2500.000
1592	147505	2	-2450.298	63.00	31.64952	174.58989	-44.184	22.751	-300.000	-13.068	-24.797	-91.000	-2000.000
1593	147592	1	2333.153	64.00	33.77253	174.82654	-42.274	25.225	0.000	-31.798	-31.000	-87.000	2500.000
1594	147646	2	-2291.707	63.00	31.03791	174.45676	-41.432	9.406	-160.000	-6.966	-38.716	-54.000	-2000.000
1595	147762	1	2260.971	63.00	32.45491	175.35938	-65.111	31.781	0.000	-53.419	-36.281	-116.000	2500.000
1596	147898	1	1921.280	63.00	33.34690	174.76732	-179.408	44.096	-100.000	-91.589	-115.818	-136.000	2500.000
1597	148036	1	2081.674	64.00	32.35003	175.02138	-91.900	46.205	-140.000	-19.530	-75.101	-138.000	2500.000
1598	148173	2	-2354.835	63.00	30.50948	173.95476	-74.487	32.344	-100.000	-41.597	-34.095	-137.000	-2000.000
1599	148251	1	2318.811	63.00	34.05412	174.63962	-65.105	15.811	0.000	-17.176	-36.720	-78.000	2500.000
1600	148302	1	2330.232	63.00	32.74989	173.95251	-20.321	15.192	-80.000	-6.181	-27.458	-51.000	2500.000
1601	148439	1	2198.327	63.00	32.09616	174.31921	-69.470	49.641	-60.000	-39.778	-45.066	-137.000	2500.000
1602	148517	2	-2590.950	62.00	32.04064	174.17657	-79.264	2.768	-340.000	-55.626	-40.828	-78.000	-2000.000
1603	148589	1	2325.480	62.00	32.86691	174.81058	-35.506	19.829	0.000	-45.070	-41.773	-72.000	2500.000
1604	148702	1	2330.199	63.00	31.77949	174.78873	-49.000	41.721	0.000	-27.737	-21.786	-113.000	2500.000
1605	148889	2	-3174.687	62.00	33.48174	174.25386	-183.415	49.333	-420.000	-247.020	-186.585	-187.000	-2000.000
1606	149000	1	2123.431	62.00	30.66575	174.10674	-63.854	35.913	-160.000	-38.256	-39.372	-111.000	2500.000
1607	149184	1	2054.112	62.00	32.33443	173.84741	-105.654	61.087	-140.000	-35.783	-41.538	-184.000	2500.000
1608	149214	1	2374.896	62.00	34.49798	174.07571	-44.948	2.558	0.000	-0.549	-52.165	-30.000	2500.000
1609	149362	1	2211.824	63.00	33.98263	174.48550	-110.828	45.130	0.000	-17.152	-57.327	-148.000	2500.000
1610	149398	2	-2259.163	63.00	31.07411	173.98886	-21.264	1.543	-140.000	-45.704	-17.737	-36.000	-2000.000
1611	149428	2	-2593.094	62.00	31.11792	174.51093	-29.229	-0.941	-400.000	-71.468	-61.456	-30.000	-2000.000
1612	149489	1	2326.613	63.00	32.93343	173.28421	-68.409	8.573	0.000	-8.067	-44.484	-61.000	2500.000
1613	149560	1	2372.490	63.00	31.87959	173.57094	-33.938	21.043	0.000	-22.588	-21.027	-71.000	2500.000
1614	149596	2	-2202.183	63.00	32.27775	173.09662	-21.301	6.660	-60.000	-45.531	-46.010	-36.000	-2000.000
1615	149710	1	2269.550	64.00	32.63126	174.88538	-65.339	37.084	0.000	-44.217	-43.978	-114.000	2500.000
1616	149888	1	1994.814	64.00	33.90729	173.88350	-113.823	53.547	-160.000	-55.920	-50.991	-178.000	2500.000
1617	150004	2	-2424.745	64.00	35.02603	174.23343	-139.089	17.318	-80.000	-30.827	-76.148	-116.000	-2000.000
1618	150054	2	-2210.664	64.00	32.79914	173.24684	-54.916	4.852	-80.000	-14.545	-16.055	-50.000	-2000.000
1619	150128	1	2386.130	64.00	34.52993	174.21165	-29.102	26.144	0.000	-12.933	-23.979	-74.000	2500.000
1620	150237	1	2107.501	64.00	34.15434	174.47195	-49.002	39.148	-180.000	-33.553	-60.092	-109.000	2500.000
1621	150300	1	2400.712	64.00	33.62797	174.01950	-32.763	21.635	0.000	-4.165	-20.995	-63.000	2500.000
1622	150439	1	2251.652	64.00	31.13207	174.05231	-75.511	49.750	0.000	-33.160	-50.428	-139.000	2500.000
1623	150471	1	2367.963	65.00	37.78687	174.79089	-45.801	1.553	0.000	-8.646	-47.143	-32.000	2500.000
1624	150517	2	-2461.717	64.00	33.46977	174.54633	-50.154	9.459	-320.000	-4.784	-50.238	-46.000	-2000.000
1625	150641	2	-2870.316	64.00	32.09060	173.68600	-127.683	15.114	-440.000	-86.737	-107.011	-124.000	-2000.000
1626	150719	1	2375.597	64.00	32.51631	174.25996	-35.175	26.125	0.000	-16.949	-20.404	-78.000	2500.000
1627	150909	1	1962.923	65.00	32.78751	173.93602	-139.102	68.329	-80.000	-87.484	-108.819	-190.000	2500.000
1628	151018	1	2029.081	65.00	34.29036	173.40813	-85.650	44.061	-240.000	-22.367	-57.963	-109.000	2500.000
1629	151070	1	2355.328	65.00	31.42610	172.78708	-54.714	6.779	0.000	-13.749	-30.988	-52.000	2500.000
1630	151109	2	-2224.278	65.00	32.49544	174.08391	-32.404	3.683	-80.000	-28.410	-48.146	-39.000	-2000.000
1631	151193	1	2322.260	66.00	34.07626	174.06908	-39.338	26.862	-40.000	-27.135	-14.129	-84.000	2500.000
1632	151293	1	2042.770	67.00	35.80943	173.56641	-60.531	33.128	-260.000	-22.470	-47.357	-100.000	2500.000
1633	151323	1	2409.593	67.00	38.98157	172.77596	-29.373	8.699	0.000	-9.855	-29.879	-30.000	2500.000
1634	151384	2	-2299.452	66.00	31.60505	172.93240	-76.325	5.268	-120.000	-14.397	-32.998	-61.000	-2000.000
1635	151469	1	2317.030	67.00	29.70949	172.99353	-59.166	20.573	0.000	-15.431	-43.947	-85.000	2500.000
1636	151604	1	1853.139	68.00	32.43316	172.92592	-76.287	40.946	-360.000	-57.920	-58.600	-135.000	2500.000
1637	151754	1	2111.270	68.00	33.50006	173.63118	-97.255	52.232	-20.000	-86.042	-87.665	-150.000	2500.000
1638	151818	1	2388.054	68.00	33.59654	173.62958	-24.636	19.694	0.000	-12.146	-30.858	-64.000	2500.000
1639	151899	1	2196.401	68.00	35.27464	173.74474	-49.876	19.574	0.000	-130.350	-61.947	-81.000	2500.000
1640	151997	1	2257.761	68.00	32.32936	173.04764	-42.769	35.385	-60.000	-15.902	-60.953	-98.000	2500.000
1641	152097	1	2119.659	69.00	33.49061	172.94887	-37.351	34.781	-180.000	-63.766	-34.005	-100.000	2500.000
1642	152166	1	2205.019	69.00	31.56325	173.99411	-67.450	11.506	-140.000	-8.887	-21.150	-69.000	2500.000
1643	152333	1	1829.929	69.00	31.23945	172.36812	-158.947	37.755	-160.000	-104.544	-117.334	-167.000	2500.000
1644	152466	2	-2601.263	69.00	32.56992	173.43185	-96.695	25.581	-260.000	-76.062	-61.086	-133.000	-2000.000
1645	152565	1	2052.577	69.00	32.98945	173.42610	-84.632	18.670	-180.000	-31.092	-71.369	-99.000	2500.000
1646	152598	1	2442.444	69.00	30.66604	173.31923	-17.598	8.251	0.000	-3.090	-12.119	-33.000	2500.000
1647	152722	2	-2387.201	69.00	34.37795	172.70726	-87.583	32.514	-140.000	-30.583	-37.548	-124.000	-2000.000
1648	152804	1	2366.473	70.00	32.89431	173.51463	-50.163	32.953	0.000	-16.687	-17.630	-82.000	2500.000
1649	152859	1	2422.655	70.00	32.95313	172.47653	-25.796	18.019	0.000	-1.130	-13.438	-55.000	2500.000
1650	152944	1	2163.935	70.00	31.68669	173.35281	-74.949	18.163	-140.000	-34.210	-20.069	-85.000	2500.000
1651	153084	1	1971.747	70.00	34.23621	173.59186	-87.841	43.999	-240.000	-37.558	-66.852	-140.000	2500.000
1652	153189	1	2054.678	70.00	33.27351	173.34679	-53.787	36.666	-260.000	-17.122	-46.079	-105.000	2500.000
1653	153219	2	-2291.407	69.00	35.39669	174.31288	-29.221	1.118	-160.000	-34.908	-38.396	-30.000	-2000.000
1654	153270	2	-2228.654	68.00	33.40630	172.10555	-33.110	11.408	-80.000	-55.719	-20.233	-51.000	-2000.000
1655	153301	1	2431.924	69.00	34.60328	172.56821	-29.475	9.299	0.000	-2.764	-14.136	-31.000	2500.000
1656	153445	1	2176.831	69.00	34.85660	173.72479	-120.203	35.092	0.000	-30.276	-63.782	-144.000	2500.000
1657	153488	2	-2239.316	68.00	32.69918	172.75766	-27.731	14.716	-100.000	-37.616	-45.685	-43.000	-2000.000
1658	153518	1	2427.186	69.00	33.82325	173.80112	-23.488	10.954	-20.000	-2.076	-8.203	-30.000	2500.000
1659	153565	2	-2137.039	68.00	32.85760	172.92401	-18.356	10.783	-60.000	-0.496	-21.969	-47.000	-2000.000
1660	153642	1	2305.605	68.00	32.59859	174.33591	-56.393	24.031	0.000	-24.999	-60.034	-77.000	2500.000
1661	153788	1	2261.224	68.00	31.72791	173.02397	-77.468	52.493	0.000	-28.240	-39.562	-146.000	2500.000
1662	153867	2	-2516.634	68.00	37.99167	172.71220	-63.814	21.934	-280.000	-49.325	-66.430	-79.000	-2000.000
1663	153954	1	2283.287	69.00	35.58895	173.21899	-47.680	22.594	0.000	-52.681	-51.946	-87.000	2500.000
1664	154012	2	-2425.170	68.00	34.26797	172.63707	-48.492	6.176	-180.000	-77.001	-67.853	-58.000	-2000.000
1665	154060	1	2424.826	69.00	30.55656	172.68428	-17.646	16.992	0.000	-7.295	-19.226	-48.000	2500.000
1666	154143	1	1950.308	69.00	34.79307	173.04671	-60.083	19.082	-320.000	-45.119	-60.572	-83.000	2500.000
1667	154185	2	-2241.814	69.00	32.08134	172.24361	-16.436	3.709	-120.000	-30.350	-36.737	-42.000	-2000.000
1668	154222	1	2301.419	70.00	31.32385	173.22690	-20.388	9.844	-120.000	-9.794	-21.243	-37.000	2500.000
1669	154252	1	2444.555	70.00	29.90872	173.13275	-20.205	13.536	0.000	-6.549	-12.227	-30.000	2500.000
1670	154350	1	2231.094	70.00	34.33660	172.07649	-31.276	34.411	-140.000	-6.158	-27.882	-98.000	2500.000
1671	154421	2	-2365.541	69.00	29.82417	172.96771	-33.253	25.037	-200.000	-45.489	-40.836	-71.000	-2000.000
1672	154560	2	-2961.216	69.00	33.19924	172.39012	-142.642	17.635	-400.000	-126.654	-170.555	-139.000	-2000.000
1673	154639	2	-2506.842	68.00	33.60699	173.34448	-85.641	14.038	-240.000	-43.169	-73.070	-79.000	-2000.000
1674	154760	1	2224.841	68.00	32.94698	172.19627	-91.034	31.419	0.000	-28.268	-66.278	-121.000	2500.000
1675	154880	2	-2381.336	68.00	34.41372	172.63976	-77.474	24.655	-80.000	-72.959	-55.558	-120.000	-2000.000
1676	154970	1	2291.146	69.00	34.71147	173.08763	-84.772	18.805	0.000	-11.256	-41.631	-90.000	2500.000
1677	155095	2	-2455.971	68.00	31.18736	172.53532	-102.013	26.927	-80.000	-105.313	-70.572	-125.000	-2000.000
1678	155170	1	2093.934	68.00	32.79413	172.57428	-48.312	24.568	-240.000	-40.553	-26.769	-75.000	2500.000
1679	155221	2	-2271.325	67.00	33.16074	172.74699	-23.306	12.158	-180.000	-5.322	-23.856	-51.000	-2000.000
1680	155307	1	2187.242	67.00	33.26837	173.27657	-81.736	17.170	0.000	-93.002	-69.191	-86.000	2500.000
1681	155361	2	-2279.595	67.00	35.13010	172.47458	-47.783	8.578	-140.000	-24.349	-22.042	-54.000	-2000.000
1682	155461	1	2292.076	68.00	33.03734	172.18724	-98.453	25.381	0.000	-10.872	-23.980	-100.000	2500.000
1683	155498	1	2412.117	68.00	32.46286	170.93321	-36.680	3.925	0.000	-4.510	-13.618	-37.000	2500.000
1684	155547	1	2357.593	69.00	32.08427	172.89923	-57.579	17.770	0.000	-7.874	-45.723	-49.000	2500.000
1685	155577	1	2388.761	69.00	36.58131	172.08417	-45.438	1.137	0.000	-3.114	-33.824	-30.000	2500.000
1686	155707	1	2270.381	69.00	32.90447	172.07442	-101.681	56.290	0.000	-14.828	-39.399	-130.000	2500.000
1687	155837	2	-2777.157	68.00	32.80537	172.34621	-80.580	30.924	-420.000	-99.788	-77.713	-130.000	-2000.000
1688	155916	1	2373.072	68.00	34.89391	171.68767	-50.417	25.492	0.000	-2.761	-20.242	-79.000	2500.000
1689	155998	2	-2304.834	68.00	31.04262	172.44865	-60.876	17.734	-80.000	-48.932	-50.759	-82.000	-2000.000
1690	156028	1	2438.324	68.00	37.83753	172.28055	-16.254	15.044	0.000	-20.900	-9.566	-30.000	2500.000
1691	156110	2	-2823.768	67.00	33.32402	172.07918	-61.968	17.136	-580.000	-44.250	-72.685	-82.000	-2000.000
1692	156174	1	1971.989	68.00	32.18642	171.36232	-55.081	29.414	-380.000	-4.124	-54.221	-64.000	2500.000
1693	156292	1	2300.722	68.00	36.15569	172.35655	-54.181	39.630	0.000	-32.217	-34.510	-118.000	2500.000
1694	156347	2	-2246.565	68.00	32.87954	172.37933	-36.073	6.459	-120.000	-7.493	-34.457	-55.000	-2000.000
1695	156395	2	-2672.570	67.00	36.61179	172.62395	-91.683	-7.588	-460.000	-16.988	-48.311	-48.000	-2000.000
1696	156537	2	-2851.019	66.00	34.77502	171.74994	-112.295	48.689	-360.000	-163.937	-121.476	-142.000	-2000.000
1697	156687	1	1788.889	66.00	35.16866	171.82726	-121.473	41.604	-300.000	-60.880	-120.362	-150.000	2500.000
1698	156810	1	2268.962	67.00	33.77569	172.13550	-63.919	38.896	0.000	-26.106	-56.909	-123.000	2500.000
1699	156895	1	2046.535	67.00	33.27552	171.86786	-63.344	21.909	-260.000	-23.373	-43.656	-85.000	2500.000
1700	156965	2	-2725.561	66.00	34.37886	173.03847	-109.049	4.466	-360.000	-99.189	-91.788	-70.000	-2000.000
1701	157066	1	2226.862	66.00	33.13912	172.80852	-98.733	17.483	0.000	-31.186	-59.701	-101.000	2500.000
1702	157161	1	2349.505	67.00	31.81093	171.31140	-44.427	30.736	0.000	-12.453	-29.350	-95.000	2500.000
1703	157281	1	2269.214	67.00	34.53624	172.21600	-66.160	35.268	0.000	-36.447	-43.446	-120.000	2500.000
1704	157312	1	2434.269	67.00	28.41779	171.44435	-16.205	8.412	0.000	-6.332	-20.606	-31.000	2500.000
1705	157344	2	-2384.311	67.00	30.88510	172.36369	-42.026	4.803	-260.000	-2.232	-52.856	-32.000	-2000.000
1706	157374	2	-2212.948	66.00	33.62045	171.92349	-42.276	0.349	-80.000	-9.714	-51.307	-30.000	-2000.000
1707	157449	2	-2364.338	65.00	33.47684	171.79991	-65.608	29.742	-220.000	-18.521	-14.951	-75.000	-2000.000
1708	157536	1	1992.407	65.00	33.57673	171.93140	-111.666	12.443	-220.000	-56.628	-44.742	-87.000	2500.000
1709	157576	1	2428.147	65.00	32.20063	170.92203	-22.367	12.765	0.000	-1.897	-20.354	-40.000	2500.000
1710	157659	1	2127.245	66.00	37.12835	172.30283	-54.032	20.041	-100.000	-89.390	-66.374	-83.000	2500.000
1711	157709	2	-2299.146	66.00	35.15450	172.59721	-32.985	7.303	-200.000	-5.815	-17.650	-50.000	-2000.000
1712	157784	1	2232.844	66.00	34.47618	172.67961	-54.127	19.398	-80.000	-28.577	-48.850	-75.000	2500.000
1713	157838	2	-2148.949	65.00	30.28539	170.56932	-26.420	14.721	-40.000	-5.144	-38.107	-54.000	-2000.000
1714	157929	1	2278.431	66.00	32.86025	171.99667	-80.555	19.256	0.000	-26.441	-42.829	-91.000	2500.000
1715	158029	1	2277.081	66.00	34.29134	171.63185	-81.366	25.379	0.000	-21.542	-45.390	-100.000	2500.000
1716	158092	1	2317.307	66.00	32.24755	171.47585	-27.833	16.883	0.000	-71.335	-37.408	-63.000	2500.000
1717	158202	2	-2424.302	66.00	33.38815	171.90535	-79.920	29.339	-140.000	-79.329	-44.392	-110.000	-2000.000
1718	158299	1	2304.280	67.00	31.67930	171.44649	-60.118	28.010	0.000	-41.138	-25.475	-97.000	2500.000
1719	158357	1	2269.519	67.00	33.58433	170.71019	-41.092	15.300	-120.000	-2.344	-24.345	-58.000	2500.000
1720	158387	1	2451.263	67.00	38.99136	171.18825	-18.892	11.997	0.000	-5.224	-6.618	-30.000	2500.000
1721	158466	1	2373.937	67.00	33.29585	172.26414	-35.755	26.756	0.000	-8.476	-29.588	-79.000	2500.000
1722	158544	1	2323.871	67.00	33.75954	172.18214	-63.320	18.628	-20.000	-6.965	-26.473	-78.000	2500.000
1723	158603	1	2396.554	67.00	32.95950	172.19704	-26.113	18.761	0.000	-15.661	-21.434	-59.000	2500.000
1724	158740	1	2172.603	68.00	33.32492	172.04843	-106.859	48.929	-20.000	-61.638	-50.829	-137.000	2500.000
1725	158803	1	2274.277	69.00	32.56628	171.70673	-21.362	18.460	-120.000	-16.623	-23.196	-63.000	2500.000
1726	158852	1	2421.578	69.00	37.38748	170.19121	-28.382	13.605	0.000	-3.273	-11.373	-49.000	2500.000
1727	159068	4	-684.619	68.00	34.90310	172.15508	-254.131	54.965	-40.000	-117.896	-111.557	-216.000	0.000
1728	159102	1	2431.321	68.00	34.73744	171.12210	-28.202	6.518	0.000	-0.694	-12.301	-34.000	2500.000
1729	159193	2	-2364.963	67.00	31.57527	171.95148	-70.701	16.011	-60.000	-113.359	-45.913	-91.000	-2000.000
1730	159223	2	-2367.389	67.00	30.15667	171.90729	-34.134	2.334	-240.000	-3.209	-62.380	-30.000	-2000.000
1731	159253	2	-2694.542	66.00	34.28326	171.79434	-35.118	-0.130	-500.000	-74.760	-54.535	-30.000	-2000.000
1732	159284	2	-2208.420	65.00	33.83646	172.58759	-35.521	3.479	-100.000	-19.315	-26.062	-31.000	-2000.000
1733	159339	1	2353.326	65.00	32.11049	171.35664	-43.841	10.650	0.000	-11.333	-47.151	-55.000	2500.000
1734	159425	2	-2604.905	65.00	32.61572	171.59639	-119.968	17.245	-320.000	-32.975	-63.208	-86.000	-2000.000
1735	159487	1	2246.577	65.00	34.84490	172.05693	-30.381	20.014	-160.000	-8.098	-12.958	-62.000	2500.000
1736	159569	2	-2440.966	64.00	33.77122	171.52846	-49.733	18.776	-180.000	-92.302	-55.706	-82.000	-2000.000
1737	159601	1	2285.584	64.00	29.34077	170.19421	-28.450	6.327	-120.000	-10.793	-29.500	-32.000	2500.000
1738	159651	2	-2303.994	63.00	34.86970	170.84805	-34.307	8.942	-120.000	-65.470	-43.159	-50.000	-2000.000
1739	159799	1	1945.398	63.00	33.46067	171.24989	-170.325	53.954	-100.000	-70.147	-120.085	-148.000	2500.000
1740	159877	1	2396.217	63.00	33.67020	171.03264	-26.541	25.239	0.000	-3.738	-20.743	-78.000	2500.000
1741	159927	1	2394.854	63.00	35.58702	171.43825	-28.344	13.438	0.000	-8.714	-31.525	-50.000	2500.000
1742	159991	2	-2505.294	62.00	34.69671	170.96814	-100.694	1.462	-240.000	-25.867	-76.195	-64.000	-2000.000
1743	160035	1	2380.508	62.00	33.23315	171.05627	-31.418	11.816	0.000	-14.924	-40.967	-44.000	2500.000
1744	160104	2	-2356.223	62.00	32.67076	171.71216	-68.069	7.367	-180.000	-8.509	-38.011	-69.000	-2000.000
1745	160207	1	1951.835	62.00	35.30215	170.76271	-72.696	32.476	-220.000	-104.545	-80.400	-103.000	2500.000
1746	160314	1	2194.958	62.00	32.68744	171.16154	-32.204	35.638	-160.000	-4.554	-36.921	-107.000	2500.000
1747	160381	1	2071.432	63.00	36.21954	171.10797	-78.345	7.200	-160.000	-50.045	-80.378	-67.000	2500.000
1748	160460	2	-2230.451	62.00	33.78613	171.12265	-90.408	15.740	-40.000	-10.262	-26.522	-79.000	-2000.000
1749	160490	1	2438.811	62.00	33.24860	171.24153	-21.859	9.389	0.000	-7.247	-11.472	-30.000	2500.000
1750	160579	1	2346.613	62.00	34.79881	171.51335	-45.308	26.038	0.000	-17.280	-27.837	-89.000	2500.000
1751	160638	1	2364.543	62.00	33.24513	170.95581	-70.381	24.993	0.000	-3.635	-27.433	-59.000	2500.000
1752	160890	4	-1097.900	61.00	35.24779	171.55588	-296.156	61.862	-400.000	-78.098	-133.508	-252.000	0.000
1753	160939	1	2433.265	62.00	32.67706	172.25711	-20.444	14.122	0.000	-4.306	-7.107	-49.000	2500.000
1754	161053	1	2148.625	63.00	31.91932	170.73705	-70.656	42.297	-120.000	-36.232	-52.782	-114.000	2500.000
1755	161108	1	2305.869	63.00	33.27609	171.35310	-80.242	-11.197	0.000	-9.812	-37.881	-55.000	2500.000
1756	161172	1	2368.184	63.00	33.13942	171.62952	-61.381	27.295	0.000	-6.497	-27.234	-64.000	2500.000
1757	161296	1	2008.755	64.00	34.63292	170.46078	-74.976	38.139	-220.000	-45.311	-65.097	-124.000	2500.000
1758	161387	2	-2406.768	63.00	35.02531	171.88574	-83.092	11.151	-140.000	-52.675	-51.152	-91.000	-2000.000
1759	161490	1	2225.129	64.00	34.78527	170.61557	-106.703	30.754	-20.000	-18.473	-57.449	-103.000	2500.000
1760	161599	1	2279.984	64.00	32.72167	170.39610	-71.325	33.002	0.000	-24.446	-48.247	-109.000	2500.000
1761	161714	1	2146.745	64.00	34.43849	171.01646	-81.445	34.512	-120.000	-23.582	-47.740	-115.000	2500.000
1762	161790	1	2245.546	65.00	33.84146	170.51782	-105.595	24.031	0.000	-12.844	-84.046	-76.000	2500.000
1763	161854	1	2332.556	65.00	32.75067	170.90178	-84.683	18.820	0.000	-4.247	-33.334	-64.000	2500.000
1764	161934	1	2222.409	66.00	31.16526	171.22488	-80.779	22.074	-80.000	-12.912	-45.973	-80.000	2500.000
1765	161974	1	2341.454	66.00	35.33583	171.68506	-65.483	8.859	0.000	-22.590	-39.331	-40.000	2500.000
1766	162008	2	-2303.374	65.00	30.04621	171.42462	-50.533	-4.613	-120.000	-41.820	-52.408	-34.000	-2000.000
1767	162046	1	2396.539	66.00	32.46398	171.32353	-28.500	8.695	0.000	-7.154	-38.502	-38.000	2500.000
1768	162109	1	2383.541	66.00	31.20989	170.72539	-30.545	20.950	0.000	-17.367	-26.497	-63.000	2500.000
1769	162202	1	2200.588	66.00	34.13619	170.79268	-90.809	20.078	0.000	-75.983	-59.697	-93.000	2500.000
1770	162232	1	2383.786	66.00	34.81140	170.40053	-42.058	1.632	0.000	-1.193	-44.596	-30.000	2500.000
1771	162346	1	2291.437	67.00	35.69669	170.37134	-56.428	39.316	0.000	-35.753	-41.698	-114.000	2500.000
1772	162392	1	2380.592	68.00	34.79856	169.76167	-31.802	10.383	0.000	-24.368	-27.621	-46.000	2500.000
1773	162431	1	2162.680	69.00	36.27633	169.92587	-31.542	8.288	-240.000	-2.530	-32.536	-39.000	2500.000
1774	162591	1	1935.959	69.00	31.83956	170.80568	-134.362	56.174	-240.000	-35.079	-50.774	-160.000	2500.000
1775	162681	1	2358.371	70.00	33.35286	170.53770	-42.969	33.063	0.000	-20.265	-21.459	-90.000	2500.000
1776	162786	1	2325.006	70.00	35.49604	170.17151	-70.024	38.684	0.000	-11.312	-27.342	-105.000	2500.000
1777	162819	1	2460.629	71.00	35.17191	170.83923	-12.554	10.638	0.000	-0.199	-4.255	-33.000	2500.000
1778	162855	1	2394.667	71.00	32.88361	170.01015	-45.532	4.157	0.000	-2.951	-25.007	-36.000	2500.000
1779	162937	2	-2519.911	71.00	33.10233	170.44702	-83.098	5.605	-80.000	-193.636	-86.782	-82.000	-2000.000
1780	163006	1	1902.608	71.00	31.85650	169.41537	-81.223	13.788	-360.000	-18.638	-82.318	-69.000	2500.000
1781	163096	1	2259.544	72.00	32.67527	170.28001	-79.012	23.562	-40.000	-27.458	-27.547	-90.000	2500.000
1782	163128	2	-2200.948	71.00	32.56093	169.85887	-42.748	0.313	-80.000	-28.071	-18.442	-32.000	-2000.000
1783	163219	1	2334.410	71.00	33.81999	171.14326	-51.416	28.066	0.000	-24.725	-26.515	-91.000	2500.000
1784	163395	2	-2775.966	70.00	31.59424	170.78401	-97.514	87.716	-280.000	-172.073	-138.095	-176.000	-2000.000
1785	163459	1	2331.548	70.00	34.44233	170.62141	-29.029	21.602	-40.000	-34.696	-22.328	-64.000	2500.000
1786	163534	2	-2328.145	69.00	36.05502	169.27487	-77.322	6.411	-120.000	-33.685	-28.549	-75.000	-2000.000
1787	163573	2	-2702.532	69.00	34.72313	168.95192	-63.969	-1.459	-480.000	-50.863	-67.240	-39.000	-2000.000
1788	163627	1	2271.208	69.00	35.87951	170.54539	-56.569	12.919	-80.000	-11.979	-39.163	-54.000	2500.000
1789	163758	1	2195.957	70.00	32.03506	170.37988	-81.530	51.809	-20.000	-55.671	-67.651	-131.000	2500.000
1790	163853	1	2111.407	70.00	33.31050	169.76967	-60.048	46.960	-100.000	-100.834	-79.671	-95.000	2500.000
1791	163941	1	2272.430	71.00	31.33648	170.15544	-69.074	30.105	-40.000	-16.328	-44.273	-88.000	2500.000
1792	163982	1	2454.732	71.00	33.78019	169.37155	-6.256	16.050	0.000	-7.662	-6.399	-41.000	2500.000
1793	164087	1	1967.358	71.00	32.44176	169.89487	-128.367	9.954	-240.000	-25.237	-43.992	-105.000	2500.000
1794	164193	2	-2328.662	71.00	32.84886	170.39024	-73.796	34.867	-40.000	-89.654	-54.079	-106.000	-2000.000
1795	164223	1	2435.304	72.00	33.63896	171.10487	-21.029	7.323	0.000	-2.263	-18.727	-30.000	2500.000
1796	164300	1	2349.837	73.00	34.05164	170.89627	-47.601	25.020	0.000	-16.322	-34.261	-77.000	2500.000
1797	164521	4	-944.532	72.00	34.72260	169.49646	-191.442	67.925	-340.000	-148.598	-111.416	-221.000	0.000
1798	164623	1	1825.755	72.00	33.20897	168.84595	-91.518	17.499	-360.000	-64.834	-73.391	-102.000	2500.000
1799	164683	1	2260.879	72.00	32.45694	168.81422	-27.406	18.360	-120.000	-8.279	-41.795	-60.000	2500.000
1800	164835	1	2089.939	73.00	33.48712	169.07458	-132.410	52.057	-100.000	-19.692	-58.015	-152.000	2500.000
1801	164880	1	2391.725	73.00	33.33260	169.65909	-39.345	9.601	0.000	-3.052	-30.479	-45.000	2500.000
1802	164924	1	2439.712	73.00	40.19181	169.76018	-20.077	14.112	0.000	-2.078	-8.244	-44.000	2500.000
1803	165024	2	-2310.831	72.00	32.84696	169.74345	-48.886	35.406	-120.000	-32.386	-44.965	-100.000	-2000.000
1804	165105	2	-2248.401	71.00	30.26805	170.25456	-59.350	11.743	-60.000	-8.450	-51.343	-81.000	-2000.000
1805	165144	2	-2630.139	71.00	35.94420	171.39977	-46.812	-0.530	-340.000	-148.096	-55.700	-39.000	-2000.000
1806	165210	1	2405.559	72.00	32.35445	170.02924	-36.938	25.493	0.000	-7.665	-9.330	-66.000	2500.000
1807	165301	1	1967.298	73.00	34.37692	169.59143	-73.167	31.783	-340.000	-18.666	-41.652	-91.000	2500.000
1808	165421	1	2164.122	73.00	30.89409	169.29994	-95.847	39.129	-100.000	-17.859	-41.302	-120.000	2500.000
1809	165547	1	1976.234	73.00	33.90770	169.38881	-104.042	39.489	-240.000	-26.652	-66.561	-126.000	2500.000
1810	165752	1	1133.091	73.00	34.22815	169.26080	-187.715	50.927	-800.000	-131.126	-93.993	-205.000	2500.000
1811	165833	1	2042.474	74.00	32.10157	168.90201	-112.349	-11.365	-200.000	-16.333	-36.479	-81.000	2500.000
1812	165939	1	2224.546	74.00	34.28304	169.78873	-68.890	30.127	-60.000	-30.877	-39.814	-106.000	2500.000
1813	166082	1	2157.809	75.00	36.15740	169.58115	-102.686	48.102	-80.000	-24.649	-39.958	-143.000	2500.000
1814	166223	1	2222.318	75.00	35.13487	169.62462	-72.175	48.775	0.000	-60.976	-52.305	-141.000	2500.000
1815	166302	2	-2264.963	74.00	34.01938	168.94827	-53.488	12.322	-60.000	-36.071	-48.726	-79.000	-2000.000
1816	166373	1	2383.502	74.00	32.92297	169.23193	-41.544	27.055	0.000	-5.904	-25.105	-71.000	2500.000
1817	166442	2	-2202.737	74.00	36.70433	169.87997	-32.573	18.424	-80.000	-13.766	-25.821	-69.000	-2000.000
1818	166559	1	2050.966	74.00	33.79077	168.90845	-87.365	25.682	-140.000	-47.859	-82.492	-117.000	2500.000
1819	166627	1	2366.953	74.00	33.23029	169.32903	-55.200	15.935	0.000	-8.991	-16.790	-68.000	2500.000
1820	166690	1	2249.982	74.00	31.96369	168.69344	-92.666	-4.832	0.000	-11.790	-77.731	-63.000	2500.000
1821	166814	1	1949.713	74.00	35.16196	168.82439	-133.667	29.513	-140.000	-63.355	-118.777	-124.000	2500.000
1822	166856	2	-2221.866	73.00	33.08204	170.17921	-14.930	8.985	-100.000	-42.205	-31.716	-42.000	-2000.000
1823	166937	1	2372.726	73.00	33.70928	169.67235	-37.923	27.446	0.000	-8.878	-26.919	-81.000	2500.000
1824	167083	1	2184.928	73.00	36.73962	169.07542	-112.482	59.298	-60.000	-8.322	-47.566	-146.000	2500.000
1825	167138	1	2365.806	73.00	32.29569	169.26895	-45.574	11.938	-20.000	-4.753	-20.805	-55.000	2500.000
1826	167295	2	-2744.656	72.00	32.14115	168.01927	-158.342	22.700	-260.000	-86.079	-105.935	-157.000	-2000.000
1827	167358	2	-2426.180	72.00	33.26384	168.97694	-56.918	9.178	-120.000	-122.645	-72.796	-63.000	-2000.000
1828	167478	1	1813.103	72.00	33.66404	168.90822	-120.189	25.385	-340.000	-54.788	-77.305	-120.000	2500.000
1829	167611	1	2328.158	73.00	34.10023	168.38147	-41.263	49.866	0.000	-32.156	-15.289	-133.000	2500.000
1830	167651	1	2366.048	74.00	35.04456	169.42957	-52.282	13.227	0.000	-4.907	-49.990	-40.000	2500.000
1831	167767	1	2065.525	75.00	32.17560	168.46245	-43.995	40.969	-260.000	-13.563	-41.886	-116.000	2500.000
1832	167895	1	2233.645	76.00	34.47105	168.84534	-101.505	39.498	0.000	-16.637	-59.710	-128.000	2500.000
1833	167976	1	2339.460	76.00	34.55679	167.88039	-59.020	24.173	0.000	-12.550	-32.143	-81.000	2500.000
1834	168019	2	-2198.400	76.00	31.72404	167.94107	-65.598	-0.038	-40.000	-24.672	-25.092	-43.000	-2000.000
1835	168064	1	2384.702	76.00	35.38521	168.08707	-35.734	9.323	0.000	-6.783	-37.104	-45.000	2500.000
1836	168127	1	2372.198	77.00	30.59801	168.47543	-43.286	17.528	0.000	-14.713	-24.330	-63.000	2500.000
1837	168208	1	2235.745	77.00	33.14710	168.30156	-90.867	18.386	-60.000	-10.822	-39.951	-81.000	2500.000
1838	168341	1	2075.400	78.00	31.30073	168.24934	-68.075	49.328	-160.000	-71.551	-41.301	-133.000	2500.000
1839	168438	2	-2478.187	77.00	32.39695	168.47386	-33.517	26.806	-300.000	-43.031	-31.445	-97.000	-2000.000
1840	168472	2	-2593.421	76.00	36.95558	169.42589	-60.590	-0.925	-380.000	-37.504	-80.403	-34.000	-2000.000
1841	168563	1	2057.542	76.00	34.69537	169.21402	-69.771	20.323	-160.000	-82.272	-59.738	-91.000	2500.000
1842	168595	1	2375.838	77.00	33.69852	167.23589	-47.413	-4.267	0.000	-1.416	-39.066	-32.000	2500.000
1843	168667	2	-2314.024	76.00	31.53119	169.30484	-43.870	11.254	-140.000	-35.358	-34.050	-72.000	-2000.000
1844	168747	1	2033.964	77.00	35.25251	167.55600	-62.808	20.821	-260.000	-36.204	-47.845	-80.000	2500.000
1845	168873	1	2167.534	77.00	33.98585	168.65471	-100.915	45.937	-20.000	-41.479	-90.009	-126.000	2500.000
1846	168930	1	2427.730	77.00	30.71572	167.89989	-21.439	20.620	0.000	-3.851	-10.601	-57.000	2500.000
1847	169017	1	2132.012	77.00	36.31590	167.93123	-69.337	19.641	-100.000	-88.468	-42.824	-87.000	2500.000
1848	169143	1	2054.181	78.00	33.63060	168.11636	-125.989	45.416	-180.000	-16.811	-42.436	-126.000	2500.000
1849	169233	1	2354.619	78.00	36.97675	167.92026	-47.665	33.911	0.000	-11.755	-29.872	-90.000	2500.000
1850	169336	2	-2895.359	77.00	33.51200	168.05708	-147.594	45.199	-520.000	-70.606	-99.358	-103.000	-2000.000
1851	169409	1	2294.975	77.00	38.01352	167.33701	-29.281	23.282	-100.000	-11.692	-14.334	-73.000	2500.000
1852	169563	1	2141.290	78.00	33.91909	167.56990	-120.609	58.815	-20.000	-62.388	-60.527	-154.000	2500.000
1853	169636	1	2342.588	78.00	34.28251	168.93413	-49.306	17.004	0.000	-16.284	-35.826	-73.000	2500.000
1854	169842	1	1850.869	78.00	32.03368	167.53210	-214.102	79.926	-140.000	-76.076	-92.879	-206.000	2500.000
1855	169973	1	2295.736	78.00	32.05047	166.86652	-64.831	48.098	0.000	-27.258	-29.272	-131.000	2500.000
1856	170058	1	2245.572	78.00	37.77057	167.35190	-27.653	28.573	-120.000	-17.676	-32.672	-85.000	2500.000
1857	170141	2	-2499.464	77.00	35.23050	168.49956	-106.812	25.016	-220.000	-35.944	-78.724	-83.000	-2000.000
1858	170257	1	2133.710	78.00	33.82002	167.26367	-108.845	25.137	-20.000	-95.680	-50.903	-116.000	2500.000
1859	170386	1	1889.189	78.00	32.37968	167.73242	-109.839	26.000	-320.000	-52.258	-25.715	-129.000	2500.000
1860	170480	1	2058.990	78.00	34.17467	167.75989	-45.912	24.226	-240.000	-56.303	-29.019	-94.000	2500.000
1861	170559	1	2373.035	78.00	35.90668	167.47987	-43.791	23.388	0.000	-1.169	-26.392	-79.000	2500.000
1862	170601	1	2273.648	78.00	32.53363	166.82161	-59.160	-10.036	-80.000	-3.650	-31.507	-42.000	2500.000
1863	170631	1	2397.451	78.00	36.51497	169.09566	-38.046	1.764	0.000	-4.010	-32.257	-30.000	2500.000
1864	170826	1	1487.905	78.00	32.23912	167.28615	-154.117	59.814	-540.000	-59.248	-123.544	-195.000	2500.000
1865	170902	2	-2426.642	77.00	34.79353	167.74251	-53.883	6.265	-80.000	-149.127	-73.897	-76.000	-2000.000
1866	170961	2	-2295.976	77.00	32.87966	166.55804	-91.006	-3.306	-60.000	-19.700	-62.963	-59.000	-2000.000
1867	170997	1	2410.436	77.00	31.42772	167.67619	-31.548	9.407	0.000	-1.134	-30.289	-36.000	2500.000
1868	171054	1	2399.004	77.00	31.69118	167.30870	-27.825	17.143	0.000	-4.335	-28.978	-57.000	2500.000
1869	171084	1	2448.130	77.00	39.12384	167.68628	-14.466	9.273	0.000	-0.311	-16.366	-30.000	2500.000
1870	171115	1	2455.625	77.00	34.57411	166.59488	-12.353	9.480	0.000	-0.293	-10.209	-31.000	2500.000
1871	171145	2	-2619.909	76.00	31.11381	166.56357	-25.915	0.216	-380.000	-120.985	-63.226	-30.000	-2000.000
1872	171276	1	2224.542	76.00	33.53200	167.27621	-94.672	29.966	0.000	-34.455	-45.298	-131.000	2500.000
1873	171467	1	1688.808	76.00	32.02825	167.10620	-145.472	61.321	-400.000	-44.162	-91.879	-191.000	2500.000
1874	171596	1	2287.192	76.00	31.01846	167.08096	-64.755	42.919	0.000	-28.861	-33.112	-129.000	2500.000
1875	171651	1	2267.372	76.00	31.36627	167.92273	-69.511	7.098	-20.000	-53.955	-41.261	-55.000	2500.000
1876	171844	1	1662.804	76.00	34.65721	167.79572	-202.769	44.905	-320.000	-82.339	-83.993	-193.000	2500.000
1877	171910	2	-2307.937	75.00	34.02621	166.56409	-27.322	15.300	-80.000	-96.547	-53.368	-66.000	-2000.000
1878	171977	1	2227.098	75.00	35.47379	167.52660	-37.391	18.460	-140.000	-12.981	-33.990	-67.000	2500.000
1879	172007	1	2459.000	76.00	30.45993	165.48769	-8.916	11.969	0.000	-8.028	-6.025	-30.000	2500.000
1880	172112	1	2244.318	76.00	31.90583	166.76424	-77.308	47.704	-60.000	-14.509	-46.570	-105.000	2500.000
1881	172277	1	2102.916	76.00	33.72149	166.64334	-130.908	56.533	0.000	-95.451	-62.258	-165.000	2500.000
1882	172401	2	-2493.693	76.00	32.58352	167.00348	-92.755	40.584	-140.000	-115.520	-62.001	-124.000	-2000.000
1883	172442	1	2387.647	76.00	31.63383	167.42191	-40.294	9.822	0.000	-6.931	-33.951	-41.000	2500.000
1884	172486	1	2422.574	77.00	33.55448	167.19582	-20.726	12.016	0.000	-11.449	-13.267	-44.000	2500.000
1885	172567	1	2333.568	77.00	34.25217	167.05307	-49.999	24.454	0.000	-18.717	-41.169	-81.000	2500.000
1886	172601	1	2432.855	78.00	29.33068	167.46727	-12.481	7.688	0.000	-13.764	-14.587	-34.000	2500.000
1887	172694	1	2058.888	79.00	31.63597	166.58229	-121.465	24.757	-180.000	-10.097	-61.306	-93.000	2500.000
1888	172853	2	-2816.230	78.00	34.50529	166.52206	-101.706	56.657	-500.000	-77.582	-34.599	-159.000	-2000.000
1889	172907	1	2364.783	78.00	36.77450	167.92345	-45.107	11.834	0.000	-10.433	-37.511	-54.000	2500.000
1890	173119	1	1418.540	78.00	34.31256	166.56462	-255.898	61.717	-340.000	-127.549	-207.730	-212.000	2500.000
1891	173183	1	2363.219	78.00	31.57904	166.56488	-27.090	22.264	0.000	-52.409	-15.545	-64.000	2500.000
1892	173336	2	-2935.278	77.00	32.42917	166.70886	-142.806	41.747	-440.000	-143.707	-97.512	-153.000	-2000.000
1893	173416	1	2319.569	77.00	33.76012	166.95364	-61.064	19.251	0.000	-17.910	-40.708	-80.000	2500.000
1894	173552	1	2014.378	78.00	35.54614	167.39580	-129.148	25.592	-160.000	-28.136	-57.931	-136.000	2500.000
1895	173587	2	-2433.556	77.00	34.39631	166.09453	-40.224	2.455	-280.000	-32.908	-47.879	-35.000	-2000.000
1896	173648	1	2366.908	77.00	35.23750	167.77756	-39.969	15.814	0.000	-21.331	-26.605	-61.000	2500.000
1897	173715	1	2135.496	78.00	33.01244	166.89784	-69.836	8.579	-180.000	-10.355	-45.892	-67.000	2500.000
1898	173782	2	-2225.783	77.00	35.79167	167.17361	-59.004	10.310	-80.000	-9.698	-20.391	-67.000	-2000.000
1899	173866	1	2356.152	77.00	32.96207	166.80579	-42.260	25.611	0.000	-12.838	-30.362	-84.000	2500.000
1900	174038	2	-2556.999	76.00	34.33126	166.76851	-171.615	47.640	-80.000	-83.531	-97.493	-172.000	-2000.000
1901	174160	1	2066.541	76.00	32.55602	166.58353	-119.763	28.474	-140.000	-17.821	-62.349	-122.000	2500.000
1902	174274	1	2250.780	76.00	31.61159	166.68433	-108.410	46.119	0.000	-13.738	-59.192	-114.000	2500.000
1903	174380	1	2307.297	77.00	34.13692	167.55173	-25.990	38.824	0.000	-61.320	-38.217	-106.000	2500.000
1904	174462	1	2213.719	78.00	35.05568	167.09627	-86.218	20.337	-100.000	-4.626	-33.774	-82.000	2500.000
1905	174572	2	-2695.936	78.00	34.93953	166.01512	-103.289	47.491	-420.000	-32.517	-77.622	-110.000	-2000.000
1906	174712	1	2089.118	78.00	32.18310	166.97629	-136.240	31.929	-20.000	-68.691	-77.881	-140.000	2500.000
1907	174757	1	2378.804	78.00	33.71210	165.80846	-29.966	10.242	0.000	-21.820	-34.653	-45.000	2500.000
1908	174938	2	-2605.416	77.00	33.37304	166.41386	-160.738	42.679	-120.000	-90.005	-96.352	-181.000	-2000.000
1909	175048	1	2130.669	77.00	34.91388	166.73155	-78.673	42.082	-100.000	-62.646	-60.094	-110.000	2500.000
1910	175167	1	2238.388	77.00	33.24838	166.70804	-57.767	43.629	-20.000	-59.811	-48.663	-119.000	2500.000
1911	175344	2	-2627.435	76.00	35.87135	166.62756	-141.296	58.137	-140.000	-106.423	-120.853	-177.000	-2000.000
1912	175415	2	-2277.379	75.00	32.52634	166.25035	-73.951	14.859	-80.000	-7.986	-59.300	-71.000	-2000.000
1913	175479	1	2419.418	75.00	30.26711	166.47601	-15.488	21.029	0.000	-9.495	-12.627	-64.000	2500.000
1914	175577	2	-2432.521	74.00	35.42562	166.58252	-60.776	25.048	-220.000	-29.991	-48.802	-98.000	-2000.000
1915	175629	1	2347.405	75.00	29.27452	165.81818	-55.899	17.562	0.000	-19.601	-42.657	-52.000	2500.000
1916	175802	1	1475.731	75.00	35.57061	167.03886	-153.460	40.495	-580.000	-62.451	-95.854	-173.000	2500.000
1917	175886	1	2347.054	76.00	34.79052	167.27582	-41.325	26.974	0.000	-9.219	-45.376	-84.000	2500.000
1918	175916	1	2378.453	76.00	35.54155	165.86725	-42.753	7.097	0.000	-5.588	-50.304	-30.000	2500.000
1919	175974	1	1768.239	76.00	34.62428	167.00859	-35.482	10.176	-440.000	-146.346	-62.110	-58.000	2500.000
1920	176016	2	-2165.706	75.00	30.00517	166.20882	-22.468	2.805	-60.000	-8.611	-35.432	-42.000	-2000.000
1921	176071	2	-2600.710	74.00	31.47048	165.72461	-54.396	15.877	-420.000	-15.918	-71.273	-55.000	-2000.000
1922	176108	2	-2304.901	74.00	35.72971	165.69016	-25.996	4.254	-180.000	-32.911	-33.249	-37.000	-2000.000
1923	176159	1	2427.429	74.00	31.30801	167.11642	-18.350	15.864	0.000	-7.176	-11.909	-51.000	2500.000
1924	176236	2	-2491.800	73.00	32.31003	165.69493	-57.347	14.045	-220.000	-64.589	-86.909	-77.000	-2000.000
1925	176308	1	1980.241	73.00	33.42953	166.48720	-40.718	16.462	-260.000	-87.831	-75.671	-72.000	2500.000
1926	176404	1	2144.999	74.00	32.81491	166.65340	-52.660	33.781	-180.000	-16.645	-43.477	-96.000	2500.000
1927	176548	1	2232.664	75.00	35.29381	166.59442	-98.029	42.212	0.000	-29.050	-38.468	-144.000	2500.000
1928	176668	1	2314.120	75.00	34.98674	166.81065	-62.895	45.687	0.000	-17.868	-30.805	-120.000	2500.000
1929	176794	1	2332.453	75.00	34.88212	165.82933	-51.344	42.762	0.000	-12.084	-20.881	-126.000	2500.000
1930	176945	1	2194.101	75.00	34.05256	166.40924	-115.092	58.395	0.000	-28.210	-69.992	-151.000	2500.000
1931	176975	1	2381.908	75.00	33.26366	167.15132	-44.760	-2.745	0.000	-0.946	-39.641	-30.000	2500.000
1932	177025	1	2319.246	75.00	31.85247	166.62450	-72.593	-24.683	0.000	-0.851	-32.627	-50.000	2500.000
1933	177055	1	2442.780	75.00	34.57290	165.13374	-21.170	13.646	0.000	-0.049	-19.647	-30.000	2500.000
1934	177181	1	2306.376	76.00	33.43415	166.11299	-77.840	45.688	0.000	-9.592	-25.880	-126.000	2500.000
1935	177242	1	2362.339	76.00	30.52458	166.39059	-32.025	23.548	0.000	-30.880	-37.304	-61.000	2500.000
1936	177330	2	-2296.386	75.00	33.10966	165.22420	-82.809	8.641	-80.000	-22.771	-31.446	-88.000	-2000.000
1937	177430	1	2033.784	75.00	33.96322	165.92990	-115.567	36.940	-200.000	-9.779	-77.809	-100.000	2500.000
1938	177536	1	2281.452	75.00	32.44063	166.62607	-61.821	37.240	0.000	-37.141	-50.826	-106.000	2500.000
1939	177611	2	-2495.524	75.00	35.05166	166.87711	-117.536	-6.258	-220.000	-37.121	-39.609	-75.000	-2000.000
1940	177654	1	2393.406	76.00	30.15469	166.17575	-35.347	13.688	0.000	-6.236	-35.700	-43.000	2500.000
1941	177764	2	-3048.069	75.00	32.41652	166.15913	-107.905	18.420	-500.000	-231.286	-117.299	-110.000	-2000.000
1942	177794	1	2442.126	75.00	30.79410	166.23120	-18.012	8.545	0.000	-0.038	-18.370	-30.000	2500.000
1943	177884	1	2130.584	76.00	35.32826	166.50642	-61.915	33.545	-100.000	-78.141	-72.905	-90.000	2500.000
1944	178025	2	-2668.357	75.00	33.65652	166.11076	-138.351	43.067	-280.000	-64.577	-87.496	-141.000	-2000.000
1945	178084	1	2411.020	75.00	33.40915	166.91043	-27.728	19.621	0.000	-15.073	-6.800	-59.000	2500.000
1946	178206	1	2263.941	75.00	33.73281	165.86717	-95.176	34.487	0.000	-17.589	-35.780	-122.000	2500.000
1947	178334	2	-2834.185	74.00	34.80449	165.46227	-78.579	54.892	-600.000	-33.095	-49.403	-128.000	-2000.000
1948	178420	2	-2468.246	73.00	36.59842	166.01277	-82.908	23.381	-160.000	-67.911	-94.809	-86.000	-2000.000
1949	178522	1	2229.256	73.00	34.81196	166.05835	-57.635	19.394	0.000	-92.204	-38.299	-102.000	2500.000
1950	178585	1	2378.334	74.00	34.75916	165.38931	-37.033	18.020	0.000	-7.491	-32.162	-63.000	2500.000
1951	178617	1	2366.440	74.00	35.34299	164.92949	-51.620	1.424	0.000	-1.256	-50.108	-32.000	2500.000
1952	178700	1	2328.344	74.00	33.21753	165.82724	-55.207	22.040	-20.000	-10.649	-24.841	-83.000	2500.000
1953	178797	1	2276.165	74.00	32.41975	166.35904	-76.141	31.515	-20.000	-10.442	-51.767	-97.000	2500.000
1954	178942	1	2102.980	74.00	34.94788	165.18347	-108.721	48.711	-120.000	-31.038	-40.973	-145.000	2500.000
1955	179065	2	-2920.325	73.00	33.31815	165.40134	-192.715	9.267	-480.000	-25.843	-108.033	-123.000	-2000.000
1956	179098	1	2358.759	73.00	31.20042	164.73206	-28.797	14.533	-60.000	-9.798	-24.178	-33.000	2500.000
1957	179185	1	2200.911	74.00	35.62765	165.95705	-34.509	32.710	-160.000	-17.933	-32.358	-87.000	2500.000
1958	179341	1	1839.753	74.00	32.21735	165.10509	-186.353	24.978	-160.000	-71.195	-111.677	-156.000	2500.000
1959	179474	1	2252.101	74.00	32.81552	165.97293	-85.977	42.505	-20.000	-23.544	-27.883	-133.000	2500.000
1960	179584	2	-2588.334	73.00	31.57463	165.10756	-113.627	14.767	-200.000	-111.243	-68.231	-110.000	-2000.000
1961	179636	2	-2473.317	72.00	35.70573	165.62640	-29.363	12.240	-280.000	-87.265	-36.929	-52.000	-2000.000
1962	179666	2	-2179.606	71.00	31.53874	165.07027	-14.475	2.737	-80.000	-44.157	-13.711	-30.000	-2000.000
1963	179704	1	2404.677	71.00	34.48569	164.77362	-39.345	7.183	0.000	-1.871	-23.289	-38.000	2500.000
1964	179786	1	2307.472	71.00	33.26163	165.19556	-58.579	26.192	0.000	-35.834	-42.307	-82.000	2500.000
1965	179822	1	2444.711	72.00	36.43054	164.83852	-11.166	12.021	0.000	-8.861	-11.283	-36.000	2500.000
1966	179881	1	2382.533	73.00	32.99300	164.42690	-26.352	20.292	0.000	-23.702	-28.705	-59.000	2500.000
1967	179941	2	-2357.962	72.00	36.24203	164.91933	-65.890	8.501	-180.000	-28.215	-32.358	-60.000	-2000.000
1968	179996	2	-2218.645	71.00	37.27603	164.92772	-56.323	9.233	-40.000	-8.233	-68.323	-55.000	-2000.000
1969	180056	1	2011.442	71.00	31.54045	166.44879	-39.808	17.119	-340.000	-32.004	-33.866	-60.000	2500.000
1970	180110	1	2398.844	71.00	36.68821	166.36913	-27.294	15.754	0.000	-6.600	-29.016	-54.000	2500.000
1971	180193	1	2373.454	72.00	36.63548	165.52400	-36.717	27.439	0.000	-13.506	-20.761	-83.000	2500.000
1972	180241	2	-2331.973	71.00	34.40235	164.64812	-29.168	8.834	-200.000	-30.159	-33.479	-48.000	-2000.000
1973	180366	1	1645.742	71.00	33.82922	165.85692	-96.165	32.315	-460.000	-113.818	-91.592	-125.000	2500.000
1974	180470	1	2327.047	71.00	33.95533	165.63771	-44.757	34.858	0.000	-33.542	-25.512	-104.000	2500.000
1975	180513	1	2434.883	71.00	37.19590	166.09218	-22.488	12.561	0.000	-5.466	-6.724	-43.000	2500.000
1976	180543	2	-2192.512	70.00	35.69682	165.50516	-48.324	-0.394	-100.000	-8.450	-5.343	-30.000	-2000.000
1977	180575	1	2455.240	71.00	33.11937	164.92169	-12.039	8.991	0.000	-0.782	-8.931	-32.000	2500.000
1978	180671	1	2307.942	71.00	35.03082	166.64857	-32.911	36.372	-40.000	-34.282	-25.238	-96.000	2500.000
1979	180756	2	-2366.241	70.00	35.82280	165.29442	-33.875	18.648	-140.000	-72.786	-53.229	-85.000	-2000.000
1980	180811	1	2406.631	70.00	35.03202	164.98929	-28.127	15.659	0.000	-5.875	-20.026	-55.000	2500.000
1981	180903	1	2231.613	70.00	32.12563	165.66063	-42.126	31.324	-100.000	-25.565	-40.020	-92.000	2500.000
1982	180937	1	2257.907	71.00	30.19991	165.68953	-18.660	10.082	-180.000	-0.960	-18.556	-34.000	2500.000
1983	181057	1	2302.769	71.00	31.41203	165.22244	-71.756	44.614	0.000	-17.207	-32.881	-120.000	2500.000
1984	181233	1	2155.698	71.00	34.07996	165.40228	-104.328	53.684	0.000	-69.706	-47.953	-176.000	2500.000
1985	181315	1	2080.985	71.00	32.83048	165.90091	-64.850	20.543	-220.000	-12.691	-60.016	-82.000	2500.000
1986	181377	2	-2294.316	70.00	33.47525	164.81764	-50.401	8.896	-120.000	-27.221	-43.589	-62.000	-2000.000
1987	181418	1	2414.302	70.00	33.65494	165.79401	-35.234	12.389	0.000	-1.937	-19.917	-41.000	2500.000
1988	181506	2	-2278.843	70.00	33.93380	164.79137	-30.586	25.962	-100.000	-73.154	-13.064	-88.000	-2000.000
1989	181536	1	2228.091	70.00	35.14038	166.03116	-21.450	8.491	-180.000	-22.332	-26.619	-30.000	2500.000
1990	181610	1	2176.555	70.00	34.60741	165.55458	-31.710	24.575	-200.000	-8.471	-33.840	-74.000	2500.000
1991	181698	1	2262.729	70.00	31.21128	165.15892	-56.192	32.865	-80.000	-9.754	-36.191	-88.000	2500.000
1992	181795	1	2274.590	71.00	31.77792	164.60406	-82.845	14.084	-20.000	-14.425	-25.224	-97.000	2500.000
1993	181850	1	2181.479	71.00	31.79964	164.66083	-24.618	14.606	-220.000	-2.316	-31.193	-55.000	2500.000
1994	181915	1	2210.483	71.00	30.73616	164.28966	-37.910	17.085	-160.000	-11.333	-32.359	-65.000	2500.000
1995	181960	1	2406.277	72.00	32.32214	165.81744	-22.357	12.923	0.000	-15.267	-24.022	-45.000	2500.000
1996	182095	1	2134.017	72.00	34.55277	164.89009	-88.193	49.255	-80.000	-45.288	-66.758	-135.000	2500.000
1997	182225	1	1689.115	72.00	35.59926	164.89021	-67.585	46.749	-520.000	-86.390	-53.660	-130.000	2500.000
1998	182363	2	-2763.653	72.00	33.13310	164.82504	-99.499	39.157	-400.000	-72.843	-92.467	-138.000	-2000.000
1999	182406	1	2337.275	72.00	34.10719	164.55296	-19.064	13.037	-80.000	-13.809	-19.889	-43.000	2500.000
2000	182436	1	2439.837	73.00	28.69291	162.92291	-17.221	8.133	0.000	-7.573	-13.502	-30.000	2500.000
2001	182582	2	-2999.113	72.00	35.18332	164.52124	-158.274	21.233	-420.000	-189.447	-106.626	-146.000	-2000.000
2002	182651	1	2351.214	72.00	34.60098	165.62851	-47.406	18.247	0.000	-25.286	-25.341	-69.000	2500.000
2003	182738	1	2287.456	72.00	32.55576	164.95653	-56.663	25.155	-60.000	-10.748	-23.290	-87.000	2500.000
2004	182771	1	2419.394	72.00	35.91304	163.93045	-35.987	8.104	0.000	-6.012	-13.711	-33.000	2500.000
2005	182842	2	-2322.490	72.00	35.17245	164.50069	-36.247	24.063	-140.000	-60.239	-39.067	-71.000	-2000.000
2006	182976	1	1977.562	72.00	33.61888	163.97990	-133.389	19.249	-100.000	-102.297	-72.001	-134.000	2500.000
2007	183032	1	2422.449	72.00	30.86531	164.96986	-23.032	16.000	0.000	-4.673	-9.846	-56.000	2500.000
2008	183106	2	-2275.017	72.00	33.39653	164.82333	-77.728	10.758	-80.000	-14.673	-39.374	-74.000	-2000.000
2009	183136	1	2435.164	72.00	37.16314	165.76358	-23.836	10.930	0.000	-0.825	-21.105	-30.000	2500.000
2010	183254	2	-2401.539	71.00	33.80001	165.00726	-60.646	32.708	-100.000	-94.313	-61.287	-118.000	-2000.000
2011	183315	1	2283.516	72.00	33.67147	165.01012	-40.950	16.020	-80.000	-11.058	-39.495	-61.000	2500.000
2012	183371	1	2404.610	73.00	34.19747	164.32292	-22.295	19.925	0.000	-17.359	-19.662	-56.000	2500.000
2013	183502	1	2251.867	73.00	34.61717	164.56700	-93.717	44.998	0.000	-19.646	-48.769	-131.000	2500.000
2014	183561	1	2392.859	74.00	30.47109	165.36560	-30.421	17.156	0.000	-3.353	-31.523	-59.000	2500.000
2015	183647	1	2357.557	74.00	33.31873	164.72371	-41.456	33.565	0.000	-14.423	-34.129	-86.000	2500.000
2016	183710	1	2381.096	74.00	32.10057	164.13020	-39.278	18.075	0.000	-6.090	-28.611	-63.000	2500.000
2017	183837	1	2280.504	74.00	34.41564	164.46480	-89.478	40.934	0.000	-11.114	-32.837	-127.000	2500.000
2018	183942	1	2225.529	74.00	33.55193	164.63870	-49.990	35.220	-120.000	-4.638	-30.064	-105.000	2500.000
2019	184009	2	-2366.488	73.00	33.84165	163.92871	-37.835	10.020	-220.000	-34.009	-17.663	-67.000	-2000.000
2020	184059	1	2331.956	74.00	33.75336	164.70578	-55.641	6.515	0.000	-7.023	-61.895	-50.000	2500.000
2021	184123	1	2368.920	75.00	35.35154	163.54446	-37.886	21.259	0.000	-15.852	-34.602	-64.000	2500.000
2022	184350	4	-1095.435	75.00	32.94514	164.08878	-252.048	60.564	-520.000	-30.681	-126.271	-227.000	0.000
2023	184380	1	2450.047	75.00	28.06541	165.00699	-20.004	11.996	0.000	-3.405	-8.540	-30.000	2500.000
2024	184436	1	2392.942	76.00	34.52337	164.40813	-49.218	13.297	0.000	-2.981	-12.156	-56.000	2500.000
2025	184479	2	-2273.232	75.00	36.95928	164.34995	-33.777	2.336	-100.000	-62.332	-36.458	-43.000	-2000.000
2026	184553	2	-2277.760	74.00	34.47560	163.51236	-75.673	12.336	-80.000	-17.106	-43.316	-74.000	-2000.000
2027	184604	1	2401.994	74.00	35.19231	164.25969	-39.094	11.155	0.000	-4.040	-15.028	-51.000	2500.000
2028	184641	2	-2240.898	73.00	32.51054	165.20630	-46.988	-1.281	-120.000	-6.299	-29.330	-37.000	-2000.000
2029	184840	1	1794.668	73.00	33.42881	164.51369	-180.742	66.344	-160.000	-107.466	-124.467	-199.000	2500.000
2030	185051	4	-1109.208	72.00	34.44017	164.53323	-235.900	25.028	-380.000	-182.661	-124.675	-211.000	0.000
2031	185108	1	2286.170	72.00	34.68592	163.43764	-69.165	5.441	0.000	-10.272	-82.834	-57.000	2500.000
2032	185229	1	2285.649	72.00	35.77436	164.44398	-72.231	39.474	0.000	-19.486	-41.107	-121.000	2500.000
2033	185305	1	2317.870	72.00	34.32703	163.70781	-62.927	27.169	0.000	-17.843	-52.529	-76.000	2500.000
2034	185350	2	-2233.452	71.00	38.32393	164.45915	-80.689	-1.322	-60.000	-21.264	-25.177	-45.000	-2000.000
2035	185380	1	2434.837	71.00	32.76708	163.66299	-27.070	10.040	0.000	-2.231	-15.902	-30.000	2500.000
2036	185436	1	2398.809	72.00	34.70870	164.95908	-19.317	20.807	0.000	-16.618	-30.062	-56.000	2500.000
2037	185514	1	2381.287	72.00	32.25076	163.71680	-32.541	26.483	0.000	-1.504	-33.152	-78.000	2500.000
2038	185581	2	-2299.687	71.00	37.85683	165.18124	-72.798	3.616	-80.000	-19.354	-64.150	-67.000	-2000.000
2039	185713	1	1867.809	72.00	34.66579	163.71854	-101.762	29.852	-300.000	-43.390	-84.892	-132.000	2500.000
2040	185875	1	2216.261	72.00	34.29862	164.38658	-98.016	62.154	0.000	-24.641	-61.235	-162.000	2500.000
2041	185952	1	2339.878	73.00	32.68660	164.28783	-67.382	22.101	0.000	-24.226	-13.615	-77.000	2500.000
2042	185982	1	2420.808	73.00	34.39651	164.28603	-27.467	11.988	0.000	-4.840	-28.873	-30.000	2500.000
2043	186093	1	2229.323	73.00	34.69717	163.11143	-85.762	41.269	0.000	-39.576	-75.608	-111.000	2500.000
2044	186236	1	2098.685	74.00	34.08361	163.99275	-96.176	42.358	-140.000	-30.788	-33.710	-143.000	2500.000
2045	186308	1	2389.931	74.00	34.83696	163.90533	-18.246	24.275	0.000	-25.587	-18.510	-72.000	2500.000
2046	186467	1	2166.345	74.00	34.75946	163.64268	-126.604	41.855	0.000	-43.464	-46.442	-159.000	2500.000
2047	186584	1	2269.287	75.00	34.76578	163.88045	-91.720	35.550	0.000	-17.157	-40.385	-117.000	2500.000
2048	186732	2	-2453.063	75.00	35.03214	163.64261	-130.237	30.771	-60.000	-39.856	-105.741	-148.000	-2000.000
2049	186813	1	2311.008	75.00	31.23496	162.34073	-55.401	18.463	0.000	-12.346	-58.708	-81.000	2500.000
2050	186889	1	2363.393	75.00	34.73720	163.46692	-38.628	23.454	0.000	-5.751	-39.682	-76.000	2500.000
2051	187053	2	-2641.346	74.00	34.07128	163.25063	-136.251	35.895	-280.000	-18.036	-78.954	-164.000	-2000.000
2052	187144	1	2225.948	74.00	33.72504	162.26906	-84.749	19.034	-60.000	-19.581	-37.756	-91.000	2500.000
2053	187276	1	2297.607	74.00	34.00331	162.90727	-72.270	39.078	0.000	-15.836	-21.365	-132.000	2500.000
2054	187307	1	2425.100	74.00	33.41077	163.72319	-26.863	6.817	0.000	-0.321	-23.532	-31.000	2500.000
2055	187411	1	2123.643	75.00	30.31418	163.54051	-103.915	49.052	-160.000	-3.159	-54.336	-104.000	2500.000
2056	187469	1	2428.584	75.00	33.07466	163.35133	-16.289	20.352	0.000	-5.958	-11.522	-58.000	2500.000
2057	187569	1	2125.109	75.00	33.68084	163.29129	-142.315	-25.398	-60.000	-7.291	-39.887	-100.000	2500.000
2058	187624	1	2249.459	75.00	32.20206	163.51851	-36.578	13.775	-140.000	-11.431	-21.307	-55.000	2500.000
2059	187757	1	2087.207	75.00	33.86918	162.72382	-135.024	41.622	-100.000	-26.419	-59.971	-133.000	2500.000
2060	187789	1	2171.333	76.00	35.87876	163.23503	-11.515	9.288	-280.000	-3.498	-10.942	-32.000	2500.000
2061	188020	1	1504.861	77.00	32.50165	162.96732	-212.430	68.115	-380.000	-108.556	-131.268	-231.000	2500.000
2062	188059	1	1971.547	78.00	33.24871	163.07709	-65.350	-8.212	-340.000	-14.828	-61.063	-39.000	2500.000
2063	188171	1	2083.929	78.00	33.96275	162.94096	-69.956	38.401	-220.000	-26.768	-25.749	-112.000	2500.000
2064	188309	1	2033.137	78.00	32.62976	163.13747	-106.233	31.286	-160.000	-43.664	-50.253	-138.000	2500.000
2065	188363	2	-2190.060	77.00	33.58291	162.81615	-61.964	5.087	-40.000	-17.525	-21.657	-54.000	-2000.000
2066	188393	1	2439.392	77.00	36.44049	164.75165	-15.484	11.897	0.000	-7.427	-19.594	-30.000	2500.000
2067	188423	1	2378.649	78.00	36.99187	162.79692	-46.291	1.448	0.000	-1.601	-44.907	-30.000	2500.000
2068	188509	2	-2479.083	78.00	31.10077	162.26413	-138.547	-6.332	-140.000	-57.247	-50.957	-86.000	-2000.000
2069	188594	2	-2412.124	77.00	33.56826	163.95479	-48.043	20.112	-120.000	-118.017	-61.177	-85.000	-2000.000
2070	188655	1	2169.427	77.00	32.00752	162.70146	-41.433	20.218	-180.000	-30.425	-37.934	-61.000	2500.000
2071	188691	1	2383.480	77.00	40.00094	163.24461	-20.059	11.471	-40.000	-6.302	-25.629	-36.000	2500.000
2072	188806	1	2296.014	78.00	34.31796	163.51471	-66.063	39.773	0.000	-20.590	-42.107	-115.000	2500.000
2073	188895	2	-2283.421	77.00	32.87590	162.08232	-55.588	18.453	-100.000	-13.981	-43.305	-89.000	-2000.000
2074	188954	1	2405.023	77.00	35.00026	161.44928	-36.251	20.345	0.000	-9.616	-10.455	-59.000	2500.000
2075	188984	1	2459.659	77.00	32.10995	164.18187	-6.143	8.876	0.000	-10.349	-2.724	-30.000	2500.000
2076	189047	1	2018.345	78.00	33.90961	163.17686	-39.129	17.116	-380.000	-5.035	-11.607	-63.000	2500.000
2077	189148	1	1969.571	78.00	36.31750	163.10484	-101.682	21.229	-200.000	-66.964	-82.012	-101.000	2500.000
2078	189221	1	2366.364	78.00	36.58388	163.11063	-50.851	23.861	0.000	-14.633	-19.013	-73.000	2500.000
2079	189254	1	2396.737	79.00	37.01488	163.50250	-38.200	9.276	0.000	-0.566	-40.773	-33.000	2500.000
2080	189422	2	-2786.697	78.00	33.18312	162.76529	-165.833	82.025	-260.000	-104.176	-170.712	-168.000	-2000.000
2081	189452	1	2436.319	78.00	36.31276	161.89500	-24.250	7.541	0.000	-2.067	-14.905	-30.000	2500.000
2082	189500	1	2396.367	78.00	31.10051	163.03088	-30.397	11.419	0.000	-12.834	-23.821	-48.000	2500.000
2083	189574	2	-2676.038	77.00	33.59528	162.95525	-94.225	1.653	-320.000	-106.538	-82.928	-74.000	-2000.000
2084	189622	1	2413.461	77.00	34.72114	162.48648	-28.523	17.048	0.000	-3.095	-23.969	-48.000	2500.000
2085	189673	1	2141.047	77.00	34.87557	163.20845	-81.166	-12.200	-160.000	-12.952	-41.635	-51.000	2500.000
2086	189889	1	1559.106	78.00	33.22603	162.18604	-195.272	78.648	-360.000	-149.248	-99.022	-216.000	2500.000
2087	189957	1	2375.037	78.00	35.90315	162.16891	-34.655	26.552	0.000	-7.899	-40.961	-68.000	2500.000
2088	190090	1	2203.066	79.00	32.67450	162.20113	-99.022	45.207	0.000	-50.032	-60.087	-133.000	2500.000
2089	190190	2	-2832.591	78.00	34.41924	162.80344	-181.281	-42.469	-400.000	-33.914	-74.927	-100.000	-2000.000
2090	190235	2	-2215.569	77.00	35.57472	162.79483	-28.892	12.767	-100.000	-29.775	-24.668	-45.000	-2000.000
2091	190301	1	2376.900	77.00	36.04464	163.65398	-40.748	17.469	0.000	-10.327	-23.495	-66.000	2500.000
2092	190377	1	2314.540	77.00	35.64305	161.50471	-49.465	23.713	-60.000	-2.953	-20.756	-76.000	2500.000
2093	190417	1	2437.827	77.00	36.17347	161.71690	-11.880	13.051	0.000	-15.746	-7.597	-40.000	2500.000
2094	190505	1	2362.064	77.00	34.75898	161.85033	-38.651	29.059	0.000	-6.661	-33.683	-88.000	2500.000
2095	190599	2	-2432.397	76.00	34.15908	161.98740	-76.120	13.367	-200.000	-25.971	-49.673	-94.000	-2000.000
2096	190647	1	2258.187	76.00	34.39767	161.51106	-47.253	5.729	-100.000	-8.937	-43.351	-48.000	2500.000
2097	190677	1	2355.781	76.00	31.96901	162.02327	-45.562	6.589	0.000	-4.973	-70.274	-30.000	2500.000
2098	190751	1	2369.788	77.00	33.50088	162.58467	-43.439	23.492	0.000	-11.064	-25.201	-74.000	2500.000
2099	190902	1	1538.303	77.00	33.69077	162.23354	-140.411	28.439	-500.000	-106.613	-92.113	-151.000	2500.000
2100	190983	1	2357.175	77.00	34.61673	161.29904	-67.727	23.007	0.000	-4.962	-12.143	-81.000	2500.000
2101	191046	1	2317.623	78.00	34.85122	163.09641	-39.557	18.987	-60.000	-5.672	-33.135	-63.000	2500.000
2102	191081	1	2443.890	78.00	35.30981	162.56239	-17.332	12.232	0.000	-1.604	-14.406	-35.000	2500.000
2103	191118	1	2439.775	78.00	35.28305	161.98511	-18.983	10.026	0.000	-1.591	-12.677	-37.000	2500.000
2104	191157	1	2426.089	78.00	32.25766	162.08842	-36.471	10.762	0.000	-4.546	-4.657	-39.000	2500.000
2105	191187	1	2357.712	79.00	36.99686	163.82866	-45.872	3.884	0.000	-0.361	-69.940	-30.000	2500.000
2106	191268	2	-2217.306	78.00	33.82458	162.43861	-43.562	21.536	-40.000	-38.294	-35.985	-81.000	-2000.000
2107	191337	1	2357.329	78.00	33.68246	163.41533	-57.506	15.474	0.000	-6.672	-24.968	-69.000	2500.000
2108	191542	4	-1035.118	78.00	34.62156	161.83037	-183.736	40.172	-340.000	-222.686	-123.867	-205.000	0.000
2109	191572	2	-2147.570	77.00	29.33041	161.53738	-20.590	2.623	-80.000	-0.060	-19.543	-30.000	-2000.000
2110	191699	1	2110.532	78.00	31.64591	161.71420	-131.166	15.200	-60.000	-40.183	-46.318	-127.000	2500.000
2111	191729	1	2285.844	78.00	33.01379	160.98177	-17.239	7.238	-160.000	-1.287	-12.868	-30.000	2500.000
2112	191789	1	2369.120	78.00	33.65481	161.72157	-42.615	16.700	0.000	-17.511	-27.454	-60.000	2500.000
2113	191912	1	2274.092	78.00	32.62823	160.96161	-75.697	36.643	0.000	-29.416	-34.439	-123.000	2500.000
2114	191963	1	2370.948	78.00	33.51908	162.09770	-39.546	10.405	0.000	-15.873	-33.039	-51.000	2500.000
2115	192074	1	2287.160	78.00	33.87647	160.95110	-82.702	35.980	0.000	-21.003	-34.116	-111.000	2500.000
2116	192180	1	2264.058	78.00	36.94873	162.15933	-63.139	31.165	-40.000	-26.332	-31.636	-106.000	2500.000
2117	192233	2	-2284.315	77.00	34.74010	162.20653	-33.652	5.735	-120.000	-41.689	-41.708	-53.000	-2000.000
2118	192274	2	-2451.362	76.00	31.24036	160.87486	-46.682	13.281	-340.000	-10.218	-26.743	-41.000	-2000.000
2119	192319	1	2400.578	77.00	36.16449	161.09512	-33.845	9.236	0.000	-3.287	-26.526	-45.000	2500.000
2120	192463	2	-2839.487	76.00	33.82882	161.87711	-128.452	37.819	-360.000	-130.417	-114.437	-144.000	-2000.000
2121	192558	1	2171.331	76.00	33.82300	161.02342	-57.057	25.350	-100.000	-55.540	-46.421	-95.000	2500.000
2122	192588	2	-2393.743	76.00	30.87845	160.97905	-20.764	0.748	-260.000	-46.297	-37.430	-30.000	-2000.000
2123	192637	1	2383.288	76.00	31.05370	161.25034	-36.654	7.582	0.000	-5.487	-33.153	-49.000	2500.000
2124	192726	1	2273.005	76.00	33.95318	162.59335	-48.363	27.220	-80.000	-15.914	-20.938	-89.000	2500.000
2125	192843	2	-2802.621	76.00	33.20998	160.92638	-137.200	37.181	-380.000	-75.520	-130.083	-117.000	-2000.000
2126	192928	1	2349.501	77.00	33.29008	161.51729	-37.094	24.085	0.000	-9.124	-43.366	-85.000	2500.000
2127	192963	2	-2206.338	76.00	30.22765	161.49500	-44.922	0.525	-80.000	-17.801	-29.140	-35.000	-2000.000
2128	193036	1	2190.688	77.00	33.38253	161.12340	-47.886	20.931	-160.000	-12.445	-36.912	-73.000	2500.000
2129	193154	1	2268.067	77.00	33.33915	160.85782	-83.436	29.340	0.000	-22.803	-37.034	-118.000	2500.000
2130	193220	1	2176.007	78.00	34.74457	161.79564	-54.736	14.301	-180.000	-13.599	-23.959	-66.000	2500.000
2131	193374	1	2199.059	78.00	33.19601	161.92007	-105.442	39.039	0.000	-39.605	-40.933	-154.000	2500.000
2132	193426	2	-2732.249	77.00	33.10748	161.71933	-69.123	0.822	-520.000	-39.953	-51.995	-52.000	-2000.000
2133	193456	1	2390.716	77.00	32.93832	161.50201	-14.380	10.532	-60.000	-1.346	-14.089	-30.000	2500.000
2134	193506	2	-2407.976	77.00	35.48500	161.40172	-79.991	-0.323	-120.000	-70.083	-87.579	-50.000	-2000.000
2135	193603	1	2234.540	77.00	34.69569	160.73862	-58.346	21.557	-20.000	-67.165	-44.506	-97.000	2500.000
2136	193633	1	2385.582	77.00	33.80630	160.41290	-39.590	-0.924	0.000	-5.271	-38.633	-30.000	2500.000
2137	193691	1	2381.356	77.00	33.91365	160.79048	-33.787	15.652	0.000	-9.500	-33.008	-58.000	2500.000
2138	193751	1	2419.298	78.00	33.24025	160.34418	-17.169	21.746	0.000	-10.647	-14.632	-60.000	2500.000
2139	193925	2	-2457.581	77.00	34.93577	160.60806	-112.744	45.220	-100.000	-55.272	-60.784	-174.000	-2000.000
2140	193999	1	2231.390	77.00	34.31256	162.09293	-46.592	17.635	-100.000	-23.161	-42.492	-74.000	2500.000
2141	194202	4	-573.332	76.00	33.70604	161.17082	-218.114	62.616	-80.000	-41.690	-93.144	-203.000	0.000
2142	194267	1	2300.072	76.00	35.01772	161.03952	-63.359	11.398	0.000	-4.951	-78.016	-65.000	2500.000
2143	194466	2	-3080.289	75.00	35.43168	160.89322	-218.093	58.725	-500.000	-101.115	-120.807	-199.000	-2000.000
2144	194496	1	2340.088	75.00	31.79889	160.81839	-13.665	10.572	-100.000	-8.109	-18.710	-30.000	2500.000
2145	194565	1	2319.081	75.00	33.21043	161.77179	-41.242	15.427	-40.000	-28.677	-17.427	-69.000	2500.000
2146	194645	1	2299.581	75.00	34.79609	160.26009	-48.238	20.282	0.000	-60.865	-31.598	-80.000	2500.000
2147	194692	1	2388.107	75.00	36.64133	161.02104	-40.594	12.352	0.000	-7.603	-29.047	-47.000	2500.000
2148	194768	1	2231.024	76.00	32.17909	161.13240	-118.418	-11.772	0.000	-1.074	-61.711	-76.000	2500.000
2149	194832	1	2121.904	76.00	32.68710	160.36774	-67.044	10.385	-200.000	-12.534	-44.903	-64.000	2500.000
2150	194939	1	2114.596	76.00	33.96038	161.67334	-125.036	6.875	-100.000	-27.724	-32.520	-107.000	2500.000
2151	194986	2	-2204.823	76.00	32.69650	161.53093	-29.087	3.183	-100.000	-16.692	-15.227	-47.000	-2000.000
2152	195100	1	2225.031	76.00	32.04512	160.33687	-74.411	29.442	-40.000	-25.143	-50.856	-114.000	2500.000
2153	195131	2	-2472.341	75.00	33.41132	159.88440	-24.370	1.528	-280.000	-95.806	-42.693	-31.000	-2000.000
2154	195219	2	-2548.561	74.00	35.21319	160.69624	-105.241	5.950	-140.000	-116.298	-104.971	-88.000	-2000.000
2155	195278	1	2189.129	74.00	37.79979	160.85347	-33.358	16.411	-80.000	-102.255	-52.669	-59.000	2500.000
2156	195349	1	2137.068	74.00	33.39436	160.89780	-56.873	16.399	-180.000	-35.363	-36.094	-71.000	2500.000
2157	195401	1	2422.896	74.00	33.63581	160.36807	-16.836	17.563	0.000	-11.302	-14.529	-52.000	2500.000
2158	195437	1	2411.605	74.00	32.94545	161.13599	-40.277	18.546	0.000	-2.525	-28.140	-36.000	2500.000
2159	195584	2	-3064.742	73.00	36.19934	160.34134	-152.224	9.814	-360.000	-277.345	-137.987	-147.000	-2000.000
2160	195666	1	2304.547	73.00	33.55997	160.70700	-56.093	18.722	0.000	-36.023	-40.059	-82.000	2500.000
2161	195751	2	-2349.019	72.00	32.50935	160.80312	-64.087	10.939	-60.000	-90.694	-60.177	-85.000	-2000.000
2162	195822	1	2279.261	72.00	35.65797	160.68388	-39.531	22.179	-100.000	-11.822	-20.564	-71.000	2500.000
2163	195955	1	2106.464	72.00	34.55665	160.35844	-101.910	41.897	-120.000	-21.625	-58.898	-133.000	2500.000
2164	196046	1	2349.010	72.00	32.39121	160.93852	-39.253	31.576	0.000	-31.178	-21.135	-91.000	2500.000
2165	196091	2	-2251.648	72.00	29.75231	160.25812	-34.392	3.059	-120.000	-34.923	-20.392	-45.000	-2000.000
2166	196226	1	1778.397	72.00	34.65251	160.58624	-174.915	28.662	-100.000	-68.379	-271.971	-135.000	2500.000
2167	196317	1	2080.226	72.00	35.16073	160.71321	-78.371	19.711	-200.000	-31.043	-39.070	-91.000	2500.000
2168	196419	1	2244.791	73.00	34.14496	160.39989	-71.800	37.878	-60.000	-17.019	-42.269	-102.000	2500.000
2169	196491	2	-2182.095	73.00	35.31734	160.73988	-60.827	13.384	-40.000	-3.267	-19.385	-72.000	-2000.000
2170	196542	1	2436.109	73.00	32.70060	160.42503	-13.792	17.863	0.000	-9.790	-7.173	-51.000	2500.000
2171	196583	2	-2296.626	72.00	34.47525	160.46748	-33.365	2.476	-200.000	-9.504	-15.234	-41.000	-2000.000
2172	196648	1	2398.658	72.00	35.01604	160.44453	-27.552	23.743	0.000	-12.766	-19.767	-65.000	2500.000
2173	196693	2	-2202.361	72.00	36.27027	160.31535	-28.784	5.345	-100.000	-9.001	-24.922	-45.000	-2000.000
2174	196805	1	2142.628	72.00	32.85241	160.60472	-69.131	34.271	0.000	-127.713	-82.800	-112.000	2500.000
2175	196944	1	2084.176	72.00	34.75210	160.76968	-85.735	50.411	-160.000	-26.406	-55.094	-139.000	2500.000
2176	197017	1	2374.354	72.00	34.73639	159.55116	-47.652	18.113	0.000	-5.255	-17.852	-73.000	2500.000
2177	197127	1	1956.944	72.00	33.39279	160.72047	-97.753	23.697	-160.000	-149.286	-49.714	-110.000	2500.000
2178	197159	1	2422.279	72.00	38.24234	160.80658	-30.985	6.188	0.000	-4.692	-16.232	-32.000	2500.000
2179	197204	2	-2506.109	71.00	32.62015	160.40091	-64.896	0.702	-340.000	-15.541	-41.373	-45.000	-2000.000
2180	197235	1	2447.053	72.00	30.75508	159.29176	-13.454	8.945	0.000	-0.536	-16.903	-31.000	2500.000
2181	197335	2	-2326.679	71.00	32.24312	161.63068	-58.570	32.943	-160.000	-11.674	-29.378	-100.000	-2000.000
2182	197393	1	2362.972	71.00	31.37674	160.69640	-49.145	18.745	0.000	-5.676	-42.952	-58.000	2500.000
2183	197494	1	2081.493	72.00	33.16576	159.89041	-139.960	5.669	-80.000	-32.425	-70.791	-101.000	2500.000
2184	197603	1	2268.975	72.00	34.98157	158.79628	-98.793	27.201	0.000	-10.184	-40.249	-109.000	2500.000
2185	197692	1	2148.830	72.00	31.36011	159.35884	-60.983	24.648	-200.000	-10.285	-15.550	-89.000	2500.000
2186	197739	1	2013.462	72.00	31.61030	159.03366	-58.730	4.807	-340.000	-10.394	-35.221	-47.000	2500.000
2187	197811	2	-2284.126	71.00	31.85939	159.66420	-52.417	12.016	-60.000	-62.118	-49.608	-72.000	-2000.000
2188	197895	1	2331.867	71.00	36.47630	159.69518	-46.976	22.405	0.000	-12.121	-47.441	-84.000	2500.000
2189	198015	1	2082.335	72.00	33.21442	159.93083	-112.148	48.265	-100.000	-38.121	-95.662	-120.000	2500.000
2190	198046	1	2451.621	73.00	31.57565	159.72003	-12.537	9.403	0.000	-10.886	-3.358	-31.000	2500.000
2191	198174	1	2253.641	73.00	33.90206	160.12120	-81.829	33.383	0.000	-43.634	-26.278	-128.000	2500.000
2192	198294	1	2133.937	73.00	32.97996	159.55016	-68.122	35.286	-120.000	-28.752	-64.475	-120.000	2500.000
2193	198385	1	2120.829	73.00	33.36156	159.29015	-63.247	19.682	-120.000	-71.908	-52.698	-91.000	2500.000
2194	198496	1	2134.235	73.00	32.11959	159.88533	-115.768	20.943	-60.000	-22.744	-77.196	-111.000	2500.000
2195	198680	1	1969.977	74.00	32.86418	159.85153	-128.322	58.475	-40.000	-116.683	-119.493	-184.000	2500.000
2196	198796	2	-2319.559	73.00	36.29906	160.13493	-80.602	21.150	-60.000	-46.108	-37.999	-116.000	-2000.000
2197	198836	1	2133.784	73.00	35.04408	159.44293	-42.180	7.002	-240.000	-2.167	-48.872	-40.000	2500.000
2198	198901	2	-2600.415	72.00	36.95955	158.78087	-78.254	9.730	-320.000	-63.293	-83.599	-65.000	-2000.000
2199	199024	2	-2816.974	71.00	33.99417	160.02216	-140.431	27.075	-360.000	-96.207	-124.411	-123.000	-2000.000
2200	199136	1	1926.374	71.00	36.21667	160.29982	-125.489	11.191	-200.000	-67.857	-79.472	-112.000	2500.000
2201	199342	1	1715.953	71.00	32.74375	160.17445	-205.338	36.129	-200.000	-110.758	-98.080	-206.000	2500.000
2202	199493	1	2176.763	71.00	33.49648	158.95682	-100.117	51.940	0.000	-64.139	-59.921	-151.000	2500.000
2203	199536	1	2346.269	71.00	30.58297	159.65904	-22.911	11.434	-80.000	-8.448	-10.805	-43.000	2500.000
2204	199658	1	2258.368	71.00	31.31940	159.82672	-56.656	40.361	-20.000	-32.036	-51.301	-122.000	2500.000
2205	199737	1	2318.264	71.00	32.57255	159.94936	-40.263	25.792	-40.000	-9.133	-39.132	-79.000	2500.000
2206	199767	1	2423.632	72.00	31.09437	160.06476	-26.341	7.198	0.000	-0.087	-27.138	-30.000	2500.000
2207	199890	1	2008.185	72.00	33.33824	160.23410	-67.009	46.070	-300.000	-11.736	-36.139	-123.000	2500.000
2208	200033	1	1933.776	73.00	32.69218	159.14221	-140.573	34.170	-200.000	-46.306	-70.514	-143.000	2500.000
2209	200261	4	-1385.083	73.00	34.36187	159.38425	-241.025	45.469	-580.000	-222.691	-158.836	-228.000	0.000
2210	200402	1	2151.786	73.00	36.61732	159.72511	-119.562	35.944	0.000	-49.867	-73.729	-141.000	2500.000
2211	200512	1	2314.020	73.00	34.98151	159.26477	-56.422	41.982	0.000	-16.084	-45.456	-110.000	2500.000
2212	200624	1	2367.613	73.00	35.55597	160.06064	-39.295	40.909	0.000	-6.131	-15.871	-112.000	2500.000
2213	200741	2	-2597.339	72.00	34.07895	159.26666	-131.608	21.081	-140.000	-124.698	-105.113	-117.000	-2000.000
2214	200809	2	-2307.884	71.00	34.50022	160.64230	-69.146	14.773	-120.000	-30.766	-34.745	-68.000	-2000.000
2215	200939	1	2014.626	71.00	34.81044	159.43869	-171.858	32.390	-100.000	-23.067	-92.840	-130.000	2500.000
2216	200990	1	2352.724	71.00	34.92429	158.66949	-62.668	17.416	0.000	-1.350	-49.675	-51.000	2500.000
2217	201032	1	2347.557	72.00	31.39968	158.51120	-61.730	-14.119	0.000	-3.335	-31.259	-42.000	2500.000
2218	201112	2	-2285.500	72.00	36.28321	159.60445	-68.911	12.014	-80.000	-16.649	-51.954	-80.000	-2000.000
2219	201180	2	-2636.873	71.00	31.91753	159.24461	-65.837	6.760	-400.000	-49.756	-60.040	-68.000	-2000.000
2220	201261	1	2383.497	72.00	30.45482	158.62129	-39.645	27.928	0.000	-10.046	-13.740	-81.000	2500.000
2221	201318	2	-2541.629	71.00	32.58280	159.88016	-47.287	9.708	-260.000	-137.198	-49.853	-57.000	-2000.000
2222	201533	1	1701.998	72.00	33.01934	159.09299	-224.391	33.232	-200.000	-103.434	-88.408	-215.000	2500.000
2223	201601	1	2380.620	72.00	32.99090	159.05783	-26.152	19.208	0.000	-22.548	-21.888	-68.000	2500.000
2224	201704	2	-2576.372	71.00	33.47944	158.84872	-75.302	20.282	-300.000	-63.253	-55.099	-103.000	-2000.000
2225	201735	2	-2446.719	71.00	29.71367	157.73964	-16.537	4.496	-380.000	-2.231	-21.447	-31.000	-2000.000
2226	201792	1	2403.949	71.00	32.49244	159.07190	-27.442	20.677	0.000	-14.184	-18.102	-57.000	2500.000
2227	201872	1	2335.051	72.00	35.49079	159.27754	-43.304	25.352	0.000	-24.274	-42.722	-80.000	2500.000
2228	201917	2	-2245.233	71.00	33.59970	159.51772	-29.879	6.439	-140.000	-5.113	-31.681	-45.000	-2000.000
2229	201966	2	-2316.521	70.00	32.41313	158.75671	-22.022	11.870	-120.000	-99.331	-38.039	-49.000	-2000.000
2230	201996	2	-2439.255	69.00	35.46907	159.12186	-33.909	1.396	-300.000	-35.748	-40.994	-30.000	-2000.000
2231	202037	2	-2300.189	68.00	36.98933	158.53116	-74.113	-0.269	-100.000	-30.776	-54.031	-41.000	-2000.000
2232	202127	1	1834.560	69.00	35.80047	159.80661	-59.683	25.503	-440.000	-36.816	-64.444	-90.000	2500.000
2233	202225	1	2284.375	69.00	36.11827	159.08331	-36.446	31.085	-60.000	-21.320	-30.944	-98.000	2500.000
2234	202354	1	2066.220	70.00	33.96539	158.41838	-78.192	36.191	-200.000	-17.357	-45.422	-129.000	2500.000
2235	202408	1	2341.979	70.00	31.12906	159.64899	-19.718	19.866	-80.000	-9.475	-14.694	-54.000	2500.000
2236	202522	1	2220.960	70.00	33.64370	158.24266	-47.323	38.366	-80.000	-27.684	-48.398	-114.000	2500.000
2237	202585	1	2279.520	70.00	34.26466	157.82948	-49.821	28.014	-40.000	-49.451	-46.223	-63.000	2500.000
2238	202636	2	-2546.399	69.00	33.47693	158.86314	-47.780	5.691	-320.000	-64.222	-69.088	-51.000	-2000.000
2239	202672	2	-2254.424	69.00	31.77977	159.40204	-36.552	3.251	-140.000	-14.461	-30.662	-36.000	-2000.000
2240	202708	1	2389.440	69.00	32.98814	158.11398	-13.838	9.863	0.000	-51.142	-19.443	-36.000	2500.000
2241	202739	5	-379.749	69.00	29.60506	159.51996	-35.043	0.738	-240.000	-11.499	-62.946	-31.000	0.000
2242	202769	5	-110.117	68.00	31.35906	158.12804	-37.469	1.011	0.000	-16.098	-27.560	-30.000	0.000
2243	202921	1	2030.258	69.00	33.20938	159.06975	-163.370	26.093	0.000	-77.163	-103.302	-152.000	2500.000
2244	202956	1	2367.620	69.00	34.94299	158.75522	-49.515	9.007	0.000	-3.859	-53.014	-35.000	2500.000
2245	203106	1	2201.483	69.00	33.75790	158.69946	-90.298	45.399	0.000	-65.788	-37.830	-150.000	2500.000
2246	203233	1	2160.242	69.00	34.18571	158.63011	-141.619	21.806	0.000	-29.734	-63.211	-127.000	2500.000
2247	203393	1	1992.282	69.00	33.35662	159.11978	-127.361	46.437	-160.000	-38.348	-68.446	-160.000	2500.000
2248	203448	1	2228.321	69.00	34.91729	159.38542	-35.049	17.126	-140.000	-2.416	-56.340	-55.000	2500.000
2249	203541	2	-2293.902	68.00	36.40994	159.11801	-61.665	15.820	-100.000	-23.790	-31.267	-93.000	-2000.000
2250	203609	2	-2471.306	67.00	34.08603	158.73430	-63.806	13.582	-260.000	-49.255	-43.827	-68.000	-2000.000
2251	203648	2	-2186.248	67.00	34.48005	158.36819	-37.864	2.924	-80.000	-17.732	-14.576	-39.000	-2000.000
2252	203808	1	2082.046	67.00	33.49923	158.87900	-147.032	34.175	0.000	-73.893	-71.203	-160.000	2500.000
2253	203844	1	2359.140	68.00	35.99618	159.44127	-45.877	5.497	0.000	-1.173	-63.308	-36.000	2500.000
2254	203884	1	2331.705	69.00	34.42916	159.60648	-60.815	-2.299	0.000	-0.542	-64.639	-40.000	2500.000
2255	203924	1	2394.973	69.00	31.86903	160.83072	-24.726	10.550	0.000	-11.488	-39.364	-40.000	2500.000
2256	204044	1	2305.176	69.00	32.48077	158.61227	-83.144	44.666	0.000	-11.378	-24.968	-120.000	2500.000
2257	204138	1	2369.335	69.00	32.59586	158.79340	-42.307	31.066	0.000	-5.081	-20.343	-94.000	2500.000
2258	204355	4	-1055.645	68.00	33.45644	158.00429	-302.654	54.333	-280.000	-152.988	-157.337	-217.000	0.000
2259	204436	1	2290.729	69.00	34.93457	158.56764	-46.270	23.396	-20.000	-52.951	-32.446	-81.000	2500.000
2260	204478	1	2265.474	69.00	35.09959	157.28845	-68.673	0.674	-60.000	-5.009	-59.518	-42.000	2500.000
2261	204580	1	2366.548	70.00	32.59214	157.92009	-32.038	36.403	0.000	-8.605	-27.213	-102.000	2500.000
2262	204653	1	2377.158	70.00	34.78220	158.11601	-38.076	24.927	0.000	-25.245	-11.449	-73.000	2500.000
2263	204737	2	-2528.262	69.00	33.11727	157.50163	-60.374	12.310	-280.000	-79.788	-36.410	-84.000	-2000.000
2264	204767	1	2394.619	69.00	34.83857	157.54790	-19.009	9.196	-40.000	-7.035	-18.533	-30.000	2500.000
2265	204853	1	2320.287	70.00	34.08162	159.59143	-48.401	29.966	-40.000	-18.645	-16.632	-86.000	2500.000
2266	204893	1	2432.250	70.00	32.05195	159.62582	-15.081	12.186	0.000	-7.688	-17.167	-40.000	2500.000
2267	205011	1	2273.040	70.00	32.88392	158.90070	-80.819	37.431	0.000	-22.740	-42.833	-118.000	2500.000
2268	205111	1	2149.434	70.00	34.08916	159.44896	-81.511	24.283	-140.000	-16.284	-37.055	-100.000	2500.000
2269	205141	1	2427.556	71.00	33.52316	158.50316	-23.995	9.524	0.000	-1.671	-26.303	-30.000	2500.000
2270	205266	1	1790.755	71.00	34.36855	158.97946	-70.356	32.715	-380.000	-117.747	-48.857	-125.000	2500.000
2271	205423	1	1879.155	72.00	32.72480	157.91821	-132.530	55.614	-280.000	-40.995	-65.932	-157.000	2500.000
2272	205466	2	-2201.837	71.00	34.94870	157.95784	-46.069	2.170	-60.000	-31.238	-23.700	-43.000	-2000.000
2273	205516	1	2327.567	72.00	34.81052	158.78572	-23.391	12.174	-60.000	-23.653	-27.563	-50.000	2500.000
2274	205546	1	2426.994	72.00	34.06778	159.40707	-24.895	5.494	0.000	-1.367	-22.238	-30.000	2500.000
2275	205685	1	2249.215	72.00	34.20290	157.58438	-81.556	46.164	0.000	-28.774	-47.620	-139.000	2500.000
2276	205748	1	2343.771	72.00	31.89745	159.20503	-50.617	18.182	0.000	-16.800	-43.994	-63.000	2500.000
2277	205939	1	1760.826	72.00	33.81728	157.69107	-117.391	71.979	-380.000	-39.963	-82.798	-191.000	2500.000
2278	205986	1	2434.855	72.00	36.12381	158.13016	-21.863	14.607	0.000	-5.685	-5.203	-47.000	2500.000
2279	206020	1	2450.883	73.00	34.13406	158.21552	-12.455	10.040	0.000	-6.071	-6.631	-34.000	2500.000
2280	206054	1	2370.103	73.00	34.36517	157.98259	-51.318	-6.081	0.000	-0.852	-37.646	-34.000	2500.000
2281	206084	1	2451.321	74.00	31.94705	158.28864	-11.798	9.957	0.000	-2.073	-14.765	-30.000	2500.000
2282	206155	2	-2256.966	73.00	33.02898	158.72240	-75.980	3.214	-60.000	-29.862	-23.338	-71.000	-2000.000
2283	206325	1	1827.003	73.00	32.17140	157.76468	-188.235	43.160	-40.000	-164.998	-152.924	-170.000	2500.000
2284	206423	1	2308.654	73.00	34.23361	157.62865	-63.507	27.892	0.000	-17.718	-40.014	-98.000	2500.000
2285	206484	1	2389.754	73.00	33.88812	158.19049	-34.336	20.578	0.000	-8.634	-26.855	-61.000	2500.000
2286	206594	1	2135.568	73.00	34.03061	158.01865	-108.163	14.129	-100.000	-28.066	-32.332	-110.000	2500.000
2287	206663	1	2390.068	74.00	33.00526	157.66039	-35.779	21.075	0.000	-8.532	-17.696	-69.000	2500.000
2288	206759	1	2178.760	74.00	33.86467	157.62219	-42.430	32.013	-160.000	-27.412	-27.410	-96.000	2500.000
2289	206815	2	-2579.617	73.00	33.83025	157.77666	-71.825	1.226	-380.000	-21.335	-51.683	-56.000	-2000.000
2290	206876	2	-2206.433	72.00	34.41881	158.94795	-37.688	7.820	-60.000	-19.865	-35.700	-61.000	-2000.000
2291	206973	1	2268.667	72.00	33.37181	157.93169	-84.354	28.010	0.000	-37.380	-40.610	-97.000	2500.000
2292	207052	2	-2461.865	71.00	35.13030	158.52635	-69.861	18.168	-80.000	-185.771	-65.401	-79.000	-2000.000
2293	207132	1	2360.740	71.00	36.38334	158.87302	-44.669	25.874	0.000	-2.136	-38.330	-80.000	2500.000
2294	207171	1	2361.940	71.00	34.25505	159.36082	-56.386	-7.952	0.000	-6.326	-28.396	-39.000	2500.000
2295	207238	1	2384.180	71.00	31.55906	158.34895	-30.924	19.997	0.000	-14.031	-23.862	-67.000	2500.000
2296	207329	2	-2230.897	71.00	31.07441	158.67062	-41.005	20.603	-80.000	-15.371	-24.123	-91.000	-2000.000
2297	207379	2	-2487.558	70.00	35.44974	157.83357	-43.070	2.670	-300.000	-46.782	-50.377	-50.000	-2000.000
2298	207409	1	2443.395	71.00	34.79700	156.33344	-22.455	12.002	0.000	-1.461	-14.690	-30.000	2500.000
2299	207470	1	2145.610	72.00	33.18499	157.72684	-28.275	19.556	-240.000	-12.412	-32.259	-61.000	2500.000
2300	207513	2	-2245.404	71.00	36.85666	158.96255	-48.366	0.662	-120.000	-5.902	-28.798	-43.000	-2000.000
2301	207648	1	2098.607	71.00	32.60852	157.81360	-101.366	59.075	-120.000	-27.878	-76.223	-135.000	2500.000
2302	207720	1	2220.691	71.00	34.61097	158.81334	-62.187	15.865	-120.000	-9.312	-31.675	-72.000	2500.000
2303	207824	2	-2548.908	70.00	33.91446	157.92006	-71.395	31.185	-320.000	-37.020	-47.678	-104.000	-2000.000
2304	207859	1	2416.232	70.00	34.99701	157.53683	-21.978	7.595	0.000	-7.651	-26.734	-35.000	2500.000
2305	207917	1	2276.286	70.00	31.83347	157.43016	-100.079	-21.540	0.000	-7.189	-36.906	-58.000	2500.000
2306	207958	1	2346.839	70.00	35.60307	157.46225	-61.540	-10.207	0.000	-4.391	-36.023	-41.000	2500.000
2307	208037	2	-2327.779	69.00	32.66522	158.79021	-37.512	20.668	-180.000	-28.422	-23.514	-79.000	-2000.000
2308	208092	1	2400.652	69.00	33.96574	158.20444	-25.080	18.284	0.000	-17.352	-20.200	-55.000	2500.000
2309	208122	2	-2454.620	69.00	37.00602	158.60112	-47.760	-0.183	-320.000	-18.431	-38.246	-30.000	-2000.000
2310	208152	2	-2364.501	68.00	35.20465	158.27106	-64.108	-0.681	-140.000	-72.933	-56.779	-30.000	-2000.000
2311	208220	1	2282.049	68.00	30.56997	158.09422	-59.722	10.580	-60.000	-10.420	-30.388	-68.000	2500.000
2312	208275	1	2395.033	68.00	31.98001	158.29051	-24.692	17.699	0.000	-9.904	-33.070	-55.000	2500.000
2313	208468	4	-502.159	68.00	34.64077	157.69145	-142.417	71.625	0.000	-132.102	-106.266	-193.000	0.000
2314	208553	1	2272.853	69.00	34.94124	157.75946	-77.948	14.624	0.000	-15.850	-62.972	-85.000	2500.000
2315	208671	1	2103.416	69.00	35.78082	158.31482	-117.737	39.278	-120.000	-22.552	-57.573	-118.000	2500.000
2316	208730	1	2372.004	69.00	34.04924	157.95894	-26.171	19.311	0.000	-12.402	-49.735	-59.000	2500.000
2317	208948	4	-687.643	68.00	33.99193	158.03806	-235.755	48.763	-120.000	-65.067	-97.584	-218.000	0.000
2318	209019	1	2404.878	69.00	31.80016	157.28850	-30.892	24.373	0.000	-10.177	-7.427	-71.000	2500.000
2319	209148	2	-2468.423	69.00	34.00064	156.98738	-71.620	31.910	-220.000	-17.697	-62.017	-129.000	-2000.000
2320	209184	1	2313.511	69.00	32.52982	156.76488	-37.645	17.556	-80.000	-5.154	-45.247	-36.000	2500.000
2321	209265	1	2045.704	70.00	33.94438	158.06743	-52.133	23.441	-320.000	-7.965	-16.639	-81.000	2500.000
2322	209378	1	2313.793	70.00	32.08347	157.06723	-58.531	37.885	0.000	-11.544	-41.016	-113.000	2500.000
2323	209408	1	2337.138	70.00	32.96733	159.70171	-28.905	10.275	-80.000	-3.271	-30.961	-30.000	2500.000
2324	209535	1	2262.237	71.00	33.63404	157.34579	-86.832	35.194	0.000	-23.388	-35.737	-127.000	2500.000
2325	209567	2	-2591.867	71.00	33.02476	156.15231	-53.751	-0.377	-380.000	-81.686	-44.052	-32.000	-2000.000
2326	209622	2	-2358.230	70.00	36.36375	157.74525	-37.514	11.634	-80.000	-138.982	-58.367	-55.000	-2000.000
2327	209686	1	2250.568	70.00	39.19272	157.57886	-33.631	19.441	-120.000	-15.408	-35.834	-64.000	2500.000
2328	209812	1	2162.375	71.00	31.21665	158.00925	-80.768	38.925	-120.000	-23.223	-26.559	-126.000	2500.000
2329	209985	1	1947.802	72.00	33.44804	157.27655	-124.454	52.457	-240.000	-20.991	-46.210	-173.000	2500.000
2330	210133	2	-2458.925	72.00	33.78640	157.43547	-135.249	17.814	-80.000	-48.169	-65.322	-148.000	-2000.000
2331	210177	1	2400.459	73.00	29.62893	156.80803	-25.464	11.442	0.000	-15.458	-26.062	-44.000	2500.000
2332	210338	1	1990.051	73.00	34.31849	157.68301	-132.718	31.582	-140.000	-67.089	-40.723	-161.000	2500.000
2333	210429	1	2342.289	73.00	32.69310	157.37489	-56.338	22.875	0.000	-10.231	-23.017	-91.000	2500.000
2334	210463	2	-2246.965	72.00	42.41803	156.70905	-50.631	0.651	-60.000	-55.407	-47.578	-34.000	-2000.000
2335	210551	1	2131.618	72.00	34.06409	156.68837	-72.957	15.941	-120.000	-18.046	-85.320	-88.000	2500.000
2336	210600	1	2264.882	72.00	30.12486	157.08087	-23.724	14.803	-140.000	-2.123	-35.074	-49.000	2500.000
2337	210674	2	-2234.037	71.00	32.87829	157.49199	-65.859	6.303	-80.000	-2.383	-18.098	-74.000	-2000.000
2338	210747	1	2311.055	72.00	33.47669	156.97784	-38.616	23.362	-80.000	-5.429	-15.261	-73.000	2500.000
2339	210833	1	2361.383	73.00	34.81176	157.72049	-41.117	28.827	0.000	-13.548	-26.779	-86.000	2500.000
2340	210873	2	-2198.679	72.00	33.98429	157.95566	-56.304	-0.408	-80.000	-5.999	-15.967	-40.000	-2000.000
2341	210940	1	2344.307	73.00	35.35746	158.46370	-43.449	18.502	0.000	-16.652	-47.094	-67.000	2500.000
2342	211038	1	2303.484	74.00	35.79314	156.93573	-54.352	31.333	0.000	-37.741	-37.756	-98.000	2500.000
2343	211068	2	-2442.954	73.00	29.78373	156.86143	-40.602	0.044	-280.000	-55.564	-36.832	-30.000	-2000.000
2344	211143	1	2205.721	73.00	32.91018	157.80362	-55.668	18.612	-80.000	-49.789	-52.434	-75.000	2500.000
2345	211307	1	2195.524	73.00	33.50674	157.23032	-139.057	48.678	0.000	-22.343	-27.754	-164.000	2500.000
2346	211440	1	2127.984	73.00	35.22035	157.36153	-105.889	45.683	-120.000	-11.995	-46.816	-133.000	2500.000
2347	211479	1	2423.866	73.00	35.13791	156.07530	-20.364	9.060	0.000	-2.480	-23.350	-39.000	2500.000
2348	211521	1	2399.273	73.00	36.12005	157.52568	-40.234	4.824	0.000	-7.166	-16.151	-42.000	2500.000
2349	211694	1	2176.887	74.00	33.15955	157.03101	-134.374	74.686	0.000	-42.775	-47.650	-173.000	2500.000
2350	211764	2	-2271.644	74.00	35.68663	157.85329	-84.677	0.145	-60.000	-28.286	-28.826	-70.000	-2000.000
2351	211860	2	-2672.960	74.00	30.63346	157.06087	-151.879	-6.595	-300.000	-54.862	-63.624	-96.000	-2000.000
2352	211951	1	2377.303	74.00	35.24392	157.13214	-34.407	32.464	0.000	-9.679	-20.075	-91.000	2500.000
2353	212163	1	2034.596	74.00	35.27000	157.52510	-164.624	70.558	0.000	-59.243	-100.094	-212.000	2500.000
2354	212199	2	-2222.490	73.00	36.45826	156.51062	-39.352	3.132	-100.000	-10.497	-39.772	-36.000	-2000.000
2355	212263	1	2300.551	73.00	35.42680	157.49745	-54.803	12.258	-40.000	-4.857	-48.047	-64.000	2500.000
2356	212302	1	2398.175	73.00	33.31570	157.15854	-31.489	9.768	0.000	-1.278	-39.826	-39.000	2500.000
2357	212332	1	2352.142	73.00	29.95920	157.13185	-49.088	-7.785	0.000	-4.221	-56.765	-30.000	2500.000
2358	212390	1	2260.928	74.00	34.13049	156.94284	-29.820	15.958	-140.000	-7.944	-19.266	-58.000	2500.000
2359	212425	1	2440.149	74.00	35.71195	156.43877	-15.532	10.402	0.000	-1.887	-17.834	-35.000	2500.000
2360	212460	1	2400.573	74.00	34.32315	156.62737	-39.461	15.758	0.000	-5.573	-35.152	-35.000	2500.000
2361	212538	1	2282.167	74.00	33.66043	157.41849	-48.106	25.514	-80.000	-13.720	-23.521	-78.000	2500.000
2362	212646	2	-2384.168	73.00	32.09446	156.53067	-101.848	22.856	-80.000	-54.182	-62.993	-108.000	-2000.000
2363	212720	2	-2678.301	73.00	32.99511	157.07291	-92.044	-2.598	-320.000	-117.817	-71.842	-74.000	-2000.000
2364	212825	1	1860.093	73.00	36.54292	156.80598	-85.348	9.487	-340.000	-37.964	-81.082	-105.000	2500.000
2365	212943	1	2099.370	73.00	31.50753	156.41754	-67.038	34.663	-140.000	-47.727	-62.529	-118.000	2500.000
2366	213044	1	2333.813	73.00	32.68084	156.20935	-44.717	38.568	0.000	-15.468	-43.571	-101.000	2500.000
2367	213204	1	2225.920	73.00	34.35778	156.56984	-100.943	49.015	0.000	-26.078	-36.075	-160.000	2500.000
2368	213253	2	-2161.220	72.00	36.41165	156.12587	-25.521	5.172	-40.000	-25.352	-26.519	-49.000	-2000.000
2369	213384	1	2060.543	72.00	33.02303	156.95746	-127.124	28.400	-60.000	-56.425	-93.307	-131.000	2500.000
2370	213473	2	-2964.166	71.00	33.42830	156.67572	-132.146	-52.383	-380.000	-156.443	-154.195	-89.000	-2000.000
2371	213503	1	2452.991	71.00	27.80742	156.68509	-16.080	9.177	0.000	-4.216	-5.889	-30.000	2500.000
2372	213623	1	2281.966	72.00	36.30737	156.82204	-59.419	37.464	-20.000	-31.410	-24.669	-120.000	2500.000
2373	213810	2	-2478.328	71.00	35.78032	156.71811	-136.930	35.419	-60.000	-56.007	-73.810	-187.000	-2000.000
2374	213863	1	2345.094	71.00	27.81810	156.34038	-64.085	21.151	0.000	-3.239	-55.733	-53.000	2500.000
2375	213928	1	2210.979	71.00	39.27260	156.70317	-21.902	21.859	-200.000	-3.488	-20.490	-65.000	2500.000
2376	213968	1	2332.665	71.00	36.63263	156.44067	-33.580	5.870	-40.000	-20.927	-38.697	-40.000	2500.000
2377	214055	1	2339.524	71.00	33.00746	155.73744	-59.762	19.591	0.000	-7.551	-25.753	-87.000	2500.000
2378	214085	1	2357.965	71.00	30.87038	157.68710	-45.038	5.473	-20.000	-7.911	-44.559	-30.000	2500.000
2379	214150	2	-2461.856	70.00	34.43870	156.45085	-32.797	7.989	-260.000	-60.908	-51.141	-65.000	-2000.000
2380	214214	1	2177.598	70.00	34.89902	156.70169	-78.184	11.514	-60.000	-25.671	-106.059	-64.000	2500.000
2381	214263	1	2416.066	70.00	33.87509	156.45634	-31.578	13.095	0.000	-0.402	-16.049	-49.000	2500.000
2382	214328	1	2402.138	71.00	31.48155	157.22852	-33.761	23.658	0.000	-5.546	-17.213	-65.000	2500.000
2383	214457	1	1991.285	71.00	33.37578	156.76686	-83.730	41.329	-240.000	-43.578	-53.737	-129.000	2500.000
2384	214511	2	-2212.365	70.00	35.58959	156.65927	-30.635	6.247	-80.000	-22.681	-31.296	-54.000	-2000.000
2385	214623	1	2079.649	70.00	34.59588	156.25136	-119.424	19.143	-80.000	-40.332	-87.738	-112.000	2500.000
2386	214780	1	2139.069	70.00	33.68030	155.07639	-96.743	52.152	-80.000	-52.842	-26.498	-157.000	2500.000
2387	214860	1	2250.405	70.00	31.68817	156.37473	-54.003	25.815	-100.000	-6.556	-34.851	-80.000	2500.000
2388	214982	1	2261.153	70.00	32.71288	155.59641	-83.781	39.535	0.000	-31.960	-40.641	-122.000	2500.000
2389	215087	1	2257.971	71.00	32.67040	155.70837	-78.696	27.766	0.000	-36.972	-49.129	-105.000	2500.000
2390	215117	1	2334.771	72.00	30.47057	156.27728	-37.792	-2.465	0.000	-33.046	-61.926	-30.000	2500.000
2391	215268	1	2118.025	72.00	31.97376	155.80403	-161.968	38.647	-20.000	-29.979	-57.675	-151.000	2500.000
2392	215372	1	2163.268	73.00	33.36781	156.10072	-81.634	33.486	-120.000	-10.651	-53.933	-104.000	2500.000
2393	215492	1	2244.434	73.00	32.94508	155.75352	-97.378	31.749	0.000	-24.876	-45.062	-120.000	2500.000
2394	215557	1	2389.949	73.00	31.75648	156.94536	-32.434	21.933	0.000	-3.737	-30.813	-65.000	2500.000
2395	215588	1	2349.560	73.00	38.86426	156.41521	-29.842	10.554	-80.000	-0.593	-19.560	-31.000	2500.000
2396	215634	2	-2202.383	73.00	34.64208	155.82744	-20.447	6.545	-120.000	-8.657	-13.824	-46.000	-2000.000
2397	215672	1	2384.130	74.00	32.88551	156.20105	-34.715	7.236	0.000	-6.876	-43.516	-38.000	2500.000
2398	215714	1	2367.711	74.00	36.84264	156.79797	-35.225	11.350	-40.000	-3.401	-23.012	-42.000	2500.000
2399	215764	1	2150.823	74.00	29.98604	157.15213	-27.370	12.666	-240.000	-18.919	-25.554	-50.000	2500.000
2400	215944	1	1975.583	75.00	33.00639	155.99243	-121.930	59.001	-160.000	-52.991	-68.496	-180.000	2500.000
2401	215977	1	2405.193	75.00	34.28345	156.29112	-28.617	6.687	0.000	-10.016	-29.862	-33.000	2500.000
2402	216017	1	2345.388	75.00	32.49668	154.91170	-61.413	-5.467	0.000	-3.166	-44.566	-40.000	2500.000
2403	216132	1	2041.692	76.00	31.91189	156.12697	-122.460	17.758	-120.000	-41.156	-77.450	-115.000	2500.000
2404	216252	2	-2510.154	75.00	35.52836	156.33578	-175.566	11.361	-80.000	-75.146	-70.803	-120.000	-2000.000
2405	216318	1	2299.425	75.00	34.11628	157.08725	-87.759	28.000	0.000	-18.791	-56.025	-66.000	2500.000
2406	216409	1	2331.722	75.00	34.62771	155.61414	-72.899	22.288	0.000	-8.380	-18.287	-91.000	2500.000
2407	216475	1	2305.456	76.00	37.37962	156.01183	-80.579	22.006	0.000	-8.754	-61.217	-66.000	2500.000
2408	216527	1	2416.051	76.00	33.50208	156.55577	-26.272	16.714	0.000	-2.999	-19.393	-52.000	2500.000
2409	216580	1	2321.466	77.00	34.77076	156.27921	-78.428	-13.284	0.000	-0.759	-33.063	-53.000	2500.000
2410	216687	1	2159.053	78.00	33.71697	154.85463	-58.783	33.183	-140.000	-23.799	-44.548	-107.000	2500.000
2411	216861	1	2165.376	78.00	35.35380	155.87160	-126.611	58.858	0.000	-33.343	-59.527	-174.000	2500.000
2412	216964	1	2172.823	78.00	34.02985	155.94452	-73.047	39.583	0.000	-63.285	-127.428	-103.000	2500.000
2413	217175	1	2086.303	79.00	34.25767	155.28918	-165.498	65.013	0.000	-38.671	-63.540	-211.000	2500.000
2414	217292	1	2271.921	79.00	34.22565	155.31619	-77.240	38.187	0.000	-15.215	-56.810	-117.000	2500.000
2415	217397	1	2016.435	79.00	33.16943	154.89105	-100.638	40.335	-240.000	-19.730	-58.532	-105.000	2500.000
2416	217453	1	2417.769	79.00	31.89086	155.69821	-20.357	18.286	0.000	-3.374	-20.787	-56.000	2500.000
2417	217532	1	2356.673	80.00	33.61720	155.92393	-46.520	24.230	0.000	-23.776	-18.260	-79.000	2500.000
2418	217583	2	-2327.930	79.00	31.63277	156.76120	-39.392	12.165	-220.000	-13.838	-15.864	-51.000	-2000.000
2419	217647	1	2302.401	80.00	30.23884	155.43774	-55.906	7.238	-40.000	-9.792	-35.138	-64.000	2500.000
2420	217694	1	2287.538	80.00	31.31950	155.95117	-72.504	-6.117	0.000	-14.880	-71.960	-47.000	2500.000
2421	217886	1	2072.929	80.00	34.55437	155.25905	-190.123	35.007	0.000	-31.292	-48.663	-192.000	2500.000
2422	217916	1	2373.099	80.00	33.63054	155.21715	-42.394	3.604	0.000	-7.166	-50.945	-30.000	2500.000
2423	218150	4	-745.707	79.00	34.44284	156.02251	-205.401	87.193	-180.000	-65.287	-148.213	-234.000	0.000
2424	218252	1	2055.356	79.00	35.16418	155.63582	-66.925	25.820	-240.000	-17.451	-44.088	-102.000	2500.000
2425	218400	1	2268.453	80.00	36.33142	154.86441	-55.196	50.648	0.000	-35.968	-43.032	-148.000	2500.000
2426	218519	1	2325.164	81.00	33.48220	154.92473	-39.913	41.567	0.000	-26.386	-31.105	-119.000	2500.000
2427	218551	1	2311.444	81.00	33.65368	154.40878	-48.610	7.765	0.000	-38.465	-77.245	-32.000	2500.000
2428	218676	1	2306.096	81.00	35.34947	155.70227	-52.711	45.576	0.000	-26.436	-35.333	-125.000	2500.000
2429	218784	2	-2409.042	80.00	33.01961	155.06639	-53.939	20.893	-200.000	-39.711	-28.285	-108.000	-2000.000
2430	218861	2	-2305.995	80.00	32.94700	154.49509	-67.322	17.074	-60.000	-44.682	-74.065	-77.000	-2000.000
2431	219003	1	2071.955	80.00	34.28837	155.61899	-161.267	28.441	0.000	-48.690	-104.528	-142.000	2500.000
2432	219047	2	-2157.120	79.00	34.18069	155.28751	-6.901	10.883	-80.000	-27.784	-9.318	-44.000	-2000.000
2433	219097	1	2443.131	79.00	36.30823	154.69771	-13.516	17.051	0.000	-0.282	-10.122	-50.000	2500.000
2434	219177	1	2341.622	80.00	34.32977	154.12869	-54.901	18.561	0.000	-13.638	-28.400	-80.000	2500.000
2435	219208	1	2460.104	80.00	38.26445	155.42087	-9.715	9.824	0.000	-1.323	-7.682	-31.000	2500.000
2436	219250	1	2384.856	80.00	32.86338	154.58797	-46.230	2.347	0.000	-1.911	-27.350	-42.000	2500.000
2437	219290	2	-2247.041	80.00	33.39182	155.30380	-33.266	3.473	-160.000	-1.516	-15.733	-40.000	-2000.000
2438	219362	1	2287.932	80.00	34.84563	155.97314	-59.322	12.477	0.000	-23.355	-69.868	-72.000	2500.000
2439	219392	2	-2464.825	79.00	32.91827	154.68346	-41.457	-0.464	-340.000	-5.623	-47.281	-30.000	-2000.000
2440	219449	2	-2428.253	79.00	35.45106	154.04059	-101.625	-3.368	-120.000	-33.904	-112.357	-57.000	-2000.000
2441	219530	1	2097.878	79.00	32.55701	154.87161	-77.114	19.091	-200.000	-26.303	-36.797	-81.000	2500.000
2442	219573	1	2419.733	79.00	35.63363	155.45732	-24.189	11.872	0.000	-11.204	-13.746	-43.000	2500.000
2443	219712	1	2010.395	80.00	34.66224	155.03813	-126.009	37.499	-120.000	-67.370	-74.724	-139.000	2500.000
2444	219743	2	-2192.935	79.00	29.96461	153.95740	-24.190	1.028	-80.000	-29.490	-29.283	-31.000	-2000.000
2445	219809	1	2338.593	79.00	33.66608	154.54491	-35.868	21.194	-60.000	-5.607	-15.126	-66.000	2500.000
2446	219892	2	-2301.630	78.00	33.15959	154.38011	-38.768	12.077	-120.000	-50.914	-21.025	-83.000	-2000.000
2447	219965	1	2109.317	78.00	36.50049	154.96761	-60.793	15.555	-180.000	-34.367	-58.079	-73.000	2500.000
2448	220018	2	-2283.895	77.00	34.05212	155.26224	-66.155	-0.122	-100.000	-34.878	-29.741	-53.000	-2000.000
2449	220066	1	2391.251	77.00	33.28711	153.14330	-31.145	13.766	0.000	-11.936	-31.434	-48.000	2500.000
2450	220186	1	2278.167	78.00	33.35707	154.94614	-82.078	44.666	0.000	-24.597	-39.825	-120.000	2500.000
2451	220217	2	-2163.925	78.00	32.36907	155.98714	-13.154	2.091	-80.000	-16.476	-25.386	-31.000	-2000.000
2452	220247	2	-2437.235	77.00	33.24460	154.82219	-37.546	7.332	-320.000	-13.541	-43.479	-30.000	-2000.000
2453	220307	1	2154.240	77.00	34.24361	154.80887	-51.019	16.862	-180.000	-36.202	-35.401	-60.000	2500.000
2454	220410	1	2197.445	78.00	32.37126	153.77167	-88.490	42.478	-80.000	-19.560	-53.983	-103.000	2500.000
2455	220460	1	2307.085	78.00	32.86928	154.47386	-33.231	14.241	-100.000	-1.193	-22.731	-50.000	2500.000
2456	220525	1	2407.524	78.00	33.24853	154.53563	-22.468	20.943	0.000	-4.693	-21.258	-65.000	2500.000
2457	220587	1	2415.892	78.00	33.95242	154.72018	-19.089	19.885	0.000	-1.785	-21.119	-62.000	2500.000
2458	220617	1	2405.979	78.00	34.83780	154.28685	-29.546	10.231	0.000	-9.592	-35.114	-30.000	2500.000
2459	220704	1	2068.325	78.00	32.73582	154.62981	-55.009	22.072	-260.000	-16.281	-35.457	-87.000	2500.000
2460	220814	1	2175.873	78.00	33.12616	153.76846	-80.371	34.644	-100.000	-15.255	-53.144	-110.000	2500.000
2461	220907	1	2357.689	78.00	32.65700	154.30891	-40.125	31.854	0.000	-2.722	-38.318	-93.000	2500.000
2462	221021	2	-2318.883	78.00	33.93778	154.54482	-59.317	38.275	-80.000	-52.543	-51.297	-114.000	-2000.000
2463	221109	1	2305.947	79.00	33.52205	154.17737	-50.871	31.059	-20.000	-22.267	-43.973	-88.000	2500.000
2464	221190	2	-2259.389	78.00	36.86823	154.94772	-59.979	13.581	-80.000	-17.780	-34.211	-81.000	-2000.000
2465	221220	1	2424.653	78.00	35.80624	155.12703	-26.270	12.625	0.000	-2.545	-29.157	-30.000	2500.000
2466	221294	1	2390.601	78.00	37.41202	154.01762	-32.247	23.096	0.000	-12.844	-13.404	-74.000	2500.000
2467	221355	2	-2310.844	77.00	35.97289	155.11951	-41.799	13.131	-100.000	-66.134	-55.042	-61.000	-2000.000
2468	221429	1	2067.026	78.00	34.95369	154.95734	-65.731	11.977	-220.000	-22.766	-62.454	-74.000	2500.000
2469	221464	2	-2167.581	77.00	33.23819	153.61255	-34.496	10.888	-60.000	-12.800	-36.174	-35.000	-2000.000
2470	221522	2	-2319.783	77.00	35.52742	154.65634	-72.804	4.131	-120.000	-11.202	-61.908	-58.000	-2000.000
2471	221565	1	2398.847	77.00	35.65723	154.02263	-42.553	21.176	0.000	-8.867	-27.908	-43.000	2500.000
2472	221600	1	2430.215	77.00	35.15715	155.03331	-18.015	7.707	0.000	-2.452	-22.026	-35.000	2500.000
2473	221685	1	2259.677	78.00	30.75513	154.39111	-86.758	14.038	0.000	-37.933	-44.670	-85.000	2500.000
2474	221767	1	2132.038	78.00	36.11842	153.81320	-81.309	11.618	-80.000	-56.859	-79.413	-82.000	2500.000
2475	221865	2	-2459.314	77.00	32.28251	153.59491	-97.842	10.191	-200.000	-29.668	-43.995	-98.000	-2000.000
2476	221927	1	1987.025	77.00	32.03343	153.66443	-36.260	20.445	-360.000	-21.609	-53.550	-62.000	2500.000
2477	222012	1	2312.066	77.00	36.02496	153.72369	-83.647	35.841	0.000	-8.426	-46.701	-85.000	2500.000
2478	222042	2	-2494.409	76.00	36.41166	154.15627	-40.731	-0.457	-400.000	-2.907	-20.313	-30.000	-2000.000
2479	222084	2	-2205.249	76.00	34.59018	153.97343	-39.201	5.046	-100.000	-7.729	-21.365	-42.000	-2000.000
2480	222150	1	2359.686	76.00	34.09987	154.76588	-41.390	20.254	-40.000	-2.150	-11.027	-66.000	2500.000
2481	222250	1	2299.236	76.00	32.49926	153.99829	-74.597	36.032	0.000	-18.160	-44.038	-100.000	2500.000
2482	222341	1	2366.297	76.00	33.97853	154.01836	-49.597	30.167	0.000	-6.085	-17.187	-91.000	2500.000
2483	222371	1	2407.729	76.00	33.79847	155.27579	-30.175	11.452	0.000	-0.036	-43.512	-30.000	2500.000
2484	222402	1	2369.160	77.00	34.67107	153.86613	-49.715	-4.627	0.000	-0.343	-45.154	-31.000	2500.000
2485	222500	1	2201.873	77.00	30.04437	153.94505	-91.116	18.482	0.000	-48.002	-79.491	-98.000	2500.000
2486	222558	2	-2203.855	76.00	33.87848	154.45815	-57.259	5.492	-60.000	-11.006	-23.082	-58.000	-2000.000
2487	222668	1	2075.866	76.00	34.71838	153.55762	-122.336	23.145	-80.000	-53.445	-81.498	-110.000	2500.000
2488	222700	2	-2431.105	75.00	30.79575	153.46248	-23.524	3.078	-300.000	-39.565	-39.094	-32.000	-2000.000
2489	222781	1	2262.936	75.00	34.46484	153.96989	-72.046	19.189	-20.000	-26.288	-56.919	-81.000	2500.000
2490	222850	1	2371.922	75.00	33.30330	154.84793	-31.602	23.332	0.000	-26.530	-24.278	-69.000	2500.000
2491	222929	2	-2313.325	74.00	30.48282	154.52312	-57.485	15.310	-140.000	-9.835	-42.314	-79.000	-2000.000
2492	222990	1	2368.357	74.00	31.16280	153.29492	-46.375	12.967	0.000	-13.893	-23.342	-61.000	2500.000
2493	223052	1	2382.391	74.00	33.68464	153.38573	-40.793	19.006	0.000	-12.859	-20.964	-62.000	2500.000
2494	223085	1	2181.182	74.00	38.39640	153.72607	-14.914	9.819	-260.000	-3.695	-17.028	-33.000	2500.000
2495	223134	1	2427.584	74.00	35.06554	153.78528	-24.981	14.798	0.000	-4.575	-8.658	-49.000	2500.000
2496	223212	1	2088.617	75.00	32.75620	154.39157	-53.212	24.256	-240.000	-22.760	-41.666	-78.000	2500.000
2497	223242	1	2392.906	75.00	34.56321	153.51971	-41.772	-2.521	0.000	-1.330	-31.470	-30.000	2500.000
2498	223296	2	-2220.806	74.00	33.71597	153.54051	-37.316	4.367	-60.000	-35.665	-38.192	-54.000	-2000.000
2499	223331	2	-2169.752	73.00	31.24541	152.63704	-43.952	-0.316	-60.000	-1.250	-29.235	-35.000	-2000.000
2500	223361	1	2445.566	73.00	36.83389	154.39316	-18.184	8.474	0.000	-1.598	-13.125	-30.000	2500.000
2501	223466	1	2343.975	73.00	33.42757	154.50507	-46.215	36.321	0.000	-18.145	-22.986	-105.000	2500.000
2502	223500	1	2429.291	73.00	31.10851	153.20691	-18.731	8.971	0.000	-4.475	-22.474	-34.000	2500.000
2503	223647	2	-2424.162	72.00	35.58570	153.18932	-129.234	28.947	-120.000	-27.565	-29.309	-147.000	-2000.000
2504	223710	1	2325.905	73.00	34.10907	154.95052	-58.907	23.584	0.000	-18.394	-57.379	-63.000	2500.000
2505	223804	1	2330.117	73.00	33.43476	152.93253	-78.541	45.912	0.000	-9.114	-34.140	-94.000	2500.000
2506	223843	1	2351.392	73.00	31.32541	154.66222	-58.838	-4.133	0.000	-3.463	-43.174	-39.000	2500.000
2507	223873	2	-2519.015	72.00	30.44780	153.04060	-27.269	3.598	-420.000	-1.681	-43.664	-30.000	-2000.000
2508	223964	1	2073.314	72.00	32.63588	154.99472	-87.903	18.008	-220.000	-13.933	-31.858	-91.000	2500.000
2509	224014	2	-2219.040	71.00	32.35047	154.43033	-49.522	3.105	-60.000	-31.690	-30.933	-50.000	-2000.000
2510	224118	1	2134.265	71.00	33.26987	153.96718	-95.586	11.688	0.000	-104.112	-73.726	-104.000	2500.000
2511	224150	1	2461.467	71.00	32.25697	153.40205	-7.839	11.521	0.000	-7.571	-2.644	-32.000	2500.000
2512	224221	1	2358.075	71.00	32.66342	153.18805	-49.311	22.803	0.000	-4.967	-39.451	-71.000	2500.000
2513	224317	1	2045.826	71.00	32.43709	153.38361	-84.450	17.233	-180.000	-51.396	-59.561	-96.000	2500.000
2514	224395	2	-2618.937	70.00	37.16497	153.81076	-53.354	28.850	-380.000	-79.354	-57.079	-78.000	-2000.000
2515	224425	5	-118.002	69.00	35.64229	153.82248	-52.041	-0.251	0.000	-15.966	-19.743	-30.000	0.000
2516	224459	5	-238.656	68.00	31.79528	152.13751	-62.181	-0.633	-100.000	-6.303	-35.539	-34.000	0.000
2517	224582	1	2124.392	68.00	36.88088	153.59021	-123.441	21.677	0.000	-33.940	-116.903	-123.000	2500.000
2518	224669	1	2148.358	69.00	31.78156	153.54277	-40.843	32.114	-220.000	-5.382	-30.531	-87.000	2500.000
2519	224858	1	2139.414	69.00	34.22572	153.70016	-136.797	62.934	0.000	-44.313	-53.410	-189.000	2500.000
2520	224929	1	2389.526	69.00	31.58623	153.88110	-42.552	21.940	0.000	-4.851	-14.011	-71.000	2500.000
2521	225029	2	-2395.329	68.00	33.77140	153.69038	-48.025	21.285	-180.000	-47.208	-41.381	-100.000	-2000.000
2522	225150	1	2182.735	68.00	33.25637	153.51797	-109.123	19.361	0.000	-31.928	-74.575	-121.000	2500.000
2523	225225	1	2200.952	69.00	32.50879	153.51643	-47.060	26.492	-140.000	-16.292	-47.188	-75.000	2500.000
2524	225291	1	2178.517	69.00	34.07882	153.17270	-53.067	18.873	-180.000	-10.276	-31.013	-66.000	2500.000
2525	225357	1	2356.888	69.00	31.08883	152.91449	-72.115	15.613	0.000	-6.388	-14.223	-66.000	2500.000
2526	225464	1	2253.415	69.00	35.52898	153.15469	-64.025	36.191	-40.000	-37.632	-34.119	-107.000	2500.000
2527	225616	1	2134.137	69.00	32.32372	153.58136	-158.085	56.310	0.000	-39.162	-72.927	-152.000	2500.000
2528	225656	1	2402.667	69.00	35.48994	153.02602	-26.957	11.277	0.000	-12.715	-28.938	-40.000	2500.000
2529	225725	2	-2263.012	69.00	33.81653	153.70662	-64.208	14.843	-60.000	-42.275	-42.372	-69.000	-2000.000
2530	225763	2	-2473.818	69.00	33.93270	152.95227	-30.991	1.867	-200.000	-157.225	-49.470	-38.000	-2000.000
2531	225897	1	1804.692	69.00	31.65746	153.45811	-135.398	13.084	-280.000	-90.494	-68.501	-134.000	2500.000
2532	225927	1	2230.054	70.00	36.37731	155.25955	-45.415	-1.510	-120.000	-28.766	-44.254	-30.000	2500.000
2533	225957	1	2460.196	70.00	40.79137	154.41188	-10.132	11.006	0.000	-4.945	-5.734	-30.000	2500.000
2534	226015	1	2265.065	70.00	34.47940	153.37289	-64.510	11.158	-60.000	-24.847	-38.736	-58.000	2500.000
2535	226062	1	2423.975	70.00	37.27430	151.91119	-19.077	16.145	0.000	-5.294	-20.799	-47.000	2500.000
2536	226177	1	2129.609	70.00	34.49583	152.72173	-65.999	38.433	-180.000	-16.111	-31.714	-115.000	2500.000
2537	226268	2	-2196.300	70.00	36.22186	153.07170	-41.408	33.793	-60.000	-7.519	-30.166	-91.000	-2000.000
2538	226316	1	2388.509	70.00	34.81398	152.75015	-32.512	10.001	0.000	-15.819	-25.160	-48.000	2500.000
2539	226399	1	2332.701	71.00	35.24962	153.44144	-40.802	25.584	-20.000	-15.717	-33.364	-83.000	2500.000
2540	226432	1	2359.897	72.00	34.70446	152.83151	-50.243	-2.761	0.000	-9.170	-44.930	-33.000	2500.000
2541	226462	1	2395.901	72.00	31.18441	153.21471	-43.849	-0.673	0.000	-10.292	-19.285	-30.000	2500.000
2542	226564	1	2176.432	72.00	34.89523	153.17606	-105.284	21.536	-80.000	-8.439	-49.381	-102.000	2500.000
2543	226712	1	2198.180	72.00	35.01098	153.15816	-94.697	57.914	0.000	-51.673	-65.364	-148.000	2500.000
2544	226773	1	1983.453	73.00	35.20503	153.35805	-36.830	17.065	-360.000	-33.879	-41.904	-61.000	2500.000
2545	226986	4	-722.277	72.00	34.55580	153.27765	-277.116	6.388	0.000	-144.129	-94.420	-213.000	0.000
2546	227050	1	2386.977	73.00	33.76842	152.18701	-35.871	26.516	0.000	-25.232	-14.436	-64.000	2500.000
2547	227151	1	2334.501	73.00	33.76982	153.20544	-45.124	32.672	0.000	-16.661	-35.386	-101.000	2500.000
2548	227232	1	2319.090	74.00	33.35093	152.85168	-50.816	25.405	0.000	-37.996	-36.503	-81.000	2500.000
2549	227350	1	2186.889	74.00	34.18197	152.63570	-126.767	21.820	0.000	-33.901	-56.263	-118.000	2500.000
2550	227467	1	2114.189	74.00	34.93380	153.11484	-128.259	40.940	-60.000	-28.845	-92.647	-117.000	2500.000
2551	227571	1	2186.064	75.00	34.27621	153.35994	-58.187	31.694	-100.000	-38.401	-45.043	-104.000	2500.000
2552	227625	1	2398.987	76.00	32.77033	152.70863	-34.289	15.706	0.000	-1.242	-27.188	-54.000	2500.000
2553	227747	1	2244.071	76.00	32.19581	152.59039	-73.881	43.658	0.000	-38.073	-65.633	-122.000	2500.000
2554	227789	2	-2301.119	75.00	28.09230	152.65054	-22.854	8.358	-160.000	-54.745	-29.878	-42.000	-2000.000
2555	227832	1	2378.864	75.00	32.13258	152.81325	-44.405	7.771	0.000	-4.002	-37.501	-43.000	2500.000
2556	227888	1	2391.057	75.00	30.79456	152.86401	-22.819	17.127	0.000	-21.911	-25.340	-56.000	2500.000
2557	228091	1	1699.370	75.00	34.28607	153.01398	-233.891	44.112	-120.000	-136.395	-151.455	-203.000	2500.000
2558	228237	1	2257.188	75.00	33.97935	152.16910	-77.806	47.281	0.000	-38.100	-28.187	-146.000	2500.000
2559	228349	1	2306.197	75.00	34.99863	153.56137	-69.822	38.245	0.000	-13.607	-36.618	-112.000	2500.000
2560	228431	1	2169.478	75.00	34.03283	152.55597	-56.581	25.759	-180.000	-1.976	-35.724	-82.000	2500.000
2561	228612	1	1823.552	75.00	34.72573	152.81363	-210.166	8.555	0.000	-144.550	-149.287	-181.000	2500.000
2562	228654	1	2398.308	76.00	37.69277	151.62192	-42.041	11.431	0.000	-0.440	-28.642	-42.000	2500.000
2563	228702	1	2394.776	76.00	32.97950	151.97102	-23.091	12.689	0.000	-30.077	-16.745	-48.000	2500.000
2564	228790	1	2105.761	77.00	34.26716	152.60870	-61.988	23.281	-220.000	-21.607	-25.925	-88.000	2500.000
2565	228887	1	2145.158	77.00	33.86861	152.83456	-35.850	33.957	-200.000	-30.477	-25.472	-97.000	2500.000
2566	228923	1	2419.569	77.00	30.20034	153.72041	-28.697	9.771	0.000	-1.774	-23.731	-36.000	2500.000
2567	229031	1	2217.763	78.00	32.85617	152.25758	-77.770	38.406	-60.000	-34.750	-40.123	-108.000	2500.000
2568	229097	1	1939.582	78.00	36.18386	152.23491	-36.006	19.860	-400.000	-21.562	-56.710	-66.000	2500.000
2569	229169	1	2146.730	79.00	39.27644	152.28661	-50.052	15.420	-200.000	-17.196	-29.442	-72.000	2500.000
2570	229199	2	-2213.570	79.00	33.89727	151.18524	-31.327	0.942	-80.000	-40.268	-32.916	-30.000	-2000.000
2571	229286	1	2295.625	79.00	33.85715	152.88405	-57.118	28.571	0.000	-25.843	-62.986	-87.000	2500.000
2572	229316	2	-2545.048	78.00	32.52373	151.82526	-48.409	-0.771	-340.000	-89.275	-36.593	-30.000	-2000.000
2573	229388	1	2154.527	78.00	32.99186	152.60074	-49.324	16.765	-180.000	-21.637	-39.277	-72.000	2500.000
2574	229501	1	2235.602	78.00	33.18562	152.22717	-64.378	32.976	-80.000	-13.182	-26.815	-113.000	2500.000
2575	229664	1	1949.672	79.00	32.66133	152.22565	-162.740	14.775	-120.000	-63.585	-55.778	-163.000	2500.000
2576	229703	2	-2127.032	78.00	32.70015	153.61726	-22.903	3.817	-40.000	-8.274	-20.673	-39.000	-2000.000
2577	229832	1	2046.474	78.00	36.01147	152.05548	-135.295	28.677	-100.000	-37.758	-80.150	-129.000	2500.000
2578	229932	1	2277.703	79.00	37.05958	152.87976	-76.186	17.916	0.000	-30.343	-33.683	-100.000	2500.000
2579	230061	1	2287.688	80.00	35.71600	152.18001	-76.170	42.755	0.000	-15.982	-33.915	-129.000	2500.000
2580	230133	1	2377.288	80.00	31.39628	151.64720	-49.255	21.207	0.000	-8.413	-14.252	-72.000	2500.000
2581	230255	1	2107.792	80.00	33.73810	152.09041	-110.929	36.059	-140.000	-15.227	-40.111	-122.000	2500.000
2582	230322	1	2373.278	80.00	34.76343	152.48233	-30.466	17.685	0.000	-10.666	-36.275	-67.000	2500.000
2583	230388	2	-2261.620	79.00	32.48711	152.69815	-61.314	6.520	-60.000	-19.231	-61.595	-66.000	-2000.000
2584	230432	1	2342.158	79.00	32.00332	151.74849	-43.192	12.130	0.000	-19.875	-62.904	-44.000	2500.000
2585	230466	1	2429.752	79.00	29.35210	151.81728	-15.610	10.574	0.000	-6.503	-24.710	-34.000	2500.000
2586	230567	1	2330.118	80.00	35.36209	151.71027	-46.455	35.597	0.000	-27.195	-30.830	-101.000	2500.000
2587	230636	1	2396.825	80.00	34.71734	152.53366	-37.711	23.009	0.000	-3.156	-16.318	-69.000	2500.000
2588	230781	1	2213.597	81.00	33.26317	152.20517	-90.023	45.171	0.000	-58.442	-38.109	-145.000	2500.000
2589	230864	1	2407.105	81.00	36.28625	152.06982	-25.880	28.408	0.000	-3.396	-9.028	-83.000	2500.000
2590	230896	1	2354.342	81.00	33.88058	152.29759	-50.587	2.419	0.000	-1.995	-63.495	-32.000	2500.000
2591	230991	1	2176.592	82.00	35.12916	151.69522	-60.985	28.173	-160.000	-5.088	-30.508	-95.000	2500.000
2592	231042	1	2247.796	82.00	36.36297	152.64172	-29.622	17.236	-160.000	-2.557	-26.261	-51.000	2500.000
2593	231139	1	2116.177	82.00	33.38687	152.14105	-71.391	25.460	-180.000	-12.445	-48.447	-97.000	2500.000
2594	231170	2	-2643.690	81.00	40.43129	152.89204	-42.473	0.390	-520.000	-10.741	-39.866	-31.000	-2000.000
2595	231236	1	2028.666	81.00	36.01357	152.54419	-70.158	17.950	-220.000	-62.179	-70.948	-66.000	2500.000
2596	231275	1	2408.399	81.00	38.61464	151.03432	-39.746	6.692	0.000	-2.481	-17.066	-39.000	2500.000
2597	231309	1	2362.112	81.00	35.05630	151.08459	-51.867	-0.349	0.000	-1.543	-50.129	-34.000	2500.000
2598	231398	1	2274.294	82.00	33.99177	151.99323	-59.396	43.403	-80.000	-6.305	-34.407	-89.000	2500.000
2599	231441	1	2286.110	83.00	29.94729	152.92833	-10.695	14.401	-160.000	-5.028	-9.569	-43.000	2500.000
2600	231597	1	2113.508	83.00	34.44508	151.42171	-92.535	54.565	-80.000	-53.322	-59.200	-156.000	2500.000
2601	231658	1	2384.083	83.00	36.68526	151.58191	-31.956	18.254	0.000	-1.000	-40.216	-61.000	2500.000
2602	231688	1	2419.276	83.00	34.79834	150.61507	-28.581	5.767	0.000	-4.824	-23.086	-30.000	2500.000
2603	231738	1	2422.108	84.00	33.94307	151.21574	-12.126	14.890	0.000	-21.782	-8.874	-50.000	2500.000
2604	231948	1	1996.516	84.00	33.05422	151.82988	-160.334	69.951	-120.000	-28.849	-54.253	-210.000	2500.000
2605	232098	1	2026.877	84.00	34.15546	151.25150	-165.803	42.445	-60.000	-33.831	-105.934	-150.000	2500.000
2606	232189	1	2094.888	84.00	31.68035	151.46794	-57.676	23.546	-140.000	-98.982	-41.000	-91.000	2500.000
2607	232424	2	-2748.496	84.00	34.16014	150.90831	-295.970	67.340	-100.000	-102.766	-82.100	-235.000	-2000.000
2608	232461	2	-2481.397	83.00	34.85560	150.76566	-70.096	0.243	-280.000	-31.693	-62.851	-37.000	-2000.000
2609	232503	1	2389.774	84.00	34.79343	150.18582	-32.728	8.962	0.000	-21.711	-22.749	-42.000	2500.000
2610	232576	1	2403.373	84.00	33.09576	151.16237	-18.840	26.046	0.000	-6.677	-24.156	-73.000	2500.000
2611	232606	1	2374.855	84.00	37.66045	152.14635	-41.922	2.139	0.000	-2.492	-52.870	-30.000	2500.000
2612	232753	1	1825.988	84.00	35.89523	151.30653	-139.970	29.051	-320.000	-24.205	-71.888	-147.000	2500.000
2613	232843	1	2331.229	84.00	35.17085	151.44232	-35.298	30.235	0.000	-29.249	-44.459	-90.000	2500.000
2614	232915	1	2324.334	85.00	37.14182	151.16713	-67.355	14.042	0.000	-4.316	-46.037	-72.000	2500.000
2615	233044	2	-2901.788	85.00	34.23125	150.62888	-150.198	27.876	-520.000	-42.726	-87.741	-129.000	-2000.000
2616	233159	1	2122.063	86.00	34.21991	151.47321	-80.393	26.212	-100.000	-17.773	-90.982	-115.000	2500.000
2617	233397	1	1912.840	86.00	32.85298	150.97563	-260.863	95.488	0.000	-45.746	-138.039	-238.000	2500.000
2618	233427	1	2427.980	86.00	28.11922	150.51688	-18.185	9.390	0.000	-5.638	-27.588	-30.000	2500.000
2619	233457	1	2448.080	86.00	32.90578	149.25020	-19.353	9.332	0.000	-5.359	-6.540	-30.000	2500.000
2620	233588	1	1658.004	86.00	31.82613	151.01042	-125.031	46.682	-460.000	-97.400	-75.248	-131.000	2500.000
2621	233687	1	2151.333	87.00	33.85415	150.96945	-58.532	25.785	-180.000	-16.356	-20.564	-99.000	2500.000
2622	233773	1	2221.130	87.00	34.36303	150.64259	-34.995	31.600	-140.000	-12.569	-36.907	-86.000	2500.000
2623	233887	1	2051.738	87.00	32.60377	151.14146	-70.449	35.138	-200.000	-43.194	-55.757	-114.000	2500.000
2624	233937	1	2139.273	87.00	35.34700	151.28027	-29.930	11.708	-240.000	-24.860	-27.645	-50.000	2500.000
2625	234071	2	-2619.994	86.00	35.18064	151.19510	-137.126	46.484	-220.000	-88.733	-86.620	-134.000	-2000.000
2626	234177	1	1841.503	86.00	33.64594	151.29616	-115.829	11.822	-300.000	-72.093	-76.397	-106.000	2500.000
2627	234207	1	2391.226	86.00	30.56352	151.77342	-21.640	12.398	0.000	-39.474	-30.059	-30.000	2500.000
2628	234290	1	2249.006	86.00	33.90652	150.40169	-23.958	28.772	-120.000	-10.001	-42.808	-83.000	2500.000
2629	234326	1	2372.950	87.00	30.29908	150.06357	-53.406	-2.552	0.000	-0.403	-34.689	-36.000	2500.000
2630	234384	1	2132.082	88.00	34.58982	149.98883	-90.804	5.066	-100.000	-40.591	-83.589	-58.000	2500.000
2631	234489	1	2101.979	88.00	33.75995	150.41827	-66.609	34.997	-180.000	-22.535	-58.874	-105.000	2500.000
2632	234558	1	2292.105	88.00	33.51764	150.36523	-41.206	16.179	-80.000	-9.597	-24.271	-69.000	2500.000
2633	234590	1	2357.709	88.00	32.02353	150.78981	-44.797	1.044	0.000	-7.696	-58.842	-32.000	2500.000
2634	234727	1	2263.315	88.00	33.43579	150.91162	-74.275	44.135	0.000	-17.268	-52.277	-137.000	2500.000
2635	234757	1	2184.242	88.00	37.66753	149.84995	-42.626	2.272	-200.000	-0.379	-45.025	-30.000	2500.000
2636	234924	1	1856.734	88.00	33.15490	150.82631	-132.696	49.042	-320.000	-30.034	-42.578	-167.000	2500.000
2637	234963	2	-2182.608	88.00	34.05286	151.63773	-26.918	4.411	-80.000	-14.036	-27.066	-39.000	-2000.000
2638	235013	1	2362.189	88.00	32.09436	151.85809	-41.226	15.107	0.000	-28.135	-33.556	-50.000	2500.000
2639	235109	1	2174.159	88.00	32.24392	150.67589	-20.794	34.981	-220.000	-11.032	-12.996	-96.000	2500.000
2640	235171	2	-2684.242	87.00	35.22219	150.16753	-58.003	7.069	-520.000	-10.495	-40.813	-62.000	-2000.000
2641	235319	1	2027.764	87.00	34.23956	150.53090	-168.588	27.438	-20.000	-33.197	-129.888	-148.000	2500.000
2642	235367	1	2117.809	87.00	39.41023	150.06863	-36.104	14.360	-280.000	-3.177	-29.271	-48.000	2500.000
2643	235437	1	2385.417	87.00	35.60241	150.34276	-33.775	23.273	0.000	-11.515	-22.565	-70.000	2500.000
2644	235489	1	2394.486	87.00	35.21103	149.41139	-18.642	13.342	0.000	-37.240	-10.974	-52.000	2500.000
2645	235546	1	2402.759	88.00	33.73485	149.47601	-38.749	16.958	0.000	-6.058	-12.392	-57.000	2500.000
2646	235625	1	2348.397	88.00	34.74318	151.13637	-54.968	22.893	0.000	-6.593	-33.935	-79.000	2500.000
2647	235660	1	2393.987	88.00	29.60063	148.92810	-31.802	5.808	0.000	-13.258	-31.761	-35.000	2500.000
2648	235752	1	2351.785	88.00	33.86877	150.76456	-50.343	28.536	0.000	-8.427	-25.981	-92.000	2500.000
2649	235845	1	2138.350	88.00	31.97063	150.48256	-62.382	29.261	-180.000	-11.212	-44.316	-93.000	2500.000
2650	235914	1	2408.979	88.00	33.86366	149.88451	-15.599	24.025	0.000	-18.423	-12.023	-69.000	2500.000
2651	236148	4	-795.033	87.00	33.87552	150.87915	-262.333	13.752	-100.000	-103.597	-108.856	-234.000	0.000
2652	236238	1	2297.339	87.00	32.99204	150.37976	-80.807	19.421	0.000	-11.292	-39.983	-90.000	2500.000
2653	236319	1	1863.363	87.00	37.14676	150.18604	-63.424	32.384	-380.000	-9.600	-134.997	-81.000	2500.000
2654	236458	1	2162.516	88.00	36.24815	150.79655	-106.111	67.086	-40.000	-39.356	-80.104	-139.000	2500.000
2655	236524	1	2391.896	88.00	30.44119	150.29639	-44.364	25.050	0.000	-10.941	-11.848	-66.000	2500.000
2656	236578	2	-2205.723	87.00	32.18831	150.24428	-53.517	4.212	-60.000	-7.996	-34.422	-54.000	-2000.000
2657	236700	1	2153.014	87.00	32.53275	150.15475	-116.601	28.031	0.000	-66.973	-69.443	-122.000	2500.000
2658	236813	1	1913.361	87.00	34.93100	150.08932	-67.782	35.495	-380.000	-9.614	-51.738	-113.000	2500.000
2659	236876	1	2182.281	87.00	37.15456	150.36903	-77.233	21.756	-140.000	-16.086	-43.155	-63.000	2500.000
2660	237032	1	1953.555	87.00	34.83679	149.84720	-107.462	48.582	-240.000	-39.619	-51.946	-156.000	2500.000
2661	237187	1	1588.923	87.00	32.38071	149.06076	-101.481	44.335	-620.000	-36.916	-42.015	-155.000	2500.000
2662	237422	4	-726.168	86.00	33.09612	149.63284	-200.707	59.355	-160.000	-74.569	-115.247	-235.000	0.000
2663	237470	2	-2243.942	85.00	32.92792	148.71275	-32.779	6.429	-100.000	-26.689	-42.902	-48.000	-2000.000
2664	237586	1	2222.518	85.00	36.92467	149.58888	-103.882	52.660	0.000	-36.504	-73.756	-116.000	2500.000
2665	237792	1	1261.791	85.00	33.10811	149.04527	-127.010	65.674	-800.000	-105.933	-64.939	-206.000	2500.000
2666	237996	1	1710.374	85.00	33.43437	149.63089	-154.325	62.644	-360.000	-56.648	-77.297	-204.000	2500.000
2667	238153	1	2214.813	85.00	35.00850	149.48878	-125.953	44.202	0.000	-11.940	-34.496	-157.000	2500.000
2668	238291	2	-2409.790	84.00	32.90311	149.31953	-128.060	29.450	-80.000	-30.966	-62.214	-138.000	-2000.000
2669	238378	2	-2477.015	83.00	34.82458	149.76302	-102.517	27.293	-80.000	-117.306	-117.485	-87.000	-2000.000
2670	238490	1	2142.721	84.00	35.35858	149.38956	-97.495	20.836	-80.000	-23.501	-65.119	-112.000	2500.000
2671	238610	1	2298.906	84.00	32.91985	148.98880	-56.937	36.581	0.000	-10.540	-50.198	-120.000	2500.000
2672	238801	1	2036.227	85.00	32.86311	149.41866	-166.972	65.769	0.000	-73.864	-97.705	-191.000	2500.000
2673	238857	1	2412.411	85.00	38.72085	148.73901	-20.634	17.010	0.000	-7.738	-20.227	-56.000	2500.000
2674	238896	1	2121.281	85.00	36.13172	148.84857	-41.294	6.205	-260.000	-11.649	-32.981	-39.000	2500.000
2675	238972	2	-2280.678	84.00	34.90399	150.03702	-36.284	8.566	-140.000	-11.447	-25.512	-76.000	-2000.000
2676	239068	1	1976.239	85.00	33.22223	148.82628	-111.637	25.189	-220.000	-41.354	-79.959	-96.000	2500.000
2677	239111	1	2255.459	85.00	35.68309	148.38785	-23.512	10.317	-160.000	-3.340	-25.006	-43.000	2500.000
2678	239181	1	2370.640	85.00	31.02252	149.76329	-45.193	21.532	0.000	-8.409	-27.291	-70.000	2500.000
2679	239227	1	2367.317	85.00	35.12026	148.96686	-49.363	11.242	0.000	-20.602	-27.960	-46.000	2500.000
2680	239358	1	2293.079	85.00	33.83983	149.02800	-78.476	45.440	0.000	-18.484	-24.400	-131.000	2500.000
2681	239445	1	2259.832	85.00	35.24729	149.08855	-91.559	24.598	-40.000	-3.677	-42.530	-87.000	2500.000
2682	239548	1	2352.710	85.00	31.55596	148.13327	-43.723	35.854	0.000	-7.909	-28.513	-103.000	2500.000
2683	239656	2	-2723.530	85.00	33.63951	149.21111	-125.121	10.398	-260.000	-106.798	-134.009	-108.000	-2000.000
2684	239702	2	-2439.376	84.00	32.72536	149.83569	-94.005	-3.236	-180.000	-36.796	-79.338	-46.000	-2000.000
2685	239780	1	2320.129	84.00	30.90268	148.94609	-51.848	18.202	0.000	-27.951	-40.275	-78.000	2500.000
2686	239810	1	2405.180	84.00	30.59771	149.07449	-29.455	2.883	0.000	-16.821	-21.426	-30.000	2500.000
2687	239917	1	2349.599	84.00	36.02691	149.26711	-53.306	38.768	0.000	-12.061	-16.803	-107.000	2500.000
2688	239972	2	-2508.413	83.00	33.23568	147.38980	-72.602	4.309	-280.000	-60.025	-45.095	-55.000	-2000.000
2689	240098	1	2225.451	83.00	33.62562	148.33601	-91.643	33.789	0.000	-20.750	-69.945	-126.000	2500.000
2690	240207	1	2162.222	83.00	36.65261	148.63673	-26.984	37.137	-200.000	-7.565	-31.367	-109.000	2500.000
2691	240277	1	2302.088	83.00	35.30499	148.95200	-32.935	22.345	-80.000	-7.930	-29.392	-70.000	2500.000
2692	240363	1	2325.546	83.00	33.88030	147.92584	-75.535	17.202	0.000	-12.485	-17.635	-86.000	2500.000
2693	240501	1	2220.030	83.00	35.19807	148.85417	-97.014	43.134	0.000	-23.871	-64.218	-138.000	2500.000
2694	240609	1	2020.046	84.00	36.10787	148.87383	-59.310	37.747	-300.000	-7.545	-42.847	-108.000	2500.000
2695	240768	1	1744.207	84.00	33.01103	148.14296	-164.138	40.886	-340.000	-45.060	-88.480	-159.000	2500.000
2696	240954	2	-2585.199	83.00	35.23695	148.90724	-174.293	38.901	-80.000	-101.703	-82.105	-186.000	-2000.000
2697	241175	4	-1166.862	82.00	34.04182	148.59207	-248.997	58.937	-440.000	-156.686	-159.116	-221.000	0.000
2698	241205	1	2449.871	82.00	32.50461	150.17561	-15.196	10.758	0.000	-3.184	-12.506	-30.000	2500.000
2699	241238	2	-2353.690	81.00	34.40463	148.57774	-36.457	0.511	-160.000	-100.455	-24.290	-33.000	-2000.000
2700	241340	1	2270.449	81.00	33.82160	148.59169	-84.410	26.242	0.000	-9.908	-59.474	-102.000	2500.000
2701	241389	2	-2180.360	80.00	33.68366	148.43799	-43.182	3.524	-60.000	-3.501	-28.202	-49.000	-2000.000
2702	241501	1	2194.595	80.00	33.18487	148.59717	-72.074	28.581	-80.000	-23.434	-46.478	-112.000	2500.000
2703	241607	1	2233.156	80.00	32.67694	149.00610	-111.786	18.526	0.000	-15.697	-51.888	-106.000	2500.000
2704	241666	2	-2361.601	79.00	30.70954	149.45998	-45.896	7.012	-200.000	-9.935	-53.783	-59.000	-2000.000
2705	241750	1	1904.241	79.00	35.96856	148.89417	-79.048	10.707	-340.000	-31.444	-71.974	-84.000	2500.000
2706	241858	1	1893.888	79.00	33.66899	148.74475	-57.795	29.458	-420.000	-18.125	-31.649	-108.000	2500.000
2707	241895	1	2300.287	80.00	31.40613	148.77528	-31.483	14.304	-80.000	-30.190	-35.345	-37.000	2500.000
2708	241957	1	2205.121	81.00	34.97550	148.93468	-24.085	24.819	-200.000	-10.577	-23.036	-62.000	2500.000
2709	242022	1	1882.177	81.00	31.77515	147.48007	-31.311	22.116	-500.000	-4.534	-39.094	-65.000	2500.000
2710	242125	1	2166.375	81.00	34.87982	148.56830	-80.583	27.762	-140.000	-14.564	-23.240	-103.000	2500.000
2711	242214	2	-2240.044	80.00	32.16575	148.36134	-45.798	22.421	-60.000	-37.648	-30.019	-89.000	-2000.000
2712	242283	1	2342.061	80.00	35.52728	148.43977	-55.384	18.128	0.000	-11.410	-40.274	-69.000	2500.000
2713	242350	1	2345.641	80.00	32.55263	147.60176	-68.189	27.371	0.000	-5.291	-41.249	-67.000	2500.000
2714	242441	2	-2591.191	79.00	31.92428	148.08742	-148.270	0.796	-320.000	-11.913	-20.804	-91.000	-2000.000
2715	242547	1	2135.604	80.00	37.12296	147.46344	-123.784	20.775	-80.000	-23.615	-51.771	-106.000	2500.000
2716	242656	1	2259.056	80.00	35.44026	148.30150	-88.615	30.751	0.000	-33.961	-40.119	-109.000	2500.000
2717	242704	2	-2225.822	79.00	35.61488	148.77678	-61.553	4.650	-60.000	-35.899	-25.019	-48.000	-2000.000
2718	242765	1	2385.159	79.00	31.29816	148.39018	-34.544	18.088	0.000	-1.676	-35.710	-61.000	2500.000
2719	242907	1	2171.947	79.00	32.98643	147.75739	-78.246	51.649	0.000	-84.516	-74.940	-142.000	2500.000
2720	242954	1	2409.566	79.00	35.37133	147.85922	-27.734	12.274	0.000	-8.244	-19.730	-47.000	2500.000
2721	243007	1	2441.418	79.00	33.94213	147.94876	-14.059	16.594	0.000	-2.363	-5.754	-53.000	2500.000
2722	243083	2	-2304.085	78.00	33.40431	149.19873	-79.007	10.125	-80.000	-20.615	-58.587	-76.000	-2000.000
2723	243113	2	-2313.202	77.00	31.60253	148.15965	-25.055	2.568	-220.000	-24.460	-16.255	-30.000	-2000.000
2724	243234	1	1931.724	77.00	35.74163	148.59494	-82.047	32.308	-260.000	-51.214	-86.323	-121.000	2500.000
2725	243278	2	-2345.533	77.00	34.16469	148.27144	-39.314	1.085	-120.000	-113.613	-29.691	-44.000	-2000.000
2726	243322	1	2398.836	77.00	29.39482	148.61842	-45.382	18.780	0.000	-3.171	-27.390	-44.000	2500.000
2727	243373	1	2411.891	77.00	35.97320	149.20113	-30.775	18.456	0.000	-7.160	-17.630	-51.000	2500.000
2728	243407	1	2435.920	77.00	34.07063	147.38995	-22.750	10.275	0.000	-4.794	-12.811	-34.000	2500.000
2729	243444	2	-2209.170	76.00	33.89576	148.39648	-47.151	2.327	-60.000	-30.941	-36.405	-37.000	-2000.000
2730	243492	1	2363.483	76.00	30.39675	148.24123	-51.769	18.903	0.000	-16.078	-39.573	-48.000	2500.000
2731	243532	1	2429.999	76.00	33.39562	147.76268	-23.991	12.668	0.000	-1.593	-17.085	-40.000	2500.000
2732	243667	2	-2675.436	75.00	33.04433	147.81854	-144.203	41.516	-140.000	-150.538	-147.211	-135.000	-2000.000
2733	243747	1	2285.636	75.00	33.46669	148.37650	-58.205	25.423	-60.000	-8.976	-32.606	-80.000	2500.000
2734	243908	1	2117.849	75.00	34.38943	147.62027	-146.635	43.650	0.000	-37.812	-80.355	-161.000	2500.000
2735	243989	1	2348.286	75.00	33.86292	147.90202	-61.258	27.616	0.000	-11.237	-25.835	-81.000	2500.000
2736	244021	1	2447.830	75.00	38.77170	148.70480	-15.123	9.737	0.000	-2.527	-12.257	-32.000	2500.000
2737	244108	2	-2467.616	75.00	32.76905	147.39183	-99.841	16.155	-100.000	-116.393	-80.537	-87.000	-2000.000
2738	244141	1	2444.719	75.00	38.42618	147.89482	-19.026	9.563	0.000	-4.473	-8.344	-33.000	2500.000
2739	244175	1	2439.723	75.00	34.58825	147.60397	-16.388	10.698	0.000	-3.719	-16.868	-34.000	2500.000
2740	244314	2	-2305.245	75.00	34.40474	147.18771	-116.289	42.333	-20.000	-19.775	-52.514	-139.000	-2000.000
2741	244360	1	2408.698	75.00	34.62831	148.36768	-41.521	23.959	0.000	-1.264	-26.476	-46.000	2500.000
2742	244406	1	2411.093	75.00	34.26054	148.13554	-22.578	13.288	0.000	-13.669	-19.948	-46.000	2500.000
2743	244518	1	2183.830	75.00	32.74156	147.74684	-77.921	38.802	-80.000	-37.476	-47.574	-112.000	2500.000
2744	244616	1	2329.989	75.00	34.63829	146.71591	-69.215	31.036	0.000	-6.494	-27.338	-98.000	2500.000
2745	244668	2	-2225.216	74.00	36.82068	147.90944	-61.827	0.871	-60.000	-20.358	-31.902	-52.000	-2000.000
2746	244726	1	2323.865	74.00	30.20750	147.07094	-40.151	15.800	0.000	-47.667	-46.118	-58.000	2500.000
2747	244790	1	2409.988	74.00	37.27217	146.57791	-20.775	18.746	0.000	-2.968	-21.015	-64.000	2500.000
2748	244838	2	-2374.966	73.00	36.06063	147.73308	-95.948	-0.746	-180.000	-7.796	-42.475	-48.000	-2000.000
2749	244888	1	2404.329	73.00	34.02757	147.51999	-16.189	17.925	-20.000	-21.089	-6.318	-50.000	2500.000
2750	244918	1	2280.835	73.00	33.21955	147.25227	-43.913	-0.660	-80.000	-4.672	-59.920	-30.000	2500.000
2751	245018	2	-2345.529	73.00	36.32224	147.57590	-78.939	33.575	-60.000	-47.016	-93.150	-100.000	-2000.000
2752	245092	1	2347.634	73.00	33.18060	147.69867	-63.463	26.963	0.000	-12.325	-29.541	-74.000	2500.000
2753	245231	1	2119.095	73.00	34.99319	146.86414	-72.979	46.367	-100.000	-60.507	-54.786	-139.000	2500.000
2754	245327	1	2338.386	73.00	31.94989	147.92931	-74.803	34.318	0.000	-4.952	-20.178	-96.000	2500.000
2755	245371	1	2304.062	73.00	32.30252	148.79031	-17.972	14.932	-120.000	-3.177	-25.721	-44.000	2500.000
2756	245492	1	2306.747	74.00	35.03051	146.98277	-74.211	37.815	0.000	-9.330	-26.526	-121.000	2500.000
2757	245596	1	2289.566	74.00	35.25360	148.10886	-78.764	26.666	0.000	-21.055	-33.281	-104.000	2500.000
2758	245722	2	-2741.416	73.00	32.99105	147.28557	-153.464	30.764	-320.000	-71.107	-101.609	-126.000	-2000.000
2759	245770	2	-2998.684	72.00	34.32296	146.86005	-51.692	1.373	-780.000	-55.838	-64.527	-48.000	-2000.000
2760	245873	1	2157.204	72.00	34.72955	147.26001	-89.076	27.898	-120.000	-10.432	-48.187	-103.000	2500.000
2761	245937	2	-2266.220	71.00	31.34627	146.84254	-74.092	3.338	-80.000	-13.604	-37.862	-64.000	-2000.000
2762	245967	1	2430.492	72.00	32.12447	147.21498	-27.819	15.940	0.000	-1.979	-25.650	-30.000	2500.000
2763	246011	1	2404.414	73.00	34.82412	146.97220	-24.244	9.133	0.000	-3.116	-33.360	-44.000	2500.000
2764	246086	1	2144.810	73.00	36.10974	146.39288	-44.940	23.111	-200.000	-17.400	-40.962	-75.000	2500.000
2765	246147	1	2175.384	73.00	31.85374	146.62259	-41.920	18.341	-200.000	-3.573	-36.464	-61.000	2500.000
2766	246181	1	2175.122	73.00	30.86685	148.13278	-14.194	10.572	-280.000	-1.938	-5.317	-34.000	2500.000
2767	246361	1	1521.309	73.00	33.90129	146.97377	-207.097	11.534	-520.000	-34.555	-48.574	-180.000	2500.000
2768	246417	1	2442.188	74.00	31.56926	146.17184	-10.268	17.965	0.000	-0.767	-8.742	-56.000	2500.000
2769	246516	1	2317.069	75.00	33.46526	147.75896	-53.255	31.020	0.000	-6.939	-54.758	-99.000	2500.000
2770	246586	1	2359.182	75.00	35.91635	146.83130	-35.444	18.478	-20.000	-4.327	-29.526	-70.000	2500.000
2771	246642	1	2270.136	75.00	38.81875	147.13164	-85.612	-7.119	0.000	-13.690	-67.442	-56.000	2500.000
2772	246763	1	2206.484	75.00	36.17245	146.25127	-97.978	34.397	0.000	-28.855	-80.081	-121.000	2500.000
2773	246793	1	2426.672	75.00	33.16757	146.76530	-28.250	8.215	0.000	-5.769	-17.523	-30.000	2500.000
2774	246825	1	2438.234	75.00	38.70720	146.69209	-15.711	9.386	0.000	-9.111	-14.330	-32.000	2500.000
2775	246891	1	2387.672	76.00	36.27388	146.89386	-32.297	24.268	0.000	-21.848	-16.451	-66.000	2500.000
2776	246921	2	-2379.877	75.00	32.29867	147.20786	-18.489	3.038	-300.000	-21.090	-13.336	-30.000	-2000.000
2777	246999	1	2244.395	75.00	31.71080	146.68684	-35.700	24.372	-120.000	-3.607	-42.670	-78.000	2500.000
2778	247034	2	-2818.194	74.00	37.43195	146.95416	-37.607	2.913	-560.000	-105.221	-83.280	-35.000	-2000.000
2779	247131	1	2281.843	74.00	35.75537	147.09856	-70.660	19.354	0.000	-12.321	-57.531	-97.000	2500.000
2780	247235	1	2312.280	74.00	33.23513	146.83247	-41.999	33.571	0.000	-38.578	-36.714	-104.000	2500.000
2781	247265	1	2211.951	74.00	36.12444	146.65939	-44.526	3.023	-120.000	-35.311	-61.236	-30.000	2500.000
2782	247330	2	-2475.664	73.00	32.03999	145.85127	-44.879	8.728	-300.000	-12.349	-62.163	-65.000	-2000.000
2783	247360	1	2219.065	74.00	35.63366	146.94246	-17.677	10.021	-220.000	-10.730	-12.549	-30.000	2500.000
2784	247415	2	-2269.330	74.00	32.34946	146.08202	-77.734	-0.137	-80.000	-26.716	-29.742	-55.000	-2000.000
2785	247585	1	2059.715	74.00	36.51040	146.49802	-156.451	31.858	0.000	-54.912	-90.780	-170.000	2500.000
2786	247681	2	-2337.664	73.00	31.29059	146.38609	-89.729	19.362	-100.000	-29.779	-41.519	-96.000	-2000.000
2787	247752	1	2354.985	73.00	34.03044	146.75760	-51.005	17.963	0.000	-4.925	-36.048	-71.000	2500.000
2788	247858	1	2285.336	74.00	33.69738	146.12050	-75.988	41.002	-20.000	-7.616	-46.062	-106.000	2500.000
2789	247888	1	2387.689	74.00	33.98147	148.08952	-36.549	10.829	0.000	-10.518	-46.073	-30.000	2500.000
2790	248018	1	2021.021	74.00	34.76626	145.78777	-94.754	50.812	-160.000	-61.090	-83.948	-130.000	2500.000
2791	248055	1	2381.844	74.00	35.85103	146.76126	-40.836	15.957	0.000	-14.363	-41.913	-37.000	2500.000
2792	248140	1	2041.437	74.00	32.75646	146.22520	-84.008	11.836	-240.000	-17.613	-43.778	-85.000	2500.000
2793	248216	1	2388.882	74.00	34.29598	146.17210	-41.442	22.287	0.000	-2.209	-13.754	-76.000	2500.000
2794	248308	1	1977.064	74.00	33.93493	145.92563	-74.553	28.087	-320.000	-11.943	-52.528	-92.000	2500.000
2795	248403	1	2050.298	74.00	35.57796	147.10143	-54.597	32.899	-280.000	-13.134	-39.870	-95.000	2500.000
2796	248433	1	2455.683	75.00	37.37066	145.93175	-20.226	10.705	0.000	-1.208	-3.587	-30.000	2500.000
2797	248468	2	-2171.101	75.00	33.05623	145.89644	-38.272	1.492	-60.000	-19.437	-19.884	-35.000	-2000.000
2798	248508	1	2369.282	75.00	31.59311	146.31235	-42.134	17.782	-20.000	-14.108	-32.258	-40.000	2500.000
2799	248571	1	2336.599	76.00	36.90364	146.53091	-34.616	12.740	0.000	-48.349	-30.176	-63.000	2500.000
2800	248627	1	2367.630	76.00	34.54108	146.39966	-54.404	14.826	0.000	-6.486	-30.306	-56.000	2500.000
2801	248851	1	1631.408	77.00	34.03081	145.77222	-198.010	92.680	-280.000	-144.736	-114.527	-224.000	2500.000
2802	248963	1	2140.095	77.00	31.11681	145.98228	-60.208	39.129	-160.000	-31.921	-34.905	-112.000	2500.000
2803	249033	1	2351.794	77.00	33.13049	146.57428	-42.964	17.512	0.000	-24.078	-28.675	-70.000	2500.000
2804	249225	1	2015.299	78.00	35.41640	146.08372	-146.382	74.545	-40.000	-78.846	-102.017	-192.000	2500.000
2805	249407	1	1305.245	78.00	34.70442	145.49385	-186.903	53.677	-640.000	-127.708	-111.822	-182.000	2500.000
2806	249484	1	2064.596	78.00	31.64175	146.30405	-45.629	22.400	-280.000	-9.221	-45.954	-77.000	2500.000
2807	249571	1	2279.339	78.00	36.34124	145.22250	-60.530	18.840	0.000	-44.184	-47.786	-87.000	2500.000
2808	249698	1	2243.241	78.00	31.53478	146.10210	-64.560	41.864	0.000	-62.432	-44.630	-127.000	2500.000
2809	249828	1	2170.829	78.00	34.03202	145.50237	-82.859	43.649	-100.000	-10.427	-49.533	-130.000	2500.000
2810	249903	1	2393.787	78.00	32.88203	146.56870	-40.003	25.563	0.000	-3.320	-13.452	-75.000	2500.000
2811	250008	1	2171.041	79.00	34.39261	145.20871	-84.166	49.427	-80.000	-32.229	-76.992	-105.000	2500.000
2812	250141	1	2182.784	79.00	34.61307	146.30272	-98.947	42.325	0.000	-60.205	-67.389	-133.000	2500.000
2813	250277	1	2013.208	79.00	33.34958	145.27370	-69.186	47.738	-260.000	-25.710	-43.634	-136.000	2500.000
2814	250375	1	2284.280	80.00	35.06571	145.64441	-98.487	29.499	0.000	-10.115	-38.617	-98.000	2500.000
2815	250535	1	2193.454	80.00	34.32458	145.99911	-97.955	53.523	0.000	-47.869	-54.244	-160.000	2500.000
2816	250683	1	2164.895	80.00	31.62824	145.56987	-107.588	42.507	-60.000	-20.918	-41.107	-148.000	2500.000
2817	250713	1	2452.997	81.00	34.02406	144.09695	-15.030	11.669	0.000	-0.407	-13.235	-30.000	2500.000
2818	250843	1	2196.543	81.00	35.79234	145.34682	-75.800	51.431	-80.000	-27.976	-41.112	-130.000	2500.000
2819	251019	1	2112.396	81.00	33.25326	144.84099	-180.721	53.715	0.000	-25.477	-59.121	-176.000	2500.000
2820	251056	1	2366.916	81.00	34.63157	145.00256	-53.973	-2.596	0.000	-5.275	-34.240	-37.000	2500.000
2821	251120	2	-2288.855	80.00	33.55155	145.24100	-36.021	18.937	-120.000	-49.816	-37.956	-64.000	-2000.000
2822	251215	2	-2336.245	80.00	34.24312	144.74670	-58.998	34.206	-80.000	-61.096	-75.357	-95.000	-2000.000
2823	251283	1	2387.448	81.00	33.74388	144.05811	-29.602	23.569	-20.000	-3.720	-14.799	-68.000	2500.000
2824	251339	1	2298.901	81.00	35.01484	144.73143	-84.177	7.141	0.000	-1.449	-66.614	-56.000	2500.000
2825	251375	1	2436.654	82.00	35.26646	145.67554	-13.897	10.045	0.000	-2.010	-21.484	-36.000	2500.000
2826	251405	2	-2163.396	81.00	28.89847	144.79826	-16.741	4.482	-100.000	-3.309	-17.827	-30.000	-2000.000
2827	251528	1	2061.960	81.00	33.94789	144.76401	-116.375	46.465	-120.000	-34.668	-90.461	-123.000	2500.000
2828	251571	1	2351.154	81.00	32.42725	144.82190	-56.975	13.640	0.000	-0.696	-61.815	-43.000	2500.000
2829	251614	2	-2170.626	81.00	35.54745	145.12169	-33.557	7.014	-80.000	-1.720	-19.362	-43.000	-2000.000
2830	251662	2	-2182.086	80.00	35.57433	145.04254	-25.888	8.319	-80.000	-24.166	-12.351	-48.000	-2000.000
2831	251692	2	-2177.428	79.00	27.39019	145.13152	-26.253	3.902	-100.000	-7.846	-17.231	-30.000	-2000.000
2832	251729	1	2424.167	80.00	33.78349	144.05853	-29.097	10.210	0.000	-2.111	-17.835	-37.000	2500.000
2833	251801	2	-2266.383	79.00	34.85470	144.38802	-87.222	3.243	-60.000	-11.339	-39.065	-72.000	-2000.000
2834	251831	1	2300.089	79.00	34.80661	144.44327	-21.309	7.247	-140.000	-0.465	-15.384	-30.000	2500.000
2835	251868	1	2180.337	79.00	36.11047	144.55679	-8.255	12.242	-280.000	-0.860	-5.790	-37.000	2500.000
2836	251919	1	2306.863	79.00	30.77037	145.44008	-28.631	14.099	-100.000	-0.068	-27.536	-51.000	2500.000
2837	252053	1	2221.566	80.00	34.45578	145.06006	-115.134	41.344	0.000	-18.294	-52.350	-134.000	2500.000
2838	252147	1	2186.620	80.00	34.96470	144.58055	-41.331	34.226	-180.000	-15.554	-16.722	-94.000	2500.000
2839	252178	2	-2471.612	79.00	31.43905	143.29404	-15.532	3.934	-380.000	-13.530	-35.484	-31.000	-2000.000
2840	252252	2	-2470.864	79.00	36.71559	143.86223	-94.096	3.988	-180.000	-38.557	-88.198	-74.000	-2000.000
2841	252383	1	2192.150	79.00	35.56432	144.61169	-95.835	30.972	0.000	-16.635	-95.352	-131.000	2500.000
2842	252454	1	2336.708	79.00	32.75113	145.18707	-53.394	17.447	0.000	-16.034	-40.310	-71.000	2500.000
2843	252574	1	2242.786	79.00	33.32694	143.86940	-79.649	29.435	-60.000	-2.957	-24.044	-120.000	2500.000
2844	252707	2	-2639.555	78.00	35.23195	144.90332	-185.603	6.762	-240.000	-50.608	-37.107	-133.000	-2000.000
2845	252827	1	2187.475	79.00	34.03790	144.16643	-69.392	40.690	-80.000	-39.033	-44.789	-120.000	2500.000
2846	252986	1	2130.840	79.00	35.21126	144.66415	-150.767	44.229	0.000	-27.010	-76.612	-159.000	2500.000
2847	253031	1	2283.044	79.00	32.20017	144.20964	-30.327	12.422	-120.000	-2.467	-31.583	-45.000	2500.000
2848	253192	1	1805.084	80.00	34.36469	144.47708	-157.563	48.442	-280.000	-57.556	-87.238	-161.000	2500.000
2849	253227	1	2414.183	80.00	30.34862	144.53050	-28.268	13.258	0.000	-1.864	-33.943	-35.000	2500.000
2850	253291	2	-2418.743	79.00	33.98215	144.78116	-87.481	2.017	-140.000	-65.747	-63.532	-64.000	-2000.000
2851	253402	1	2181.936	80.00	36.04998	144.23297	-88.204	22.517	-20.000	-21.204	-100.172	-111.000	2500.000
2852	253432	1	2378.879	80.00	33.20753	143.60971	-44.920	2.023	0.000	-5.051	-43.174	-30.000	2500.000
2853	253551	1	2249.375	80.00	34.67810	143.87303	-76.401	30.945	0.000	-19.445	-66.723	-119.000	2500.000
2854	253615	1	2404.970	80.00	38.51398	143.51889	-27.068	21.700	0.000	-6.450	-19.212	-64.000	2500.000
2855	253855	4	-895.519	79.00	33.29035	144.24919	-263.306	73.410	-160.000	-110.086	-195.537	-240.000	0.000
2856	253913	1	2301.565	79.00	33.65797	143.54877	-69.961	12.247	0.000	-7.824	-74.898	-58.000	2500.000
2857	254027	1	2245.438	79.00	33.26484	144.18858	-112.379	16.925	0.000	-13.440	-31.668	-114.000	2500.000
2858	254242	1	2147.794	80.00	33.94579	144.09245	-117.028	72.130	0.000	-45.001	-47.307	-215.000	2500.000
2859	254415	1	2085.416	81.00	35.48316	144.22083	-150.881	64.317	0.000	-76.353	-78.668	-173.000	2500.000
2860	254459	1	2451.788	81.00	37.95388	143.61870	-9.694	14.633	0.000	-4.545	-4.607	-44.000	2500.000
2861	254598	1	1804.152	82.00	34.61656	144.37794	-152.842	44.057	-260.000	-74.883	-113.180	-139.000	2500.000
2862	254694	1	2237.477	82.00	29.67244	144.01723	-125.326	2.365	0.000	-17.735	-25.827	-96.000	2500.000
2863	254752	1	1852.655	82.00	31.23498	144.54886	-42.617	13.933	-480.000	-22.858	-57.803	-58.000	2500.000
2864	254826	1	2200.082	82.00	35.75085	144.18539	-60.250	32.225	-120.000	-14.959	-62.933	-74.000	2500.000
2865	254862	2	-2683.861	81.00	36.46718	143.49908	-31.226	2.896	-560.000	-13.580	-45.951	-36.000	-2000.000
2866	254986	1	1995.205	81.00	34.45495	144.31627	-123.332	30.387	-180.000	-37.596	-70.255	-124.000	2500.000
2867	255129	2	-2542.857	80.00	34.29950	143.88023	-128.039	15.816	-80.000	-87.107	-120.528	-143.000	-2000.000
2868	255186	2	-2207.733	79.00	32.17917	145.07976	-50.167	7.641	-60.000	-30.275	-17.932	-57.000	-2000.000
2869	255218	1	2416.276	79.00	35.26902	144.84894	-20.522	7.555	0.000	-4.331	-34.427	-32.000	2500.000
2870	255301	1	2356.543	79.00	36.30423	144.44014	-51.354	32.999	0.000	-15.751	-26.351	-83.000	2500.000
2871	255363	2	-2352.561	78.00	34.27877	143.62840	-49.555	6.830	-180.000	-9.718	-58.118	-62.000	-2000.000
2872	255393	1	2466.527	78.00	30.28684	143.72697	-9.877	12.168	0.000	-3.107	-2.657	-30.000	2500.000
2873	255423	1	2148.384	78.00	28.93232	144.10321	-28.293	6.811	-280.000	-2.880	-17.254	-30.000	2500.000
2874	255536	1	1845.776	78.00	33.81424	143.63185	-114.008	23.561	-400.000	-6.840	-43.937	-113.000	2500.000
2875	255578	1	2321.717	78.00	32.46773	145.04324	-53.206	18.621	0.000	-20.084	-81.613	-42.000	2500.000
2876	255644	1	1890.467	79.00	33.11899	143.26643	-29.071	21.070	-480.000	-19.350	-36.181	-66.000	2500.000
2877	255708	1	2368.292	79.00	31.98382	143.58537	-37.665	17.093	0.000	-13.550	-33.587	-64.000	2500.000
2878	255803	1	2214.064	80.00	37.36473	143.93399	-57.008	27.171	-100.000	-26.273	-34.826	-95.000	2500.000
2879	255893	1	2136.646	80.00	35.25337	143.82930	-85.463	23.910	-180.000	-7.240	-24.561	-90.000	2500.000
2880	255993	1	2297.771	80.00	34.50299	143.62280	-45.667	33.639	-40.000	-18.071	-32.130	-100.000	2500.000
2881	256049	1	2184.065	80.00	35.50331	143.91438	-47.096	12.510	-160.000	-29.912	-35.437	-56.000	2500.000
2882	256123	1	2155.552	81.00	31.75641	143.45497	-50.842	27.392	-180.000	-14.849	-52.149	-74.000	2500.000
2883	256215	1	2232.470	81.00	36.64911	143.99532	-87.659	27.458	0.000	-20.828	-94.501	-92.000	2500.000
2884	256284	1	2370.209	82.00	35.38497	144.61031	-34.669	20.952	0.000	-15.917	-31.156	-69.000	2500.000
2885	256422	1	2201.840	82.00	33.67557	143.84663	-69.748	48.897	-60.000	-32.745	-46.564	-138.000	2500.000
2886	256484	1	2386.074	83.00	37.17357	144.39983	-33.989	16.890	0.000	-8.083	-26.744	-62.000	2500.000
2887	256514	2	-2190.322	82.00	32.39913	143.57845	-35.285	1.623	-80.000	-18.522	-28.137	-30.000	-2000.000
2888	256634	1	2080.914	82.00	34.77603	143.81456	-124.306	16.713	-100.000	-15.776	-75.717	-120.000	2500.000
2889	256710	1	2222.728	82.00	34.07168	144.46556	-50.138	24.635	-100.000	-29.924	-45.846	-76.000	2500.000
2890	256831	1	2275.179	82.00	33.09032	143.57526	-80.627	38.944	0.000	-14.277	-47.861	-121.000	2500.000
2891	256861	1	2200.284	82.00	33.62720	143.14632	-13.275	8.074	-240.000	-0.894	-23.622	-30.000	2500.000
2892	256937	1	2375.293	82.00	34.03868	143.48523	-42.854	24.687	0.000	-2.699	-27.841	-76.000	2500.000
2893	257049	1	2164.914	82.00	36.99528	143.56760	-82.271	31.603	-120.000	-23.622	-28.798	-112.000	2500.000
2894	257124	1	2358.449	82.00	32.59338	143.69223	-39.969	24.418	0.000	-14.563	-36.436	-75.000	2500.000
2895	257191	2	-2224.653	81.00	32.13449	143.46402	-46.201	6.115	-80.000	-6.324	-31.243	-67.000	-2000.000
2896	257248	1	2421.691	81.00	31.87949	143.38145	-23.802	20.445	0.000	-4.864	-13.088	-57.000	2500.000
2897	257350	1	1996.640	82.00	32.88699	143.80042	-112.110	26.253	-220.000	-5.295	-90.208	-102.000	2500.000
2898	257429	1	2357.337	82.00	36.06384	144.52643	-49.838	22.363	0.000	-8.798	-27.390	-79.000	2500.000
2899	257590	1	2256.180	82.00	35.26021	143.39012	-60.679	58.062	0.000	-48.967	-31.236	-161.000	2500.000
2900	257646	1	2396.157	82.00	36.05009	144.27032	-31.129	18.861	0.000	-15.496	-20.078	-56.000	2500.000
2901	257726	2	-2308.502	81.00	34.14203	143.22786	-65.259	8.950	-120.000	-21.463	-30.731	-80.000	-2000.000
2902	257908	1	1612.242	81.00	34.65997	143.10799	-187.916	42.059	-360.000	-94.181	-105.719	-182.000	2500.000
2903	258044	1	2251.231	81.00	32.83811	143.83112	-89.458	42.434	0.000	-29.222	-36.522	-136.000	2500.000
2904	258137	1	2188.580	81.00	35.83655	142.54100	-123.946	31.000	0.000	-13.773	-111.701	-93.000	2500.000
2905	258321	1	2134.831	81.00	34.61003	143.05359	-158.033	47.542	0.000	-33.154	-37.525	-184.000	2500.000
2906	258397	1	2324.981	81.00	35.14475	143.72501	-66.191	25.054	0.000	-7.051	-50.832	-76.000	2500.000
2907	258451	1	2421.923	81.00	35.54530	142.99388	-16.155	18.675	0.000	-9.167	-17.429	-54.000	2500.000
2908	258513	1	2207.237	81.00	34.14272	143.07002	-34.566	17.223	-180.000	-15.483	-17.936	-62.000	2500.000
2909	258572	2	-2397.666	80.00	39.10689	142.70290	-48.175	9.222	-220.000	-35.308	-44.405	-59.000	-2000.000
2910	258627	1	2248.060	80.00	39.06007	144.00227	-45.605	16.106	-120.000	-19.648	-27.794	-55.000	2500.000
2911	258748	1	2129.584	80.00	32.71830	142.59677	-63.411	39.585	-160.000	-17.119	-48.471	-121.000	2500.000
2912	258956	1	2151.249	80.00	32.55724	143.03807	-124.133	73.978	0.000	-43.696	-46.900	-208.000	2500.000
2913	259173	1	2034.396	80.00	34.01682	142.95786	-110.184	75.992	-120.000	-56.154	-38.258	-217.000	2500.000
2914	259405	4	-703.177	79.00	33.79006	142.46733	-214.092	73.925	-160.000	-75.269	-95.742	-232.000	0.000
2915	259498	1	2154.522	79.00	31.91777	142.31810	-86.038	15.115	-100.000	-19.875	-61.679	-93.000	2500.000
2916	259588	2	-2404.523	78.00	32.91754	142.73672	-79.115	9.941	-160.000	-42.787	-42.562	-90.000	-2000.000
2917	259629	1	2393.841	78.00	32.62792	143.35298	-41.922	7.832	0.000	-0.382	-30.687	-41.000	2500.000
2918	259666	2	-2138.572	77.00	33.07548	143.56268	-19.134	10.921	-80.000	-0.474	-12.886	-37.000	-2000.000
2919	259755	1	2340.870	77.00	33.25505	143.25900	-53.801	31.447	0.000	-17.482	-30.294	-89.000	2500.000
2920	259882	1	2248.627	77.00	32.76882	142.17906	-90.781	39.665	0.000	-16.410	-56.847	-127.000	2500.000
2921	260107	1	2009.750	78.00	35.31990	142.52525	-221.471	81.018	0.000	-25.738	-99.059	-225.000	2500.000
2922	260150	2	-2224.555	78.00	31.79547	141.27771	-52.621	-0.386	-100.000	-17.000	-11.549	-43.000	-2000.000
2923	260181	1	2402.529	78.00	33.43752	143.03510	-30.962	5.827	0.000	-0.438	-40.898	-31.000	2500.000
2924	260248	1	2252.149	78.00	33.34568	142.27779	-55.398	23.860	-100.000	-3.503	-45.810	-67.000	2500.000
2925	260374	1	2296.645	78.00	34.08214	141.95374	-74.842	44.394	0.000	-10.692	-36.216	-126.000	2500.000
2926	260408	1	2417.654	79.00	33.62871	141.74753	-21.307	7.106	0.000	-0.720	-33.424	-34.000	2500.000
2927	260438	1	2457.374	79.00	31.16213	142.83562	-17.768	12.771	0.000	-1.079	-6.550	-30.000	2500.000
2928	260657	2	-2554.725	78.00	33.49810	142.42365	-201.941	74.234	-40.000	-83.038	-84.980	-219.000	-2000.000
2929	260726	1	2219.703	79.00	33.97455	142.87460	-46.502	12.668	-80.000	-43.851	-53.613	-69.000	2500.000
2930	260839	1	2310.066	80.00	31.89343	142.47408	-49.262	39.503	0.000	-25.378	-41.797	-113.000	2500.000
2931	260915	1	2355.834	81.00	31.44651	141.40482	-46.281	25.558	0.000	-25.459	-21.983	-76.000	2500.000
2932	260962	1	2290.279	81.00	33.63120	141.78960	-24.491	13.620	-140.000	-4.219	-7.631	-47.000	2500.000
2933	261151	1	1803.132	82.00	35.39830	141.73672	-237.210	50.498	-180.000	-21.768	-119.387	-189.000	2500.000
2934	261206	1	2395.707	82.00	34.26700	141.51424	-37.389	18.057	0.000	-10.480	-19.481	-55.000	2500.000
2935	261248	2	-2497.423	81.00	37.25782	143.40808	-51.502	1.629	-200.000	-144.231	-61.320	-42.000	-2000.000
2936	261358	1	2142.298	81.00	35.70988	142.27350	-92.855	19.512	0.000	-74.989	-99.370	-110.000	2500.000
2937	261476	1	2301.292	81.00	33.37838	141.87888	-68.200	37.919	0.000	-15.336	-35.091	-118.000	2500.000
2938	261669	1	1612.502	81.00	34.52063	141.80092	-176.765	80.381	-300.000	-141.731	-156.383	-193.000	2500.000
2939	261713	2	-2244.574	81.00	36.78894	140.53761	-18.707	4.357	-160.000	-16.165	-10.059	-44.000	-2000.000
2940	261861	1	2059.995	82.00	32.45704	141.57060	-153.824	19.016	0.000	-44.997	-112.200	-148.000	2500.000
2941	261935	1	2342.885	82.00	34.79391	141.58907	-51.973	17.661	0.000	-6.303	-42.501	-74.000	2500.000
2942	262009	1	2258.761	82.00	32.69915	140.90863	-53.423	19.784	-80.000	-3.291	-50.308	-74.000	2500.000
2943	262039	1	2379.540	82.00	33.95944	142.53592	-44.587	4.270	0.000	-3.899	-46.245	-30.000	2500.000
2944	262069	1	2353.499	83.00	36.53218	141.48651	-50.643	-3.242	0.000	-24.080	-38.537	-30.000	2500.000
2945	262166	1	2157.224	83.00	34.27073	141.95828	-65.745	30.005	0.000	-133.239	-76.796	-97.000	2500.000
2946	262353	1	1999.616	83.00	35.89879	140.92876	-141.287	56.544	-140.000	-35.899	-52.742	-187.000	2500.000
2947	262479	1	2283.944	83.00	35.90751	142.22157	-90.056	42.059	0.000	-6.454	-35.605	-126.000	2500.000
2948	262597	2	-2501.988	82.00	32.50899	141.26808	-129.767	26.587	-160.000	-37.413	-83.395	-118.000	-2000.000
2949	262716	1	2051.458	82.00	34.16534	140.45532	-102.251	31.623	-120.000	-68.460	-70.454	-119.000	2500.000
2950	262755	1	2165.779	83.00	27.47482	139.85803	-46.440	13.783	-200.000	-12.971	-49.593	-39.000	2500.000
2951	262868	1	2329.359	83.00	32.83216	140.62978	-37.237	37.934	-20.000	-11.991	-26.347	-113.000	2500.000
2952	262930	2	-2251.090	82.00	32.24538	141.08847	-68.538	4.570	-80.000	-19.238	-25.884	-62.000	-2000.000
2953	263000	1	2330.482	82.00	32.14473	141.23918	-59.916	17.313	0.000	-12.389	-44.526	-70.000	2500.000
2954	263106	2	-2271.792	81.00	33.91925	141.34692	-59.830	32.970	-100.000	-14.204	-24.729	-106.000	-2000.000
2955	263212	2	-2355.141	81.00	35.11977	140.75992	-100.990	19.947	-40.000	-47.927	-80.171	-106.000	-2000.000
2956	263262	1	2411.839	81.00	34.36415	140.78755	-30.317	17.256	0.000	-14.600	-10.500	-50.000	2500.000
2957	263302	1	2418.971	81.00	32.98590	140.30167	-23.075	12.304	0.000	-14.545	-15.713	-40.000	2500.000
2958	263375	2	-2462.977	80.00	34.49372	140.79265	-68.060	24.997	-260.000	-13.679	-73.234	-73.000	-2000.000
2959	263443	2	-2518.088	79.00	32.79866	141.00378	-98.936	2.940	-280.000	-26.934	-47.159	-68.000	-2000.000
2960	263496	1	2328.159	79.00	33.42605	139.71721	-41.782	8.890	-40.000	-2.153	-43.796	-53.000	2500.000
2961	263638	1	2143.566	79.00	36.09623	140.70808	-97.700	34.556	-120.000	-7.829	-23.460	-142.000	2500.000
2962	263741	1	2292.255	79.00	32.16381	140.77724	-65.332	37.279	0.000	-29.238	-47.455	-103.000	2500.000
2963	263791	1	2357.147	79.00	35.87381	139.83951	-41.881	16.515	0.000	-10.642	-56.844	-50.000	2500.000
2964	263961	1	1494.379	79.00	36.10586	140.67470	-191.739	25.560	-360.000	-166.678	-142.764	-170.000	2500.000
2965	264009	2	-2335.459	79.00	30.84552	140.78676	-64.588	4.752	-180.000	-16.760	-30.864	-48.000	-2000.000
2966	264092	1	2303.363	79.00	37.56903	140.32202	-82.016	16.602	0.000	-8.658	-39.565	-83.000	2500.000
2967	264152	1	2400.558	80.00	34.86773	140.44943	-19.399	18.489	0.000	-11.022	-27.510	-60.000	2500.000
2968	264262	1	2337.384	81.00	37.71946	139.31158	-44.171	39.154	0.000	-16.561	-31.038	-110.000	2500.000
2969	264362	1	2239.022	81.00	33.54861	140.74828	-61.584	36.279	-80.000	-14.105	-41.568	-100.000	2500.000
2970	264396	2	-2213.891	80.00	32.17093	140.98286	-31.182	0.972	-60.000	-54.057	-35.623	-34.000	-2000.000
2971	264436	1	2392.886	81.00	38.26149	141.44257	-34.670	10.071	0.000	-4.772	-37.743	-40.000	2500.000
2972	264491	1	2392.381	81.00	36.00219	140.63913	-31.099	16.366	0.000	-3.245	-34.642	-55.000	2500.000
2973	264570	1	2376.444	81.00	32.48549	139.65668	-23.824	24.510	0.000	-25.411	-19.832	-79.000	2500.000
2974	264745	1	1834.074	81.00	33.25578	140.04276	-164.042	57.393	-280.000	-26.803	-77.474	-175.000	2500.000
2975	264775	1	2385.585	81.00	37.01775	140.34183	-45.188	1.013	0.000	-0.515	-39.725	-30.000	2500.000
2976	264839	1	2423.136	81.00	36.69170	140.40486	-26.127	24.803	0.000	-3.247	-8.293	-64.000	2500.000
2977	264919	2	-2559.316	80.00	31.47772	140.32498	-45.317	19.667	-380.000	-28.090	-45.576	-80.000	-2000.000
2978	264981	2	-2338.316	79.00	37.33434	140.48355	-46.707	10.892	-100.000	-96.944	-43.557	-62.000	-2000.000
2979	265057	2	-2664.448	78.00	33.51220	140.04521	-51.840	12.297	-400.000	-84.055	-64.851	-76.000	-2000.000
2980	265205	1	2181.503	78.00	32.90049	139.70303	-131.837	27.438	0.000	-15.340	-50.758	-148.000	2500.000
2981	265257	2	-2325.339	77.00	35.00406	140.16714	-24.460	9.400	-100.000	-122.213	-36.067	-52.000	-2000.000
2982	265370	1	1950.440	77.00	32.50590	140.15178	-119.883	37.323	-180.000	-47.239	-126.761	-113.000	2500.000
2983	265482	1	2276.605	77.00	33.41596	140.47638	-85.900	23.619	0.000	-8.919	-40.195	-112.000	2500.000
2984	265527	1	2418.250	77.00	31.19664	140.46674	-33.889	14.754	0.000	-8.269	-9.346	-45.000	2500.000
2985	265657	1	2079.418	77.00	33.98571	139.01297	-79.266	44.421	-180.000	-21.417	-54.320	-130.000	2500.000
2986	265776	2	-2374.612	76.00	32.95175	140.16771	-100.921	28.877	-100.000	-33.639	-49.930	-119.000	-2000.000
2987	265822	2	-2236.281	76.00	31.67362	140.33934	-39.974	9.954	-80.000	-46.342	-33.919	-46.000	-2000.000
2988	265859	1	2433.416	76.00	33.25882	139.07220	-21.094	11.117	0.000	-1.270	-18.337	-37.000	2500.000
2989	265930	1	2348.585	76.00	30.11353	139.36331	-57.209	20.388	0.000	-12.142	-31.452	-71.000	2500.000
2990	266001	1	2382.768	76.00	34.67109	139.70175	-35.303	19.029	0.000	-13.618	-16.339	-71.000	2500.000
2991	266035	1	2386.186	76.00	31.20627	140.67857	-44.215	12.925	0.000	-1.092	-47.431	-34.000	2500.000
2992	266230	1	1953.187	76.00	35.08205	139.12245	-150.798	63.843	0.000	-146.568	-118.290	-195.000	2500.000
2993	266468	4	-538.493	75.00	35.21762	139.74112	-201.266	74.295	-40.000	-55.948	-77.574	-238.000	0.000
2994	266525	1	2379.174	75.00	32.80589	138.61403	-20.762	18.203	-40.000	-9.331	-11.937	-57.000	2500.000
2995	266592	1	2353.215	76.00	30.51558	139.01910	-64.034	12.976	0.000	-3.106	-25.621	-67.000	2500.000
2996	266687	1	2376.165	76.00	34.51859	139.43468	-30.699	33.201	0.000	-15.681	-15.656	-95.000	2500.000
2997	266717	1	2387.599	76.00	29.08185	138.83865	-44.070	0.496	0.000	-0.294	-38.534	-30.000	2500.000
2998	266752	1	2325.795	76.00	33.64948	138.96820	-59.563	-11.018	0.000	-0.651	-67.971	-35.000	2500.000
2999	266830	1	2364.901	76.00	34.59305	139.84749	-45.177	24.011	0.000	-3.708	-32.224	-78.000	2500.000
3000	266860	1	2386.812	76.00	34.33288	138.51534	-41.086	5.845	0.000	-0.355	-47.592	-30.000	2500.000
3001	266995	2	-2460.811	76.00	34.39290	138.95131	-131.885	18.473	-80.000	-73.092	-59.306	-135.000	-2000.000
3002	267068	1	2274.102	76.00	34.27780	138.13580	-70.866	11.302	0.000	-6.362	-86.973	-73.000	2500.000
3003	267098	1	2460.157	76.00	34.09077	137.82875	-11.503	10.816	0.000	-1.833	-7.323	-30.000	2500.000
3004	267180	1	2356.311	76.00	33.30499	137.93590	-63.074	24.886	0.000	-6.527	-16.974	-82.000	2500.000
3005	267359	1	2131.551	76.00	35.25644	138.48053	-140.815	58.854	0.000	-46.892	-60.597	-179.000	2500.000
3006	267421	1	2373.592	76.00	34.23437	138.54343	-35.570	17.812	0.000	-21.466	-25.183	-62.000	2500.000
3007	267524	1	2299.591	76.00	34.43521	138.91229	-83.723	28.091	0.000	-14.568	-27.209	-103.000	2500.000
3008	267554	1	2375.518	76.00	36.35507	137.28879	-46.660	3.881	0.000	-2.069	-49.635	-30.000	2500.000
3009	267594	1	2426.426	77.00	34.88197	139.43924	-23.805	11.563	0.000	-8.650	-12.683	-40.000	2500.000
3010	267658	1	2420.168	77.00	35.85277	138.01926	-22.564	22.699	0.000	-4.045	-11.922	-64.000	2500.000
3011	267728	1	2359.735	77.00	29.85473	139.03705	-39.036	19.839	0.000	-6.767	-44.302	-70.000	2500.000
3012	267808	1	2173.997	77.00	36.08191	137.84195	-54.938	24.015	-180.000	-18.718	-16.363	-80.000	2500.000
3013	267929	1	2261.981	77.00	35.79914	137.83038	-45.353	43.123	-60.000	-17.797	-36.994	-121.000	2500.000
3014	267959	1	2456.224	78.00	31.50352	138.85635	-8.492	10.450	0.000	-9.295	-6.439	-30.000	2500.000
3015	267989	1	2431.350	78.00	33.84987	139.21466	-26.648	5.003	0.000	-1.136	-15.869	-30.000	2500.000
3016	268100	1	2226.784	79.00	34.79139	138.54597	-129.012	5.071	0.000	-15.389	-22.887	-111.000	2500.000
3017	268140	1	2401.588	79.00	36.35096	138.16531	-28.832	9.191	0.000	-2.457	-36.313	-40.000	2500.000
3018	268276	1	1921.162	80.00	36.13447	138.26881	-97.234	55.846	-260.000	-68.495	-72.955	-136.000	2500.000
3019	268306	1	2394.073	80.00	29.45056	138.33665	-41.974	11.075	0.000	-2.555	-42.472	-30.000	2500.000
3020	268358	2	-2317.177	79.00	32.25207	138.64879	-60.926	16.239	-140.000	-6.607	-73.884	-52.000	-2000.000
3021	268463	1	1744.361	79.00	33.97513	137.37584	-103.139	22.072	-440.000	-49.998	-79.574	-105.000	2500.000
3022	268559	1	2341.091	80.00	32.77343	137.45036	-64.327	23.363	0.000	-2.711	-19.233	-96.000	2500.000
3023	268664	1	2074.125	80.00	34.25109	137.53781	-70.993	27.039	-220.000	-5.533	-51.387	-105.000	2500.000
3024	268800	1	2281.864	80.00	33.31771	137.42143	-63.743	51.054	0.000	-43.609	-25.838	-136.000	2500.000
3025	268885	1	2301.690	80.00	32.69633	139.01010	-78.679	15.428	0.000	-4.653	-45.406	-85.000	2500.000
3026	268973	1	2334.218	80.00	33.13835	137.39807	-48.315	29.008	0.000	-11.713	-46.763	-88.000	2500.000
3027	269107	1	1836.700	80.00	37.03265	137.82031	-137.024	28.182	-200.000	-151.566	-68.891	-134.000	2500.000
3028	269181	1	2362.955	81.00	37.04341	138.60056	-48.924	19.432	0.000	-4.592	-28.960	-74.000	2500.000
3029	269299	1	1927.892	81.00	33.87768	138.18756	-85.869	43.414	-300.000	-40.456	-71.197	-118.000	2500.000
3030	269403	1	2276.305	81.00	32.82702	137.70795	-63.720	30.165	-20.000	-16.801	-49.339	-104.000	2500.000
3031	269477	1	2334.327	81.00	33.59501	137.54575	-63.638	21.194	0.000	-8.972	-40.258	-74.000	2500.000
3032	269614	1	2253.485	81.00	33.29881	138.14398	-81.865	48.493	0.000	-23.818	-52.326	-137.000	2500.000
3033	269688	1	2412.125	81.00	34.50757	136.56030	-24.674	25.069	0.000	-6.124	-8.146	-74.000	2500.000
3034	269745	1	2372.029	81.00	32.26613	137.00815	-15.545	16.858	-40.000	-13.374	-18.910	-57.000	2500.000
3035	269839	1	2318.279	82.00	36.82047	137.36749	-66.226	28.960	0.000	-6.880	-43.575	-94.000	2500.000
3036	269894	1	2240.869	82.00	33.95300	138.47487	-36.078	17.148	-160.000	-6.097	-19.103	-55.000	2500.000
3037	269924	1	2426.546	82.00	34.69702	137.47867	-22.082	9.585	0.000	-0.984	-29.972	-30.000	2500.000
3038	270023	1	2302.706	82.00	30.97461	137.96371	-87.765	21.685	0.000	-7.986	-24.227	-99.000	2500.000
3039	270099	2	-2291.390	82.00	30.59516	138.32391	-46.506	8.796	-60.000	-64.532	-53.148	-76.000	-2000.000
3040	270162	1	2026.568	82.00	33.07494	136.04266	-68.787	3.934	-260.000	-17.361	-68.218	-63.000	2500.000
3041	270224	1	2376.898	82.00	33.81723	137.52979	-55.994	11.758	0.000	-1.306	-15.560	-62.000	2500.000
3042	270293	2	-2322.131	81.00	33.46726	136.93600	-61.381	9.092	-100.000	-29.061	-71.781	-69.000	-2000.000
3043	270336	2	-2258.715	80.00	32.43081	137.06418	-29.920	3.407	-120.000	-27.812	-41.390	-43.000	-2000.000
3044	270375	1	2443.376	80.00	34.68864	137.72163	-20.847	13.370	0.000	-1.859	-8.288	-39.000	2500.000
3045	270405	1	2464.318	80.00	36.94771	137.47803	-10.339	9.867	0.000	-1.269	-3.941	-30.000	2500.000
3046	270531	1	2294.678	80.00	34.78849	137.63560	-55.595	40.588	0.000	-15.158	-49.158	-126.000	2500.000
3047	270671	1	2108.681	80.00	32.02176	136.95837	-96.601	45.121	-160.000	-6.225	-33.613	-140.000	2500.000
3048	270701	1	2210.260	81.00	35.85750	136.88138	-46.655	-3.748	-100.000	-48.167	-61.170	-30.000	2500.000
3049	270806	2	-2312.018	80.00	34.83295	137.06094	-96.928	16.877	-80.000	-14.639	-32.328	-105.000	-2000.000
3050	270933	1	2118.864	80.00	34.92812	136.98337	-130.637	15.917	-60.000	-13.789	-65.626	-127.000	2500.000
3051	271109	2	-2808.489	79.00	33.57210	136.64807	-221.464	28.953	-240.000	-67.615	-132.363	-176.000	-2000.000
3052	271222	1	1985.836	80.00	35.16854	136.85634	-79.362	31.743	-220.000	-46.584	-86.962	-113.000	2500.000
3053	271394	1	2014.892	80.00	33.76667	136.59462	-87.527	60.588	-160.000	-58.672	-67.497	-172.000	2500.000
3054	271460	1	2233.075	81.00	35.76566	136.60947	-48.339	15.187	-140.000	-2.906	-24.868	-66.000	2500.000
3055	271524	1	2044.571	82.00	32.15260	136.72942	-44.492	19.620	-320.000	-11.780	-34.777	-64.000	2500.000
3056	271605	1	2343.170	82.00	32.68735	135.96144	-44.629	26.057	-20.000	-10.391	-26.867	-81.000	2500.000
3057	271834	4	-1021.713	81.00	34.34315	136.58701	-219.873	96.107	-280.000	-195.041	-193.907	-229.000	0.000
3058	271985	1	2141.627	82.00	34.40301	137.14690	-118.357	38.886	0.000	-40.154	-87.747	-151.000	2500.000
3059	272023	1	2341.017	83.00	34.38270	135.66895	-52.535	0.226	0.000	-7.411	-61.262	-38.000	2500.000
3060	272068	1	2109.872	83.00	36.27422	136.35732	-63.614	-1.488	-120.000	-48.686	-111.340	-45.000	2500.000
3061	272137	1	2397.384	83.00	34.51130	136.05606	-28.938	21.126	0.000	-3.949	-21.856	-69.000	2500.000
3062	272242	1	2348.088	83.00	31.80215	135.94772	-54.956	33.568	0.000	-9.434	-16.090	-105.000	2500.000
3063	272381	1	2255.765	83.00	32.02919	136.65605	-83.748	39.614	0.000	-33.852	-27.248	-139.000	2500.000
3064	272428	2	-2184.945	82.00	34.52289	136.46732	-34.757	2.755	-60.000	-15.929	-30.015	-47.000	-2000.000
3065	272470	1	2431.948	83.00	35.95955	135.68301	-24.937	11.266	0.000	-4.358	-8.022	-42.000	2500.000
3066	272592	1	2022.684	83.00	32.68109	136.55453	-94.035	36.146	-220.000	-14.351	-63.077	-122.000	2500.000
3067	272680	1	2391.008	83.00	33.91990	135.60872	-32.698	32.358	0.000	-6.308	-14.344	-88.000	2500.000
3068	272732	1	2390.421	83.00	35.23238	136.70627	-41.754	12.626	0.000	-6.109	-22.342	-52.000	2500.000
3069	272790	1	2372.023	83.00	32.66583	136.38277	-48.230	14.708	0.000	-5.653	-30.802	-58.000	2500.000
3070	272894	2	-2433.917	83.00	37.69481	136.13196	-129.132	19.536	-100.000	-23.671	-96.650	-104.000	-2000.000
3071	273044	2	-2916.751	82.00	35.81181	136.07056	-175.884	23.482	-340.000	-123.656	-150.693	-150.000	-2000.000
3072	273094	1	2420.184	82.00	31.98491	136.84070	-25.607	17.060	0.000	-4.445	-16.824	-50.000	2500.000
3073	273179	1	2389.369	82.00	33.68816	136.35385	-22.206	29.521	0.000	-10.157	-22.789	-85.000	2500.000
3074	273209	1	2372.078	82.00	32.34463	135.10101	-46.011	5.083	0.000	-0.686	-56.308	-30.000	2500.000
3075	273294	1	2191.976	82.00	34.63725	136.49841	-79.167	28.532	-40.000	-44.969	-87.419	-85.000	2500.000
3076	273418	1	2137.472	82.00	34.87294	135.99689	-52.335	41.291	-160.000	-32.743	-34.741	-124.000	2500.000
3077	273623	1	1972.029	83.00	34.56836	136.15239	-157.293	61.397	-100.000	-65.301	-61.773	-205.000	2500.000
3078	273706	2	-2303.394	83.00	34.84796	136.81088	-51.309	13.912	-160.000	-8.641	-14.355	-83.000	-2000.000
3079	273750	1	2412.096	84.00	33.01219	137.27127	-26.513	9.572	0.000	-14.729	-12.235	-44.000	2500.000
3080	273804	1	2401.705	84.00	32.12926	135.35036	-29.027	15.247	0.000	-3.292	-27.223	-54.000	2500.000
3081	273879	1	2129.862	85.00	34.01389	135.54878	-54.754	17.655	-220.000	-12.273	-25.766	-75.000	2500.000
3082	273947	1	2164.890	85.00	36.60655	136.15643	-47.652	19.150	-200.000	-4.005	-34.604	-68.000	2500.000
3083	274033	1	2327.366	85.00	35.74545	135.33237	-71.890	24.671	0.000	-10.736	-28.680	-86.000	2500.000
3084	274128	1	2391.060	85.00	34.45771	135.44768	-29.831	35.310	0.000	-5.389	-14.030	-95.000	2500.000
3085	274171	1	2407.507	85.00	32.81214	133.74962	-28.361	10.603	0.000	-2.879	-28.855	-43.000	2500.000
3086	274382	1	1415.246	86.00	34.86704	135.61299	-277.715	27.023	-460.000	-49.029	-114.033	-211.000	2500.000
3087	274471	2	-2577.811	86.00	34.66919	136.04823	-96.440	13.792	-200.000	-100.744	-105.420	-89.000	-2000.000
3088	274553	1	2271.446	86.00	34.57782	135.80547	-84.984	12.217	-20.000	-14.125	-39.661	-82.000	2500.000
3089	274590	1	2348.465	86.00	31.37770	135.46004	-52.849	2.741	0.000	-1.085	-63.342	-37.000	2500.000
3090	274628	1	2423.418	86.00	32.37717	136.84225	-30.658	10.393	0.000	-0.250	-18.067	-38.000	2500.000
3091	274754	2	-2596.618	85.00	35.55839	135.41029	-86.398	48.148	-260.000	-101.753	-70.615	-126.000	-2000.000
3092	274835	1	2325.721	85.00	31.33335	136.07863	-55.281	19.592	0.000	-12.515	-45.076	-81.000	2500.000
3093	274965	1	2236.469	86.00	34.68841	135.37061	-69.130	39.645	-60.000	-16.789	-27.256	-130.000	2500.000
3094	275063	1	2334.338	86.00	33.66709	135.71794	-51.685	30.511	0.000	-12.677	-33.811	-98.000	2500.000
3095	275145	1	2252.059	86.00	33.45690	134.72722	-29.962	27.135	-120.000	-12.199	-30.916	-82.000	2500.000
3096	275302	1	2158.096	86.00	32.20057	134.39369	-101.511	55.544	0.000	-61.250	-77.687	-157.000	2500.000
3097	275422	1	2268.151	86.00	33.97601	135.06789	-73.859	38.226	0.000	-32.896	-43.319	-120.000	2500.000
3098	275538	1	2183.998	86.00	36.75758	134.72034	-123.630	29.309	0.000	-34.755	-70.925	-116.000	2500.000
3099	275649	1	2181.088	86.00	34.19727	134.69852	-50.680	32.664	0.000	-102.109	-87.787	-111.000	2500.000
3100	275861	1	1934.660	86.00	34.86514	134.50745	-126.547	70.032	-120.000	-70.676	-106.149	-212.000	2500.000
3101	275965	1	2324.176	87.00	34.37416	134.58664	-56.486	28.681	0.000	-13.737	-30.282	-104.000	2500.000
3102	276050	1	2368.633	87.00	33.56332	134.79826	-41.917	28.238	0.000	-1.972	-30.716	-85.000	2500.000
3103	276176	1	2308.063	87.00	34.56369	134.71353	-49.164	42.376	0.000	-10.383	-48.766	-126.000	2500.000
3104	276372	1	2009.136	87.00	33.61682	134.83977	-130.056	64.212	-140.000	-40.910	-48.110	-196.000	2500.000
3105	276465	1	1911.330	87.00	33.25348	133.92438	-81.518	16.484	-340.000	-31.215	-59.421	-93.000	2500.000
3106	276625	1	2105.499	87.00	34.89491	135.13777	-110.873	43.655	-120.000	-19.643	-27.640	-160.000	2500.000
3107	276754	1	2221.518	87.00	33.86340	133.84366	-61.529	48.978	0.000	-65.680	-71.252	-129.000	2500.000
3108	276868	1	2120.527	87.00	32.10110	135.00183	-72.676	27.337	-120.000	-34.866	-65.267	-114.000	2500.000
3109	276905	1	2441.960	87.00	35.86669	134.33849	-18.485	11.307	0.000	-4.245	-9.616	-37.000	2500.000
3110	276978	1	2336.644	87.00	33.46458	133.62534	-68.079	17.666	0.000	-11.202	-28.741	-73.000	2500.000
3111	277008	1	2168.229	87.00	34.81658	134.16249	-43.365	4.301	-200.000	-17.396	-45.312	-30.000	2500.000
3112	277068	1	2276.652	87.00	31.90003	135.40031	-22.780	20.281	-140.000	-9.355	-11.493	-60.000	2500.000
3113	277144	1	2333.074	87.00	32.05172	134.83821	-61.409	21.400	0.000	-21.985	-28.931	-76.000	2500.000
3114	277220	2	-2313.313	86.00	34.32950	134.85474	-81.669	32.604	-100.000	-12.602	-75.646	-76.000	-2000.000
3115	277331	1	2308.515	86.00	32.91982	135.96500	-71.628	35.774	0.000	-16.736	-27.895	-111.000	2500.000
3116	277457	1	2235.874	86.00	35.47216	134.50774	-91.485	34.206	0.000	-28.533	-52.313	-126.000	2500.000
3117	277513	1	2357.795	86.00	35.67746	134.87631	-45.354	15.227	0.000	-11.750	-44.329	-56.000	2500.000
3118	277572	1	2195.646	86.00	32.57238	133.71469	-49.659	19.525	-180.000	-2.521	-32.699	-59.000	2500.000
3119	277673	2	-2374.200	85.00	35.68427	134.12502	-82.280	22.214	-60.000	-80.071	-73.063	-101.000	-2000.000
3120	277745	1	2270.115	86.00	32.74314	134.26823	-63.618	10.307	0.000	-25.957	-78.617	-72.000	2500.000
3121	277832	1	2124.129	86.00	33.29214	133.92224	-70.062	23.488	-200.000	-9.085	-33.212	-87.000	2500.000
3122	277955	1	2339.969	86.00	31.37004	134.59216	-43.163	40.642	0.000	-7.653	-26.857	-123.000	2500.000
3123	278108	1	2130.804	86.00	34.88985	133.84427	-63.166	57.905	-100.000	-53.333	-57.603	-153.000	2500.000
3124	278264	1	2216.231	86.00	34.70212	134.19043	-92.241	63.191	0.000	-34.994	-63.725	-156.000	2500.000
3125	278342	1	2309.387	86.00	34.61835	134.86162	-57.084	21.305	0.000	-37.219	-39.615	-78.000	2500.000
3126	278401	1	2407.860	86.00	34.24683	134.24648	-27.410	20.880	0.000	-16.325	-10.285	-59.000	2500.000
3127	278466	1	2338.889	86.00	35.55111	134.53105	-55.401	23.387	-20.000	-1.677	-42.420	-65.000	2500.000
3128	278558	1	2202.256	86.00	35.53726	133.63432	-42.111	28.694	-100.000	-41.795	-50.531	-92.000	2500.000
3129	278667	1	2121.846	86.00	33.05560	134.14790	-120.078	14.453	-80.000	-30.749	-52.779	-109.000	2500.000
3130	278700	1	2430.596	86.00	33.69547	134.37193	-28.096	9.882	0.000	-2.704	-15.487	-33.000	2500.000
3131	278868	1	2124.248	86.00	35.00367	133.74028	-146.978	48.121	-20.000	-25.706	-63.190	-168.000	2500.000
3132	279004	1	2200.520	86.00	34.71170	133.64790	-108.811	31.555	0.000	-39.863	-46.362	-136.000	2500.000
3133	279085	1	2370.451	86.00	34.42767	133.11604	-43.957	23.842	0.000	-3.925	-24.510	-81.000	2500.000
3134	279209	2	-2481.079	85.00	32.37476	133.46527	-72.317	21.092	-120.000	-107.224	-78.629	-124.000	-2000.000
3135	279259	1	2387.911	85.00	35.97183	133.71416	-20.223	18.333	-40.000	-0.916	-19.282	-50.000	2500.000
3136	279289	1	2394.620	85.00	31.20115	134.44157	-42.446	-0.760	0.000	-0.354	-31.820	-30.000	2500.000
3137	279414	1	2201.523	85.00	32.67949	133.23872	-87.984	48.665	-80.000	-19.459	-34.699	-125.000	2500.000
3138	279583	1	2195.653	85.00	31.72886	133.56488	-118.922	52.807	0.000	-22.117	-47.115	-169.000	2500.000
3139	279631	1	2419.963	86.00	28.72558	133.21846	-22.629	13.787	0.000	-13.491	-9.705	-48.000	2500.000
3140	279799	1	2259.227	86.00	32.95741	133.76370	-86.757	60.774	0.000	-19.453	-27.337	-168.000	2500.000
3141	279847	1	2400.818	86.00	37.24444	133.36143	-19.615	15.029	0.000	-17.125	-29.471	-48.000	2500.000
3142	279877	1	2389.755	87.00	33.07747	134.38928	-40.106	-0.322	0.000	-4.921	-34.897	-30.000	2500.000
3143	279987	1	2362.245	88.00	34.86767	133.84660	-36.335	37.121	0.000	-6.005	-22.536	-110.000	2500.000
3144	280069	1	2351.070	88.00	33.53020	133.72343	-50.935	22.747	0.000	-4.163	-34.579	-82.000	2500.000
3145	280149	1	2347.415	88.00	33.43449	132.00410	-50.111	24.203	0.000	-14.976	-31.701	-80.000	2500.000
3146	280257	1	2269.832	88.00	34.08599	133.35197	-51.756	37.719	-40.000	-25.919	-42.212	-108.000	2500.000
3147	280393	1	2213.355	88.00	33.54537	133.63979	-125.495	30.950	0.000	-11.709	-44.391	-136.000	2500.000
3148	280484	1	2359.601	88.00	32.36604	132.33168	-43.903	26.067	0.000	-6.969	-24.594	-91.000	2500.000
3149	280571	2	-2604.840	88.00	34.32978	132.19351	-80.674	10.845	-240.000	-113.866	-94.144	-87.000	-2000.000
3150	280615	1	2383.501	88.00	31.60084	131.78975	-42.418	7.111	0.000	-10.502	-26.690	-44.000	2500.000
3151	280691	1	2317.344	89.00	33.58508	132.11345	-37.214	26.636	0.000	-48.645	-47.433	-76.000	2500.000
3152	280782	2	-2333.200	88.00	33.81605	132.57004	-58.788	28.120	-140.000	-21.455	-50.076	-91.000	-2000.000
3153	280850	1	2420.137	88.00	32.99453	132.64931	-23.024	22.478	0.000	-1.160	-10.158	-68.000	2500.000
3154	280992	1	2243.305	88.00	34.56514	132.72250	-60.758	51.554	0.000	-67.859	-37.632	-142.000	2500.000
3155	281073	2	-2238.136	87.00	35.08227	133.35493	-54.748	17.085	-60.000	-29.999	-29.474	-81.000	-2000.000
3156	281104	1	2430.774	87.00	38.25718	133.23447	-12.191	9.689	-20.000	-0.048	-15.676	-31.000	2500.000
3157	281149	1	2437.501	88.00	31.50904	132.60016	-19.117	13.714	0.000	-0.075	-12.021	-45.000	2500.000
3158	281335	1	1953.741	88.00	33.64209	132.95096	-118.181	64.074	-140.000	-91.600	-74.552	-186.000	2500.000
3159	281457	1	2278.955	88.00	34.20617	132.37553	-81.702	36.260	0.000	-19.532	-34.071	-122.000	2500.000
3160	281521	2	-2334.770	87.00	37.15890	132.91162	-42.628	10.335	-140.000	-44.189	-54.288	-64.000	-2000.000
3161	281600	1	2331.707	87.00	35.05387	132.64952	-59.530	22.114	0.000	-27.789	-24.087	-79.000	2500.000
3162	281744	1	1942.475	87.00	34.73837	131.78510	-94.298	44.109	-280.000	-29.307	-54.029	-144.000	2500.000
3163	281872	1	2333.783	87.00	33.52214	132.42188	-57.405	51.087	0.000	-9.942	-21.957	-128.000	2500.000
3164	281922	2	-2347.056	87.00	32.74013	131.35046	-64.181	2.254	-180.000	-21.248	-33.881	-50.000	-2000.000
3165	282043	1	2271.779	87.00	35.12217	131.89305	-83.830	36.673	0.000	-17.396	-42.669	-121.000	2500.000
3166	282172	2	-2523.497	86.00	33.13051	132.31250	-110.732	24.375	-120.000	-105.544	-82.597	-129.000	-2000.000
3167	282263	1	2019.783	86.00	36.28381	131.43875	-81.840	24.740	-220.000	-37.367	-74.751	-91.000	2500.000
3168	282302	1	2342.604	86.00	33.31792	132.00468	-59.409	-4.546	0.000	-2.138	-52.303	-39.000	2500.000
3169	282332	1	2451.878	86.00	36.95012	130.91278	-23.278	12.148	0.000	-0.240	-6.753	-30.000	2500.000
3170	282411	1	2226.144	87.00	36.82430	132.23477	-38.478	27.438	-160.000	-4.945	-18.870	-79.000	2500.000
3171	282536	1	2176.871	88.00	34.84119	131.96028	-106.214	35.739	0.000	-50.074	-77.578	-125.000	2500.000
3172	282746	1	1760.373	88.00	34.65435	131.94389	-197.912	102.624	-220.000	-80.234	-134.105	-210.000	2500.000
3173	282776	1	2449.659	88.00	32.65710	132.26234	-17.097	11.865	0.000	-2.477	-12.632	-30.000	2500.000
3174	282901	1	2238.380	88.00	33.26427	132.03569	-52.514	42.191	-80.000	-24.539	-21.758	-125.000	2500.000
3175	282931	1	2380.551	88.00	32.46198	132.81053	-40.861	4.939	0.000	-2.041	-51.486	-30.000	2500.000
3176	283051	1	2268.983	88.00	32.74171	131.40765	-101.430	36.391	0.000	-10.526	-35.451	-120.000	2500.000
3177	283093	2	-2442.578	87.00	36.49592	131.19310	-75.046	-1.052	-280.000	-29.640	-14.840	-42.000	-2000.000
3178	283205	2	-2328.234	87.00	33.28569	131.84837	-53.266	36.898	-100.000	-49.541	-50.325	-112.000	-2000.000
3179	283261	1	2419.569	87.00	35.37971	131.09254	-27.983	18.991	0.000	-5.291	-10.148	-56.000	2500.000
3180	283380	1	2201.016	87.00	35.89088	132.27103	-83.038	33.957	-40.000	-47.569	-43.335	-119.000	2500.000
3181	283417	1	2413.157	87.00	36.76825	132.37115	-25.502	8.781	0.000	-8.408	-24.715	-37.000	2500.000
3182	283591	1	2029.094	87.00	34.94319	132.51840	-124.262	42.376	-100.000	-33.671	-81.348	-174.000	2500.000
3183	283737	1	2245.900	87.00	35.72380	131.93503	-77.916	44.165	0.000	-31.739	-42.609	-146.000	2500.000
3184	283840	2	-2267.229	86.00	35.49401	132.75720	-76.304	21.259	-60.000	-11.968	-37.216	-103.000	-2000.000
3185	283882	2	-2190.950	85.00	36.32753	131.04597	-32.184	9.557	-80.000	-2.445	-43.879	-42.000	-2000.000
3186	283969	1	2330.230	85.00	32.51395	132.47688	-49.860	26.493	0.000	-5.593	-53.810	-87.000	2500.000
3187	284037	1	2299.499	86.00	37.02468	132.03284	-45.220	17.248	-60.000	-16.349	-28.179	-68.000	2500.000
3188	284116	1	1625.594	86.00	31.93894	131.55510	-82.419	22.013	-620.000	-31.614	-83.386	-79.000	2500.000
3189	284218	1	2282.675	86.00	35.04465	132.14079	-102.668	33.341	0.000	-4.922	-41.076	-102.000	2500.000
3190	284538	1	1164.674	86.00	33.40512	131.58340	-387.753	57.705	-300.000	-140.810	-244.468	-320.000	2500.000
3191	284753	1	1809.352	87.00	35.76059	131.92604	-249.448	46.868	-140.000	-38.784	-94.284	-215.000	2500.000
3192	284877	2	-2701.907	86.00	34.96281	131.88312	-100.816	53.434	-320.000	-140.448	-70.077	-124.000	-2000.000
3193	284969	2	-2546.429	85.00	35.93361	131.42151	-80.964	7.947	-240.000	-45.588	-95.824	-92.000	-2000.000
3194	285054	1	2290.189	85.00	34.23072	131.93535	-56.214	34.625	0.000	-51.981	-51.241	-85.000	2500.000
3195	285172	1	2046.270	85.00	32.74966	130.43558	-85.498	35.727	-220.000	-20.535	-45.424	-118.000	2500.000
3196	285203	1	2420.031	85.00	31.96845	130.41403	-26.213	5.084	0.000	-2.573	-25.267	-31.000	2500.000
3197	285252	2	-2252.539	84.00	35.97010	132.13377	-41.940	4.282	-100.000	-38.464	-27.417	-49.000	-2000.000
3198	285302	1	2352.182	84.00	33.73562	131.89030	-14.056	17.671	-80.000	-4.981	-16.452	-50.000	2500.000
3199	285341	2	-2312.350	83.00	35.39420	130.36012	-44.728	13.146	-200.000	-3.829	-37.939	-39.000	-2000.000
3200	285404	1	2389.586	83.00	33.62498	131.03094	-29.237	22.385	0.000	-14.884	-25.679	-63.000	2500.000
3201	285537	1	2126.014	83.00	33.38263	131.29214	-135.479	33.713	0.000	-27.535	-111.685	-133.000	2500.000
3202	285578	2	-2178.237	82.00	34.64727	129.77232	-21.288	9.670	-100.000	-7.363	-18.257	-41.000	-2000.000
3203	285608	2	-2458.293	81.00	32.24225	131.17876	-34.256	0.367	-260.000	-69.039	-65.365	-30.000	-2000.000
3204	285665	1	2178.793	81.00	33.16508	132.02562	-37.970	11.599	-180.000	-14.462	-43.374	-57.000	2500.000
3205	285721	1	2368.068	81.00	32.65898	130.69107	-45.979	16.901	0.000	-2.651	-44.203	-56.000	2500.000
3206	285800	1	2358.377	81.00	32.80530	131.57170	-61.353	20.234	0.000	-4.882	-16.622	-79.000	2500.000
3207	285906	1	2351.337	81.00	35.98516	131.58658	-37.775	35.995	0.000	-10.354	-30.530	-106.000	2500.000
3208	285943	1	2347.246	81.00	35.68625	130.83833	-53.000	-3.079	0.000	-8.070	-51.604	-37.000	2500.000
3209	285975	2	-2166.189	80.00	35.82956	130.40273	-36.168	13.223	-60.000	-0.468	-50.776	-32.000	-2000.000
3210	286012	1	2408.816	80.00	30.52220	130.60788	-17.763	11.192	-40.000	-3.094	-4.519	-37.000	2500.000
3211	286105	1	2180.148	80.00	34.98090	130.37898	-59.172	28.786	-140.000	-10.576	-45.889	-93.000	2500.000
3212	286135	1	2364.348	80.00	37.15056	130.11517	-43.701	2.040	0.000	-1.191	-62.800	-30.000	2500.000
3213	286331	1	1790.026	80.00	35.52042	131.16116	-224.197	67.340	-120.000	-52.326	-184.791	-196.000	2500.000
3214	286498	1	1826.057	81.00	32.06136	130.10088	-173.731	47.388	-240.000	-25.727	-114.873	-167.000	2500.000
3215	286528	1	2395.801	81.00	32.38791	131.04050	-32.183	13.486	0.000	-0.353	-55.149	-30.000	2500.000
3216	286564	1	2414.610	81.00	37.97786	130.61226	-21.506	7.968	0.000	-5.232	-30.621	-36.000	2500.000
3217	286804	4	-642.410	80.00	35.36868	129.80885	-196.028	84.203	-140.000	-48.183	-102.402	-240.000	0.000
3218	286904	2	-2546.511	79.00	33.73109	130.44916	-107.538	17.249	-220.000	-37.102	-99.120	-100.000	-2000.000
3219	287028	1	1903.193	80.00	32.34574	130.19418	-117.549	27.464	-260.000	-44.644	-78.077	-124.000	2500.000
3220	287081	2	-2294.678	79.00	30.07247	130.32942	-63.509	3.547	-140.000	-24.159	-17.557	-53.000	-2000.000
3221	287135	1	2424.781	79.00	32.95849	130.65736	-20.931	16.805	0.000	-7.408	-9.685	-54.000	2500.000
3222	287256	1	2039.099	79.00	33.50077	129.64592	-95.608	28.874	-200.000	-28.328	-44.839	-121.000	2500.000
3223	287339	1	2329.945	79.00	33.30977	130.86346	-82.737	22.257	0.000	-6.241	-20.333	-83.000	2500.000
3224	287404	2	-2209.362	78.00	33.13548	130.08350	-47.357	19.148	-80.000	-4.341	-31.812	-65.000	-2000.000
3225	287434	2	-2084.569	77.00	30.95961	130.26155	-24.156	3.216	-20.000	-0.626	-13.005	-30.000	-2000.000
3226	287531	1	1770.265	77.00	33.89313	129.63380	-94.072	33.496	-440.000	-42.404	-89.756	-97.000	2500.000
3227	287603	1	2138.316	77.00	32.30345	130.26727	-70.421	16.151	-180.000	-9.118	-46.295	-72.000	2500.000
3228	287633	1	2352.776	77.00	34.30528	131.04176	-44.282	6.320	0.000	-6.328	-72.934	-30.000	2500.000
3229	287699	1	2385.458	77.00	37.75533	130.35423	-35.853	21.525	0.000	-10.081	-24.133	-66.000	2500.000
3230	287869	1	2151.232	77.00	33.04741	129.97627	-154.693	58.739	0.000	-26.019	-56.795	-170.000	2500.000
3231	287950	1	2167.462	77.00	35.40585	129.01808	-55.277	22.399	-180.000	-5.259	-33.401	-81.000	2500.000
3232	288011	1	2384.562	77.00	33.91473	130.24516	-28.548	17.534	0.000	-8.637	-34.787	-61.000	2500.000
3233	288072	2	-2285.693	76.00	34.03411	130.91162	-35.059	10.570	-160.000	-19.526	-20.677	-61.000	-2000.000
3234	288192	2	-2553.325	76.00	36.40675	130.11050	-109.044	15.505	-200.000	-66.465	-73.320	-120.000	-2000.000
3235	288313	1	2204.989	76.00	35.64442	129.42935	-129.081	14.887	0.000	-13.885	-45.932	-121.000	2500.000
3236	288389	1	2207.252	76.00	36.72933	129.64705	-42.682	23.176	-160.000	-5.282	-31.960	-76.000	2500.000
3237	288457	1	2146.236	76.00	33.61299	131.14539	-40.561	22.070	-240.000	-9.887	-17.386	-68.000	2500.000
3238	288536	1	2322.574	76.00	34.16598	129.98811	-21.699	27.823	-80.000	-5.901	-18.649	-79.000	2500.000
3239	288641	1	2112.298	76.00	34.01683	129.81567	-90.339	18.763	-180.000	-11.227	-19.900	-105.000	2500.000
3240	288727	1	2309.460	76.00	34.26306	130.08591	-58.273	21.580	0.000	-31.900	-35.946	-86.000	2500.000
3241	288792	1	2426.063	76.00	33.39721	129.95346	-15.981	21.150	0.000	-2.875	-11.232	-65.000	2500.000
3242	288824	2	-2242.628	75.00	37.45445	130.16327	-29.880	5.145	-120.000	-7.256	-58.637	-32.000	-2000.000
3243	288910	1	1817.188	75.00	35.20546	130.58624	-66.612	15.365	-460.000	-34.467	-51.099	-86.000	2500.000
3244	288964	1	2440.662	75.00	37.26093	129.91815	-15.359	17.650	0.000	-2.637	-4.992	-54.000	2500.000
3245	289097	1	2268.289	75.00	32.29621	129.48451	-66.953	39.836	0.000	-27.417	-44.176	-133.000	2500.000
3246	289273	1	2074.884	75.00	34.55469	129.11343	-156.486	55.077	-40.000	-23.312	-84.394	-176.000	2500.000
3247	289400	1	2103.576	75.00	37.89135	129.98567	-78.220	42.018	-140.000	-26.719	-66.503	-127.000	2500.000
3248	289514	1	2252.117	75.00	32.49228	129.28040	-81.850	33.206	-40.000	-6.521	-38.719	-114.000	2500.000
3249	289701	1	2151.070	76.00	34.65606	129.11334	-131.054	47.036	0.000	-26.686	-51.226	-187.000	2500.000
3250	289808	2	-2357.667	75.00	33.29134	128.43199	-56.863	34.644	-100.000	-74.823	-53.624	-107.000	-2000.000
3251	289924	1	1882.291	75.00	34.94627	128.97487	-68.262	25.889	-360.000	-60.515	-38.821	-116.000	2500.000
3252	289995	2	-2352.430	75.00	31.36393	127.66197	-44.053	4.956	-200.000	-14.821	-27.512	-71.000	-2000.000
3253	290129	1	2210.732	75.00	33.60046	128.07008	-98.946	39.078	0.000	-30.574	-64.825	-134.000	2500.000
3254	290217	1	2278.723	75.00	39.64733	128.60677	-79.978	18.501	0.000	-27.563	-44.237	-88.000	2500.000
3255	290247	1	2323.682	76.00	36.04427	128.13545	-28.622	9.073	-80.000	-6.826	-39.944	-30.000	2500.000
3256	290277	1	2072.595	76.00	37.99181	128.36642	-18.266	7.256	-360.000	-2.975	-23.420	-30.000	2500.000
3257	290394	1	1019.954	76.00	36.10529	128.45523	-157.801	-54.563	-920.000	-86.881	-143.801	-117.000	2500.000
3258	290632	4	-689.001	75.00	33.37421	128.53941	-236.302	76.022	0.000	-121.267	-169.454	-238.000	0.000
3259	290663	1	2424.490	75.00	30.99870	128.04416	-25.966	7.222	0.000	-0.235	-25.531	-31.000	2500.000
3260	290715	2	-2169.736	75.00	32.35942	128.39792	-22.511	7.656	-60.000	-18.044	-24.837	-52.000	-2000.000
3261	290769	1	2387.383	75.00	30.72823	128.34697	-35.672	17.802	0.000	-15.573	-25.174	-54.000	2500.000
3262	290828	1	2377.835	75.00	35.49777	128.90892	-33.477	17.839	0.000	-2.988	-44.538	-59.000	2500.000
3263	290986	1	2151.684	75.00	33.77435	128.04532	-127.742	46.832	-20.000	-19.355	-70.050	-158.000	2500.000
3264	291123	1	2135.266	76.00	34.86005	127.03966	-67.740	50.881	-100.000	-54.970	-55.905	-137.000	2500.000
3265	291289	1	2180.762	76.00	34.24074	128.01884	-132.177	31.236	0.000	-3.203	-49.093	-166.000	2500.000
3266	291444	1	1821.146	77.00	33.68267	126.86272	-171.237	23.900	-200.000	-73.967	-102.550	-155.000	2500.000
3267	291499	1	2391.684	77.00	34.82592	128.41800	-51.755	20.535	0.000	-2.845	-19.250	-55.000	2500.000
3268	291618	1	2334.118	77.00	33.60913	127.56888	-56.412	43.502	0.000	-13.660	-20.313	-119.000	2500.000
3269	291694	1	2375.123	77.00	35.35778	127.27092	-43.946	23.997	0.000	-5.955	-22.974	-76.000	2500.000
3270	291797	1	2192.706	77.00	32.99747	127.81181	-51.114	33.244	-120.000	-21.164	-45.260	-103.000	2500.000
3271	291982	1	2155.837	77.00	34.36666	127.37784	-130.732	58.278	0.000	-29.300	-57.409	-185.000	2500.000
3272	292072	1	2351.514	77.00	37.01682	127.56261	-41.518	31.154	0.000	-17.509	-30.612	-90.000	2500.000
3273	292107	1	2409.691	77.00	35.18403	126.20316	-12.199	9.033	0.000	-25.490	-26.653	-35.000	2500.000
3274	292137	1	2385.440	77.00	32.79789	128.37752	-45.228	-0.494	0.000	-4.987	-33.852	-30.000	2500.000
3275	292204	1	2358.430	77.00	35.95774	127.10407	-38.507	19.851	0.000	-8.669	-47.245	-67.000	2500.000
3276	292293	1	2287.388	77.00	33.92074	126.92145	-79.583	17.854	0.000	-26.993	-34.890	-89.000	2500.000
3277	292483	2	-2764.718	77.00	33.64990	127.20707	-180.263	44.549	-280.000	-72.653	-86.352	-190.000	-2000.000
3278	292534	1	2218.648	78.00	33.07737	127.19618	-15.534	16.233	-220.000	-4.316	-6.735	-51.000	2500.000
3279	292662	1	2024.882	78.00	35.58997	127.96321	-76.901	36.579	-180.000	-66.053	-60.743	-128.000	2500.000
3280	292692	2	-2182.845	77.00	39.73738	127.96008	-24.762	0.557	-80.000	-22.485	-26.155	-30.000	-2000.000
3281	292748	1	2324.269	77.00	35.15524	128.25467	-57.557	4.675	0.000	-10.637	-56.211	-56.000	2500.000
3282	292806	2	-2429.139	76.00	33.34115	126.69656	-106.965	-0.511	-140.000	-12.456	-111.207	-58.000	-2000.000
3283	292844	1	2429.463	76.00	34.87697	125.92979	-23.870	11.277	0.000	-0.011	-19.933	-38.000	2500.000
3284	292966	1	2200.178	77.00	32.45914	127.35196	-55.631	41.727	-120.000	-19.422	-24.497	-122.000	2500.000
3285	293092	1	2294.884	78.00	35.85058	127.06965	-64.127	45.248	0.000	-19.346	-40.891	-126.000	2500.000
3286	293261	1	2244.148	78.00	31.48080	127.19933	-86.743	56.546	0.000	-7.968	-48.688	-169.000	2500.000
3287	293390	1	2263.497	78.00	34.61686	126.84031	-77.241	51.023	0.000	-28.233	-53.051	-129.000	2500.000
3288	293465	1	2383.829	78.00	33.04449	126.59539	-41.925	22.997	0.000	-4.947	-17.295	-75.000	2500.000
3289	293543	1	2394.530	78.00	33.39565	126.40264	-35.912	27.199	0.000	-10.483	-8.274	-78.000	2500.000
3290	293678	1	1885.241	78.00	33.38475	127.26379	-54.183	44.215	-360.000	-65.085	-44.706	-135.000	2500.000
3291	293855	1	2200.011	78.00	34.52239	126.45406	-66.380	56.350	0.000	-48.276	-64.683	-177.000	2500.000
3292	294006	1	2042.364	79.00	36.45934	126.03793	-84.229	47.051	-120.000	-35.491	-113.968	-151.000	2500.000
3293	294041	1	2263.980	80.00	29.39116	126.34323	-48.606	7.395	-100.000	-2.895	-56.914	-35.000	2500.000
3294	294166	1	2314.801	80.00	32.13491	125.36878	-61.759	48.870	0.000	-8.223	-39.088	-125.000	2500.000
3295	294356	2	-2589.790	79.00	33.89935	126.61819	-189.455	54.561	-160.000	-56.951	-47.945	-190.000	-2000.000
3296	294468	1	2077.838	79.00	33.26869	126.23856	-99.652	20.505	-180.000	-14.292	-36.722	-112.000	2500.000
3297	294596	2	-2434.660	79.00	33.40404	125.96861	-132.900	16.521	-100.000	-38.812	-51.469	-128.000	-2000.000
3298	294648	1	2272.109	79.00	36.00323	127.35795	-64.175	7.605	-60.000	-2.118	-57.204	-52.000	2500.000
3299	294704	1	2416.586	80.00	35.32473	125.43787	-25.000	15.710	0.000	-3.616	-14.508	-56.000	2500.000
3300	294827	1	2306.270	80.00	33.36358	125.50124	-69.519	36.947	0.000	-9.452	-28.707	-123.000	2500.000
3301	294904	1	2317.728	80.00	35.47481	125.89355	-56.517	19.372	0.000	-12.663	-55.464	-77.000	2500.000
3302	294941	1	2438.990	81.00	31.53506	125.45081	-14.101	12.278	0.000	-7.673	-14.515	-37.000	2500.000
3303	295050	2	-2304.338	81.00	31.86185	126.12785	-81.616	30.816	-80.000	-17.117	-47.421	-109.000	-2000.000
3304	295135	1	2328.556	81.00	33.24478	125.60081	-53.888	25.800	0.000	-8.956	-49.401	-85.000	2500.000
3305	295233	1	2275.510	81.00	36.45454	125.69915	-40.310	32.638	-80.000	-12.585	-26.234	-98.000	2500.000
3306	295462	1	1926.934	81.00	34.65958	125.78658	-199.405	58.140	-100.000	-27.721	-75.079	-229.000	2500.000
3307	295537	1	2344.739	81.00	31.12537	125.84655	-49.467	20.826	0.000	-16.885	-34.735	-75.000	2500.000
3308	295607	1	2072.941	81.00	32.92092	125.18464	-111.482	-19.678	-120.000	-28.707	-77.193	-70.000	2500.000
3309	295663	1	2412.335	82.00	36.61969	125.15293	-25.661	16.227	0.000	-3.012	-19.219	-56.000	2500.000
3310	295708	1	2430.883	82.00	36.89205	125.82864	-19.934	14.044	0.000	-0.456	-17.771	-45.000	2500.000
3311	295771	1	2365.100	82.00	32.99865	124.35395	-47.955	15.866	0.000	-8.834	-30.977	-63.000	2500.000
3312	295895	2	-2505.840	81.00	34.09960	125.50124	-134.955	19.402	-140.000	-29.430	-96.858	-124.000	-2000.000
3313	295938	2	-2234.112	80.00	33.32697	125.04649	-39.823	0.163	-120.000	-9.798	-21.655	-43.000	-2000.000
3314	296015	1	2286.705	80.00	31.18097	124.98479	-78.029	4.830	0.000	-7.132	-55.963	-77.000	2500.000
3315	296077	1	2400.111	80.00	33.64264	125.75689	-28.929	17.609	0.000	-6.313	-20.256	-62.000	2500.000
3316	296117	2	-2101.569	79.00	35.98021	125.88261	-10.472	10.774	-40.000	-6.808	-15.063	-40.000	-2000.000
3317	296162	2	-2410.061	79.00	32.56716	125.67711	-37.620	7.968	-240.000	-32.941	-62.468	-45.000	-2000.000
3318	296280	1	2180.618	80.00	33.67191	125.30927	-67.090	35.326	-60.000	-33.692	-75.926	-118.000	2500.000
3319	296431	1	1552.182	80.00	33.03308	124.89632	-100.693	44.205	-520.000	-133.247	-87.083	-151.000	2500.000
3320	296518	2	-2480.373	80.00	33.60695	125.87248	-135.818	8.015	-140.000	-33.685	-91.885	-87.000	-2000.000
3321	296554	1	2391.585	80.00	32.09995	125.65726	-28.024	9.041	0.000	-7.230	-46.204	-36.000	2500.000
3322	296601	2	-2173.312	79.00	33.97682	125.97871	-14.122	8.170	-100.000	-8.056	-12.304	-47.000	-2000.000
3323	296679	1	2312.795	79.00	37.70622	125.15446	-71.335	20.989	0.000	-11.038	-47.821	-78.000	2500.000
3324	296720	2	-2191.693	79.00	31.69016	123.87495	-36.423	1.909	-80.000	-5.500	-30.678	-41.000	-2000.000
3325	296764	1	2420.099	80.00	34.90770	124.27674	-23.773	12.606	0.000	-9.823	-14.912	-44.000	2500.000
3326	296912	1	2097.689	80.00	32.43650	125.01472	-103.966	43.744	-80.000	-44.678	-69.410	-148.000	2500.000
3327	296993	1	2254.759	80.00	36.03843	125.31903	-35.887	24.407	-100.000	-14.606	-38.156	-81.000	2500.000
3328	297096	1	2219.966	80.00	33.20728	124.08255	-81.967	42.655	-20.000	-55.255	-62.468	-103.000	2500.000
3329	297236	2	-2742.678	79.00	33.76603	125.63560	-176.028	31.253	-280.000	-44.539	-133.364	-140.000	-2000.000
3330	297266	2	-2422.019	78.00	32.65306	125.62479	-38.023	0.753	-340.000	-0.697	-14.052	-30.000	-2000.000
3331	297363	1	2187.121	78.00	34.64889	125.52038	-58.707	34.065	-160.000	-7.465	-23.772	-97.000	2500.000
3332	297471	1	2332.928	78.00	33.46257	124.06632	-66.725	30.574	0.000	-0.785	-22.136	-108.000	2500.000
3333	297512	1	2435.882	79.00	35.66056	126.25298	-27.368	11.395	0.000	-0.884	-6.261	-41.000	2500.000
3334	297547	1	2464.718	80.00	32.16693	123.98042	-7.546	11.306	0.000	-0.153	-3.889	-35.000	2500.000
3335	297645	1	2256.860	80.00	36.29290	124.99413	-68.234	46.241	-80.000	-5.163	-37.983	-98.000	2500.000
3336	297862	1	1901.392	80.00	32.67284	124.66841	-139.268	74.414	-100.000	-138.458	-78.295	-217.000	2500.000
3337	297995	1	2295.884	80.00	34.32586	125.01987	-83.385	44.529	0.000	-7.739	-24.521	-133.000	2500.000
3338	298149	1	1808.687	80.00	33.71671	125.45002	-123.605	50.701	-260.000	-94.530	-109.879	-154.000	2500.000
3339	298189	1	2399.102	80.00	34.62579	124.37685	-46.418	15.591	0.000	-3.625	-26.446	-40.000	2500.000
3340	298290	1	2364.152	80.00	36.90762	124.75001	-31.023	35.350	0.000	-16.269	-22.906	-101.000	2500.000
3341	298343	1	2220.058	80.00	30.61952	123.38628	-34.365	14.140	-160.000	-8.118	-38.598	-53.000	2500.000
3342	298444	2	-2715.885	80.00	36.60735	125.08949	-142.076	46.803	-400.000	-36.340	-83.272	-101.000	-2000.000
3343	298491	2	-2254.934	79.00	37.83636	125.48592	-37.118	5.503	-100.000	-61.513	-14.807	-47.000	-2000.000
3344	298563	1	2379.314	79.00	33.68771	123.79504	-38.278	24.489	0.000	-13.530	-21.367	-72.000	2500.000
3345	298614	1	2330.642	79.00	35.67732	124.76034	-25.186	15.553	-80.000	-3.865	-24.860	-51.000	2500.000
3346	298685	1	2340.199	79.00	34.40787	123.52851	-16.489	26.404	-80.000	-3.181	-15.535	-71.000	2500.000
3347	298742	1	2418.079	79.00	33.46717	124.52822	-21.395	17.700	0.000	-1.641	-19.584	-57.000	2500.000
3348	298772	1	2356.475	79.00	40.61446	125.67747	-25.712	5.337	-40.000	-15.200	-37.949	-30.000	2500.000
3349	298885	2	-2811.607	78.00	33.41773	125.03537	-94.530	22.711	-500.000	-25.746	-101.042	-113.000	-2000.000
3350	298973	1	2257.911	79.00	33.87365	124.10828	-76.253	17.097	0.000	-7.840	-87.093	-88.000	2500.000
3351	299056	1	2327.749	79.00	35.41444	123.17374	-50.324	24.593	-20.000	-19.706	-23.814	-83.000	2500.000
3352	299143	1	2240.963	80.00	35.66372	123.58951	-75.393	39.483	-80.000	-7.984	-48.143	-87.000	2500.000
3353	299223	1	2402.688	80.00	33.98050	124.01516	-24.346	26.936	0.000	-5.958	-13.944	-80.000	2500.000
3354	299277	2	-2443.917	79.00	35.63099	124.12177	-65.687	3.572	-140.000	-112.471	-75.332	-54.000	-2000.000
3355	299340	1	1892.929	79.00	30.72337	124.26916	-38.689	20.801	-460.000	-39.275	-26.908	-63.000	2500.000
3356	299407	2	-2229.607	78.00	35.53594	124.15656	-40.938	7.843	-100.000	-16.134	-13.377	-67.000	-2000.000
3357	299470	1	2393.919	78.00	36.11044	123.94126	-24.987	18.743	0.000	-10.402	-26.435	-63.000	2500.000
3358	299571	1	2288.077	79.00	32.55419	124.01088	-81.949	29.846	0.000	-16.909	-41.911	-101.000	2500.000
3359	299652	1	1998.144	79.00	31.96195	123.67028	-39.363	27.001	-380.000	-5.241	-23.254	-81.000	2500.000
3360	299682	1	2359.486	80.00	32.03624	124.73849	-46.052	6.252	0.000	-1.245	-69.469	-30.000	2500.000
3361	299717	1	2328.959	80.00	37.41954	123.22222	-25.721	9.848	-100.000	-4.294	-15.874	-35.000	2500.000
3362	299758	1	2441.612	80.00	33.84467	124.84892	-16.618	12.919	0.000	-7.421	-6.268	-41.000	2500.000
3363	299917	1	2077.557	80.00	36.23785	123.26285	-159.161	73.196	0.000	-72.406	-105.072	-159.000	2500.000
3364	299960	1	2432.320	80.00	33.53611	123.45034	-18.376	14.560	0.000	-2.843	-18.021	-43.000	2500.000
3365	300020	1	2208.706	80.00	35.05742	123.35588	-51.937	10.718	-160.000	-5.640	-24.435	-60.000	2500.000
3366	300175	1	1867.820	80.00	35.56004	122.86034	-118.009	37.661	-360.000	-8.884	-27.948	-155.000	2500.000
3367	300341	1	2040.363	80.00	34.50278	123.31558	-151.195	43.697	-100.000	-22.033	-64.106	-166.000	2500.000
3368	300424	1	2264.146	80.00	34.73646	124.01038	-51.727	25.172	-80.000	-9.042	-37.257	-83.000	2500.000
3369	300473	1	2427.895	80.00	35.39790	123.30888	-24.999	15.222	0.000	-6.515	-6.814	-49.000	2500.000
3370	300513	1	2438.810	80.00	36.59985	123.18400	-18.516	13.945	0.000	-8.283	-8.336	-40.000	2500.000
3371	300553	1	2402.324	80.00	34.23127	124.64890	-39.285	18.555	0.000	-2.154	-34.792	-40.000	2500.000
3372	300708	1	2236.483	80.00	32.71404	122.39050	-94.271	56.273	0.000	-18.846	-51.672	-155.000	2500.000
3373	300791	1	2362.787	80.00	35.92012	123.64806	-46.637	23.793	0.000	-5.658	-25.711	-83.000	2500.000
3374	300921	2	-2652.808	79.00	35.19473	123.34609	-154.194	32.226	-220.000	-66.970	-113.870	-130.000	-2000.000
3375	300969	1	1524.595	79.00	37.89912	122.83619	-62.792	7.238	-640.000	-125.529	-106.324	-48.000	2500.000
3376	301008	2	-2153.444	78.00	33.24582	123.46879	-25.531	9.014	-40.000	-12.083	-45.843	-39.000	-2000.000
3377	301089	2	-2755.405	78.00	32.35609	123.45638	-102.651	4.815	-500.000	-12.877	-63.692	-81.000	-2000.000
3378	301201	1	2008.126	78.00	33.82621	122.67707	-100.810	27.176	-200.000	-29.881	-76.360	-112.000	2500.000
3379	301341	1	2259.182	78.00	32.95819	122.85039	-104.420	43.025	0.000	-4.512	-34.912	-140.000	2500.000
3380	301431	1	2333.208	79.00	34.17693	123.00416	-49.322	24.124	0.000	-12.253	-39.341	-90.000	2500.000
3381	301468	1	2366.588	79.00	34.50553	122.55160	-57.181	-8.852	0.000	-0.871	-29.508	-37.000	2500.000
3382	301541	1	2356.469	80.00	32.35896	123.47695	-27.851	26.132	0.000	-29.672	-39.140	-73.000	2500.000
3383	301644	1	2230.477	80.00	33.78456	122.44034	-73.397	24.845	-80.000	-8.332	-29.639	-103.000	2500.000
3384	301717	1	2276.959	80.00	33.19344	123.14231	-22.373	25.009	-120.000	-3.362	-29.317	-73.000	2500.000
3385	301802	1	2296.722	80.00	33.19806	122.89745	-74.838	21.314	0.000	-15.466	-49.288	-85.000	2500.000
3386	301872	1	2353.269	80.00	35.00741	123.00806	-30.278	25.701	0.000	-33.259	-38.895	-70.000	2500.000
3387	302064	1	2086.132	80.00	33.63654	121.99514	-155.422	51.858	0.000	-49.827	-68.476	-192.000	2500.000
3388	302199	1	2189.452	80.00	34.19117	121.87636	-98.907	46.664	-40.000	-21.590	-61.714	-135.000	2500.000
3389	302263	1	2055.874	80.00	35.09906	122.48909	-70.916	24.579	-280.000	-5.439	-48.350	-64.000	2500.000
3390	302377	1	2168.521	80.00	32.27454	122.28581	-57.365	40.138	0.000	-136.903	-63.348	-114.000	2500.000
3391	302494	2	-2313.360	79.00	32.37461	122.86049	-75.557	18.087	-60.000	-44.830	-34.059	-117.000	-2000.000
3392	302579	1	2321.735	79.00	33.47691	121.63052	-66.000	23.414	0.000	-9.641	-41.038	-85.000	2500.000
3393	302745	1	2103.156	79.00	34.40699	122.96462	-105.694	60.212	-40.000	-67.202	-78.160	-166.000	2500.000
3394	303011	4	-573.686	78.00	33.53781	121.89449	-196.566	98.940	-40.000	-63.511	-106.549	-266.000	0.000
3395	303074	1	2327.854	79.00	35.57384	121.60204	-29.771	22.152	-80.000	-3.308	-18.218	-63.000	2500.000
3396	303200	1	2268.686	79.00	35.00651	121.64790	-93.330	40.495	0.000	-4.927	-47.553	-126.000	2500.000
3397	303322	1	1843.119	80.00	31.01166	121.98945	-93.860	39.206	-100.000	-244.903	-135.325	-122.000	2500.000
3398	303449	1	2199.642	80.00	34.96320	121.80622	-99.308	42.832	-40.000	-38.187	-38.695	-127.000	2500.000
3399	303591	1	2275.150	80.00	34.38489	122.05927	-94.418	41.126	0.000	-4.391	-25.166	-142.000	2500.000
3400	303735	1	2157.261	80.00	34.89637	121.20461	-43.189	50.855	-160.000	-16.230	-30.174	-144.000	2500.000
3401	303765	1	2468.184	80.00	36.16966	122.04338	-6.846	10.970	0.000	-1.571	-4.369	-30.000	2500.000
3402	303877	1	2274.809	80.00	34.93897	121.05807	-76.958	37.711	0.000	-24.533	-49.410	-112.000	2500.000
3403	303968	1	2036.113	81.00	35.00478	122.03294	-86.260	19.212	-180.000	-53.015	-72.824	-91.000	2500.000
3404	304124	1	2022.418	81.00	33.55022	121.32471	-94.437	52.872	-180.000	-44.177	-55.840	-156.000	2500.000
3405	304202	1	2192.457	81.00	34.74044	121.39459	-89.196	1.479	0.000	-59.787	-82.039	-78.000	2500.000
3406	304407	1	1695.171	81.00	33.33781	121.62598	-171.936	76.384	-340.000	-91.773	-72.504	-205.000	2500.000
3407	304524	1	1999.525	81.00	35.58880	121.94521	-54.740	39.292	-320.000	-22.198	-25.829	-117.000	2500.000
3408	304634	1	2166.243	81.00	33.87372	121.18442	-43.451	32.365	-140.000	-25.949	-46.722	-110.000	2500.000
3409	304730	2	-2560.717	80.00	33.25728	121.83988	-118.037	9.019	-200.000	-58.425	-97.274	-96.000	-2000.000
3410	304909	1	1841.565	80.00	33.96643	121.25938	-207.662	27.919	-100.000	-52.386	-147.306	-179.000	2500.000
3411	305094	1	2180.219	80.00	35.52647	120.67949	-108.358	62.745	0.000	-33.549	-55.619	-185.000	2500.000
3412	305275	1	2106.988	81.00	34.00277	121.16503	-109.751	65.042	-80.000	-26.750	-60.552	-181.000	2500.000
3413	305413	1	2294.085	82.00	34.44681	121.42908	-76.438	45.940	0.000	-17.986	-19.431	-138.000	2500.000
3414	305518	2	-2392.366	81.00	32.14325	122.29575	-148.502	3.199	-60.000	-16.833	-65.229	-105.000	-2000.000
3415	305614	2	-2546.051	80.00	33.97069	120.81933	-115.404	3.949	-200.000	-2.238	-136.358	-96.000	-2000.000
3416	305646	1	2404.364	81.00	37.60614	120.03678	-22.435	8.841	0.000	-8.782	-41.260	-32.000	2500.000
3417	305702	1	2423.097	82.00	32.84703	120.85186	-23.245	17.530	0.000	-6.153	-9.035	-56.000	2500.000
3418	305787	2	-2794.918	81.00	33.87653	121.30584	-49.453	13.164	-580.000	-30.973	-62.657	-85.000	-2000.000
3419	305870	1	1802.956	81.00	31.52673	120.34288	-65.261	33.638	-440.000	-54.221	-88.201	-83.000	2500.000
3420	305929	1	2186.982	82.00	34.95112	121.53358	-53.516	17.519	-160.000	-9.195	-48.827	-59.000	2500.000
3421	306028	1	2377.042	82.00	32.58741	120.76138	-29.566	34.380	0.000	-16.321	-12.452	-99.000	2500.000
3422	306083	1	2209.205	83.00	35.54769	119.93565	-19.475	17.423	-220.000	-2.834	-10.909	-55.000	2500.000
3423	306139	2	-2283.814	82.00	35.24118	120.29071	-83.795	0.157	-60.000	-29.505	-54.671	-56.000	-2000.000
3424	306183	1	2418.798	83.00	37.76754	119.31504	-23.281	11.761	0.000	-3.475	-22.206	-44.000	2500.000
3425	306283	1	1932.013	83.00	35.20693	120.50130	-51.189	28.143	-380.000	-18.376	-46.566	-100.000	2500.000
3426	306422	1	2110.504	83.00	32.79123	121.42490	-82.817	43.256	-140.000	-14.406	-56.529	-139.000	2500.000
3427	306494	1	2376.305	83.00	32.37653	120.38368	-37.091	24.135	0.000	-6.575	-32.164	-72.000	2500.000
3428	306564	1	2388.144	83.00	34.42430	119.87328	-35.380	20.418	0.000	-6.704	-20.190	-70.000	2500.000
3429	306784	2	-3124.589	83.00	34.48892	120.77166	-167.291	91.580	-660.000	-36.044	-132.835	-220.000	-2000.000
3430	306905	1	1557.439	84.00	36.14862	120.98798	-108.624	22.834	-500.000	-143.793	-91.979	-121.000	2500.000
3431	307013	2	-2405.251	83.00	35.09526	120.66372	-68.787	19.099	-200.000	-11.797	-35.767	-108.000	-2000.000
3432	307218	1	1528.882	83.00	34.64221	120.26869	-213.458	68.272	-240.000	-199.509	-181.424	-205.000	2500.000
3433	307454	4	-727.135	82.00	33.72704	120.23101	-277.481	66.590	0.000	-159.163	-121.081	-236.000	0.000
3434	307531	1	2375.765	82.00	35.30182	120.75407	-42.601	23.736	0.000	-10.583	-17.787	-77.000	2500.000
3435	307643	1	2292.668	82.00	35.76959	120.37396	-77.216	33.308	0.000	-8.661	-42.763	-112.000	2500.000
3436	307759	1	1565.675	82.00	35.82560	120.71706	-81.471	29.137	-680.000	-29.721	-56.270	-116.000	2500.000
3437	307799	2	-2286.396	81.00	29.68240	119.39471	-25.298	9.133	-120.000	-70.410	-39.820	-40.000	-2000.000
3438	307857	1	2195.564	81.00	32.83536	119.92554	-47.985	11.272	-160.000	-20.900	-28.822	-58.000	2500.000
3439	307993	1	1740.743	81.00	33.67461	119.68517	-115.373	41.987	-460.000	-32.012	-57.859	-136.000	2500.000
3440	308065	1	2173.390	81.00	35.91164	120.17033	-49.763	27.314	-160.000	-20.931	-51.231	-72.000	2500.000
3441	308130	1	2379.119	81.00	36.97001	120.63468	-37.638	20.681	0.000	-12.865	-26.059	-65.000	2500.000
3442	308350	1	1768.466	82.00	33.13258	119.84235	-223.644	67.177	-160.000	-84.921	-110.146	-220.000	2500.000
3443	308526	1	2006.569	83.00	33.71834	120.08548	-134.122	55.317	-180.000	-25.171	-33.455	-176.000	2500.000
3444	308677	1	2204.241	83.00	33.85214	120.18631	-126.967	42.120	0.000	-8.623	-51.289	-151.000	2500.000
3445	308711	2	-2242.895	82.00	31.13739	119.32780	-23.051	2.362	-80.000	-73.088	-35.118	-34.000	-2000.000
3446	308741	1	2435.461	82.00	38.57732	119.77682	-24.023	10.885	0.000	-1.284	-20.116	-30.000	2500.000
3447	308812	1	2331.390	82.00	31.66377	119.63489	-47.674	22.241	-20.000	-27.641	-24.536	-71.000	2500.000
3448	308842	1	2419.730	82.00	36.37383	119.47122	-23.661	9.311	0.000	-4.671	-31.249	-30.000	2500.000
3449	308955	1	2267.405	83.00	33.96912	119.64690	-42.830	36.485	-20.000	-59.937	-33.313	-113.000	2500.000
3450	308985	1	2460.391	83.00	33.48278	119.57847	-12.514	12.498	0.000	-1.596	-7.996	-30.000	2500.000
3451	309225	4	-719.080	82.00	36.01099	119.98258	-238.085	100.476	-200.000	-44.945	-96.526	-240.000	0.000
3452	309290	1	2158.531	82.00	32.98438	120.18929	-30.472	18.321	-220.000	-4.032	-40.286	-65.000	2500.000
3453	309385	1	2228.154	82.00	34.51323	119.02006	-37.097	32.560	-120.000	-21.101	-31.207	-95.000	2500.000
3454	309475	2	-2374.798	82.00	35.11528	119.96289	-64.945	22.504	-180.000	-28.387	-33.970	-90.000	-2000.000
3455	309545	1	2363.528	82.00	35.08307	118.76485	-46.735	20.692	0.000	-7.551	-32.878	-70.000	2500.000
3456	309635	1	2308.469	83.00	32.71270	119.25740	-62.263	29.257	-40.000	-9.454	-19.071	-90.000	2500.000
3457	309751	1	2287.161	83.00	35.31835	119.44314	-61.063	37.179	0.000	-32.462	-40.493	-116.000	2500.000
3458	309881	1	2227.088	83.00	31.68597	119.32861	-108.685	27.518	0.000	-21.865	-39.881	-130.000	2500.000
3459	309934	1	2402.846	83.00	33.35659	120.21983	-28.963	14.343	0.000	-1.283	-28.251	-53.000	2500.000
3460	309982	1	2432.932	83.00	35.98050	120.18750	-20.022	15.688	0.000	-3.467	-11.267	-48.000	2500.000
3461	310122	1	2257.301	83.00	35.24427	118.99658	-66.136	53.610	0.000	-37.394	-52.778	-140.000	2500.000
3462	310331	2	-2999.115	82.00	31.79834	119.32335	-161.305	84.383	-460.000	-123.753	-129.441	-209.000	-2000.000
3463	310432	1	2309.621	82.00	35.30737	118.87915	-53.587	33.988	0.000	-17.990	-51.790	-101.000	2500.000
3464	310623	1	2042.164	82.00	33.28998	118.94099	-186.962	79.813	-60.000	-12.936	-86.751	-191.000	2500.000
3465	310748	1	1832.679	82.00	33.70249	119.41938	-103.444	56.026	-440.000	-20.579	-34.323	-125.000	2500.000
3466	310913	2	-2372.242	81.00	34.83029	119.48589	-124.363	47.046	-40.000	-30.117	-59.808	-165.000	-2000.000
3467	310961	1	2438.334	81.00	30.64252	118.59063	-14.236	15.094	0.000	-4.380	-10.144	-48.000	2500.000
3468	311112	1	1922.833	81.00	34.44255	118.50797	-152.519	22.936	0.000	-118.412	-178.173	-151.000	2500.000
3469	311205	1	2317.403	81.00	34.56713	118.12315	-62.963	25.236	0.000	-18.678	-33.193	-93.000	2500.000
3470	311252	1	2401.069	81.00	30.04900	118.71849	-13.932	15.233	-40.000	-4.462	-8.769	-47.000	2500.000
3471	311366	2	-2449.136	80.00	34.72579	118.54213	-91.660	21.249	-180.000	-34.080	-50.645	-114.000	-2000.000
3472	311399	1	2297.496	80.00	34.44450	118.93201	-14.681	9.028	-120.000	-25.562	-18.290	-33.000	2500.000
3473	311487	1	1945.829	80.00	32.85286	118.45506	-67.330	29.814	-280.000	-80.582	-68.072	-88.000	2500.000
3474	311597	1	2248.831	81.00	33.27713	118.44899	-45.643	36.781	-80.000	-15.578	-36.729	-110.000	2500.000
3475	311783	1	2131.571	81.00	34.32576	118.76529	-150.200	59.484	0.000	-37.838	-53.876	-186.000	2500.000
3476	312011	4	-662.968	81.00	35.06788	118.86149	-246.300	20.301	0.000	-105.431	-103.537	-228.000	0.000
3477	312079	1	2305.655	82.00	33.72856	117.81501	-53.010	13.684	0.000	-28.455	-58.564	-68.000	2500.000
3478	312121	1	2435.908	82.00	29.85405	118.06554	-19.210	12.105	0.000	-0.529	-14.459	-42.000	2500.000
3479	312274	1	2178.754	82.00	34.88803	118.21283	-128.275	40.384	0.000	-16.438	-63.916	-153.000	2500.000
3480	312334	1	2253.941	82.00	32.68745	118.11860	-55.522	20.195	-80.000	-14.350	-56.382	-60.000	2500.000
3481	312389	2	-2246.395	81.00	36.08907	118.56279	-18.314	5.872	-100.000	-41.641	-37.311	-55.000	-2000.000
3482	312445	1	2375.320	81.00	33.42140	118.04270	-33.564	19.068	-20.000	-9.308	-24.877	-56.000	2500.000
3483	312531	1	2060.890	81.00	35.25511	118.29816	-89.244	18.742	-140.000	-50.314	-92.295	-86.000	2500.000
3484	312567	1	2446.354	81.00	34.66372	117.66987	-14.319	10.896	0.000	-0.430	-13.793	-36.000	2500.000
3485	312738	1	2123.455	81.00	32.70284	118.45799	-160.059	41.858	0.000	-24.255	-63.089	-171.000	2500.000
3486	312836	1	1973.111	81.00	34.95359	118.01724	-54.527	30.003	-340.000	-20.002	-44.363	-98.000	2500.000
3487	312890	1	2298.909	81.00	35.09286	117.67757	-27.162	17.387	-120.000	-1.931	-15.385	-54.000	2500.000
3488	313018	1	2293.736	81.00	34.03782	118.20164	-45.836	45.884	0.000	-20.678	-57.634	-128.000	2500.000
3489	313063	1	2401.033	81.00	30.57853	118.60899	-32.101	7.481	0.000	-13.652	-15.696	-45.000	2500.000
3490	313195	2	-2409.885	80.00	34.22977	118.44617	-118.010	34.252	-60.000	-41.161	-92.966	-132.000	-2000.000
3491	313299	1	2225.225	81.00	33.42691	118.21780	-91.845	19.076	-40.000	-14.770	-43.237	-104.000	2500.000
3492	313365	1	2259.907	81.00	31.23287	118.29050	-35.971	20.518	-100.000	-18.041	-40.599	-66.000	2500.000
3493	313442	1	1898.523	81.00	35.87597	117.47356	-67.415	18.268	-360.000	-46.309	-69.022	-77.000	2500.000
3494	313579	1	2295.483	82.00	32.84532	117.47362	-63.027	40.179	0.000	-15.154	-29.516	-137.000	2500.000
3495	313638	2	-2264.920	81.00	32.53806	117.70125	-37.717	8.248	-60.000	-64.619	-51.832	-59.000	-2000.000
3496	313723	1	1903.686	81.00	32.96583	117.27666	-75.738	17.788	-300.000	-83.221	-70.144	-85.000	2500.000
3497	313771	1	2371.761	81.00	36.45612	117.10202	-45.488	12.635	0.000	-17.108	-30.278	-48.000	2500.000
3498	313909	1	2059.046	81.00	34.22129	117.18814	-64.419	49.660	-220.000	-33.262	-34.934	-138.000	2500.000
3499	314018	1	2307.715	81.00	33.10587	117.34215	-73.185	30.852	0.000	-11.631	-29.320	-109.000	2500.000
3500	314085	1	2396.420	81.00	30.17587	118.70438	-19.688	21.045	0.000	-11.949	-25.987	-67.000	2500.000
3501	314178	1	2131.228	81.00	34.23573	117.23820	-59.444	32.791	-180.000	-20.491	-48.629	-93.000	2500.000
3502	314236	1	2394.853	81.00	35.81163	116.67767	-35.236	17.516	0.000	-13.572	-15.855	-58.000	2500.000
3503	314317	1	2319.014	81.00	34.50270	117.08024	-78.947	18.588	0.000	-6.035	-33.592	-81.000	2500.000
3504	314413	1	2191.975	81.00	32.34762	116.90332	-119.637	1.229	0.000	-21.353	-72.264	-96.000	2500.000
3505	314500	1	1971.055	81.00	36.67847	117.65011	-61.501	20.405	-340.000	-31.959	-28.891	-87.000	2500.000
3506	314708	1	1673.805	81.00	33.69876	117.04493	-246.752	50.351	-240.000	-76.706	-105.088	-208.000	2500.000
3507	314793	1	2004.633	81.00	32.02090	117.18720	-88.153	13.894	-300.000	-3.540	-32.569	-85.000	2500.000
3508	314926	1	2071.881	81.00	34.35418	117.41123	-122.120	27.207	-120.000	-17.889	-62.317	-133.000	2500.000
3509	314956	1	2359.334	82.00	33.77588	117.09824	-47.049	4.709	0.000	-0.506	-67.820	-30.000	2500.000
3510	315009	1	2433.432	82.00	36.38959	116.76910	-11.986	19.837	0.000	-16.365	-5.054	-53.000	2500.000
3511	315039	1	2436.465	82.00	35.41697	116.70136	-20.312	8.146	0.000	-3.857	-17.512	-30.000	2500.000
3512	315135	1	2005.151	82.00	33.42926	116.46940	-57.367	29.446	-340.000	-10.683	-20.245	-96.000	2500.000
3513	315178	1	1729.892	82.00	34.52074	117.50640	-40.092	8.728	-660.000	-1.729	-34.014	-43.000	2500.000
3514	315211	1	2351.963	83.00	30.41617	116.33718	-17.606	10.254	-80.000	-0.253	-27.433	-33.000	2500.000
3515	315298	1	2063.226	84.00	33.51923	117.29256	-82.486	19.853	-220.000	-18.482	-48.659	-87.000	2500.000
3516	315376	1	2348.404	84.00	34.82446	116.68133	-54.805	19.803	0.000	-15.502	-23.092	-78.000	2500.000
3517	315406	2	-2244.961	83.00	37.29856	116.57107	-29.949	0.980	-120.000	-31.830	-34.162	-30.000	-2000.000
3518	315481	1	2324.230	84.00	32.99103	116.51525	-50.310	26.452	0.000	-37.998	-38.914	-75.000	2500.000
3519	315520	2	-2306.477	83.00	32.92780	114.78563	-28.428	1.950	-160.000	-47.904	-33.096	-39.000	-2000.000
3520	315576	1	2353.317	83.00	31.37897	117.32056	-50.211	10.918	0.000	-17.046	-34.344	-56.000	2500.000
3521	315736	1	2204.092	83.00	34.14680	116.90443	-97.586	51.467	0.000	-42.911	-46.877	-160.000	2500.000
3522	315866	1	2312.337	83.00	36.33733	116.50268	-48.804	38.460	0.000	-17.363	-29.956	-130.000	2500.000
3523	316016	4	-423.470	83.00	32.72517	117.26951	-151.822	62.950	-80.000	-43.838	-60.760	-150.000	0.000
3524	316102	1	2195.756	83.00	33.80545	116.47192	-47.619	19.564	-140.000	-10.799	-39.390	-86.000	2500.000
3525	316213	2	-2517.211	82.00	35.70728	117.21764	-103.117	8.841	-240.000	-33.357	-38.578	-111.000	-2000.000
3526	316244	2	-2151.542	81.00	41.67181	115.83977	-29.971	3.292	-60.000	-8.356	-25.508	-31.000	-2000.000
3527	316322	1	2384.142	81.00	33.20940	115.98457	-32.416	21.188	0.000	-13.408	-13.222	-78.000	2500.000
3528	316396	1	2336.001	81.00	32.53104	116.85500	-56.125	22.591	0.000	-12.682	-43.782	-74.000	2500.000
3529	316502	2	-2459.046	81.00	33.97599	116.29387	-64.952	26.948	-240.000	-39.411	-35.631	-106.000	-2000.000
3530	316561	1	2379.578	81.00	37.00734	116.20216	-37.149	18.348	0.000	-3.336	-39.285	-59.000	2500.000
3531	316663	1	2311.010	82.00	33.51120	116.45750	-52.351	34.289	0.000	-8.325	-60.603	-102.000	2500.000
3532	316693	1	2423.623	82.00	33.96922	115.07384	-23.415	6.932	0.000	-7.444	-22.450	-30.000	2500.000
3533	316778	1	2347.743	83.00	35.07322	116.51762	-58.337	25.769	0.000	-8.672	-26.018	-85.000	2500.000
3534	316858	1	2144.354	83.00	35.53551	116.29014	-63.500	30.757	-140.000	-41.982	-60.920	-80.000	2500.000
3535	316972	1	1819.922	83.00	32.41016	115.68295	-142.654	9.078	-320.000	-26.049	-86.453	-114.000	2500.000
3536	317099	1	2277.740	83.00	35.13964	116.85383	-93.571	34.277	0.000	-2.923	-33.043	-127.000	2500.000
3537	317151	2	-2379.963	83.00	34.52253	116.19138	-35.930	1.784	-140.000	-99.892	-53.925	-52.000	-2000.000
3538	317239	1	2265.961	83.00	32.95201	115.54066	-78.480	24.634	-40.000	-9.847	-42.345	-88.000	2500.000
3539	317270	1	2190.256	83.00	31.12154	115.24691	-35.591	2.896	-220.000	-7.691	-18.358	-31.000	2500.000
3540	317351	2	-2533.025	82.00	33.99342	115.18025	-75.698	15.750	-220.000	-106.740	-65.337	-81.000	-2000.000
3541	317526	2	-3407.444	81.00	33.31155	115.72750	-140.449	25.588	-640.000	-314.572	-163.011	-175.000	-2000.000
3542	317575	1	2427.574	81.00	33.56265	115.93160	-21.818	17.259	0.000	-0.862	-18.003	-49.000	2500.000
3543	317634	1	2171.581	81.00	36.98134	116.28513	-55.419	18.625	-120.000	-28.782	-83.842	-59.000	2500.000
3544	317664	1	2375.047	81.00	30.37166	115.16593	-45.977	1.406	0.000	-2.612	-47.771	-30.000	2500.000
3545	317694	1	2452.796	82.00	28.22936	115.76098	-17.530	13.020	0.000	-0.830	-11.864	-30.000	2500.000
3546	317765	1	2314.694	82.00	33.73274	116.88845	-37.883	25.455	-60.000	-9.381	-32.496	-71.000	2500.000
3547	317942	1	1979.456	82.00	34.61183	115.86007	-161.328	60.342	-80.000	-80.287	-82.271	-177.000	2500.000
3548	317982	2	-2224.272	81.00	37.97853	114.23666	-46.145	5.002	-100.000	-7.277	-35.853	-40.000	-2000.000
3549	318017	1	2212.690	81.00	31.63447	115.48734	-30.431	12.289	-220.000	-3.273	-10.895	-35.000	2500.000
3550	318058	1	2199.298	81.00	32.42248	115.41962	-31.501	10.786	-140.000	-54.622	-44.365	-41.000	2500.000
3551	318188	1	2233.650	82.00	33.84171	115.42117	-87.622	32.222	0.000	-33.084	-47.866	-130.000	2500.000
3552	318230	1	2416.297	82.00	35.91564	116.25448	-22.145	14.950	0.000	-11.821	-22.688	-42.000	2500.000
3553	318325	1	2301.260	82.00	33.16774	116.57298	-43.063	36.824	-60.000	-8.882	-28.618	-95.000	2500.000
3554	318355	1	2401.302	83.00	33.24193	117.27070	-35.478	13.845	0.000	-2.695	-44.370	-30.000	2500.000
3555	318390	1	2399.228	83.00	29.44064	115.73238	-34.602	8.014	0.000	-3.008	-36.176	-35.000	2500.000
3556	318420	2	-2359.578	82.00	39.31950	116.00644	-28.322	3.227	-220.000	-25.935	-58.548	-30.000	-2000.000
3557	318568	4	-543.618	81.00	35.01796	116.16447	-185.878	26.338	0.000	-117.385	-118.693	-148.000	0.000
3558	318630	1	2284.234	81.00	32.09730	115.60949	-65.875	7.396	0.000	-27.479	-67.808	-62.000	2500.000
3559	318729	1	2012.048	81.00	34.78130	115.27666	-58.672	38.061	-300.000	-22.452	-45.889	-99.000	2500.000
3560	318761	1	2456.372	81.00	36.78717	115.81115	-13.838	9.883	0.000	-0.759	-6.914	-32.000	2500.000
3561	318834	1	2339.139	81.00	33.64906	115.33519	-56.203	26.962	0.000	-4.976	-53.644	-73.000	2500.000
3562	318880	1	2411.765	82.00	34.84821	115.14526	-21.321	16.754	0.000	-6.554	-31.114	-46.000	2500.000
3563	318979	1	2344.263	82.00	33.13731	114.98791	-39.950	34.005	0.000	-12.982	-37.810	-99.000	2500.000
3564	319083	1	2277.130	82.00	33.55714	116.03887	-51.573	34.854	-60.000	-11.762	-30.389	-104.000	2500.000
3565	319122	1	2421.216	82.00	34.45277	115.49744	-32.822	16.204	0.000	-2.700	-20.467	-39.000	2500.000
3566	319152	1	2375.601	83.00	32.79918	113.68369	-37.964	7.821	0.000	-3.490	-60.766	-30.000	2500.000
3567	319182	1	2252.045	83.00	34.86649	115.46311	-32.473	8.439	-120.000	-40.292	-33.628	-30.000	2500.000
3568	319268	1	2209.536	83.00	36.05505	115.52498	-61.344	26.328	-40.000	-51.171	-78.277	-86.000	2500.000
3569	319306	1	2347.297	83.00	33.27788	114.74238	-50.824	10.090	-40.000	-0.467	-33.502	-38.000	2500.000
3570	319467	1	2225.288	83.00	33.01430	114.93293	-97.924	55.791	0.000	-15.927	-55.652	-161.000	2500.000
3571	319691	2	-3247.257	83.00	34.48164	114.73006	-226.486	77.905	-480.000	-225.579	-169.097	-224.000	-2000.000
3572	319859	1	1730.297	83.00	33.91624	114.65540	-169.422	26.069	-260.000	-37.479	-160.871	-168.000	2500.000
3573	319929	1	2356.730	83.00	32.01572	114.85290	-47.152	21.691	0.000	-17.234	-30.575	-70.000	2500.000
3574	319983	1	2412.748	83.00	32.86374	115.46971	-26.124	14.959	0.000	-5.797	-16.291	-54.000	2500.000
3575	320036	1	2432.065	83.00	31.49731	114.03986	-12.006	18.185	0.000	-11.784	-9.329	-53.000	2500.000
3576	320201	1	1967.125	84.00	33.60624	115.07521	-111.925	44.461	-160.000	-63.312	-77.099	-165.000	2500.000
3577	320256	1	2374.101	84.00	30.44736	115.00159	-37.120	12.661	0.000	-16.725	-29.714	-55.000	2500.000
3578	320292	2	-2440.935	83.00	35.38566	114.70554	-57.476	-0.645	-220.000	-46.380	-80.435	-36.000	-2000.000
3579	320366	1	2295.053	83.00	35.41053	114.09163	-72.343	19.907	0.000	-7.808	-70.703	-74.000	2500.000
3580	320485	1	2229.033	83.00	33.78616	114.13483	-86.333	56.066	-60.000	-21.506	-40.194	-119.000	2500.000
3581	320520	1	2439.112	84.00	40.89696	116.43002	-13.630	9.235	0.000	-3.236	-18.257	-35.000	2500.000
3582	320629	1	2286.283	84.00	34.52225	114.53432	-58.585	35.041	0.000	-48.782	-32.391	-109.000	2500.000
3583	320731	1	2317.678	84.00	38.36915	114.55980	-49.012	36.634	0.000	-31.921	-36.023	-102.000	2500.000
3584	320764	1	2071.575	84.00	34.23779	114.73041	-27.715	7.007	-280.000	-34.615	-60.103	-33.000	2500.000
3585	320800	2	-2252.910	83.00	35.70527	113.27313	-24.624	3.609	-160.000	-10.469	-25.427	-36.000	-2000.000
3586	320895	1	1686.535	83.00	34.38933	115.31354	-96.833	9.964	-340.000	-150.669	-140.927	-95.000	2500.000
3587	320948	1	2423.113	83.00	35.44869	115.11858	-17.718	17.308	0.000	-0.651	-22.825	-53.000	2500.000
3588	321065	1	2299.409	83.00	36.06058	114.29684	-73.097	37.146	0.000	-4.976	-42.664	-117.000	2500.000
3589	321095	2	-2207.184	82.00	38.89142	114.54736	-21.973	1.405	-100.000	-35.463	-21.153	-30.000	-2000.000
3590	321157	1	2414.727	83.00	33.13678	114.56910	-27.518	19.921	0.000	-4.280	-11.395	-62.000	2500.000
3591	321187	2	-2255.950	82.00	32.86942	114.48814	-48.172	-0.358	-120.000	-20.898	-36.523	-30.000	-2000.000
3592	321263	1	2311.761	82.00	36.72455	114.71601	-64.041	15.661	0.000	-9.252	-54.606	-76.000	2500.000
3593	321390	1	2285.573	82.00	36.26651	114.01643	-78.728	41.016	0.000	-3.581	-46.134	-127.000	2500.000
3594	321478	1	2346.381	82.00	36.24775	114.57993	-47.048	28.098	0.000	-11.383	-35.287	-88.000	2500.000
3595	321554	2	-2320.635	82.00	33.10539	114.69372	-91.119	13.546	-140.000	-4.629	-22.433	-76.000	-2000.000
3596	321607	1	2344.036	82.00	35.58923	114.21623	-20.335	18.041	-80.000	-2.707	-17.963	-53.000	2500.000
3597	321703	1	2318.098	82.00	35.54429	114.14527	-66.635	28.019	0.000	-6.476	-40.811	-96.000	2500.000
3598	321855	1	2128.815	82.00	36.19748	113.85081	-102.374	56.130	-100.000	-14.741	-58.200	-152.000	2500.000
3599	321930	1	2371.834	82.00	33.50033	114.78410	-33.723	25.150	0.000	-6.421	-38.172	-75.000	2500.000
3600	322058	1	2274.240	82.00	33.62941	113.36877	-72.623	37.278	0.000	-18.820	-43.595	-128.000	2500.000
3601	322147	1	2277.553	82.00	39.09537	112.98621	-50.581	34.393	-40.000	-21.835	-55.424	-89.000	2500.000
3602	322366	1	1953.807	82.00	34.31575	114.61074	-172.473	65.168	0.000	-107.000	-112.887	-219.000	2500.000
3603	322494	1	1948.728	82.00	37.12241	113.22493	-102.661	29.436	-300.000	-16.232	-33.815	-128.000	2500.000
3604	322628	1	2136.303	82.00	36.40002	113.32974	-88.854	44.665	-100.000	-28.419	-57.090	-134.000	2500.000
3605	322668	1	2401.849	82.00	31.67375	114.26262	-40.700	19.690	0.000	-1.869	-35.272	-40.000	2500.000
3606	322782	1	2081.061	82.00	32.83110	113.39984	-55.968	34.662	-160.000	-57.706	-65.927	-114.000	2500.000
3607	322868	1	2359.067	82.00	33.33600	113.59268	-50.266	21.933	0.000	-5.396	-21.205	-86.000	2500.000
3608	322964	2	-2324.441	81.00	34.25750	114.08050	-82.625	7.321	-60.000	-21.274	-71.863	-96.000	-2000.000
3609	323004	1	2364.918	81.00	35.83768	113.43893	-32.174	10.451	0.000	-12.846	-60.514	-40.000	2500.000
3610	323034	1	2402.315	81.00	32.50146	112.93564	-28.551	13.395	0.000	-1.358	-51.172	-30.000	2500.000
3611	323104	2	-3140.255	80.00	35.31517	113.24686	-93.870	-2.605	-760.000	-79.503	-134.277	-70.000	-2000.000
3612	323240	1	1971.419	80.00	34.67653	113.26926	-146.712	12.130	-160.000	-28.583	-69.415	-136.000	2500.000
3613	323415	1	1666.329	80.00	33.17498	113.16618	-145.611	62.226	-460.000	-63.474	-51.811	-175.000	2500.000
3614	323511	1	2299.726	80.00	33.30418	113.09150	-58.827	29.769	0.000	-21.176	-54.039	-96.000	2500.000
3615	323604	1	2289.335	80.00	35.33710	113.50756	-67.547	23.201	0.000	-18.260	-55.060	-93.000	2500.000
3616	323660	2	-2350.273	79.00	34.10702	114.01157	-46.295	9.781	-180.000	-15.678	-62.081	-56.000	-2000.000
3617	323774	1	2293.129	80.00	34.22258	113.69819	-81.714	30.336	0.000	-2.577	-38.916	-114.000	2500.000
3618	323863	1	2359.750	80.00	31.65063	112.73663	-37.000	25.021	0.000	-6.515	-32.756	-89.000	2500.000
3619	323927	1	2355.588	81.00	36.67792	112.67261	-31.456	23.249	-40.000	-1.803	-30.403	-64.000	2500.000
3620	324083	1	2098.967	81.00	33.72842	112.99654	-135.541	56.212	-80.000	-22.131	-63.573	-156.000	2500.000
3621	324232	1	2228.575	81.00	33.44201	112.54783	-117.121	35.008	0.000	-18.989	-21.323	-149.000	2500.000
3622	324345	1	2328.219	81.00	33.63300	113.02276	-44.185	39.481	0.000	-25.926	-28.151	-113.000	2500.000
3623	324420	1	2369.911	82.00	35.49627	113.02388	-34.332	23.041	0.000	-4.297	-39.501	-75.000	2500.000
3624	324484	1	2391.982	82.00	33.74846	114.21110	-42.676	18.988	0.000	-4.664	-15.666	-64.000	2500.000
3625	324535	1	2402.614	83.00	34.45206	112.36077	-35.260	13.484	0.000	-18.178	-6.432	-51.000	2500.000
3626	324712	1	1823.680	84.00	36.67067	112.91139	-141.932	75.077	-320.000	-53.068	-59.398	-177.000	2500.000
3627	324815	1	2299.410	84.00	33.86786	112.78965	-94.425	22.193	0.000	-3.296	-22.062	-103.000	2500.000
3628	324856	1	2420.365	84.00	34.11164	111.77183	-16.479	13.658	0.000	-21.361	-14.454	-41.000	2500.000
3629	324916	1	2386.580	85.00	31.84887	112.78593	-28.363	20.058	0.000	-8.629	-36.486	-60.000	2500.000
3630	325044	1	2295.308	85.00	35.31226	111.90309	-74.529	34.213	0.000	-5.084	-31.292	-128.000	2500.000
3631	325087	2	-2160.150	84.00	33.14046	113.32656	-22.781	2.512	-60.000	-1.783	-35.098	-43.000	-2000.000
3632	325127	2	-2119.803	83.00	36.32625	112.85220	-20.195	10.299	-40.000	-19.226	-10.682	-40.000	-2000.000
3633	325203	1	2303.662	83.00	35.48022	113.13580	-56.771	17.812	0.000	-22.500	-58.879	-76.000	2500.000
3634	325274	1	2145.606	83.00	31.62096	113.80891	-89.782	9.954	-80.000	-10.704	-112.862	-71.000	2500.000
3635	325347	1	2400.956	83.00	34.80837	112.82403	-25.082	29.289	0.000	-2.394	-27.857	-73.000	2500.000
3636	325443	1	2282.752	83.00	34.96592	112.88229	-48.218	25.591	0.000	-37.629	-60.991	-96.000	2500.000
3637	325511	1	2379.605	84.00	32.97261	111.94867	-41.732	19.782	0.000	-3.087	-27.358	-68.000	2500.000
3638	325573	2	-2278.578	83.00	36.08875	112.83090	-35.601	14.095	-80.000	-58.869	-56.202	-62.000	-2000.000
3639	325680	1	2281.217	83.00	34.99142	112.73247	-77.166	23.692	0.000	-9.846	-48.463	-107.000	2500.000
3640	325919	1	2040.805	84.00	34.66837	111.93040	-204.294	79.007	0.000	-30.864	-64.044	-239.000	2500.000
3641	325988	1	2389.581	85.00	34.51418	112.30228	-41.760	19.691	0.000	-0.677	-18.673	-69.000	2500.000
3642	326143	1	2268.303	85.00	32.58967	112.50172	-72.825	51.924	0.000	-18.218	-37.578	-155.000	2500.000
3643	326397	1	1900.540	85.00	34.09926	111.64002	-245.555	79.974	-20.000	-71.217	-88.661	-254.000	2500.000
3644	326456	1	2285.752	85.00	31.10870	112.14202	-20.991	22.217	-140.000	-3.973	-12.502	-59.000	2500.000
3645	326543	1	2379.296	85.00	34.52555	112.30309	-37.163	32.556	0.000	-3.051	-26.046	-87.000	2500.000
3646	326610	1	2387.820	85.00	32.22153	113.18324	-32.146	21.199	0.000	-12.337	-21.896	-67.000	2500.000
3647	326786	1	1715.304	85.00	34.56551	111.68340	-101.262	57.937	-480.000	-10.719	-74.652	-176.000	2500.000
3648	326964	1	1714.102	86.00	33.02613	111.44967	-145.234	59.085	-360.000	-51.279	-110.470	-178.000	2500.000
3649	327067	1	2096.668	86.00	30.40550	112.12457	-19.109	34.709	-280.000	-5.745	-30.187	-103.000	2500.000
3650	327112	1	2390.192	86.00	35.16982	112.40469	-50.834	16.895	0.000	-1.691	-29.178	-45.000	2500.000
3651	327159	2	-2173.318	85.00	32.20769	111.27509	-22.495	4.246	-80.000	-3.078	-24.992	-47.000	-2000.000
3652	327200	2	-2527.959	84.00	32.06119	113.99312	-45.966	-0.199	-220.000	-115.077	-105.718	-41.000	-2000.000
3653	327278	1	2163.020	84.00	32.60138	112.05596	-46.251	22.772	-120.000	-25.881	-89.620	-78.000	2500.000
3654	327410	1	2275.768	84.00	33.09058	112.11452	-62.797	44.958	0.000	-24.106	-50.287	-132.000	2500.000
3655	327666	2	-3081.073	83.00	34.43476	112.22800	-221.743	83.682	-440.000	-100.820	-146.192	-256.000	-2000.000
3656	327724	1	2333.975	84.00	33.74421	112.24837	-54.074	10.361	0.000	-9.349	-54.963	-58.000	2500.000
3657	327877	1	1928.957	85.00	35.78954	111.75715	-127.022	63.010	-200.000	-51.710	-102.320	-153.000	2500.000
3658	328044	1	1819.983	85.00	32.57660	112.17313	-122.587	44.751	-280.000	-40.296	-114.886	-167.000	2500.000
3659	328110	1	2313.948	85.00	35.44393	111.71765	-41.985	22.111	-60.000	-0.962	-39.216	-66.000	2500.000
3660	328258	1	2233.260	85.00	34.12215	111.55523	-76.398	47.413	-40.000	-4.053	-45.702	-148.000	2500.000
3661	328335	2	-2287.276	84.00	35.32274	110.74448	-37.299	10.074	-140.000	-9.977	-33.074	-77.000	-2000.000
3662	328460	2	-2650.881	83.00	33.06782	111.09574	-166.931	22.636	-200.000	-38.839	-142.747	-125.000	-2000.000
3663	328555	1	2359.142	83.00	33.71867	112.07417	-44.950	30.743	0.000	-11.312	-20.339	-95.000	2500.000
3664	328617	1	2278.326	83.00	36.07409	111.82764	-36.717	20.226	-80.000	-10.854	-52.328	-62.000	2500.000
3665	328670	1	2376.669	83.00	32.60463	112.43569	-39.417	10.650	0.000	-3.084	-38.480	-53.000	2500.000
3666	328779	2	-2318.113	82.00	32.11591	111.60265	-87.129	22.267	-100.000	-6.933	-37.319	-109.000	-2000.000
3667	328816	2	-2211.798	81.00	34.87169	112.50901	-36.131	0.342	-80.000	-18.245	-40.765	-37.000	-2000.000
3668	328883	1	1693.949	81.00	32.61429	111.41090	-68.724	7.977	-600.000	-12.295	-66.009	-67.000	2500.000
3669	328956	2	-2531.285	80.00	33.64082	111.84879	-69.721	11.575	-300.000	-29.675	-70.464	-73.000	-2000.000
3670	329098	1	2116.975	80.00	35.70613	111.72827	-142.438	28.694	0.000	-57.027	-70.255	-142.000	2500.000
3671	329185	1	2217.023	81.00	31.84200	110.98438	-73.734	23.699	0.000	-69.790	-76.152	-87.000	2500.000
3672	329215	1	2414.082	81.00	35.62023	111.16580	-23.754	10.950	0.000	-6.127	-36.987	-30.000	2500.000
3673	329402	1	2073.265	81.00	36.14215	111.49522	-117.980	72.120	-80.000	-43.603	-70.272	-187.000	2500.000
3674	329586	1	2167.110	81.00	34.46869	111.25083	-139.432	65.138	0.000	-17.164	-57.432	-184.000	2500.000
3675	329640	1	2043.533	81.00	35.80936	110.79217	-60.596	11.262	-240.000	-17.446	-95.687	-54.000	2500.000
3676	329670	1	2382.856	81.00	32.46381	109.44218	-41.961	5.047	0.000	-3.079	-47.151	-30.000	2500.000
3677	329849	1	1869.651	81.00	33.40821	110.60585	-145.968	37.408	-240.000	-36.662	-66.127	-179.000	2500.000
3678	329884	1	2379.875	82.00	31.98095	110.33966	-23.643	8.401	-40.000	-7.641	-22.242	-35.000	2500.000
3679	330014	1	2046.094	82.00	33.77594	110.72083	-72.121	45.214	-260.000	-9.230	-27.769	-130.000	2500.000
3680	330122	1	2336.405	82.00	35.44238	110.03319	-52.819	27.681	0.000	-4.178	-26.279	-108.000	2500.000
3681	330157	1	2285.089	82.00	32.53395	111.45363	-13.309	10.406	-160.000	-7.089	-9.918	-35.000	2500.000
3682	330243	1	2360.328	82.00	35.98042	111.40939	-51.350	28.230	0.000	-6.529	-24.024	-86.000	2500.000
3683	330299	2	-2172.333	81.00	36.74194	110.82002	-26.129	12.205	-60.000	-23.519	-18.890	-56.000	-2000.000
3684	330338	1	2414.232	81.00	30.79412	111.35159	-24.734	9.595	0.000	-1.864	-29.766	-39.000	2500.000
3685	330456	1	2324.745	82.00	35.43078	111.48090	-54.934	37.541	0.000	-11.880	-27.982	-118.000	2500.000
3686	330593	1	2205.340	82.00	33.48994	110.38666	-134.512	30.021	0.000	-7.471	-45.699	-137.000	2500.000
3687	330623	1	2389.852	82.00	34.16899	111.58468	-38.978	0.931	0.000	-4.738	-37.363	-30.000	2500.000
3688	330688	2	-2219.071	81.00	34.71978	110.05347	-48.093	21.468	-80.000	-2.350	-45.096	-65.000	-2000.000
3689	330760	1	2305.528	82.00	33.32148	110.00684	-56.730	14.565	0.000	-28.510	-51.798	-72.000	2500.000
3690	330790	1	2374.505	82.00	34.99014	112.03303	-45.420	4.397	0.000	-1.267	-53.205	-30.000	2500.000
3691	330820	1	2349.782	83.00	36.12606	110.75917	-47.358	2.904	0.000	-1.983	-73.781	-30.000	2500.000
3692	330926	1	2183.815	83.00	34.94925	110.30160	-77.738	31.603	-120.000	-11.345	-32.705	-106.000	2500.000
3693	330998	1	2332.676	83.00	35.20472	111.14122	-42.802	23.070	-40.000	-4.476	-31.116	-72.000	2500.000
3694	331188	1	1829.444	83.00	34.55074	110.81141	-201.790	32.714	-140.000	-66.634	-104.847	-190.000	2500.000
3695	331300	1	2339.960	84.00	32.97046	110.11951	-53.963	30.987	0.000	-4.655	-20.408	-112.000	2500.000
3696	331443	1	1955.673	84.00	34.23671	110.34991	-122.810	50.455	-260.000	-18.453	-50.519	-143.000	2500.000
3697	331593	1	2196.915	84.00	33.33522	109.92983	-131.548	66.181	0.000	-16.374	-71.345	-150.000	2500.000
3698	331668	1	2240.993	84.00	36.34943	109.77780	-31.678	26.095	-160.000	-6.574	-11.851	-75.000	2500.000
3699	331731	1	2411.057	84.00	32.05454	109.75928	-31.718	17.432	0.000	-1.840	-9.817	-63.000	2500.000
3700	331778	1	2280.667	84.00	34.63626	110.58233	-70.484	-4.188	0.000	-1.121	-96.540	-47.000	2500.000
3701	331895	1	2197.526	84.00	33.75429	110.08044	-65.650	40.400	-100.000	-19.423	-40.801	-117.000	2500.000
3702	331937	1	2098.911	84.00	34.68627	109.86832	-42.968	7.571	-260.000	-5.457	-58.235	-42.000	2500.000
3703	332034	2	-2557.385	83.00	34.00548	110.09029	-86.972	17.073	-300.000	-19.658	-70.829	-97.000	-2000.000
3704	332277	1	1637.089	83.00	33.41703	110.32868	-275.751	54.624	-120.000	-87.845	-190.939	-243.000	2500.000
3705	332423	2	-2793.668	82.00	33.33246	109.77432	-178.670	6.771	-300.000	-89.075	-86.694	-146.000	-2000.000
3706	332520	1	2240.140	82.00	31.60934	110.36895	-71.659	26.337	0.000	-45.756	-71.782	-97.000	2500.000
3707	332550	1	2383.262	82.00	34.88490	108.46372	-45.577	2.620	0.000	-1.005	-42.776	-30.000	2500.000
3708	332686	1	2259.093	83.00	33.37065	108.92663	-103.799	39.817	0.000	-6.197	-34.727	-136.000	2500.000
3709	332738	1	2430.274	83.00	32.92650	109.75574	-17.067	17.697	0.000	-7.511	-10.845	-52.000	2500.000
3710	332807	1	2329.097	83.00	32.15594	110.12386	-51.680	23.861	0.000	-20.789	-53.296	-69.000	2500.000
3711	332921	2	-2675.651	83.00	35.37197	109.56648	-66.783	46.543	-220.000	-245.341	-76.070	-114.000	-2000.000
3712	332989	1	2384.432	83.00	35.17396	109.12495	-34.451	20.102	0.000	-13.178	-20.040	-68.000	2500.000
3713	333065	1	2322.319	83.00	33.35576	110.23251	-56.592	14.656	0.000	-10.972	-48.773	-76.000	2500.000
3714	333181	1	2267.326	83.00	32.76546	109.59301	-66.735	34.894	0.000	-28.015	-56.818	-116.000	2500.000
3715	333306	1	2209.809	83.00	34.79390	108.95021	-54.926	44.449	-100.000	-12.861	-41.853	-125.000	2500.000
3716	333480	1	2071.061	84.00	35.37337	110.63170	-172.462	54.779	0.000	-43.381	-93.873	-174.000	2500.000
3717	333579	1	2347.119	84.00	34.40356	109.31253	-43.683	33.126	0.000	-13.720	-29.604	-99.000	2500.000
3718	333706	1	2041.313	84.00	31.89686	109.61167	-78.929	44.450	-200.000	-28.145	-69.063	-127.000	2500.000
3719	333803	1	2166.917	84.00	35.50151	109.29369	-72.561	24.106	-100.000	-27.024	-60.604	-97.000	2500.000
3720	333887	1	2213.915	84.00	33.94429	109.68266	-19.738	30.201	-180.000	-13.511	-19.037	-84.000	2500.000
3721	334062	1	1969.845	84.00	32.49881	108.78265	-128.532	38.669	-220.000	-10.729	-34.564	-175.000	2500.000
3722	334132	1	2210.477	84.00	34.39610	108.72284	-59.034	17.835	-120.000	-6.656	-51.668	-70.000	2500.000
3723	334224	1	2349.720	84.00	34.90894	110.29937	-41.676	31.399	0.000	-18.944	-29.059	-92.000	2500.000
3724	334344	1	2210.037	84.00	34.72991	109.17036	-42.566	43.818	-120.000	-4.228	-46.987	-120.000	2500.000
3725	334473	2	-2354.732	83.00	32.16557	109.06464	-119.639	29.062	-60.000	-5.887	-69.268	-129.000	-2000.000
3726	334547	1	2345.428	83.00	35.32040	108.72957	-46.947	21.955	0.000	-11.718	-43.863	-74.000	2500.000
3727	334797	4	-811.065	82.00	34.59472	109.42530	-337.554	32.117	0.000	-83.573	-172.055	-250.000	0.000
3728	334955	1	2065.470	82.00	34.57930	109.32880	-180.530	32.480	0.000	-47.284	-81.196	-158.000	2500.000
3729	335006	1	2409.679	82.00	36.43105	109.66257	-26.263	15.135	0.000	-4.661	-23.532	-51.000	2500.000
3730	335145	1	2040.085	82.00	34.96937	108.88746	-112.045	47.603	-200.000	-13.888	-42.586	-139.000	2500.000
3731	335365	4	-479.169	82.00	33.30046	108.63380	-168.577	57.522	0.000	-67.876	-80.238	-220.000	0.000
3732	335445	1	2265.367	83.00	34.45792	109.43215	-40.921	31.231	-80.000	-38.082	-26.861	-80.000	2500.000
3733	335570	1	2202.250	83.00	33.86113	108.97911	-100.071	37.985	-40.000	-26.666	-43.998	-125.000	2500.000
3734	335709	1	2210.720	83.00	34.49725	109.48106	-110.787	39.158	-20.000	-17.791	-40.861	-139.000	2500.000
3735	335739	1	2383.885	83.00	33.19385	109.71800	-41.381	0.917	0.000	-1.994	-43.657	-30.000	2500.000
3736	335809	1	2214.072	83.00	34.96344	108.83956	-43.659	22.885	-160.000	-11.394	-23.760	-70.000	2500.000
3737	336013	1	1956.209	83.00	32.77638	108.37060	-178.430	45.908	0.000	-101.201	-106.068	-204.000	2500.000
3738	336050	2	-2208.280	83.00	35.15781	110.03845	-39.398	1.461	-40.000	-53.220	-40.123	-37.000	-2000.000
3739	336104	1	2399.499	83.00	34.67165	109.82736	-24.707	16.867	0.000	-9.790	-28.870	-54.000	2500.000
3740	336226	1	2176.592	83.00	33.56918	108.83121	-117.817	35.524	0.000	-42.015	-77.100	-122.000	2500.000
3741	336295	1	2388.933	83.00	34.11094	109.66362	-34.923	20.644	0.000	-5.460	-22.327	-69.000	2500.000
3742	336325	1	2382.055	83.00	36.13069	109.14181	-45.357	1.713	0.000	-1.746	-42.554	-30.000	2500.000
3743	336462	1	2001.269	83.00	34.41739	108.86019	-156.240	29.015	-120.000	-29.260	-85.245	-137.000	2500.000
3744	336571	1	2118.152	83.00	34.40523	107.85163	-94.085	34.589	-100.000	-5.915	-107.438	-109.000	2500.000
3745	336697	1	2287.645	83.00	35.99254	107.30156	-76.353	39.082	0.000	-8.519	-40.564	-126.000	2500.000
3746	336801	1	2255.859	83.00	34.07868	108.50272	-74.162	26.795	-40.000	-15.508	-37.266	-104.000	2500.000
3747	336897	1	2191.339	83.00	35.98211	108.97409	-53.630	32.247	-160.000	-3.525	-27.753	-96.000	2500.000
3748	337071	1	2119.758	83.00	34.54063	108.41249	-147.646	39.023	0.000	-48.686	-48.933	-174.000	2500.000
3749	337230	1	2221.066	83.00	33.11736	108.33098	-110.099	49.645	0.000	-17.317	-42.163	-159.000	2500.000
3750	337269	1	2204.915	83.00	32.88379	108.11080	-45.628	1.704	-180.000	-1.436	-30.726	-39.000	2500.000
3751	337339	2	-2423.147	83.00	35.84496	108.14214	-50.614	12.287	-280.000	-2.674	-32.146	-70.000	-2000.000
3752	337430	1	2363.577	84.00	32.98993	107.04202	-46.129	31.784	0.000	-6.211	-24.868	-91.000	2500.000
3753	337665	1	1614.435	84.00	33.97375	108.70305	-215.092	82.129	-340.000	-43.658	-133.945	-235.000	2500.000
3754	337721	1	2380.702	84.00	30.40857	108.78294	-32.779	13.989	0.000	-6.048	-38.461	-56.000	2500.000
3755	337847	1	2306.031	85.00	35.50501	108.39056	-57.014	53.373	-20.000	-11.994	-32.334	-126.000	2500.000
3756	338011	1	2040.302	85.00	33.99790	109.00703	-95.119	62.001	-120.000	-51.604	-90.977	-164.000	2500.000
3757	338082	1	2338.097	85.00	35.52181	109.29510	-53.930	18.967	0.000	-20.753	-35.186	-71.000	2500.000
3758	338155	1	2377.732	85.00	32.34007	108.07294	-46.290	20.480	0.000	-5.892	-17.567	-73.000	2500.000
3759	338235	1	2037.686	85.00	32.33642	108.75739	-69.282	21.336	-240.000	-18.879	-75.489	-80.000	2500.000
3760	338274	1	2446.474	85.00	32.66433	108.51608	-12.136	11.852	0.000	-4.687	-9.554	-39.000	2500.000
3761	338304	1	2389.698	86.00	32.79322	108.00021	-42.105	1.614	0.000	-2.062	-37.750	-30.000	2500.000
3762	338375	1	2300.438	87.00	34.68870	108.40887	-56.642	17.415	0.000	-29.433	-59.901	-71.000	2500.000
3763	338536	1	1894.000	87.00	32.76734	108.45582	-216.804	-24.251	-140.000	-8.199	-55.747	-161.000	2500.000
3764	338599	1	2413.620	87.00	32.83480	107.10811	-18.884	19.358	0.000	-5.921	-17.933	-63.000	2500.000
3765	338629	2	-2597.507	86.00	29.93402	107.64861	-60.419	-0.510	-380.000	-81.040	-45.538	-30.000	-2000.000
3766	338704	1	2324.935	87.00	32.92000	108.09624	-48.703	17.461	0.000	-7.929	-60.895	-75.000	2500.000
3767	338734	1	2165.643	88.00	31.68243	107.01976	-34.356	4.225	-160.000	-46.681	-67.545	-30.000	2500.000
3768	338772	2	-2462.062	87.00	32.90044	108.27584	-38.229	1.112	-340.000	-14.597	-32.348	-38.000	-2000.000
3769	338878	1	2105.602	88.00	33.22121	108.14244	-86.980	22.203	-140.000	-11.438	-72.184	-106.000	2500.000
3770	339014	1	2194.128	88.00	32.69894	108.02102	-80.936	45.056	-80.000	-11.995	-41.996	-136.000	2500.000
3771	339124	1	2224.093	88.00	31.97504	108.17796	-47.764	37.931	-100.000	-3.668	-52.407	-110.000	2500.000
3772	339242	1	2142.845	88.00	35.05659	107.88621	-165.426	8.606	0.000	-4.525	-77.809	-118.000	2500.000
3773	339377	1	2100.692	88.00	36.92890	108.16591	-62.151	55.639	-160.000	-43.018	-54.778	-135.000	2500.000
3774	339486	1	2190.372	88.00	34.03849	107.69907	-92.429	47.165	-80.000	-17.942	-57.422	-109.000	2500.000
3775	339534	1	2384.214	88.00	31.17684	107.30663	-41.986	9.736	0.000	-0.234	-35.302	-48.000	2500.000
3776	339652	1	2219.526	88.00	32.38332	107.93742	-53.244	41.299	-60.000	-28.287	-62.242	-118.000	2500.000
3777	339786	1	2204.771	88.00	36.54303	106.78068	-94.204	51.865	-40.000	-13.652	-65.237	-134.000	2500.000
3778	339956	1	1747.471	88.00	32.45842	107.13512	-114.494	83.009	-460.000	-37.497	-53.547	-170.000	2500.000
3779	340094	1	2266.966	88.00	37.01208	106.99978	-81.478	45.072	0.000	-34.462	-24.167	-138.000	2500.000
3780	340176	1	2342.753	88.00	33.03221	107.60310	-52.023	25.761	0.000	-3.382	-45.602	-82.000	2500.000
3781	340317	1	2237.703	88.00	35.00426	107.20201	-68.614	41.582	0.000	-27.624	-66.642	-141.000	2500.000
3782	340541	1	1589.479	88.00	35.18307	106.77508	-279.292	92.558	-200.000	-47.713	-252.074	-224.000	2500.000
3783	340656	1	2295.404	89.00	35.23543	106.98054	-77.951	38.857	0.000	-5.021	-45.482	-115.000	2500.000
3784	340731	2	-2233.711	88.00	28.60235	106.03540	-79.664	1.945	-40.000	-2.026	-38.966	-75.000	-2000.000
3785	340855	1	2073.993	88.00	35.77431	107.48318	-107.845	29.802	-140.000	-28.729	-55.236	-124.000	2500.000
3786	340942	2	-2331.944	87.00	33.05069	106.93623	-63.901	12.370	-80.000	-41.147	-72.266	-87.000	-2000.000
3787	341049	1	1867.911	87.00	32.62067	106.35151	-128.772	14.365	-180.000	-34.773	-195.908	-107.000	2500.000
3788	341079	1	2469.018	88.00	31.91734	109.09985	-4.267	10.510	0.000	-2.372	-4.852	-30.000	2500.000
3789	341160	1	2345.315	88.00	33.96105	107.28634	-34.112	31.691	0.000	-22.455	-48.809	-81.000	2500.000
3790	341211	2	-2484.889	87.00	30.73133	106.88107	-53.278	0.600	-240.000	-67.416	-73.795	-51.000	-2000.000
3791	341292	1	2337.055	87.00	33.28905	108.21991	-55.971	22.680	0.000	-18.049	-30.605	-81.000	2500.000
3792	341432	1	2141.714	87.00	35.30402	108.29356	-93.831	53.641	-60.000	-57.156	-60.940	-140.000	2500.000
3793	341465	1	2352.953	87.00	32.20281	107.36694	-15.947	10.517	-80.000	-6.864	-21.753	-33.000	2500.000
3794	341602	1	2072.319	87.00	33.79417	107.10471	-177.510	16.989	-60.000	-7.178	-62.982	-137.000	2500.000
3795	341634	2	-2353.145	86.00	35.62602	107.15927	-42.959	-0.250	-200.000	-9.294	-68.643	-32.000	-2000.000
3796	341664	2	-2226.527	85.00	32.00975	107.77044	-50.218	-0.264	-80.000	-18.883	-47.161	-30.000	-2000.000
3797	341733	1	2163.585	85.00	34.56243	107.05370	-70.357	23.503	-80.000	-41.139	-99.423	-69.000	2500.000
3798	341798	1	2298.846	85.00	35.41634	105.94287	-45.699	14.629	-60.000	-5.287	-39.797	-65.000	2500.000
3799	341838	2	-2269.472	84.00	29.84264	107.05703	-43.167	12.768	-160.000	-4.019	-35.055	-40.000	-2000.000
3800	341878	1	2365.164	84.00	32.13762	106.92079	-40.679	5.605	0.000	-0.894	-58.869	-40.000	2500.000
3801	341917	2	-2212.869	83.00	30.05913	106.68713	-23.123	1.727	-80.000	-15.378	-57.096	-39.000	-2000.000
3802	342046	1	2165.911	83.00	34.21634	106.58747	-96.259	31.840	-40.000	-25.481	-75.189	-129.000	2500.000
3803	342143	1	2250.677	84.00	34.24689	106.59995	-30.381	32.619	-120.000	-2.115	-32.446	-97.000	2500.000
3804	342214	2	-2235.281	83.00	31.75819	105.68933	-72.906	5.520	-40.000	-12.828	-44.068	-71.000	-2000.000
3805	342276	1	2374.649	84.00	34.98617	106.96191	-17.600	21.939	-40.000	-9.886	-17.804	-62.000	2500.000
3806	342380	1	2338.724	84.00	34.37103	107.12411	-35.042	33.448	0.000	-24.022	-31.660	-104.000	2500.000
3807	342427	2	-2594.082	83.00	31.85005	106.11336	-36.123	1.624	-320.000	-134.868	-57.715	-47.000	-2000.000
3808	342504	1	2133.003	83.00	34.92115	106.65466	-65.721	28.090	-200.000	-1.330	-51.036	-77.000	2500.000
3809	342548	1	2447.636	83.00	29.95433	105.66824	-12.988	13.610	0.000	-2.030	-6.957	-44.000	2500.000
3810	342609	1	2425.172	83.00	35.94868	106.82764	-22.535	20.235	0.000	-1.567	-9.962	-61.000	2500.000
3811	342703	2	-2366.696	83.00	36.80707	106.73614	-55.675	22.160	-180.000	-21.358	-37.823	-94.000	-2000.000
3812	342733	1	2416.020	83.00	32.70432	107.23048	-19.677	12.157	0.000	-7.988	-38.472	-30.000	2500.000
3813	342793	1	2311.639	83.00	31.49155	106.19640	-28.004	20.954	0.000	-73.506	-47.806	-60.000	2500.000
3814	342922	1	2272.250	83.00	35.40977	106.65787	-78.347	39.521	0.000	-21.997	-37.927	-129.000	2500.000
3815	343033	1	2298.493	83.00	35.70215	107.42709	-64.465	34.833	0.000	-14.190	-46.685	-111.000	2500.000
3816	343243	1	1953.484	83.00	33.36754	106.67623	-156.296	76.336	-140.000	-42.081	-74.475	-210.000	2500.000
3817	343373	2	-2425.684	82.00	34.95338	106.77959	-91.288	44.399	-160.000	-30.830	-57.965	-130.000	-2000.000
3818	343478	1	2131.495	82.00	34.34468	107.25004	-133.142	6.346	0.000	-5.551	-131.158	-105.000	2500.000
3819	343555	1	2315.382	82.00	35.74690	105.98566	-41.188	20.371	0.000	-53.645	-33.155	-77.000	2500.000
3820	343665	1	2304.703	82.00	33.54859	105.56933	-62.564	28.065	0.000	-9.532	-41.265	-110.000	2500.000
3821	343720	2	-2364.052	81.00	34.95374	106.33368	-37.327	6.628	-240.000	-0.001	-38.353	-55.000	-2000.000
3822	343750	1	2452.435	81.00	34.03838	105.77061	-16.464	12.773	0.000	-0.649	-13.225	-30.000	2500.000
3823	343789	1	2382.751	81.00	35.38255	108.11156	-47.278	15.605	0.000	-3.789	-42.787	-39.000	2500.000
3824	343895	1	2242.730	81.00	34.14117	106.10015	-116.089	13.308	0.000	-18.593	-29.897	-106.000	2500.000
3825	343957	1	2374.380	82.00	32.18254	107.36585	-37.491	14.356	0.000	-6.169	-34.316	-62.000	2500.000
3826	344066	1	2173.391	82.00	34.27497	106.14077	-115.353	31.444	0.000	-31.465	-102.235	-109.000	2500.000
3827	344096	1	2324.970	83.00	35.88444	105.54721	-44.132	5.377	-40.000	-6.462	-59.813	-30.000	2500.000
3828	344135	1	2285.326	83.00	30.65137	106.40137	-27.842	9.636	-120.000	-6.584	-30.884	-39.000	2500.000
3829	344219	1	2268.700	83.00	34.54832	105.89522	-80.569	25.721	0.000	-22.181	-70.271	-84.000	2500.000
3830	344269	1	1872.298	83.00	32.35328	107.00997	-50.759	2.622	-420.000	-40.921	-68.644	-50.000	2500.000
3831	344299	1	2413.938	84.00	35.50792	107.65956	-17.883	9.720	0.000	-12.726	-35.173	-30.000	2500.000
3832	344445	1	1950.973	84.00	36.22437	106.16656	-123.857	49.897	-220.000	-44.025	-65.042	-146.000	2500.000
3833	344571	1	1987.955	84.00	33.14918	106.13750	-76.317	53.307	-220.000	-52.722	-90.313	-126.000	2500.000
3834	344601	1	2384.105	84.00	37.51422	105.34399	-43.441	3.493	0.000	-2.736	-43.211	-30.000	2500.000
3835	344657	2	-2306.296	83.00	36.02619	106.40852	-63.184	9.411	-80.000	-43.556	-72.966	-56.000	-2000.000
3836	344734	2	-2279.956	82.00	34.54181	106.82870	-38.896	26.528	-100.000	-35.732	-54.855	-77.000	-2000.000
3837	344781	1	2216.508	82.00	33.91196	106.50427	-41.626	12.473	-140.000	-20.865	-46.474	-47.000	2500.000
3838	344860	1	2373.672	83.00	32.32330	106.67361	-37.914	27.202	0.000	-3.818	-32.798	-79.000	2500.000
3839	344949	2	-2349.644	82.00	34.48908	105.98816	-103.665	18.818	-60.000	-25.184	-90.612	-89.000	-2000.000
3840	345074	1	2230.456	82.00	32.93563	106.07050	-74.061	41.916	-40.000	-22.780	-49.620	-125.000	2500.000
3841	345129	1	2225.526	82.00	31.28158	106.76590	-74.755	1.764	0.000	-80.787	-65.695	-55.000	2500.000
3842	345199	1	2397.393	82.00	35.20893	106.73565	-26.911	20.560	0.000	-11.630	-14.625	-70.000	2500.000
3843	345229	1	2364.155	82.00	34.50551	105.92933	-40.744	3.301	0.000	-8.503	-59.900	-30.000	2500.000
3844	345372	1	2248.343	82.00	33.87532	105.99358	-117.520	53.180	0.000	-5.890	-38.427	-143.000	2500.000
3845	345516	2	-2554.420	81.00	34.87032	106.55715	-182.663	26.776	-140.000	-48.190	-66.343	-144.000	-2000.000
3846	345599	1	2159.264	81.00	32.92050	105.55200	-63.921	14.550	-100.000	-23.837	-84.528	-83.000	2500.000
3847	345713	1	1982.142	81.00	35.95193	106.41727	-116.342	20.378	-120.000	-85.391	-102.502	-114.000	2500.000
3848	345749	1	2419.642	81.00	31.73528	105.66511	-27.187	7.599	0.000	-13.068	-11.702	-36.000	2500.000
3849	345869	1	2299.819	81.00	35.25623	106.18505	-50.800	38.322	0.000	-21.771	-45.932	-120.000	2500.000
3850	345980	1	2320.162	81.00	33.51270	105.43140	-46.517	23.811	0.000	-7.506	-38.626	-111.000	2500.000
3851	346104	2	-2945.437	81.00	32.33382	106.31579	-121.278	24.964	-440.000	-106.135	-178.987	-124.000	-2000.000
3852	346215	1	2278.312	81.00	33.79265	105.80561	-79.974	32.473	0.000	-7.417	-55.770	-111.000	2500.000
3853	346278	1	2352.929	81.00	34.61157	105.61454	-51.021	22.189	0.000	-14.131	-41.108	-63.000	2500.000
3854	346402	1	1913.726	81.00	32.33152	105.65040	-100.468	28.069	-340.000	-9.320	-40.555	-124.000	2500.000
3855	346454	2	-2251.499	80.00	34.53139	106.50284	-64.364	3.498	-60.000	-22.936	-55.697	-52.000	-2000.000
3856	346622	1	1896.214	80.00	34.48227	106.14586	-132.928	43.774	-160.000	-52.446	-134.186	-168.000	2500.000
3857	346741	2	-2361.102	79.00	36.19598	105.38636	-85.153	23.166	-140.000	-11.876	-28.239	-119.000	-2000.000
3858	346777	2	-2226.871	78.00	36.58024	106.63695	-22.739	7.796	-160.000	-2.473	-13.455	-36.000	-2000.000
3859	346907	1	1845.801	78.00	32.90615	106.43305	-124.594	29.705	-280.000	-44.382	-104.929	-130.000	2500.000
3860	346962	1	2379.290	78.00	31.24448	105.81190	-36.110	13.636	0.000	-2.462	-40.774	-55.000	2500.000
3861	347041	1	2285.377	78.00	31.75057	106.58642	-58.980	27.650	-60.000	-4.300	-39.994	-79.000	2500.000
3862	347072	2	-2385.002	77.00	33.88394	106.69669	-45.856	1.414	-220.000	-35.003	-54.557	-31.000	-2000.000
3863	347173	2	-2384.806	76.00	35.43042	105.81575	-116.038	22.002	-80.000	-21.932	-87.838	-101.000	-2000.000
3864	347266	1	2332.683	76.00	35.38858	106.06223	-57.219	28.610	0.000	-8.610	-37.099	-93.000	2500.000
3865	347306	2	-2140.466	76.00	35.53214	105.82593	-29.615	2.333	-40.000	-12.942	-20.243	-40.000	-2000.000
3866	347389	2	-2244.159	75.00	34.12500	105.23602	-64.887	21.007	-80.000	-5.825	-31.453	-83.000	-2000.000
3867	347419	1	2403.121	75.00	33.62492	107.04698	-30.552	10.346	0.000	-4.050	-42.623	-30.000	2500.000
3868	347452	2	-2243.609	75.00	31.15959	104.63650	-35.653	2.502	-160.000	-1.940	-15.518	-33.000	-2000.000
3869	347507	1	2382.150	75.00	34.57887	105.27414	-38.631	14.491	0.000	-4.757	-33.953	-55.000	2500.000
3870	347581	1	2380.456	75.00	32.34947	104.32084	-49.897	20.619	0.000	-1.288	-14.978	-74.000	2500.000
3871	347762	1	2020.080	75.00	33.89820	105.40868	-181.291	35.699	0.000	-38.225	-115.103	-181.000	2500.000
3872	347798	2	-2271.961	74.00	30.84540	105.71954	-23.007	3.804	-160.000	-13.223	-43.535	-36.000	-2000.000
3873	347830	2	-2207.230	73.00	34.09151	105.50224	-37.666	2.176	-100.000	-7.917	-31.822	-32.000	-2000.000
3874	347952	1	2028.325	73.00	34.22755	105.40350	-132.973	30.215	-120.000	-5.676	-121.242	-122.000	2500.000
3875	348058	1	2279.824	73.00	33.16708	105.47260	-51.077	30.899	-40.000	-10.357	-43.641	-106.000	2500.000
3876	348115	1	2368.022	73.00	34.71299	105.56503	-27.661	15.134	0.000	-30.149	-32.302	-57.000	2500.000
3877	348446	4	-1256.341	72.00	33.37352	105.66087	-371.900	58.466	-380.000	-70.525	-161.383	-331.000	0.000
3878	348554	1	1987.024	72.00	33.48856	105.83805	-101.173	17.393	-240.000	-19.587	-61.609	-108.000	2500.000
3879	348586	1	2361.994	72.00	32.64888	106.17853	-51.090	-4.649	0.000	-0.247	-50.019	-32.000	2500.000
3880	348616	1	2344.423	72.00	29.81718	104.95093	-43.858	6.801	0.000	-0.004	-88.516	-30.000	2500.000
3881	348749	1	2144.440	72.00	34.42065	105.52322	-120.764	43.019	-40.000	-10.820	-93.994	-133.000	2500.000
3882	348806	1	2210.112	72.00	32.56758	105.84380	-10.424	18.374	-220.000	-5.699	-15.138	-57.000	2500.000
3883	349032	1	1688.296	72.00	34.45071	105.49472	-172.309	84.700	-200.000	-111.289	-186.806	-226.000	2500.000
3884	349092	1	2418.514	73.00	32.92555	104.28838	-18.649	20.741	0.000	-2.036	-21.541	-60.000	2500.000
3885	349195	1	2362.930	73.00	32.97850	105.24422	-38.083	42.034	0.000	-7.455	-30.566	-103.000	2500.000
3886	349260	1	2186.915	74.00	34.63849	105.57044	-17.469	19.721	-240.000	-1.752	-8.586	-65.000	2500.000
3887	349363	1	2069.310	74.00	33.75693	104.56996	-76.280	32.962	-160.000	-30.308	-94.064	-103.000	2500.000
3888	349478	1	2074.421	74.00	35.49777	106.34361	-50.592	40.971	-240.000	-14.569	-46.389	-115.000	2500.000
3889	349644	1	1998.653	74.00	35.17314	105.22826	-90.688	49.919	-120.000	-106.878	-67.701	-166.000	2500.000
3890	349684	1	2416.160	75.00	36.11681	105.23241	-25.022	13.680	0.000	-3.654	-28.844	-40.000	2500.000
3891	349726	1	2446.150	75.00	34.02044	104.28595	-15.157	13.092	0.000	-4.582	-5.202	-42.000	2500.000
3892	349845	2	-2493.033	74.00	33.87751	104.46217	-110.452	23.394	-220.000	-23.980	-42.994	-119.000	-2000.000
3893	349899	2	-2228.082	73.00	32.12671	104.17178	-36.036	6.963	-80.000	-15.905	-49.104	-54.000	-2000.000
3894	350016	1	2204.632	73.00	33.98756	105.98386	-111.997	45.896	0.000	-10.909	-101.358	-117.000	2500.000
3895	350219	1	1881.313	74.00	32.00882	104.77501	-242.651	51.082	0.000	-63.573	-160.545	-203.000	2500.000
3896	350356	1	2297.749	75.00	33.94780	105.22834	-42.002	43.318	0.000	-32.199	-34.368	-137.000	2500.000
3897	350425	2	-2271.424	74.00	33.27920	105.11861	-90.797	-2.229	-80.000	-5.090	-24.309	-69.000	-2000.000
3898	350541	1	2121.824	74.00	37.11798	105.49657	-117.402	22.157	-80.000	-23.541	-63.390	-116.000	2500.000
3899	350571	1	2425.587	75.00	34.12001	105.77495	-25.278	10.244	0.000	-5.293	-24.086	-30.000	2500.000
3900	350725	1	2078.290	75.00	33.86090	105.16003	-115.266	67.365	-100.000	-48.033	-71.775	-154.000	2500.000
3901	350858	1	2065.275	76.00	33.68358	105.41402	-119.588	33.550	-40.000	-95.630	-80.058	-133.000	2500.000
3902	350935	1	2352.475	76.00	32.40299	105.08846	-41.156	22.839	0.000	-7.369	-44.838	-77.000	2500.000
3903	351105	1	1628.287	76.00	35.68043	104.56899	-167.608	56.747	-420.000	-62.160	-108.693	-170.000	2500.000
3904	351135	1	2355.668	77.00	31.38375	104.21732	-44.263	1.141	0.000	-5.108	-66.102	-30.000	2500.000
3905	351288	1	2269.997	77.00	35.20422	105.12496	-72.464	51.825	0.000	-23.129	-33.234	-153.000	2500.000
3906	351384	1	2349.222	77.00	35.20065	103.79346	-47.191	30.243	0.000	-10.393	-27.437	-96.000	2500.000
3907	351471	2	-2328.631	77.00	33.55457	104.42523	-53.942	10.535	-120.000	-13.208	-65.016	-87.000	-2000.000
3908	351557	1	2359.756	77.00	34.87712	104.24747	-33.280	22.759	0.000	-10.796	-32.927	-86.000	2500.000
3909	351739	1	2223.188	77.00	32.51814	104.43112	-82.748	53.859	0.000	-11.292	-54.632	-182.000	2500.000
3910	351948	1	1669.735	77.00	34.26479	105.15894	-274.212	29.136	-220.000	-51.534	-104.655	-209.000	2500.000
3911	352121	1	1377.269	78.00	35.94378	104.82114	-214.972	76.664	-560.000	-73.002	-178.421	-173.000	2500.000
3912	352255	1	2152.514	78.00	35.43311	104.97228	-89.450	44.325	-80.000	-28.705	-59.656	-134.000	2500.000
3913	352350	1	2379.315	78.00	32.48302	104.03867	-32.826	33.426	0.000	-3.871	-22.413	-95.000	2500.000
3914	352461	1	2343.047	78.00	34.13283	104.08015	-51.427	37.399	0.000	-3.694	-28.232	-111.000	2500.000
3915	352547	1	2197.041	78.00	32.12309	104.90778	-46.580	24.267	-100.000	-46.250	-48.395	-86.000	2500.000
3916	352644	1	2351.779	78.00	35.17552	105.31909	-48.580	32.405	0.000	-5.936	-29.110	-97.000	2500.000
3917	352848	4	-1086.249	78.00	32.90820	105.28066	-185.186	72.867	-280.000	-206.437	-283.492	-204.000	0.000
3918	352878	1	2383.343	78.00	33.27918	105.60988	-25.838	13.241	-40.000	-8.417	-25.643	-30.000	2500.000
3919	352935	1	2398.730	78.00	36.37161	104.95600	-28.162	21.162	0.000	-18.189	-19.081	-57.000	2500.000
3920	353006	1	2399.085	78.00	32.24816	104.29712	-37.462	20.688	0.000	-3.709	-9.432	-71.000	2500.000
3921	353097	1	2342.450	79.00	32.85072	105.57152	-45.241	31.209	-20.000	-20.056	-12.461	-91.000	2500.000
3922	353246	2	-2694.983	78.00	32.45307	105.01283	-129.853	39.652	-340.000	-52.234	-63.547	-149.000	-2000.000
3923	353282	1	2436.349	78.00	33.96028	103.99061	-16.598	9.713	0.000	-3.324	-17.443	-36.000	2500.000
3924	353388	1	2220.171	78.00	35.91939	105.99467	-56.272	34.044	-100.000	-21.057	-30.543	-106.000	2500.000
3925	353463	1	1957.716	78.00	35.22235	104.86163	-60.051	19.066	-340.000	-30.519	-55.779	-75.000	2500.000
3926	353539	2	-2197.600	77.00	37.70877	103.84530	-42.554	27.023	-80.000	-13.783	-12.286	-76.000	-2000.000
3927	353578	1	2428.617	77.00	36.05393	104.30847	-24.345	12.518	0.000	-1.434	-19.123	-39.000	2500.000
3928	353658	1	2336.219	77.00	32.56165	104.65601	-45.144	23.538	0.000	-7.513	-54.663	-80.000	2500.000
3929	353689	2	-2436.129	76.00	35.59552	105.21300	-53.897	-0.125	-260.000	-44.875	-46.232	-31.000	-2000.000
3930	353722	1	2396.847	76.00	38.71760	104.68954	-32.752	11.145	-20.000	-0.800	-27.745	-33.000	2500.000
3931	353797	1	2394.153	76.00	34.10890	104.14974	-29.053	25.136	0.000	-7.926	-19.004	-75.000	2500.000
3932	353903	1	1578.759	76.00	34.22475	104.53304	-163.703	-33.098	-500.000	-10.177	-108.263	-106.000	2500.000
3933	354007	1	2316.292	76.00	32.63644	104.67805	-56.223	26.579	0.000	-5.929	-44.135	-104.000	2500.000
3934	354129	2	-2312.842	75.00	34.75084	104.56830	-101.731	18.429	-60.000	-21.381	-26.159	-122.000	-2000.000
3935	354277	1	2029.187	76.00	32.36903	105.37595	-157.148	30.309	-100.000	-6.352	-89.621	-148.000	2500.000
3936	354320	1	2414.817	77.00	33.61658	104.50788	-31.930	14.038	0.000	-2.485	-21.807	-43.000	2500.000
3937	354419	2	-2346.151	76.00	34.73501	104.67047	-81.978	17.496	-120.000	-10.526	-52.143	-99.000	-2000.000
3938	354517	1	2168.420	76.00	33.99993	104.86895	-79.359	21.432	-60.000	-44.463	-71.191	-98.000	2500.000
3939	354717	4	-558.562	76.00	33.66786	104.92422	-235.707	44.022	0.000	-34.030	-132.847	-200.000	0.000
3940	354756	1	2427.863	76.00	35.46127	104.33927	-24.268	10.244	0.000	-0.194	-18.919	-39.000	2500.000
3941	354805	1	2453.333	76.00	36.34353	104.85609	-7.112	16.859	0.000	-0.851	-6.564	-49.000	2500.000
3942	354936	1	2275.692	76.00	33.82873	104.28945	-74.558	45.944	0.000	-17.035	-47.658	-131.000	2500.000
3943	355095	1	2135.997	76.00	33.27746	103.90097	-125.409	44.150	0.000	-32.392	-91.353	-159.000	2500.000
3944	355254	1	2326.743	76.00	33.68634	103.92258	-41.106	65.532	0.000	-17.314	-21.370	-159.000	2500.000
3945	355344	1	2292.545	77.00	35.21594	105.08144	-65.388	21.566	-20.000	-5.492	-48.141	-90.000	2500.000
3946	355442	2	-2516.088	76.00	36.24916	104.86906	-119.537	14.471	-240.000	-6.486	-66.537	-98.000	-2000.000
3947	355482	1	2453.356	76.00	34.27834	103.49664	-17.265	15.121	0.000	-0.219	-4.281	-40.000	2500.000
3948	355512	2	-2376.289	75.00	33.00835	102.97047	-36.968	0.587	-180.000	-79.689	-50.220	-30.000	-2000.000
3949	355562	1	2431.166	75.00	33.35300	104.77673	-27.197	15.424	0.000	-0.959	-6.101	-50.000	2500.000
3950	355750	2	-2524.823	74.00	35.59452	104.52398	-174.918	32.992	-120.000	-14.060	-60.836	-188.000	-2000.000
3951	355809	1	2376.361	75.00	32.22469	104.27621	-46.340	15.102	0.000	-5.713	-27.689	-59.000	2500.000
3952	355845	1	2408.694	75.00	32.58855	103.33602	-25.674	8.728	0.000	-4.541	-33.818	-36.000	2500.000
3953	355882	2	-2190.874	74.00	30.70182	105.11221	-23.261	2.010	-100.000	-9.825	-22.798	-37.000	-2000.000
3954	355948	1	2305.506	74.00	33.69963	104.08967	-50.935	12.449	-40.000	-12.882	-37.127	-66.000	2500.000
3955	356059	1	2277.754	75.00	34.02038	105.12542	-71.113	34.128	0.000	-32.225	-42.036	-111.000	2500.000
3956	356089	1	2453.686	75.00	36.35756	102.80161	-13.030	10.929	0.000	-0.361	-13.852	-30.000	2500.000
3957	356157	1	2368.725	76.00	34.39955	105.10217	-25.308	23.606	-40.000	-4.971	-16.603	-68.000	2500.000
3958	356209	1	2346.547	77.00	34.96966	104.10266	-21.465	16.470	-80.000	-4.456	-12.003	-52.000	2500.000
3959	356310	1	2370.367	77.00	33.92210	103.06956	-30.649	38.041	0.000	-24.848	-11.177	-101.000	2500.000
3960	356464	1	2262.523	77.00	34.19376	104.02910	-93.036	48.764	0.000	-14.817	-24.387	-154.000	2500.000
3961	356555	1	2260.830	77.00	37.21535	104.25544	-73.155	35.884	0.000	-23.059	-87.841	-91.000	2500.000
3962	356654	1	2111.326	78.00	36.10178	104.64703	-73.098	29.888	-80.000	-79.804	-86.661	-99.000	2500.000
3963	356817	1	1783.154	79.00	37.93489	103.72672	-142.074	54.562	-340.000	-20.473	-105.861	-163.000	2500.000
3964	356877	1	2159.242	79.00	35.90928	104.97952	-38.029	19.413	-220.000	-6.616	-35.526	-60.000	2500.000
3965	357004	2	-2507.166	79.00	34.80292	104.05528	-129.058	40.076	-180.000	-23.447	-87.737	-127.000	-2000.000
3966	357246	1	1602.258	80.00	33.95710	104.18176	-284.494	44.233	-200.000	-57.281	-158.200	-242.000	2500.000
3967	357317	2	-2407.150	79.00	33.63555	104.20470	-75.693	10.178	-200.000	-2.850	-67.784	-71.000	-2000.000
3968	357395	1	2251.485	80.00	35.07699	104.54885	-62.144	21.543	-80.000	-2.125	-47.789	-78.000	2500.000
3969	357529	1	2140.810	80.00	37.61416	104.53141	-120.140	61.373	-40.000	-17.993	-108.430	-134.000	2500.000
3970	357591	1	2160.325	80.00	37.18379	104.08384	-45.330	17.682	-200.000	-8.092	-41.934	-62.000	2500.000
3971	357672	1	2185.118	80.00	35.20514	103.05693	-49.171	30.377	-160.000	-2.825	-52.264	-81.000	2500.000
3972	357774	2	-2372.015	80.00	32.44289	104.73029	-109.335	37.889	-100.000	-14.622	-83.948	-102.000	-2000.000
3973	357999	4	-945.288	80.00	33.53965	104.00576	-248.549	46.025	-160.000	-125.305	-232.459	-225.000	0.000
3974	358091	2	-2578.082	79.00	33.02105	104.08643	-87.564	11.815	-220.000	-111.078	-79.255	-92.000	-2000.000
3975	358214	1	2248.968	79.00	35.04100	104.15745	-68.842	40.276	0.000	-41.024	-58.442	-123.000	2500.000
3976	358278	1	1974.166	79.00	33.83759	104.21445	-62.477	14.656	-320.000	-28.132	-65.880	-64.000	2500.000
3977	358368	1	2160.597	80.00	33.46163	103.98181	-104.508	13.539	-100.000	-5.265	-53.168	-90.000	2500.000
3978	358441	1	2372.413	80.00	34.89553	103.41898	-50.027	20.720	0.000	-2.788	-22.493	-73.000	2500.000
3979	358554	1	2297.066	80.00	36.85149	103.46210	-73.621	35.049	0.000	-12.167	-39.195	-113.000	2500.000
3980	358584	1	2446.524	80.00	34.74424	102.46511	-16.159	7.680	0.000	-1.364	-13.633	-30.000	2500.000
3981	358634	2	-2165.265	79.00	31.95641	102.93320	-39.862	10.069	-60.000	-7.336	-18.136	-50.000	-2000.000
3982	358746	1	2272.668	79.00	32.17575	103.52216	-85.261	28.921	0.000	-6.340	-52.652	-112.000	2500.000
3983	358851	2	-2516.842	78.00	33.61752	104.01908	-86.428	30.991	-220.000	-58.195	-78.210	-105.000	-2000.000
3984	358884	1	2379.284	78.00	29.86675	103.05927	-16.787	9.522	-60.000	-4.128	-16.323	-33.000	2500.000
3985	358916	1	2430.208	78.00	36.84992	106.38779	-18.479	8.803	0.000	-5.450	-22.666	-32.000	2500.000
3986	358954	1	2449.320	78.00	35.72288	104.89549	-11.029	11.113	0.000	-6.916	-5.848	-38.000	2500.000
3987	359119	1	2223.372	78.00	33.65454	103.35431	-84.873	62.520	0.000	-38.151	-51.124	-165.000	2500.000
3988	359149	1	2374.569	78.00	34.89793	104.42503	-39.247	2.232	0.000	-8.864	-49.551	-30.000	2500.000
3989	359323	1	1871.538	78.00	31.95919	104.79557	-194.607	35.276	-160.000	-40.866	-94.264	-174.000	2500.000
3990	359426	1	2341.484	78.00	33.67313	103.90449	-40.947	34.197	0.000	-21.736	-27.030	-103.000	2500.000
3991	359518	1	2327.078	78.00	34.16389	104.42766	-64.108	37.240	0.000	-12.083	-41.971	-92.000	2500.000
3992	359601	2	-2218.486	78.00	33.09464	104.27728	-63.506	12.436	-40.000	-8.632	-35.783	-83.000	-2000.000
3993	359676	2	-2316.868	78.00	33.06798	104.04908	-108.451	-2.150	-60.000	-11.190	-60.077	-75.000	-2000.000
3994	359787	1	2189.795	78.00	34.24104	105.07475	-108.092	24.196	0.000	-49.375	-65.934	-111.000	2500.000
3995	359821	2	-2291.125	77.00	34.32285	102.23246	-51.133	3.908	-160.000	-9.747	-40.153	-34.000	-2000.000
3996	359957	1	2231.214	77.00	35.03088	104.40369	-94.808	36.455	0.000	-16.113	-58.321	-136.000	2500.000
3997	360076	1	2322.472	78.00	33.39707	103.88326	-44.912	36.975	0.000	-13.338	-37.253	-119.000	2500.000
3998	360116	2	-2145.254	77.00	35.61848	104.55513	-38.093	2.022	-60.000	-0.225	-8.958	-40.000	-2000.000
3999	360200	2	-2660.117	76.00	34.24218	104.53311	-123.519	5.276	-260.000	-60.480	-137.393	-84.000	-2000.000
4000	360230	2	-2547.893	75.00	38.26094	103.58733	-38.340	3.099	-280.000	-153.646	-49.007	-30.000	-2000.000
4001	360260	1	2407.668	75.00	33.76604	104.12720	-27.870	11.622	0.000	-13.749	-32.335	-30.000	2500.000
4002	360314	1	2308.127	75.00	36.73780	103.61374	-73.603	7.971	0.000	-11.381	-60.860	-54.000	2500.000
4003	360418	1	2189.213	75.00	32.83851	104.72774	-65.412	37.855	-120.000	-18.438	-40.792	-104.000	2500.000
4004	360601	1	1972.714	75.00	32.69765	103.85817	-226.638	22.604	0.000	-40.237	-100.015	-183.000	2500.000
4005	360635	1	2401.956	75.00	34.51902	103.89298	-38.676	10.983	0.000	-0.020	-36.331	-34.000	2500.000
4006	360893	1	1566.521	75.00	35.51426	103.99755	-305.653	81.609	-160.000	-99.525	-191.910	-258.000	2500.000
4007	360985	1	2121.017	76.00	33.88663	104.12787	-61.299	29.402	-200.000	-36.266	-18.820	-92.000	2500.000
4008	361048	1	2393.264	76.00	33.50119	105.11812	-22.828	20.225	0.000	-21.148	-19.985	-63.000	2500.000
4009	361234	1	2246.502	76.00	33.62516	104.13982	-83.916	75.612	0.000	-12.200	-46.995	-186.000	2500.000
4010	361454	1	1238.265	76.00	36.57742	104.62164	-279.733	55.066	-620.000	-20.766	-176.301	-220.000	2500.000
4011	361572	2	-2626.054	75.00	33.51128	103.90176	-135.096	27.083	-260.000	-52.201	-87.839	-118.000	-2000.000
4012	361704	1	1389.985	75.00	33.41612	104.62769	-141.049	15.439	-660.000	-109.284	-83.121	-132.000	2500.000
4013	361762	1	2419.671	75.00	33.22584	104.38018	-23.903	19.205	0.000	-6.752	-10.878	-58.000	2500.000
4014	361814	1	2397.349	75.00	34.52887	104.18144	-29.498	19.375	0.000	-26.981	-13.547	-52.000	2500.000
4015	361901	1	2075.952	75.00	35.76266	103.50671	-33.008	31.856	-300.000	-15.925	-19.971	-87.000	2500.000
4016	361939	1	2435.658	75.00	35.92522	104.72923	-13.869	11.410	0.000	-5.674	-18.209	-38.000	2500.000
4017	361998	1	2374.087	76.00	34.08038	103.94783	-45.954	17.749	0.000	-10.623	-28.085	-59.000	2500.000
4018	362075	1	2262.204	76.00	33.88434	104.63197	-39.387	23.553	-100.000	-9.697	-35.265	-77.000	2500.000
4019	362188	1	2143.332	76.00	31.95523	103.44511	-82.577	31.230	-140.000	-6.124	-46.196	-113.000	2500.000
4020	362469	1	1658.035	76.00	32.13148	103.87458	-301.041	41.076	-100.000	-33.179	-167.821	-281.000	2500.000
4021	362510	1	2441.282	76.00	34.71991	104.78799	-20.155	11.807	0.000	-1.682	-7.688	-41.000	2500.000
4022	362576	1	2408.357	77.00	34.81440	103.90430	-26.531	24.789	0.000	-9.872	-14.029	-66.000	2500.000
4023	362614	1	2399.045	77.00	34.72757	103.43745	-32.390	10.552	0.000	-2.546	-38.571	-38.000	2500.000
4024	362705	1	2294.358	77.00	30.49278	102.48109	-54.936	29.614	-40.000	-11.826	-37.494	-91.000	2500.000
4025	362784	2	-2244.535	76.00	34.63482	103.85228	-53.589	9.321	-60.000	-27.126	-34.141	-79.000	-2000.000
4026	362953	1	1494.188	77.00	33.76826	104.08051	-173.528	46.537	-520.000	-43.240	-146.582	-169.000	2500.000
4027	363123	2	-2666.769	76.00	33.67705	103.85275	-224.025	12.246	-100.000	-66.427	-118.564	-170.000	-2000.000
4028	363192	1	2293.053	76.00	31.78541	103.66708	-63.513	13.336	0.000	-17.258	-70.512	-69.000	2500.000
4029	363319	1	2306.848	77.00	32.54391	103.87296	-62.469	43.608	0.000	-19.887	-27.404	-127.000	2500.000
4030	363371	1	2294.390	77.00	29.00784	103.41523	-65.118	26.300	-60.000	-1.447	-53.344	-52.000	2500.000
4031	363529	1	2093.844	77.00	33.08441	103.08188	-68.615	51.141	-120.000	-79.301	-31.381	-158.000	2500.000
4032	363641	1	1978.751	77.00	31.84466	104.66289	-72.576	35.029	-260.000	-37.917	-73.785	-112.000	2500.000
4033	363706	1	2400.472	77.00	32.56270	103.84679	-27.232	21.340	0.000	-8.723	-19.913	-65.000	2500.000
4034	363760	1	2346.191	78.00	30.09703	104.23438	-53.060	10.826	0.000	-20.139	-37.436	-54.000	2500.000
4035	363854	1	1847.663	78.00	33.18467	103.51195	-96.632	14.463	-220.000	-139.072	-117.096	-94.000	2500.000
4036	363898	1	2399.973	78.00	35.33756	104.71731	-13.312	13.867	-20.000	-19.038	-17.545	-44.000	2500.000
4037	363995	1	2325.875	79.00	33.41486	103.70684	-54.842	35.789	0.000	-18.234	-39.838	-97.000	2500.000
4038	364164	2	-2631.703	78.00	33.59550	104.00220	-115.369	59.864	-240.000	-60.569	-106.629	-169.000	-2000.000
4039	364283	1	2194.138	79.00	33.02308	103.62645	-65.793	39.337	0.000	-97.337	-63.069	-119.000	2500.000
4040	364350	1	2376.618	79.00	34.92377	103.54596	-35.119	23.807	0.000	-3.027	-42.043	-67.000	2500.000
4041	364452	2	-2369.645	78.00	37.48684	103.50072	-60.607	21.298	-200.000	-6.640	-21.696	-102.000	-2000.000
4042	364538	1	2311.309	78.00	36.21408	103.71621	-63.737	21.118	0.000	-12.459	-47.613	-86.000	2500.000
4043	364633	2	-2749.184	77.00	33.81769	104.45307	-129.358	7.061	-360.000	-79.394	-92.493	-95.000	-2000.000
4044	364665	2	-2239.579	76.00	36.59936	102.71240	-68.198	-0.698	-40.000	-5.243	-93.439	-32.000	-2000.000
4045	364696	1	2348.371	76.00	36.48122	104.59654	-21.903	7.083	-60.000	-4.722	-41.087	-31.000	2500.000
4046	364765	1	2381.845	77.00	34.78162	102.97095	-30.535	21.790	0.000	-5.943	-34.467	-69.000	2500.000
4047	365012	4	-1341.521	76.00	33.53636	103.69827	-337.344	38.032	-600.000	-48.166	-147.044	-247.000	0.000
4048	365082	1	2289.272	77.00	35.59828	102.60780	-81.744	17.891	0.000	-4.088	-72.788	-70.000	2500.000
4049	365163	1	2376.370	77.00	33.50863	103.28799	-50.225	26.716	0.000	-3.034	-16.087	-81.000	2500.000
4050	365198	2	-2577.089	77.00	31.57509	104.22147	-73.669	-0.680	-360.000	-59.278	-48.462	-35.000	-2000.000
4051	365292	1	2281.531	77.00	32.63698	103.67774	-71.734	17.915	0.000	-37.244	-33.405	-94.000	2500.000
4052	365458	1	2196.753	77.00	33.30165	104.03051	-130.829	45.726	0.000	-15.581	-36.564	-166.000	2500.000
4053	365492	2	-2135.968	77.00	34.63385	103.19234	-14.602	6.514	-60.000	-8.226	-25.653	-34.000	-2000.000
4054	365584	1	2354.234	77.00	33.12791	104.03280	-40.558	26.086	0.000	-8.095	-31.198	-92.000	2500.000
4055	365840	1	1974.852	77.00	32.29540	103.67443	-194.376	81.294	-20.000	-49.732	-86.333	-256.000	2500.000
4056	366091	1	2095.166	77.00	33.61560	103.54747	-146.472	81.444	0.000	-33.614	-55.192	-251.000	2500.000
4057	366121	1	2456.354	77.00	32.82371	103.14010	-14.762	10.633	0.000	-0.044	-9.473	-30.000	2500.000
4058	366292	1	2214.881	77.00	35.85812	103.38646	-128.603	66.710	0.000	-4.718	-47.508	-171.000	2500.000
4059	366476	1	1986.681	77.00	33.50015	103.58698	-136.351	51.670	-180.000	-10.819	-53.818	-184.000	2500.000
4060	366554	1	2302.907	77.00	35.75200	102.28363	-73.901	16.214	0.000	-11.484	-49.921	-78.000	2500.000
4061	366670	1	2246.283	77.00	35.35736	103.25700	-96.809	31.938	0.000	-7.803	-65.042	-116.000	2500.000
4062	366700	1	2382.368	77.00	35.39708	103.98288	-35.506	6.796	0.000	-7.833	-51.088	-30.000	2500.000
4063	366744	1	2425.421	77.00	34.74436	104.55537	-15.597	14.040	0.000	-7.742	-21.281	-44.000	2500.000
4064	366837	1	2130.032	77.00	34.73897	103.03402	-54.451	30.035	-200.000	-19.937	-32.615	-93.000	2500.000
4065	366867	1	2380.055	78.00	38.80416	103.61266	-45.717	-0.269	0.000	-0.900	-43.059	-30.000	2500.000
4066	367090	1	1764.397	78.00	34.12415	103.05073	-143.157	67.031	-300.000	-68.422	-68.055	-223.000	2500.000
4067	367162	1	2174.095	79.00	36.39614	103.94890	-57.300	17.694	-140.000	-11.467	-62.832	-72.000	2500.000
4068	367265	1	2353.871	79.00	33.25638	102.82371	-40.478	35.826	0.000	-19.359	-19.118	-103.000	2500.000
4069	367336	1	2369.571	79.00	33.57679	102.98937	-38.914	23.910	0.000	-4.379	-40.045	-71.000	2500.000
4070	367415	1	2357.205	79.00	35.01375	103.18037	-46.542	22.628	0.000	-6.072	-33.809	-79.000	2500.000
4071	367452	1	2326.334	79.00	34.77098	103.89292	-56.658	-0.884	-20.000	-4.680	-54.444	-37.000	2500.000
4072	367552	1	2324.216	80.00	33.93811	102.80301	-66.556	27.124	0.000	-3.002	-33.350	-100.000	2500.000
4073	367605	2	-2191.978	80.00	35.46318	102.99947	-26.212	10.367	-80.000	-13.700	-29.433	-53.000	-2000.000
4074	367650	1	2409.072	81.00	38.65503	104.60512	-34.041	12.585	0.000	-0.915	-23.558	-45.000	2500.000
4075	367724	1	2182.547	81.00	32.47429	102.46712	-41.933	18.792	-180.000	-3.602	-36.709	-74.000	2500.000
4076	367821	1	2121.870	81.00	32.31662	102.79564	-86.996	22.271	-160.000	-5.525	-50.879	-97.000	2500.000
4077	367881	2	-2355.286	80.00	36.17330	103.10690	-59.502	9.288	-120.000	-36.129	-88.943	-60.000	-2000.000
4078	367948	1	2374.487	80.00	35.67528	103.49026	-32.260	15.087	0.000	-16.161	-25.178	-67.000	2500.000
4079	367987	2	-2193.979	79.00	31.14525	103.32406	-39.105	1.834	-80.000	-12.576	-25.132	-39.000	-2000.000
4080	368062	1	2351.926	79.00	35.23784	103.55509	-61.539	20.478	0.000	-9.368	-22.645	-75.000	2500.000
4081	368147	2	-2182.314	79.00	30.63954	103.60118	-37.999	23.576	-60.000	-3.055	-19.836	-85.000	-2000.000
4082	368222	1	2273.591	79.00	33.52446	102.82767	-47.820	25.694	-60.000	-25.601	-43.682	-75.000	2500.000
4083	368351	1	1887.836	80.00	32.67901	102.63031	-116.103	27.149	-320.000	-19.280	-54.930	-129.000	2500.000
4084	368526	1	1785.691	80.00	33.33469	103.40504	-140.300	52.867	-300.000	-30.888	-120.989	-175.000	2500.000
4085	368701	1	1689.840	80.00	33.38739	103.55273	-169.886	63.154	-400.000	-45.986	-82.442	-175.000	2500.000
4086	368774	1	2162.929	80.00	35.08430	102.50464	-72.267	30.397	-120.000	-6.422	-95.780	-73.000	2500.000
4087	368891	1	2210.855	80.00	35.28575	103.69393	-83.667	37.496	-100.000	-4.106	-21.868	-117.000	2500.000
4088	369058	1	2054.548	80.00	34.02028	103.31728	-165.039	33.977	-60.000	-14.894	-72.496	-167.000	2500.000
4089	369103	1	2436.087	80.00	34.85353	103.86215	-18.422	14.093	0.000	-1.168	-13.416	-45.000	2500.000
4090	369139	2	-2174.776	79.00	35.64665	104.19585	-32.321	7.983	-60.000	-29.286	-25.152	-36.000	-2000.000
4091	369354	1	1892.172	79.00	32.28150	103.02110	-146.031	67.962	-120.000	-94.966	-99.792	-215.000	2500.000
4092	369515	4	-448.822	79.00	33.23825	103.30861	-180.099	57.445	0.000	-44.430	-120.737	-161.000	0.000
4093	369627	1	2096.805	80.00	34.06673	103.71879	-87.586	19.716	-140.000	-13.239	-70.085	-112.000	2500.000
4094	369689	1	2374.901	80.00	35.22213	103.45247	-43.738	17.112	0.000	-0.825	-35.648	-62.000	2500.000
4095	369721	1	2405.827	81.00	35.29502	103.29575	-34.396	14.651	0.000	-3.917	-38.511	-32.000	2500.000
4096	369784	2	-2243.534	80.00	32.53958	103.12112	-41.898	8.052	-60.000	-25.856	-60.832	-63.000	-2000.000
4097	369913	1	2217.222	80.00	35.83371	103.95090	-81.164	48.944	-60.000	-22.360	-39.197	-129.000	2500.000
4098	369949	1	2422.875	81.00	35.06649	101.97715	-21.529	6.706	0.000	-2.555	-23.745	-36.000	2500.000
4099	370070	1	2223.596	82.00	33.04117	103.47723	-68.654	46.595	-100.000	-14.376	-18.968	-121.000	2500.000
4100	370267	1	1937.319	83.00	34.15660	104.00435	-162.575	47.974	-140.000	-48.650	-62.430	-197.000	2500.000
4101	370421	1	2269.631	83.00	34.00433	103.90823	-48.809	55.268	0.000	-46.211	-36.617	-154.000	2500.000
4102	370548	1	2292.344	83.00	36.19629	104.08349	-65.161	50.056	0.000	-9.910	-55.641	-127.000	2500.000
4103	370603	1	2421.750	83.00	36.55256	102.21349	-13.869	15.627	0.000	-5.010	-19.997	-55.000	2500.000
4104	370636	1	2345.045	83.00	33.45362	103.93273	-48.697	4.396	0.000	-9.485	-68.169	-33.000	2500.000
4105	370686	1	2415.244	83.00	32.87425	103.54318	-17.778	14.855	0.000	-8.481	-23.352	-50.000	2500.000
4106	370813	1	2283.112	83.00	33.06546	103.67253	-80.249	41.136	0.000	-23.110	-27.665	-127.000	2500.000
4107	370878	1	2381.148	83.00	31.84087	103.93991	-33.238	18.001	0.000	-8.547	-30.068	-65.000	2500.000
4108	371027	1	2209.761	83.00	33.93698	104.17004	-109.407	42.200	0.000	-23.176	-50.856	-149.000	2500.000
4109	371149	1	2252.490	83.00	31.85091	103.26722	-91.859	35.441	0.000	-6.864	-62.228	-122.000	2500.000
4110	371179	1	2424.555	83.00	39.88212	103.22517	-27.992	8.471	0.000	-0.210	-25.714	-30.000	2500.000
4111	371352	1	1991.351	84.00	33.04394	103.18741	-102.978	65.827	-180.000	-36.155	-82.342	-173.000	2500.000
4112	371461	1	2285.049	84.00	33.92743	102.93636	-60.620	26.857	0.000	-16.736	-55.452	-109.000	2500.000
4113	371491	1	2384.044	84.00	28.01902	101.99815	-46.417	-1.167	0.000	-8.442	-29.931	-30.000	2500.000
4114	371742	1	1972.460	84.00	34.53885	103.72240	-222.541	68.434	0.000	-26.362	-96.071	-251.000	2500.000
4115	371772	1	2422.743	84.00	37.63692	103.04485	-29.721	9.449	0.000	-1.823	-25.163	-30.000	2500.000
4116	371858	1	2381.505	84.00	33.71596	102.74146	-37.896	31.408	0.000	-8.547	-17.461	-86.000	2500.000
4117	371953	2	-2400.607	83.00	35.81898	103.29034	-101.928	16.063	-140.000	-21.729	-58.014	-95.000	-2000.000
4118	372111	1	2015.667	83.00	32.56955	103.54198	-161.981	17.861	-60.000	-14.297	-107.915	-158.000	2500.000
4119	372259	1	1892.180	83.00	33.49658	103.61897	-91.910	47.455	-340.000	-17.100	-58.265	-148.000	2500.000
4120	372431	1	2206.888	83.00	32.71952	103.21094	-89.798	54.954	0.000	-22.098	-64.170	-172.000	2500.000
4121	372464	1	2410.811	83.00	32.59925	104.86380	-38.949	13.715	0.000	-8.323	-22.633	-33.000	2500.000
4122	372532	1	2362.241	83.00	34.95726	104.13876	-21.221	23.679	-40.000	-17.937	-14.280	-68.000	2500.000
4123	372597	2	-2305.492	82.00	32.38049	104.10911	-65.096	15.760	-140.000	-2.602	-48.554	-65.000	-2000.000
4124	372666	1	2058.425	82.00	33.87999	103.25986	-67.760	16.769	-240.000	-13.045	-68.540	-69.000	2500.000
4125	372705	1	2439.630	83.00	35.73536	103.91901	-11.826	13.244	0.000	-12.465	-10.323	-39.000	2500.000
4126	372814	1	2360.907	83.00	35.83975	103.48043	-47.845	35.360	0.000	-5.571	-12.038	-109.000	2500.000
4127	372892	1	2340.649	84.00	30.95199	104.34101	-38.176	25.592	-20.000	-5.781	-42.986	-78.000	2500.000
4128	373002	1	2183.348	84.00	37.01773	103.48618	-61.499	36.947	-120.000	-24.635	-37.465	-110.000	2500.000
4129	373113	1	2210.187	84.00	34.59232	102.90225	-58.946	39.565	-80.000	-22.708	-56.724	-111.000	2500.000
4130	373248	1	2175.673	84.00	34.11479	102.80335	-100.603	38.451	-80.000	-16.470	-30.704	-135.000	2500.000
4131	373305	1	2373.526	84.00	30.74291	103.37783	-35.154	18.141	-20.000	-5.436	-27.025	-57.000	2500.000
4132	373357	1	2422.806	84.00	34.00594	104.50809	-17.480	18.366	0.000	-1.179	-24.902	-52.000	2500.000
4133	373567	1	1923.651	84.00	32.79775	103.57430	-220.461	58.776	-60.000	-15.867	-128.797	-210.000	2500.000
4134	373659	1	2353.314	84.00	34.79126	103.30225	-37.254	29.399	0.000	-15.248	-31.583	-92.000	2500.000
4135	373818	1	1985.069	84.00	34.39894	102.81218	-133.681	54.790	-160.000	-45.342	-71.699	-159.000	2500.000
4136	373958	1	2215.762	84.00	33.49589	103.72861	-119.070	34.832	0.000	-9.068	-50.932	-140.000	2500.000
4137	374095	1	2221.456	84.00	34.33771	103.41520	-86.276	42.084	-20.000	-26.298	-51.054	-137.000	2500.000
4138	374156	1	2407.684	85.00	34.14275	103.15569	-23.329	22.254	0.000	-9.372	-20.870	-61.000	2500.000
4139	374251	1	2368.682	85.00	37.66112	104.09772	-50.597	32.348	0.000	-3.533	-14.537	-95.000	2500.000
4140	374342	1	2392.399	85.00	34.67113	103.59087	-31.947	32.202	0.000	-1.441	-15.416	-91.000	2500.000
4141	374375	1	2362.637	86.00	37.68812	103.63686	-49.166	0.435	0.000	-1.011	-54.621	-33.000	2500.000
4142	374465	1	2340.169	86.00	32.34776	103.47659	-47.968	32.289	0.000	-12.945	-41.207	-90.000	2500.000
4143	374497	2	-2260.579	86.00	33.97717	104.10799	-30.692	3.905	-160.000	-3.023	-38.769	-32.000	-2000.000
4144	374602	1	2155.987	87.00	32.16522	102.74255	-72.417	27.851	-100.000	-17.616	-76.831	-105.000	2500.000
4145	374718	2	-2597.735	86.00	34.87507	103.28581	-98.681	29.098	-260.000	-46.780	-105.373	-116.000	-2000.000
4146	374834	1	2050.383	86.00	34.50113	102.77247	-75.105	32.829	-180.000	-64.300	-47.041	-116.000	2500.000
4147	374905	1	1931.799	87.00	35.78873	103.25101	-54.921	13.513	-420.000	-10.996	-24.796	-71.000	2500.000
4148	374940	1	2345.046	87.00	35.53684	103.79144	-10.425	10.732	-100.000	-6.718	-13.543	-35.000	2500.000
4149	375018	2	-2254.125	86.00	35.46494	103.91698	-72.133	9.863	-80.000	-7.678	-26.178	-78.000	-2000.000
4150	375063	1	2447.549	87.00	31.18255	103.16684	-14.105	15.048	0.000	-2.194	-6.200	-45.000	2500.000
4151	375173	2	-2611.384	86.00	32.54987	103.37132	-125.022	4.805	-220.000	-69.355	-91.813	-110.000	-2000.000
4152	375205	1	2420.900	86.00	38.60894	104.23228	-25.204	8.466	0.000	-5.614	-24.748	-32.000	2500.000
4153	375258	1	2353.452	87.00	32.55820	103.70638	-21.338	16.510	-60.000	-6.925	-21.794	-53.000	2500.000
4154	375502	1	1595.473	87.00	34.25947	103.10949	-229.034	84.941	-300.000	-83.376	-133.059	-244.000	2500.000
4155	375600	1	2289.143	87.00	34.53605	103.84108	-76.103	22.331	0.000	-19.050	-40.036	-98.000	2500.000
4156	375789	1	1857.576	87.00	34.99673	103.59587	-128.854	88.241	-260.000	-66.834	-85.977	-189.000	2500.000
4157	376029	4	-778.776	86.00	33.70119	103.26530	-273.619	43.980	-100.000	-49.565	-159.572	-240.000	0.000
4158	376157	1	2024.061	86.00	35.56936	103.28692	-135.133	32.008	-120.000	-31.629	-93.185	-128.000	2500.000
4159	376376	1	2148.980	86.00	34.37822	103.30027	-126.508	64.858	0.000	-25.365	-45.006	-219.000	2500.000
4160	376413	1	2317.749	86.00	30.31230	104.35730	-60.613	-3.902	0.000	-12.690	-68.045	-37.000	2500.000
4161	376539	1	2299.815	86.00	33.70536	103.42840	-57.281	47.335	0.000	-23.124	-41.114	-126.000	2500.000
4162	376595	2	-2274.143	85.00	32.45400	104.47487	-41.565	11.034	-160.000	-1.940	-25.672	-56.000	-2000.000
4163	376706	1	2151.814	85.00	34.22078	104.14085	-95.191	49.541	-100.000	-16.763	-74.774	-111.000	2500.000
4164	376906	1	1921.208	85.00	33.31260	103.34672	-162.220	52.848	-80.000	-84.887	-104.533	-200.000	2500.000
4165	377157	1	1710.789	85.00	34.33865	103.88866	-249.286	49.245	-160.000	-83.978	-94.192	-251.000	2500.000
4166	377191	1	2264.179	85.00	35.77343	103.96046	-13.568	8.844	-180.000	-0.181	-16.916	-34.000	2500.000
4167	377339	1	2113.233	85.00	33.99075	104.07979	-77.761	38.759	-20.000	-75.451	-104.315	-148.000	2500.000
4168	377432	1	2316.493	85.00	30.53102	104.35526	-34.612	33.444	-60.000	-0.370	-28.970	-93.000	2500.000
4169	377579	1	2167.619	85.00	35.62334	103.97440	-92.901	40.841	-40.000	-21.322	-72.000	-147.000	2500.000
4170	377643	1	2316.063	85.00	35.12511	104.87541	-46.583	21.646	0.000	-41.468	-53.532	-64.000	2500.000
4171	377736	1	2185.558	85.00	34.02982	103.32717	-45.960	30.659	-160.000	-17.444	-28.697	-93.000	2500.000
4172	377852	1	2301.680	85.00	32.13724	104.21670	-83.615	37.716	0.000	-11.641	-24.780	-116.000	2500.000
4173	377914	2	-2487.217	85.00	32.37321	102.51780	-100.248	0.956	-280.000	-5.123	-40.802	-62.000	-2000.000
4174	378001	1	2170.730	85.00	32.59086	104.21574	-64.600	23.498	-120.000	-33.980	-47.189	-87.000	2500.000
4175	378079	1	2334.498	85.00	32.49173	103.77390	-49.544	25.582	0.000	-11.147	-52.393	-78.000	2500.000
4176	378219	1	2257.932	85.00	31.02201	104.07156	-80.470	54.164	0.000	-16.686	-59.077	-140.000	2500.000
4177	378319	1	1908.923	86.00	34.02514	104.91737	-77.923	32.181	-360.000	-18.278	-67.056	-100.000	2500.000
4178	378367	1	2337.844	86.00	31.14759	103.79522	-43.114	9.472	0.000	-47.130	-33.384	-48.000	2500.000
4179	378450	1	2303.726	87.00	33.76526	103.76905	-59.011	23.267	0.000	-13.724	-63.806	-83.000	2500.000
4180	378736	1	1842.821	87.00	32.51695	104.01548	-282.276	82.012	0.000	-53.441	-117.474	-286.000	2500.000
4181	378910	2	-2360.595	87.00	33.54206	103.56003	-110.982	57.321	-60.000	-20.183	-52.752	-174.000	-2000.000
4182	378967	2	-2225.119	86.00	33.23237	103.90895	-65.514	9.709	-80.000	-9.829	-22.485	-57.000	-2000.000
4183	379010	1	2302.003	86.00	34.63077	103.49347	-41.109	7.400	-80.000	-5.850	-35.438	-43.000	2500.000
4184	379193	1	2200.153	86.00	34.45901	103.41264	-88.746	51.991	0.000	-20.169	-59.923	-183.000	2500.000
4185	379426	4	-999.447	85.00	34.28851	103.77994	-337.266	25.293	-300.000	-36.411	-118.064	-233.000	0.000
4186	379553	1	2172.612	85.00	34.92679	103.41228	-144.351	19.500	0.000	-16.983	-58.554	-127.000	2500.000
4187	379740	1	1303.265	85.00	33.38242	102.98222	-90.960	72.661	-900.000	-18.019	-73.417	-187.000	2500.000
4188	379829	1	2233.178	85.00	35.21018	104.00107	-96.689	14.036	0.000	-15.012	-80.158	-89.000	2500.000
4189	379859	1	2426.332	85.00	32.69129	104.17805	-30.237	11.609	0.000	-3.167	-21.872	-30.000	2500.000
4190	379963	2	-2280.298	85.00	35.45395	103.06605	-66.407	32.353	-80.000	-12.230	-50.013	-104.000	-2000.000
4191	380058	1	2257.524	85.00	35.37562	104.17360	-85.822	29.436	0.000	-14.424	-76.666	-95.000	2500.000
4192	380089	1	2272.363	86.00	27.23152	103.05039	-44.411	2.735	-80.000	-8.352	-66.608	-31.000	2500.000
4193	380199	1	1976.526	86.00	33.06188	102.80587	-109.616	40.385	-200.000	-18.484	-125.759	-110.000	2500.000
4194	380229	1	2443.843	86.00	33.18656	103.74139	-14.247	10.184	0.000	-0.067	-22.027	-30.000	2500.000
4195	380343	1	2324.114	86.00	34.32444	103.65671	-59.845	37.666	0.000	-3.462	-36.245	-114.000	2500.000
4196	380526	1	2131.801	87.00	34.92471	103.43170	-158.964	87.358	0.000	-48.219	-65.374	-183.000	2500.000
4197	380559	1	2342.346	87.00	31.62930	103.97228	-53.000	5.450	0.000	-0.297	-76.806	-33.000	2500.000
4198	380732	1	2055.975	87.00	33.53140	103.23252	-158.900	46.960	-60.000	-14.209	-84.876	-173.000	2500.000
4199	380940	1	1684.049	87.00	32.96479	104.05696	-209.022	48.426	-280.000	-75.852	-91.503	-208.000	2500.000
4200	381016	1	2343.262	87.00	33.29232	102.74903	-50.675	23.064	-20.000	-11.267	-21.859	-76.000	2500.000
4201	381080	1	2353.031	87.00	32.80614	102.84818	-31.048	20.270	0.000	-57.060	-15.132	-64.000	2500.000
4202	381173	1	2304.094	87.00	32.60651	103.99587	-52.808	32.815	-40.000	-17.557	-25.356	-93.000	2500.000
4203	381365	1	2182.761	87.00	34.37628	104.02641	-113.964	60.306	0.000	-25.087	-46.494	-192.000	2500.000
4204	381522	2	-2383.853	86.00	34.81687	103.34403	-75.056	31.392	-120.000	-12.440	-50.749	-157.000	-2000.000
4205	381555	2	-2704.917	85.00	33.77081	103.59824	-52.459	-1.195	-440.000	-113.868	-64.396	-33.000	-2000.000
4206	381604	1	2358.431	85.00	35.80051	102.54828	-39.985	12.024	0.000	-9.129	-55.480	-49.000	2500.000
4207	381693	1	2234.016	85.00	36.27973	103.25208	-79.286	35.793	-60.000	-6.479	-67.012	-89.000	2500.000
4208	381729	1	2396.006	85.00	34.11256	103.00538	-18.598	11.009	0.000	-30.986	-29.420	-36.000	2500.000
4209	381842	1	2171.509	85.00	34.24423	103.25301	-117.106	26.845	0.000	-23.285	-101.944	-113.000	2500.000
4210	381968	1	1977.011	85.00	34.07550	103.57379	-131.894	24.653	-180.000	-30.190	-79.558	-126.000	2500.000
4211	382091	1	2242.598	85.00	32.16410	102.89147	-113.032	20.401	0.000	-6.797	-34.974	-123.000	2500.000
4212	382121	1	2460.391	85.00	32.92924	102.73631	-8.244	11.531	0.000	-4.840	-8.056	-30.000	2500.000
4213	382188	1	2209.144	85.00	32.27300	102.84682	-47.513	22.403	-160.000	-2.067	-36.679	-67.000	2500.000
4214	382265	1	2386.498	85.00	34.41507	104.02628	-29.299	28.012	0.000	-13.130	-22.085	-77.000	2500.000
4215	382336	1	2296.906	85.00	33.15899	102.97956	-48.965	22.184	0.000	-55.769	-49.544	-71.000	2500.000
4216	382386	1	2359.572	85.00	33.29923	103.02633	-34.759	17.408	-40.000	-1.883	-31.194	-50.000	2500.000
4217	382423	1	2301.556	86.00	32.86564	102.96908	-54.785	-4.013	0.000	-22.148	-80.498	-37.000	2500.000
4218	382455	1	2454.426	86.00	31.75206	102.29138	-18.429	10.815	0.000	-1.377	-4.582	-32.000	2500.000
4219	382536	1	2220.363	86.00	33.34815	102.85537	-57.028	21.552	-140.000	-6.248	-16.913	-81.000	2500.000
4220	382633	1	2252.276	86.00	34.76017	103.32168	-61.350	30.142	0.000	-50.429	-69.086	-97.000	2500.000
4221	382704	1	2303.017	86.00	35.11419	103.46638	-54.054	14.275	0.000	-13.809	-72.395	-71.000	2500.000
4222	382794	1	1891.157	86.00	31.27628	102.64405	-59.552	24.517	-440.000	-8.787	-35.021	-90.000	2500.000
4223	382830	2	-2173.555	86.00	30.97247	103.16656	-15.506	4.704	-100.000	-4.972	-21.782	-36.000	-2000.000
4224	382942	1	2200.677	86.00	36.65624	103.36079	-103.356	18.279	0.000	-17.170	-85.076	-112.000	2500.000
4225	383040	1	2181.415	86.00	35.11810	103.85105	-91.213	24.420	-80.000	-12.586	-61.206	-98.000	2500.000
4226	383070	1	2386.181	86.00	33.00692	102.61183	-43.430	-3.522	0.000	-6.235	-30.631	-30.000	2500.000
4227	383111	1	2294.453	86.00	35.76775	103.29528	-63.545	-6.207	0.000	-10.027	-84.768	-41.000	2500.000
4228	383269	1	2021.179	86.00	33.41898	103.31828	-133.744	66.673	-20.000	-81.684	-152.066	-158.000	2500.000
4229	383318	1	2401.962	86.00	27.21476	102.51588	-21.515	15.835	0.000	-15.926	-27.432	-49.000	2500.000
4230	383367	1	2282.648	86.00	32.52262	104.18721	-31.144	14.306	-100.000	-6.059	-45.456	-49.000	2500.000
4231	383512	1	2120.788	86.00	33.35330	103.47980	-163.754	41.966	0.000	-17.082	-95.341	-145.000	2500.000
4232	383734	1	2076.705	86.00	33.61382	102.83954	-159.922	53.217	-20.000	-22.479	-52.111	-222.000	2500.000
4233	383776	1	2429.903	86.00	31.99330	104.00336	-19.989	12.074	0.000	-1.490	-18.692	-42.000	2500.000
4234	384035	2	-3061.078	85.00	33.09266	103.32599	-253.999	65.176	-420.000	-66.844	-126.411	-259.000	-2000.000
4235	384102	1	2336.851	85.00	32.68385	102.57587	-53.210	13.722	0.000	-17.821	-38.840	-67.000	2500.000
4236	384169	1	1848.094	85.00	32.98049	103.57947	-58.707	13.997	-440.000	-19.156	-81.040	-67.000	2500.000
4237	384335	1	2057.224	85.00	31.91669	103.05898	-156.091	37.457	0.000	-34.911	-123.232	-166.000	2500.000
4238	384401	1	2185.442	85.00	31.98317	103.02631	-28.432	15.983	-140.000	-52.446	-43.663	-66.000	2500.000
4239	384503	1	1991.232	85.00	33.97314	103.28834	-75.758	37.496	-280.000	-9.188	-79.318	-102.000	2500.000
4240	384535	1	2068.940	85.00	33.41223	101.44477	-47.095	-7.583	-260.000	-0.765	-83.617	-32.000	2500.000
4241	384605	1	2230.689	85.00	32.21058	104.38921	-108.765	-19.293	0.000	-5.073	-66.180	-70.000	2500.000
4242	384638	1	2355.005	85.00	33.48984	103.19728	-48.960	1.811	0.000	-6.668	-58.178	-33.000	2500.000
4243	384668	1	2376.052	86.00	32.29986	103.15933	-47.299	-0.743	0.000	-0.594	-45.312	-30.000	2500.000
4244	384776	1	2196.807	86.00	33.48091	103.58380	-104.154	13.648	-40.000	-26.757	-37.931	-108.000	2500.000
4245	385000	1	2104.083	87.00	35.18398	103.88407	-130.861	81.067	0.000	-38.828	-83.295	-224.000	2500.000
4246	385093	2	-2321.900	86.00	29.26378	103.72140	-108.385	10.492	-60.000	-17.663	-53.344	-93.000	-2000.000
4247	385214	1	2280.952	86.00	32.50092	103.12620	-60.705	40.042	0.000	-25.054	-52.332	-121.000	2500.000
4248	385412	1	1988.427	86.00	32.86635	103.59348	-154.993	59.227	0.000	-109.437	-108.371	-198.000	2500.000
4249	385511	1	2342.185	87.00	34.85445	103.40458	-34.712	31.603	0.000	-30.286	-25.420	-99.000	2500.000
4250	385643	1	2151.118	87.00	32.51840	103.74620	-84.659	42.185	-80.000	-34.821	-59.586	-132.000	2500.000
4251	385863	4	-467.631	87.00	34.56539	103.61319	-228.646	72.921	0.000	-28.679	-63.227	-220.000	0.000
4252	385899	1	2440.341	87.00	35.70559	104.04862	-24.187	9.931	0.000	-0.439	-8.965	-36.000	2500.000
4253	385944	1	2325.024	87.00	35.34137	103.57791	-41.665	17.358	-60.000	-11.227	-34.442	-45.000	2500.000
4254	386059	1	2246.243	87.00	35.11656	103.61755	-82.823	42.469	0.000	-24.288	-74.113	-115.000	2500.000
4255	386249	1	1382.481	87.00	33.34265	103.06732	-247.503	-21.332	-480.000	-61.718	-116.967	-190.000	2500.000
4256	386327	1	2410.781	87.00	33.78792	103.46431	-25.362	28.000	0.000	-3.587	-10.270	-78.000	2500.000
4257	386403	1	2210.046	88.00	31.24736	102.29561	-48.197	23.661	-140.000	-8.406	-41.012	-76.000	2500.000
4258	386437	1	2437.063	88.00	37.10777	101.44125	-14.276	10.962	0.000	-9.016	-16.607	-34.000	2500.000
4259	386538	1	2161.351	88.00	32.12898	102.75388	-84.381	44.693	-140.000	-11.649	-46.311	-101.000	2500.000
4260	386621	1	2374.899	88.00	29.26988	104.22465	-29.835	26.075	0.000	-17.039	-21.302	-83.000	2500.000
4261	386716	1	2361.124	88.00	34.94526	103.07827	-37.662	36.516	0.000	-16.756	-25.973	-95.000	2500.000
4262	386952	4	-716.788	88.00	34.19455	103.01540	-235.405	69.297	-160.000	-48.626	-106.055	-236.000	0.000
4263	387047	1	2081.849	88.00	31.96439	103.19783	-103.706	14.723	-140.000	-12.993	-81.174	-95.000	2500.000
4264	387195	1	2119.041	88.00	32.69680	104.18669	-133.007	44.971	-40.000	-13.462	-91.460	-148.000	2500.000
4265	387276	1	2400.666	88.00	33.79483	103.58160	-30.734	31.147	0.000	-1.290	-17.457	-81.000	2500.000
4266	387470	1	2173.272	88.00	34.00430	102.97163	-106.178	55.664	0.000	-27.852	-54.362	-194.000	2500.000
4267	387529	2	-2210.546	87.00	34.26266	103.10703	-31.540	9.379	-100.000	-5.631	-23.754	-59.000	-2000.000
4268	387595	2	-2279.130	86.00	35.85210	102.35198	-36.905	17.828	-160.000	-7.552	-26.501	-66.000	-2000.000
4269	387720	1	1623.597	86.00	31.76293	103.53690	-134.231	59.607	-540.000	-33.343	-103.434	-125.000	2500.000
4270	387885	1	2155.138	86.00	32.01920	103.34242	-154.737	47.030	0.000	-27.962	-44.192	-165.000	2500.000
4271	387923	1	2356.274	86.00	33.75820	104.85060	-48.796	1.519	0.000	-17.282	-41.167	-38.000	2500.000
4272	387961	1	2275.543	86.00	33.50361	104.68594	-48.299	2.740	-80.000	-7.062	-53.835	-38.000	2500.000
4273	388171	1	2198.203	87.00	33.31851	103.51387	-100.822	85.873	0.000	-28.945	-47.903	-210.000	2500.000
4274	388364	1	2091.785	87.00	34.62862	103.32294	-156.055	64.794	-40.000	-20.172	-63.781	-193.000	2500.000
4275	388513	1	2160.132	87.00	34.23273	103.00000	-128.115	48.347	0.000	-23.199	-87.901	-149.000	2500.000
4276	388640	1	2128.860	87.00	33.49709	103.25533	-105.293	31.872	-140.000	-7.010	-23.709	-127.000	2500.000
4277	388740	1	2236.167	87.00	33.13217	103.38199	-104.196	3.690	0.000	-4.151	-59.176	-100.000	2500.000
4278	388884	1	2206.955	87.00	34.72904	103.27125	-119.222	40.528	0.000	-23.382	-46.969	-144.000	2500.000
4279	388928	1	2194.893	87.00	38.34608	102.15524	-17.497	15.606	-240.000	-3.092	-16.124	-44.000	2500.000
4280	388958	1	2385.177	87.00	25.78021	103.12599	-45.681	3.453	0.000	-0.877	-41.717	-30.000	2500.000
4281	389036	1	1962.624	88.00	33.84145	103.56489	-37.125	28.172	-420.000	-7.168	-23.255	-78.000	2500.000
4282	389071	1	2435.747	89.00	35.15105	102.70531	-19.833	9.112	0.000	-1.756	-16.777	-35.000	2500.000
4283	389120	1	2427.697	89.00	35.59540	104.45834	-15.756	15.671	0.000	-5.472	-17.747	-49.000	2500.000
4284	389150	1	2351.944	89.00	32.78407	104.50333	-44.994	3.024	0.000	-2.697	-73.388	-30.000	2500.000
4285	389259	1	2133.965	90.00	33.41429	102.60085	-90.488	33.729	-100.000	-34.241	-66.035	-109.000	2500.000
4286	389319	1	2400.629	90.00	33.46658	104.39108	-18.678	18.064	0.000	-20.734	-18.023	-60.000	2500.000
4287	389420	1	2274.156	90.00	34.67360	103.51899	-79.485	29.396	0.000	-23.226	-51.529	-101.000	2500.000
4288	389523	1	2245.604	90.00	30.94371	102.57976	-121.070	12.587	0.000	-12.408	-30.506	-103.000	2500.000
4289	389553	1	2355.445	90.00	33.45699	103.35769	-16.688	10.594	-80.000	-2.473	-25.988	-30.000	2500.000
4290	389601	1	2238.701	91.00	34.80322	102.48980	-31.693	13.429	-160.000	-1.504	-33.531	-48.000	2500.000
4291	389735	1	2179.838	91.00	32.54852	103.49986	-121.246	33.890	0.000	-26.677	-72.129	-134.000	2500.000
4292	389833	1	2136.934	91.00	35.90783	103.02652	-63.886	22.974	-160.000	-24.149	-40.006	-98.000	2500.000
4293	389904	2	-2207.093	90.00	32.52236	103.92825	-26.892	13.601	-100.000	-8.197	-14.605	-71.000	-2000.000
4294	389967	1	2157.015	90.00	32.39751	104.76714	-72.560	26.691	-120.000	-19.231	-94.884	-63.000	2500.000
4295	390026	2	-2438.986	89.00	30.27507	103.47617	-81.653	4.293	-240.000	-17.047	-45.578	-59.000	-2000.000
4296	390066	1	2286.031	89.00	34.25128	103.90565	-33.364	14.207	-120.000	-2.143	-32.669	-40.000	2500.000
4297	390114	1	2437.967	89.00	31.06807	104.03706	-15.625	16.598	0.000	-7.680	-7.327	-48.000	2500.000
4298	390281	4	-512.022	88.00	34.10979	102.81965	-177.986	50.586	0.000	-76.010	-141.611	-167.000	0.000
4299	390338	1	2385.733	88.00	34.95236	103.46555	-50.605	12.450	0.000	-1.609	-17.503	-57.000	2500.000
4300	390382	2	-2205.761	87.00	32.33676	104.34749	-41.587	15.017	-80.000	-5.208	-49.983	-44.000	-2000.000
4301	390437	2	-2270.724	86.00	31.82102	103.57017	-60.980	2.545	-100.000	-16.064	-41.225	-55.000	-2000.000
4302	390590	1	1909.808	86.00	33.19468	102.86849	-175.174	43.783	-140.000	-27.742	-138.059	-153.000	2500.000
4303	390628	1	2428.960	86.00	36.44057	102.54552	-19.015	14.227	0.000	-3.057	-25.195	-38.000	2500.000
4304	390668	1	2442.371	87.00	34.03303	103.57938	-15.921	13.414	0.000	-4.620	-10.503	-40.000	2500.000
4305	390728	2	-2564.644	87.00	33.95591	102.96082	-50.892	0.512	-160.000	-190.388	-103.875	-60.000	-2000.000
4306	390814	1	1932.322	87.00	35.47752	102.46580	-107.405	7.258	-240.000	-49.995	-91.535	-86.000	2500.000
4307	390958	1	2147.234	87.00	31.87413	102.51121	-149.571	36.764	-20.000	-8.472	-67.486	-144.000	2500.000
4308	391127	1	1919.839	87.00	35.03086	103.61847	-163.831	39.853	-120.000	-58.649	-108.534	-169.000	2500.000
4309	391157	1	2456.387	87.00	33.26263	103.23363	-14.910	10.663	0.000	-1.730	-7.635	-30.000	2500.000
4310	391187	1	2336.530	87.00	31.97065	104.36772	-39.763	2.561	-40.000	-4.479	-51.789	-30.000	2500.000
4311	391295	1	2257.394	87.00	33.24331	103.78957	-56.238	45.398	-60.000	-29.129	-34.636	-108.000	2500.000
4312	391597	1	1454.703	87.00	33.23884	104.17765	-224.106	108.376	-280.000	-121.332	-226.235	-302.000	2500.000
4313	391691	1	2296.174	87.00	32.82225	103.75477	-51.243	27.281	0.000	-24.350	-61.513	-94.000	2500.000
4314	391765	1	2397.658	87.00	33.99246	104.07624	-37.205	26.952	0.000	-1.677	-16.412	-74.000	2500.000
4315	391931	2	-3081.168	86.00	35.01806	103.93509	-77.082	33.988	-760.000	-30.216	-81.858	-166.000	-2000.000
4316	391983	1	2329.670	86.00	35.68098	103.78557	-22.807	17.861	-40.000	-34.831	-38.552	-52.000	2500.000
4317	392065	1	2320.964	86.00	33.85367	102.88229	-65.507	30.089	0.000	-7.470	-54.148	-82.000	2500.000
4318	392165	1	2129.893	86.00	34.34415	103.24869	-107.402	21.890	-60.000	-27.114	-97.481	-100.000	2500.000
4319	392374	1	1913.558	86.00	33.45891	103.38594	-245.094	45.305	0.000	-61.911	-115.743	-209.000	2500.000
4320	392404	1	2359.849	86.00	37.05436	103.80725	-44.521	4.790	0.000	-1.859	-68.561	-30.000	2500.000
4321	392573	1	1768.216	86.00	32.72095	104.44240	-190.349	52.158	-220.000	-43.242	-161.351	-169.000	2500.000
4322	392706	1	2213.220	86.00	33.86181	103.14297	-85.792	38.290	-60.000	-10.832	-35.447	-133.000	2500.000
4323	392778	1	2271.391	87.00	36.44265	102.68279	-80.889	2.581	0.000	-21.034	-57.268	-72.000	2500.000
4324	392927	1	2222.183	87.00	33.95678	103.15667	-64.876	55.426	0.000	-72.102	-47.265	-149.000	2500.000
4325	393133	1	2076.462	87.00	34.31427	103.81858	-123.328	59.339	0.000	-57.532	-96.017	-206.000	2500.000
4326	393263	1	2113.247	87.00	34.54129	103.85859	-55.474	36.570	-160.000	-17.387	-60.462	-130.000	2500.000
4327	393431	1	2216.597	87.00	33.93107	103.41325	-107.992	54.628	0.000	-27.550	-34.488	-168.000	2500.000
4328	393469	1	2353.093	87.00	33.51124	103.06573	-22.218	11.802	-80.000	-0.899	-17.593	-38.000	2500.000
4329	393569	1	2267.435	87.00	37.21549	103.41779	-88.590	25.142	0.000	-13.100	-56.017	-100.000	2500.000
4330	393604	1	2438.945	87.00	35.20079	102.00996	-18.402	8.725	0.000	-4.245	-12.133	-35.000	2500.000
4331	393634	1	2363.653	87.00	31.49951	104.05616	-45.028	-1.609	0.000	-2.598	-57.112	-30.000	2500.000
4332	393664	1	2442.744	87.00	29.70354	103.07724	-19.177	8.566	0.000	-0.787	-15.857	-30.000	2500.000
4333	393695	1	2433.071	87.00	36.61999	104.03590	-22.605	7.884	0.000	-3.040	-18.167	-31.000	2500.000
4334	393787	1	2264.671	88.00	35.10001	102.36108	-37.265	31.261	-80.000	-30.888	-26.437	-92.000	2500.000
4335	393879	1	2270.490	88.00	34.28202	102.73244	-68.660	26.486	0.000	-25.731	-69.605	-92.000	2500.000
4336	393926	1	2412.629	88.00	29.98617	102.15824	-25.579	13.155	0.000	-10.499	-17.448	-47.000	2500.000
4337	394054	1	2256.757	88.00	34.48777	103.86196	-79.482	42.206	0.000	-16.519	-61.448	-128.000	2500.000
4338	394105	2	-2241.402	87.00	34.06398	103.63830	-54.302	3.732	-60.000	-14.829	-65.004	-51.000	-2000.000
4339	394188	1	2290.174	87.00	36.65943	102.38043	-80.460	18.403	0.000	-12.792	-51.978	-83.000	2500.000
4340	394431	1	1955.450	87.00	33.46916	103.37738	-215.995	89.767	0.000	-80.598	-94.724	-243.000	2500.000
4341	394461	1	2449.876	87.00	33.29587	103.73067	-21.277	10.231	0.000	-2.031	-7.047	-30.000	2500.000
4342	394569	1	2316.693	87.00	33.96608	102.45673	-75.541	25.666	0.000	-6.253	-19.178	-108.000	2500.000
4343	394599	2	-2370.774	86.00	32.48481	104.03479	-17.822	7.707	-280.000	-12.135	-38.524	-30.000	-2000.000
4344	394817	4	-1001.285	85.00	33.40283	103.08616	-295.647	30.518	-320.000	-53.437	-144.719	-218.000	0.000
4345	394911	1	1958.720	85.00	33.33371	103.25974	-118.760	13.998	-240.000	-13.325	-89.192	-94.000	2500.000
4346	394992	1	2373.925	86.00	35.44125	103.98666	-35.078	26.701	0.000	-14.537	-22.162	-81.000	2500.000
4347	395142	1	1824.496	86.00	36.15488	103.27869	-157.852	24.371	-340.000	-17.198	-34.825	-150.000	2500.000
4348	395194	1	2418.159	86.00	35.48174	103.47885	-29.606	16.330	0.000	-3.821	-12.745	-52.000	2500.000
4349	395257	1	2424.292	86.00	30.72314	103.80086	-23.137	23.166	0.000	-2.292	-10.445	-63.000	2500.000
4350	395301	2	-2194.544	85.00	36.21754	103.68234	-33.962	9.625	-80.000	-4.765	-41.442	-44.000	-2000.000
4351	395467	1	2035.210	86.00	33.03575	103.32578	-199.734	90.919	-40.000	-33.140	-116.835	-166.000	2500.000
4352	395554	1	2366.951	86.00	31.33793	102.76476	-39.164	29.951	0.000	-4.875	-31.961	-87.000	2500.000
4353	395697	2	-2501.581	85.00	35.33356	102.75786	-151.721	13.953	-80.000	-81.423	-59.390	-143.000	-2000.000
4354	395784	1	2298.304	85.00	33.29319	102.30173	-62.371	21.797	0.000	-9.241	-64.881	-87.000	2500.000
4355	395814	1	2455.376	85.00	36.75361	102.72966	-16.402	11.895	0.000	-0.563	-9.555	-30.000	2500.000
4356	395906	1	2321.254	85.00	30.69952	102.67323	-65.037	28.533	0.000	-22.943	-27.300	-92.000	2500.000
4357	396036	1	2218.279	85.00	32.08661	103.33801	-104.314	41.850	0.000	-31.653	-57.604	-130.000	2500.000
4358	396125	1	2330.898	85.00	32.78310	103.21059	-66.805	22.120	0.000	-4.760	-30.656	-89.000	2500.000
4359	396278	2	-2900.262	84.00	34.25740	103.06080	-227.797	60.679	-380.000	-54.490	-145.654	-153.000	-2000.000
4360	396318	1	2366.267	84.00	39.36930	103.72300	-37.270	12.201	-20.000	-2.449	-46.215	-40.000	2500.000
4361	396393	1	2330.473	84.00	30.32009	102.79411	-53.794	17.912	0.000	-9.207	-49.438	-75.000	2500.000
4362	396448	1	2402.873	85.00	33.74891	103.64281	-20.420	17.246	-20.000	-5.968	-12.985	-55.000	2500.000
4363	396485	1	2415.843	85.00	35.60275	103.16476	-31.952	18.563	0.000	-0.317	-33.452	-37.000	2500.000
4364	396599	1	2295.174	85.00	33.37209	103.58064	-79.635	45.183	0.000	-16.547	-39.827	-114.000	2500.000
4365	396629	1	2362.107	85.00	30.92851	103.73630	-45.764	5.545	0.000	-3.174	-64.499	-30.000	2500.000
4366	396673	2	-2157.520	84.00	34.28598	102.33369	-35.413	7.057	-40.000	-15.273	-29.891	-44.000	-2000.000
4367	396811	1	1970.400	85.00	32.02849	103.54124	-165.380	17.223	-40.000	-54.287	-149.156	-138.000	2500.000
4368	396904	1	2272.483	86.00	33.29898	103.31311	-83.826	20.640	0.000	-12.264	-59.068	-93.000	2500.000
4369	396994	1	2340.193	86.00	32.96011	102.48673	-52.331	25.280	0.000	-13.562	-29.194	-90.000	2500.000
4370	397091	1	2281.884	86.00	35.11799	102.76247	-83.549	19.675	0.000	-17.252	-39.990	-97.000	2500.000
4371	397144	2	-2211.238	85.00	35.71613	103.66100	-23.466	11.970	-60.000	-55.887	-30.855	-53.000	-2000.000
4372	397204	1	2255.652	85.00	33.08114	103.35593	-26.813	22.158	-100.000	-25.864	-53.829	-60.000	2500.000
4373	397309	1	2324.527	85.00	35.00040	103.32353	-42.537	31.894	0.000	-27.070	-32.759	-105.000	2500.000
4374	397370	2	-2247.773	84.00	33.29499	102.84805	-64.670	1.935	-60.000	-21.210	-42.828	-61.000	-2000.000
4375	397404	1	2421.287	84.00	33.23953	102.51637	-20.340	8.093	0.000	-2.396	-30.070	-34.000	2500.000
4376	397521	1	2194.709	84.00	34.98396	104.17380	-141.167	11.349	0.000	-8.808	-49.665	-117.000	2500.000
4377	397551	1	2369.259	84.00	31.23270	102.21406	-33.113	14.640	0.000	-12.741	-69.527	-30.000	2500.000
4378	397581	1	2389.244	84.00	29.01550	103.66111	-42.052	3.990	0.000	-1.091	-41.603	-30.000	2500.000
4379	397646	1	2356.498	84.00	36.35853	102.74459	-34.128	20.140	-40.000	-2.515	-21.999	-65.000	2500.000
4380	397718	1	2361.334	84.00	34.33721	103.68026	-66.178	24.885	0.000	-6.756	-18.617	-72.000	2500.000
4381	397811	1	2359.582	84.00	34.26522	103.62999	-49.192	33.746	0.000	-8.047	-23.925	-93.000	2500.000
4382	397920	1	2187.250	84.00	33.55854	103.71481	-78.306	36.431	-120.000	-10.850	-31.025	-109.000	2500.000
4383	397990	1	2379.966	84.00	35.57947	102.61085	-23.658	25.383	0.000	-12.229	-39.530	-70.000	2500.000
4384	398028	2	-2386.918	83.00	41.20057	104.29938	-30.811	4.628	-260.000	-23.420	-39.314	-38.000	-2000.000
4385	398083	1	2368.889	83.00	36.06603	102.99467	-46.409	9.968	0.000	-18.266	-21.404	-55.000	2500.000
4386	398223	2	-2526.305	82.00	32.91948	103.26616	-178.699	8.404	-100.000	-28.871	-87.138	-140.000	-2000.000
4387	398376	1	1722.150	82.00	33.15878	103.40324	-172.884	1.882	-160.000	-57.963	-235.885	-153.000	2500.000
4388	398438	2	-2369.142	81.00	31.65265	104.07864	-68.682	9.662	-160.000	-40.946	-47.176	-62.000	-2000.000
4389	398547	1	2251.083	81.00	33.75875	103.19260	-107.029	19.078	0.000	-20.935	-31.030	-109.000	2500.000
4390	398752	1	1968.985	81.00	34.35804	103.54890	-164.165	48.517	-100.000	-30.823	-79.545	-205.000	2500.000
4391	398847	1	2163.602	81.00	32.78523	104.22830	-61.634	30.484	-80.000	-57.493	-72.755	-95.000	2500.000
4392	398895	1	2404.699	81.00	34.34852	103.08712	-25.524	14.432	0.000	-12.279	-23.930	-48.000	2500.000
4393	398993	2	-2538.443	81.00	35.95589	103.60345	-63.397	13.829	-260.000	-66.040	-64.835	-98.000	-2000.000
4394	399083	1	2163.636	81.00	32.67437	102.45543	-68.608	29.637	-120.000	-27.229	-60.164	-90.000	2500.000
4395	399172	1	2394.015	82.00	33.90812	103.09753	-26.263	33.354	0.000	-3.134	-20.942	-89.000	2500.000
4396	399293	1	2109.466	82.00	36.53634	103.62778	-131.398	31.805	0.000	-47.302	-122.640	-121.000	2500.000
4397	399348	1	2167.600	82.00	34.39210	104.13082	-61.778	6.998	-160.000	-11.419	-51.200	-55.000	2500.000
4398	399417	1	2413.896	83.00	34.79697	103.82133	-21.736	25.917	0.000	-4.563	-16.722	-69.000	2500.000
4399	399496	1	2353.360	83.00	34.18810	102.88956	-53.712	19.114	0.000	-1.407	-31.635	-79.000	2500.000
4400	399615	1	2276.415	84.00	33.88591	103.70425	-72.585	30.068	0.000	-25.654	-36.414	-119.000	2500.000
4401	399645	1	2385.380	85.00	34.54673	102.90504	-44.337	-3.036	0.000	-0.998	-36.249	-30.000	2500.000
4402	399864	4	-1246.238	84.00	32.07893	102.91901	-261.103	69.982	-500.000	-184.319	-151.798	-219.000	0.000
4403	399965	1	2026.356	84.00	32.84393	104.01030	-78.794	23.302	-240.000	-20.975	-56.176	-101.000	2500.000
4404	400152	4	-665.506	83.00	32.93309	103.34346	-252.015	40.969	-140.000	-23.425	-104.035	-187.000	0.000
4405	400273	1	2336.310	84.00	33.84058	103.05890	-50.227	45.115	0.000	-12.720	-24.858	-121.000	2500.000
4406	400385	1	2285.478	84.00	34.34533	102.53448	-53.998	31.438	0.000	-9.292	-70.670	-112.000	2500.000
4407	400451	1	2201.905	84.00	34.87113	103.32288	-110.915	-3.734	0.000	-32.897	-84.548	-66.000	2500.000
4408	400518	1	2369.325	84.00	34.22915	102.68773	-57.994	12.452	0.000	-6.776	-11.358	-67.000	2500.000
4409	400758	1	1683.434	84.00	32.54413	102.77952	-225.022	111.200	-180.000	-112.950	-169.793	-240.000	2500.000
4410	400878	1	2289.920	84.00	34.38066	103.52998	-74.368	32.502	0.000	-18.331	-29.883	-120.000	2500.000
4411	400908	1	2337.752	84.00	34.61706	104.57958	-47.602	3.652	0.000	-14.027	-74.270	-30.000	2500.000
4412	400984	1	2413.236	84.00	35.74773	102.84010	-17.856	29.033	0.000	-10.637	-11.303	-76.000	2500.000
4413	401090	1	2254.664	84.00	34.51678	102.90511	-89.060	34.435	-20.000	-9.485	-55.226	-106.000	2500.000
4414	401120	1	2454.816	84.00	32.73167	103.03374	-12.992	12.491	0.000	-5.227	-9.457	-30.000	2500.000
4415	401208	1	2371.495	85.00	33.98016	102.90650	-40.104	28.211	0.000	-5.506	-23.106	-88.000	2500.000
4416	401242	1	2426.169	85.00	39.24626	104.27126	-19.495	8.188	0.000	-1.270	-27.254	-34.000	2500.000
4417	401303	1	2383.987	85.00	33.71067	103.17672	-22.186	18.362	0.000	-26.098	-25.090	-61.000	2500.000
4418	401354	2	-2169.983	84.00	34.68186	103.54403	-31.438	10.337	-80.000	-4.045	-13.836	-51.000	-2000.000
4419	401432	2	-2631.474	83.00	36.90609	103.71291	-93.985	27.423	-280.000	-88.568	-118.345	-78.000	-2000.000
4420	401504	1	2333.630	83.00	32.12219	103.51686	-40.767	22.341	0.000	-29.486	-46.458	-72.000	2500.000
4421	401626	1	2292.541	83.00	33.10655	102.73135	-51.261	37.600	0.000	-29.971	-41.826	-122.000	2500.000
4422	401656	1	2459.776	83.00	36.79228	103.52851	-15.532	11.819	0.000	-1.541	-4.970	-30.000	2500.000
4423	401712	1	2421.112	83.00	31.94124	102.63361	-28.490	18.264	0.000	-2.094	-10.569	-56.000	2500.000
4424	401865	1	1772.381	83.00	33.94889	103.60322	-129.720	50.520	-320.000	-55.089	-120.330	-153.000	2500.000
4425	402103	4	-1266.758	82.00	33.56908	103.46895	-237.662	77.532	-420.000	-209.157	-239.470	-238.000	0.000
4426	402151	1	2439.512	82.00	34.44829	103.46864	-15.976	16.523	0.000	-1.131	-11.904	-48.000	2500.000
4427	402181	2	-2246.735	81.00	34.85363	103.20959	-43.570	-4.642	-100.000	-19.803	-48.721	-30.000	-2000.000
4428	402232	1	2397.153	81.00	32.97301	102.59733	-29.060	15.102	0.000	-4.064	-33.824	-51.000	2500.000
4429	402283	1	2416.136	81.00	34.65238	102.26529	-30.378	16.224	0.000	-2.341	-16.369	-51.000	2500.000
4430	402371	1	2352.314	81.00	36.39519	102.16999	-42.426	24.777	0.000	-14.354	-27.683	-88.000	2500.000
4431	402507	1	2168.788	81.00	32.69921	102.21227	-158.001	6.284	0.000	-8.088	-35.407	-136.000	2500.000
4432	402537	1	2349.504	81.00	33.86853	102.69526	-45.819	4.225	0.000	-0.557	-78.345	-30.000	2500.000
4433	402567	1	2356.081	81.00	37.15065	102.83176	-45.806	1.515	0.000	-10.116	-59.511	-30.000	2500.000
4434	402635	1	2414.617	81.00	36.94736	103.67574	-26.256	25.188	0.000	-1.224	-15.091	-68.000	2500.000
4435	402774	1	2249.829	81.00	33.46730	102.75378	-79.722	41.545	0.000	-13.346	-59.648	-139.000	2500.000
4436	402976	1	2102.742	81.00	35.22482	103.19214	-173.563	48.311	0.000	-17.294	-52.711	-202.000	2500.000
4437	403200	2	-2861.188	80.00	34.49076	102.52443	-229.373	9.587	-180.000	-89.883	-147.519	-224.000	-2000.000
4438	403284	1	2212.186	81.00	35.64339	102.31876	-64.259	36.776	-120.000	-11.208	-45.123	-84.000	2500.000
4439	403341	1	2433.467	81.00	33.11484	102.60307	-18.038	20.640	0.000	-0.678	-11.457	-57.000	2500.000
4440	403466	1	2281.482	81.00	32.55703	102.75597	-70.183	34.921	0.000	-10.537	-47.719	-125.000	2500.000
4441	403538	1	1943.558	81.00	35.24118	103.23990	-64.946	23.483	-300.000	-47.779	-95.200	-72.000	2500.000
4442	403586	1	2266.449	81.00	31.89630	101.41216	-21.023	14.647	-160.000	-11.702	-7.474	-48.000	2500.000
4443	403768	1	1724.682	82.00	32.41320	103.02900	-130.323	61.779	-360.000	-48.739	-116.034	-182.000	2500.000
4444	403815	2	-2158.083	82.00	34.26865	103.49994	-16.967	6.430	-60.000	-15.968	-24.579	-47.000	-2000.000
4445	403873	1	2392.179	82.00	34.46859	103.56982	-33.465	18.333	0.000	-4.230	-30.459	-58.000	2500.000
4446	403945	1	2153.525	82.00	29.84632	102.23103	-31.121	24.026	-240.000	-5.995	-21.385	-72.000	2500.000
4447	404045	1	2238.954	82.00	32.84278	102.62296	-72.016	32.716	-80.000	-9.312	-32.434	-100.000	2500.000
4448	404107	1	2363.664	82.00	35.76597	103.87447	-23.500	17.069	0.000	-17.722	-50.184	-62.000	2500.000
4449	404358	1	1547.794	82.00	34.99734	103.31387	-267.382	126.380	-240.000	-120.684	-199.519	-251.000	2500.000
4450	404592	1	1692.850	83.00	34.55197	102.94498	-241.483	42.412	-280.000	-14.685	-79.394	-234.000	2500.000
4451	404647	1	2395.537	83.00	31.30689	102.32019	-27.280	19.644	0.000	-8.959	-32.868	-55.000	2500.000
4452	404706	1	2368.092	83.00	31.47515	102.63282	-40.404	14.971	0.000	-2.728	-44.748	-59.000	2500.000
4453	404846	1	2277.569	84.00	30.86647	102.51764	-45.959	43.091	-40.000	-10.440	-29.123	-140.000	2500.000
4454	404962	1	1980.669	84.00	34.42954	103.25755	-158.332	32.038	-120.000	-13.161	-143.875	-116.000	2500.000
4455	405017	1	2418.945	84.00	32.77639	101.58543	-20.508	18.247	0.000	-8.698	-15.096	-55.000	2500.000
4456	405063	2	-2247.703	83.00	32.86732	103.53974	-89.387	-3.446	-80.000	-4.351	-24.518	-46.000	-2000.000
4457	405178	1	2035.962	83.00	34.77031	103.09997	-108.371	28.931	-160.000	-15.802	-93.796	-115.000	2500.000
4458	405215	1	2416.260	83.00	32.86942	103.55528	-24.102	9.580	0.000	-1.370	-30.849	-37.000	2500.000
4459	405286	1	2411.660	84.00	35.62027	104.02579	-21.230	22.681	0.000	-6.034	-12.757	-71.000	2500.000
4460	405316	1	2341.558	84.00	34.58158	101.77551	-43.300	5.858	-40.000	-2.383	-48.618	-30.000	2500.000
4461	405395	1	1736.981	84.00	34.30204	102.67933	-48.953	20.264	-600.000	-9.433	-45.897	-79.000	2500.000
4462	405426	2	-2190.313	83.00	32.19290	102.43614	-40.175	5.316	-80.000	-10.600	-33.855	-31.000	-2000.000
4463	405456	1	2292.989	83.00	38.84290	102.65359	-14.467	10.777	-140.000	-6.876	-26.444	-30.000	2500.000
4464	405553	1	2128.187	83.00	35.80774	103.59766	-82.192	21.707	-180.000	-10.588	-23.740	-97.000	2500.000
4465	405667	1	2331.153	83.00	31.89886	103.06444	-50.778	32.639	0.000	-7.667	-29.042	-114.000	2500.000
4466	405826	1	2088.642	84.00	33.49632	102.42462	-114.173	46.117	-80.000	-32.463	-71.838	-159.000	2500.000
4467	406006	1	2172.097	84.00	35.04769	103.20071	-138.763	53.812	0.000	-12.204	-50.749	-180.000	2500.000
4468	406197	1	1996.051	84.00	33.65918	102.17169	-107.604	52.621	-100.000	-76.007	-81.959	-191.000	2500.000
4469	406393	1	2172.712	84.00	34.81432	102.21449	-126.847	52.417	0.000	-13.132	-43.725	-196.000	2500.000
4470	406531	1	1858.966	84.00	34.74939	103.45260	-123.643	38.204	-320.000	-20.571	-77.024	-138.000	2500.000
4471	406652	1	2267.546	85.00	34.79232	103.34307	-107.798	36.315	0.000	-12.273	-27.698	-121.000	2500.000
4472	406682	1	2469.822	85.00	28.55078	101.84282	-2.776	8.623	0.000	-2.768	-3.258	-30.000	2500.000
4473	406717	2	-2207.638	84.00	33.27736	103.72115	-40.685	1.615	-100.000	-1.137	-32.431	-35.000	-2000.000
4474	406772	1	2332.224	85.00	32.01767	102.19066	-47.704	8.745	0.000	-9.195	-64.622	-55.000	2500.000
4475	406896	1	2258.359	85.00	33.92593	102.92793	-83.715	41.035	0.000	-21.235	-53.726	-124.000	2500.000
4476	407004	1	2309.556	85.00	33.70626	102.79290	-72.571	24.240	0.000	-5.648	-28.464	-108.000	2500.000
4477	407071	1	2393.832	85.00	32.48044	103.04312	-36.684	20.523	0.000	-7.038	-15.969	-67.000	2500.000
4478	407201	1	1941.930	85.00	32.19202	102.97149	-139.794	51.033	-220.000	-17.267	-102.042	-130.000	2500.000
4479	407340	1	2060.176	85.00	34.05509	102.46045	-121.346	44.807	-100.000	-57.077	-67.208	-139.000	2500.000
4480	407556	1	1905.802	85.00	34.66889	103.40909	-102.481	80.849	-260.000	-33.936	-62.630	-216.000	2500.000
4481	407692	1	2298.529	85.00	34.56990	101.86869	-61.534	39.306	0.000	-8.957	-34.287	-136.000	2500.000
4482	407756	2	-2518.911	84.00	35.86551	102.57623	-31.605	4.865	-240.000	-114.028	-74.142	-64.000	-2000.000
4483	407817	1	2076.630	84.00	31.22791	102.48788	-50.495	5.539	-220.000	-47.914	-49.500	-61.000	2500.000
4484	407960	1	2120.673	85.00	32.86935	102.76508	-152.403	19.115	0.000	-41.532	-61.508	-143.000	2500.000
4485	408085	1	2113.098	85.00	32.23713	103.21710	-110.529	22.376	-60.000	-39.561	-74.188	-125.000	2500.000
4486	408232	1	2177.787	86.00	35.94742	103.08530	-124.435	49.956	0.000	-8.277	-92.456	-147.000	2500.000
4487	408302	1	2332.782	86.00	32.43150	103.53737	-30.489	23.822	-60.000	-10.311	-20.240	-70.000	2500.000
4488	408434	1	2066.481	87.00	32.62090	102.94328	-72.223	36.077	-220.000	-14.048	-31.325	-132.000	2500.000
4489	408664	1	2105.999	87.00	34.42012	102.56451	-163.935	81.475	0.000	-27.876	-53.666	-230.000	2500.000
4490	408755	1	2350.685	87.00	32.49229	101.67766	-57.019	29.115	0.000	-7.783	-22.628	-91.000	2500.000
4491	408876	1	2216.019	87.00	33.67717	102.46146	-108.424	27.024	0.000	-43.321	-38.260	-121.000	2500.000
4492	408906	1	2395.072	87.00	37.37066	103.29007	-31.449	14.610	0.000	-8.532	-49.556	-30.000	2500.000
4493	408936	1	2411.193	88.00	33.10780	103.23216	-35.278	10.922	0.000	-4.157	-30.293	-30.000	2500.000
4494	409111	1	2172.916	88.00	34.13822	102.31247	-134.196	71.628	0.000	-12.361	-77.155	-175.000	2500.000
4495	409227	1	2264.725	88.00	33.78345	103.11942	-78.126	28.596	0.000	-10.116	-59.628	-116.000	2500.000
4496	409313	1	2373.863	88.00	32.55178	102.94112	-30.130	26.354	0.000	-8.151	-28.210	-86.000	2500.000
4497	409350	1	2404.715	88.00	38.41722	102.19929	-32.530	8.166	0.000	-0.230	-33.691	-37.000	2500.000
4498	409487	1	1441.998	88.00	33.72023	102.18324	-195.163	3.654	-580.000	-25.470	-124.023	-137.000	2500.000
4499	409586	1	2048.525	88.00	30.92734	102.08978	-90.534	42.588	-200.000	-20.373	-84.155	-99.000	2500.000
4500	409737	1	2026.099	88.00	34.19109	102.04906	-104.330	50.545	-220.000	-10.616	-38.500	-151.000	2500.000
4501	409803	1	2226.492	88.00	34.14720	102.93931	-60.045	21.210	-80.000	-33.349	-55.323	-66.000	2500.000
4502	409983	1	2075.340	89.00	33.76775	102.89982	-153.033	49.966	-20.000	-38.983	-82.610	-180.000	2500.000
4503	410050	2	-2232.349	88.00	35.93845	102.64005	-48.834	16.441	-80.000	-5.848	-47.108	-67.000	-2000.000
4504	410182	1	2266.821	89.00	33.11460	102.02995	-90.087	38.446	0.000	-22.118	-27.420	-132.000	2500.000
4505	410269	1	2377.285	89.00	32.84916	102.69572	-43.578	26.850	0.000	-7.402	-11.585	-87.000	2500.000
4506	410383	1	2328.408	89.00	35.10789	102.54992	-61.204	45.351	0.000	-7.182	-34.557	-114.000	2500.000
4507	410538	1	2220.217	89.00	32.91256	102.19397	-108.563	34.508	0.000	-9.447	-41.281	-155.000	2500.000
4508	410568	1	2361.213	89.00	35.19033	101.94182	-44.503	5.668	0.000	-2.254	-67.698	-30.000	2500.000
4509	410664	1	2399.915	89.00	36.52799	102.13885	-23.100	36.083	0.000	-5.062	-12.005	-96.000	2500.000
4510	410708	1	2359.832	89.00	37.31929	101.95461	-38.475	4.686	0.000	-13.307	-49.071	-44.000	2500.000
4511	410840	1	2121.637	89.00	31.67529	102.12631	-54.594	44.970	-180.000	-18.489	-38.251	-132.000	2500.000
4512	410969	1	2160.306	89.00	33.01178	102.28031	-75.904	40.864	-100.000	-18.866	-56.789	-129.000	2500.000
4513	411134	1	2135.601	89.00	33.21270	102.49274	-143.636	58.974	0.000	-50.076	-64.661	-165.000	2500.000
4514	411181	2	-2180.614	88.00	30.81313	101.77168	-45.705	2.840	-60.000	-9.089	-21.660	-47.000	-2000.000
4515	411357	1	1874.828	88.00	34.48869	102.66995	-215.251	19.613	-40.000	-76.900	-136.633	-176.000	2500.000
4516	411437	1	2397.068	88.00	33.59076	102.56111	-22.741	23.717	0.000	-4.761	-19.147	-80.000	2500.000
4517	411577	1	1694.647	88.00	35.04868	101.73302	-143.877	44.675	-460.000	-9.229	-96.922	-140.000	2500.000
4518	411650	1	2397.375	89.00	32.60885	101.45715	-33.850	23.945	0.000	-2.423	-17.298	-73.000	2500.000
4519	411813	1	1963.953	90.00	32.38587	102.54980	-206.120	32.463	-100.000	-24.760	-74.630	-163.000	2500.000
4520	411847	1	2456.310	90.00	33.95370	102.24754	-10.063	11.504	0.000	-2.771	-8.359	-34.000	2500.000
4521	411877	1	2451.760	90.00	34.51455	102.97423	-18.459	11.324	0.000	-0.241	-10.864	-30.000	2500.000
4522	411947	1	2193.376	90.00	34.29815	102.57796	-63.691	23.465	-100.000	-34.897	-61.501	-70.000	2500.000
4523	412087	1	1774.686	90.00	35.03132	102.97465	-158.135	17.413	-380.000	-22.108	-42.483	-140.000	2500.000
4524	412157	1	2412.312	90.00	35.14338	102.47758	-30.451	21.411	0.000	-1.303	-7.346	-70.000	2500.000
4525	412252	1	2373.687	91.00	31.75845	102.65332	-47.011	30.369	0.000	-1.401	-13.270	-95.000	2500.000
4526	412295	1	2440.762	91.00	35.61182	103.17943	-17.184	13.609	0.000	-1.770	-10.894	-43.000	2500.000
4527	412358	2	-2200.377	91.00	36.92374	102.55643	-58.730	1.688	-40.000	-5.807	-34.528	-63.000	-2000.000
4528	412504	1	2143.813	91.00	33.27853	102.24855	-121.137	29.305	0.000	-23.261	-95.094	-146.000	2500.000
4529	412572	2	-2358.497	90.00	31.51127	101.54027	-72.656	6.187	-60.000	-92.372	-71.656	-68.000	-2000.000
4530	412696	1	2231.432	90.00	36.41564	101.59835	-100.672	27.274	0.000	-27.070	-44.100	-124.000	2500.000
4531	412834	1	2279.428	90.00	32.59377	102.31354	-69.164	51.409	0.000	-21.971	-42.846	-138.000	2500.000
4532	412898	1	2375.965	90.00	35.09414	100.92135	-35.701	17.090	0.000	-7.674	-33.750	-64.000	2500.000
4533	412934	2	-2416.832	89.00	33.40252	101.20605	-44.282	1.941	-240.000	-39.989	-58.501	-36.000	-2000.000
4534	412982	2	-2165.193	88.00	36.04947	102.08847	-37.402	6.802	-60.000	-5.754	-20.838	-48.000	-2000.000
4535	413038	1	2413.708	88.00	32.63001	101.96350	-32.483	22.246	0.000	-1.447	-18.608	-56.000	2500.000
4536	413246	1	2120.437	88.00	33.59324	102.40229	-135.572	61.117	0.000	-37.985	-59.124	-208.000	2500.000
4537	413457	1	2187.629	89.00	33.36127	102.59422	-86.632	80.351	0.000	-32.011	-63.079	-211.000	2500.000
4538	413528	2	-2289.205	88.00	31.73458	102.73785	-57.990	4.792	-100.000	-20.956	-44.052	-71.000	-2000.000
4539	413565	1	2376.218	88.00	35.49023	102.75518	-31.994	7.371	0.000	-8.675	-53.483	-37.000	2500.000
4540	413695	1	1966.475	88.00	32.41755	102.42813	-124.227	22.504	-220.000	-30.201	-51.600	-130.000	2500.000
4541	413889	1	2016.424	88.00	33.39669	102.00268	-165.999	62.046	-80.000	-20.878	-84.745	-194.000	2500.000
4542	413934	1	2342.734	88.00	30.98732	102.39527	-64.317	1.848	0.000	-3.803	-45.993	-45.000	2500.000
4543	413969	1	2402.974	88.00	36.95288	101.97116	-39.609	14.403	0.000	-1.840	-34.980	-35.000	2500.000
4544	414121	1	2033.511	89.00	32.82986	102.75175	-122.800	60.155	-120.000	-60.399	-71.445	-152.000	2500.000
4545	414227	2	-2502.686	88.00	33.42428	102.38538	-112.175	19.341	-160.000	-55.614	-88.238	-106.000	-2000.000
4546	414389	2	-2780.585	87.00	34.12357	102.12247	-147.829	56.355	-380.000	-67.067	-80.044	-162.000	-2000.000
4547	414419	2	-2204.478	86.00	30.80855	101.75656	-15.778	2.219	-120.000	-11.168	-29.752	-30.000	-2000.000
4548	414496	2	-2244.039	85.00	35.84092	102.28947	-73.566	14.614	-40.000	-9.780	-58.306	-77.000	-2000.000
4549	414526	1	2421.740	85.00	33.11829	101.70946	-23.607	10.860	0.000	-7.389	-28.125	-30.000	2500.000
4550	414646	1	2234.061	85.00	32.64148	102.22916	-66.284	42.778	0.000	-56.149	-66.284	-120.000	2500.000
4551	414677	2	-2146.364	84.00	31.60176	103.34486	-31.278	0.715	-40.000	-15.782	-29.019	-31.000	-2000.000
4552	414744	1	2296.313	84.00	35.63524	103.09188	-50.083	17.288	-60.000	-7.596	-36.296	-67.000	2500.000
4553	414848	1	2235.942	84.00	32.81420	102.35929	-101.595	43.652	0.000	-14.519	-87.596	-104.000	2500.000
4554	414899	1	2422.920	84.00	30.71709	101.20210	-19.919	16.518	0.000	-4.902	-17.777	-51.000	2500.000
4555	415050	1	2158.997	84.00	33.61216	101.83201	-136.634	66.709	0.000	-30.169	-89.908	-151.000	2500.000
4556	415088	2	-2254.146	84.00	33.53926	102.55353	-42.983	0.165	-100.000	-41.720	-31.607	-38.000	-2000.000
4557	415127	1	2424.297	84.00	32.23912	102.71756	-12.013	10.377	0.000	-10.370	-24.697	-39.000	2500.000
4558	415199	1	2372.107	84.00	35.20282	101.96528	-34.606	23.559	0.000	-3.847	-40.998	-72.000	2500.000
4559	415248	2	-2199.359	83.00	33.78284	101.88611	-33.401	3.303	-60.000	-23.460	-36.801	-49.000	-2000.000
4560	415363	1	1880.734	83.00	36.00842	102.14399	-105.324	41.707	-240.000	-48.571	-152.079	-115.000	2500.000
4561	415513	1	2235.183	83.00	33.07221	102.75224	-104.738	50.993	0.000	-13.678	-47.395	-150.000	2500.000
4562	415671	1	2112.959	84.00	32.58585	102.19133	-115.155	50.512	-100.000	-22.072	-42.327	-158.000	2500.000
4563	415701	1	2387.056	84.00	37.38704	102.98930	-33.915	6.117	0.000	-8.450	-46.697	-30.000	2500.000
4564	415838	2	-2416.181	83.00	33.16598	102.25169	-133.718	9.858	-80.000	-5.874	-69.448	-137.000	-2000.000
4565	415978	1	1954.579	83.00	36.05196	102.39456	-121.975	35.801	-140.000	-28.267	-150.980	-140.000	2500.000
4566	416252	1	1780.291	83.00	33.04086	102.40392	-177.544	86.964	-260.000	-32.421	-62.709	-274.000	2500.000
4567	416454	1	2140.047	83.00	36.68822	101.92015	-133.593	53.987	0.000	-25.076	-53.271	-202.000	2500.000
4568	416807	4	-1251.334	82.00	34.36985	102.18484	-378.678	140.577	-220.000	-137.969	-302.263	-353.000	0.000
4569	416969	1	1831.256	82.00	35.34214	102.30643	-173.389	29.006	-240.000	-5.876	-116.486	-162.000	2500.000
4570	417021	1	2389.032	82.00	34.45735	101.46440	-36.558	11.285	0.000	-4.891	-28.804	-52.000	2500.000
4571	417156	1	2215.577	82.00	35.44160	102.09043	-126.729	23.902	0.000	-7.217	-39.379	-135.000	2500.000
4572	417187	1	2377.761	82.00	37.10445	101.28611	-41.875	3.265	0.000	-1.704	-50.925	-31.000	2500.000
4573	417360	1	1738.043	83.00	33.38133	101.90435	-143.430	70.202	-320.000	-80.296	-115.432	-173.000	2500.000
4574	417447	1	2389.047	83.00	34.08036	102.88755	-36.623	25.156	0.000	-0.985	-11.502	-87.000	2500.000
4575	417490	2	-2272.792	82.00	30.38611	101.16579	-19.645	11.623	-160.000	-24.021	-37.749	-43.000	-2000.000
4576	417613	1	2225.184	82.00	32.61538	102.07469	-92.371	32.291	0.000	-7.485	-84.251	-123.000	2500.000
4577	417975	4	-1395.084	81.00	34.63165	102.47448	-510.560	82.078	-260.000	-80.933	-263.669	-362.000	0.000
4578	418180	1	1862.341	81.00	36.08639	101.96268	-196.713	53.343	-160.000	-46.432	-82.856	-205.000	2500.000
4579	418297	2	-2830.045	80.00	33.65841	101.67438	-123.274	13.455	-440.000	-34.396	-128.829	-117.000	-2000.000
4580	418371	2	-2391.284	79.00	34.48775	102.16283	-33.792	23.058	-260.000	-7.873	-38.678	-74.000	-2000.000
4581	418464	2	-2534.657	78.00	36.68930	102.38267	-199.893	-6.507	-160.000	-4.249	-71.009	-93.000	-2000.000
4582	418577	1	2357.909	79.00	34.84656	102.17097	-39.277	35.559	0.000	-3.902	-21.471	-113.000	2500.000
4583	418627	2	-2205.173	78.00	32.82283	101.62241	-29.974	2.814	-80.000	-11.517	-36.497	-50.000	-2000.000
4584	418714	2	-2270.430	77.00	34.78228	101.65078	-84.366	13.606	-60.000	-1.572	-51.097	-87.000	-2000.000
4585	418744	2	-2858.787	76.00	36.03138	102.93906	-42.416	0.267	-600.000	-101.759	-84.880	-30.000	-2000.000
4586	418938	1	1711.490	76.00	33.18603	101.92204	-185.576	28.629	-220.000	-63.301	-154.261	-194.000	2500.000
4587	419156	1	2038.613	76.00	35.10721	101.89661	-215.632	99.677	0.000	-37.781	-89.651	-218.000	2500.000
4588	419229	2	-2478.174	75.00	36.50050	102.18533	-36.420	7.454	-300.000	-34.670	-41.539	-73.000	-2000.000
4589	419296	1	2315.046	75.00	32.51485	102.84176	-55.201	15.496	0.000	-17.976	-60.274	-67.000	2500.000
4590	419326	1	2317.613	75.00	32.22840	101.43788	-47.576	-0.159	0.000	-13.630	-91.023	-30.000	2500.000
4591	419368	1	2425.842	75.00	31.28066	102.43552	-25.430	12.025	0.000	-9.125	-9.627	-42.000	2500.000
4592	419499	1	1965.032	75.00	32.12419	102.39198	-111.019	29.165	-200.000	-44.393	-77.720	-131.000	2500.000
4593	419665	2	-2833.266	74.00	35.25388	102.01011	-179.185	24.411	-440.000	-16.927	-55.565	-166.000	-2000.000
4594	419732	1	2122.278	74.00	36.61702	101.06516	-75.881	17.762	-160.000	-20.570	-72.031	-67.000	2500.000
4595	419888	1	1982.787	74.00	34.82356	102.16103	-36.903	59.653	-360.000	-5.391	-18.572	-156.000	2500.000
4596	419992	1	2302.234	74.00	33.44601	102.49763	-52.298	29.456	0.000	-23.436	-47.489	-104.000	2500.000
4597	420106	1	2332.090	74.00	37.76562	102.51799	-62.423	39.607	0.000	-9.676	-21.417	-114.000	2500.000
4598	420258	1	2101.414	74.00	34.44378	102.58080	-118.934	57.199	-40.000	-39.729	-105.122	-152.000	2500.000
4599	420362	1	2371.351	74.00	33.51853	101.38443	-26.825	35.299	0.000	-13.147	-19.975	-104.000	2500.000
4600	420453	1	2346.215	74.00	34.41914	101.64389	-42.603	25.438	0.000	-6.848	-38.772	-91.000	2500.000
4601	420602	1	2155.996	74.00	35.28281	101.72122	-161.840	38.914	0.000	-24.954	-47.124	-149.000	2500.000
4602	420632	1	2367.488	74.00	29.89390	101.57220	-41.692	5.833	0.000	-9.134	-57.519	-30.000	2500.000
4603	420754	1	2020.765	75.00	32.52748	101.25554	-67.973	42.679	-260.000	-8.250	-63.690	-122.000	2500.000
4604	421092	1	968.578	75.00	34.53495	101.77521	-331.359	113.400	-540.000	-128.324	-307.139	-338.000	2500.000
4605	421259	1	2269.595	75.00	34.24796	101.95038	-50.893	58.779	0.000	-24.701	-46.591	-167.000	2500.000
4606	421530	1	1029.010	75.00	35.27281	101.74046	-285.947	67.532	-800.000	-50.403	-131.171	-271.000	2500.000
4607	421595	2	-2507.413	74.00	31.19551	101.57202	-81.411	6.419	-280.000	-37.904	-49.517	-65.000	-2000.000
4608	421625	2	-2226.755	73.00	28.56522	100.81862	-47.971	-1.054	-80.000	-10.883	-56.847	-30.000	-2000.000
4609	421702	1	2242.272	73.00	34.15010	101.64215	-57.796	21.167	-80.000	-8.307	-55.791	-77.000	2500.000
4610	421863	1	2218.453	73.00	33.90789	101.61154	-120.189	59.385	0.000	-4.087	-55.656	-161.000	2500.000
4611	421893	1	2380.898	73.00	36.91016	100.86326	-44.494	3.240	0.000	-8.481	-39.367	-30.000	2500.000
4612	422017	1	2178.916	73.00	33.93068	102.07097	-78.278	36.698	-120.000	-8.003	-27.501	-124.000	2500.000
4613	422121	1	2212.965	73.00	35.37939	101.67313	-54.574	34.357	-120.000	-4.205	-38.613	-104.000	2500.000
4614	422255	1	2281.434	74.00	31.75273	100.99375	-60.046	39.391	0.000	-22.301	-41.610	-134.000	2500.000
4615	422330	1	2165.875	74.00	33.69451	101.86359	-56.127	21.624	-160.000	-10.259	-54.362	-75.000	2500.000
4616	422400	1	2402.159	74.00	33.89709	101.39795	-33.420	23.636	0.000	-2.244	-15.814	-70.000	2500.000
4617	422489	2	-2259.860	73.00	33.39431	101.24501	-50.930	25.426	-60.000	-41.242	-44.114	-89.000	-2000.000
4618	422539	1	2354.187	73.00	34.14242	102.27547	-42.352	14.202	0.000	-18.101	-49.561	-50.000	2500.000
4619	422665	1	2100.372	73.00	32.63105	101.68452	-48.010	42.432	-220.000	-6.202	-41.849	-126.000	2500.000
4620	422695	1	2362.789	73.00	36.79108	102.41810	-45.545	4.980	0.000	-0.697	-65.949	-30.000	2500.000
4621	422732	1	2325.215	73.00	37.43469	102.17689	-57.461	-6.886	0.000	-11.026	-62.412	-37.000	2500.000
4622	422767	1	2181.805	73.00	32.59980	101.92026	-5.366	9.962	-280.000	-0.778	-7.012	-35.000	2500.000
4623	422908	1	2068.114	73.00	31.38100	101.32734	-139.349	43.222	-100.000	-6.719	-88.040	-141.000	2500.000
4624	423070	2	-2527.372	72.00	31.85802	102.20308	-149.117	48.297	-60.000	-42.869	-161.684	-162.000	-2000.000
4625	423118	1	2381.045	72.00	33.52939	103.05862	-14.222	15.997	-60.000	-4.613	-8.117	-48.000	2500.000
4626	423237	1	2285.200	72.00	32.29478	101.37005	-82.396	30.337	0.000	-15.761	-27.980	-119.000	2500.000
4627	423362	2	-2643.833	72.00	33.77590	101.78094	-123.910	30.980	-280.000	-76.359	-69.545	-125.000	-2000.000
4628	423538	1	1762.699	72.00	34.60537	101.73396	-145.968	49.937	-320.000	-31.662	-113.608	-176.000	2500.000
4629	423671	1	2235.617	73.00	31.03056	101.93257	-108.387	34.391	0.000	-12.764	-44.623	-133.000	2500.000
4630	423726	1	2412.485	73.00	34.31077	102.55013	-33.934	14.199	0.000	-2.810	-9.971	-55.000	2500.000
4631	423770	1	2363.290	73.00	35.32658	101.42356	-24.784	17.559	-60.000	-1.136	-24.349	-44.000	2500.000
4632	423800	1	2362.655	73.00	40.05147	101.36470	-46.234	2.771	0.000	-1.920	-61.963	-30.000	2500.000
4633	423854	1	2236.105	74.00	32.04958	101.66246	-38.886	15.341	-160.000	-7.323	-19.027	-54.000	2500.000
4634	423884	1	2380.175	75.00	34.73126	101.02705	-44.371	-2.282	0.000	-5.270	-37.902	-30.000	2500.000
4635	423922	1	2340.417	75.00	33.89401	100.91558	-56.898	3.716	0.000	-0.700	-67.701	-38.000	2500.000
4636	424014	1	2214.508	75.00	31.20892	102.16308	-95.853	19.144	-60.000	-3.672	-53.109	-92.000	2500.000
4637	424044	1	2362.328	75.00	32.79308	102.84893	-48.026	-6.869	0.000	-2.957	-49.820	-30.000	2500.000
4638	424162	1	2166.565	76.00	31.15672	101.61804	-126.434	30.744	0.000	-32.776	-86.969	-118.000	2500.000
4639	424228	1	2399.814	76.00	33.66479	101.91757	-30.047	22.978	0.000	-8.082	-19.036	-66.000	2500.000
4640	424339	1	2330.523	76.00	33.30958	101.27727	-57.899	40.654	0.000	-7.532	-33.701	-111.000	2500.000
4641	424419	1	2329.078	76.00	35.20172	101.51735	-44.085	15.618	0.000	-8.168	-54.287	-80.000	2500.000
4642	424481	1	2331.754	76.00	37.29539	101.95483	-45.899	14.111	0.000	-20.155	-54.302	-62.000	2500.000
4643	424511	1	2116.269	76.00	35.11280	101.65320	-15.118	9.675	-320.000	-0.916	-27.372	-30.000	2500.000
4644	424613	1	2025.715	76.00	31.09195	102.39366	-94.990	33.803	-140.000	-62.319	-108.779	-102.000	2500.000
4645	424677	1	2179.545	77.00	34.81437	101.72283	-38.729	16.101	-220.000	-0.561	-13.266	-64.000	2500.000
4646	424773	1	2273.502	78.00	33.42459	101.90692	-84.586	18.378	0.000	-17.722	-46.568	-96.000	2500.000
4647	424879	1	2154.657	79.00	33.48771	101.64445	-63.547	39.517	-140.000	-7.654	-67.659	-106.000	2500.000
4648	424961	1	2313.240	80.00	33.14417	102.05367	-58.161	22.012	-20.000	-12.058	-36.554	-82.000	2500.000
4649	424991	1	2290.203	80.00	37.32181	101.41098	-14.345	10.688	-160.000	-0.243	-15.897	-30.000	2500.000
4650	425150	1	2245.048	80.00	31.84411	101.35371	-89.401	54.749	0.000	-23.407	-37.893	-159.000	2500.000
4651	425300	1	1933.629	81.00	34.68145	101.95278	-158.853	56.147	-180.000	-26.981	-106.684	-150.000	2500.000
4652	425486	2	-2633.253	80.00	33.73529	101.18585	-222.846	38.172	-80.000	-79.266	-103.312	-186.000	-2000.000
4653	425558	1	2328.148	80.00	34.32851	101.69316	-61.281	15.729	0.000	-9.248	-45.052	-72.000	2500.000
4654	425675	1	2294.381	80.00	33.57263	101.90464	-84.875	22.214	0.000	-3.749	-22.210	-117.000	2500.000
4655	425762	1	2199.271	80.00	33.97142	101.51025	-83.341	34.067	-80.000	-22.799	-61.656	-87.000	2500.000
4656	425916	1	2259.937	81.00	33.27720	101.96191	-66.121	54.925	0.000	-21.911	-52.956	-154.000	2500.000
4657	425955	1	2350.038	81.00	35.16236	102.19188	-53.044	4.328	0.000	-1.594	-60.653	-39.000	2500.000
4658	426029	1	2364.655	81.00	33.91982	101.70000	-45.039	18.411	0.000	-2.687	-32.030	-74.000	2500.000
4659	426059	1	2334.148	82.00	34.67525	101.35371	-17.067	9.333	-100.000	-3.392	-24.725	-30.000	2500.000
4660	426112	1	2402.247	82.00	31.61693	101.61913	-23.314	15.767	0.000	-16.605	-20.601	-53.000	2500.000
4661	426267	1	2152.228	82.00	32.68530	102.03726	-134.655	36.019	-60.000	-6.792	-27.344	-155.000	2500.000
4662	426362	1	2285.266	82.00	33.17069	101.81400	-39.498	36.518	-60.000	-18.605	-38.149	-95.000	2500.000
4663	426506	1	2153.194	82.00	34.11668	102.03911	-141.956	40.540	0.000	-35.820	-65.569	-144.000	2500.000
4664	426617	1	2259.338	83.00	35.84489	102.68613	-94.355	34.485	0.000	-8.472	-61.320	-111.000	2500.000
4665	426691	1	2370.973	83.00	31.92954	101.64162	-40.040	20.296	0.000	-10.003	-25.281	-74.000	2500.000
4666	426828	1	1801.333	83.00	32.70791	101.73307	-107.324	31.409	-340.000	-58.680	-87.072	-137.000	2500.000
4667	426868	1	2440.772	83.00	36.84628	100.80261	-18.227	10.398	0.000	-2.911	-8.488	-40.000	2500.000
4668	426898	1	2405.661	84.00	31.76478	102.03552	-27.458	10.626	0.000	-7.417	-40.091	-30.000	2500.000
4669	427101	2	-2487.983	83.00	32.71487	101.93621	-186.336	73.769	-60.000	-29.562	-82.855	-203.000	-2000.000
4670	427305	2	-3064.161	82.00	35.97000	101.79133	-278.809	25.315	-360.000	-74.177	-172.490	-204.000	-2000.000
4671	427388	1	2075.787	82.00	30.67543	101.25538	-69.579	25.609	-180.000	-38.791	-78.452	-83.000	2500.000
4672	427433	1	2135.199	82.00	31.20289	101.59318	-73.046	-15.033	-140.000	-33.775	-57.947	-45.000	2500.000
4673	427463	1	2361.284	82.00	28.40930	101.35255	-9.347	9.399	-100.000	-1.406	-7.362	-30.000	2500.000
4674	427545	1	2344.583	82.00	34.30810	102.95491	-56.060	25.363	0.000	-23.750	-18.971	-82.000	2500.000
4675	427663	1	1950.452	83.00	33.15668	102.34124	-94.883	35.243	-260.000	-55.497	-56.412	-118.000	2500.000
4676	427730	1	2313.333	83.00	34.32830	102.69733	-83.320	24.685	0.000	-12.265	-48.768	-67.000	2500.000
4677	427799	2	-2250.110	83.00	33.83398	102.52625	-72.360	4.018	-60.000	-7.594	-45.174	-69.000	-2000.000
4678	427910	1	1920.837	83.00	32.78121	102.44865	-79.133	38.298	-300.000	-45.989	-81.339	-111.000	2500.000
4679	428084	1	2192.209	84.00	34.10690	101.78448	-127.285	43.751	0.000	-14.149	-36.109	-174.000	2500.000
4680	428286	1	1594.663	85.00	34.44525	102.81426	-171.374	51.180	-460.000	-40.993	-82.150	-202.000	2500.000
4681	428477	1	2012.943	86.00	32.95817	102.44900	-209.959	55.839	0.000	-37.343	-104.595	-191.000	2500.000
4682	428635	1	2058.397	86.00	34.32618	102.61255	-167.765	27.370	0.000	-52.730	-90.478	-158.000	2500.000
4683	428766	1	2273.973	87.00	34.75164	102.24062	-78.332	42.074	0.000	-22.554	-36.215	-131.000	2500.000
4684	428805	1	2446.824	88.00	31.39197	102.40051	-14.424	11.744	0.000	-1.877	-9.619	-39.000	2500.000
4685	428846	1	2402.948	89.00	35.52618	102.55108	-29.501	8.905	0.000	-4.454	-31.002	-41.000	2500.000
4686	428935	1	2370.005	89.00	30.34155	102.40177	-50.908	28.264	0.000	-6.418	-11.933	-89.000	2500.000
4687	428966	2	-2211.932	88.00	33.89370	102.31255	-31.180	0.738	-100.000	-1.262	-49.227	-31.000	-2000.000
4688	429016	1	2422.065	89.00	34.68377	101.51086	-24.391	16.850	0.000	-6.384	-14.011	-50.000	2500.000
4689	429105	1	2387.866	89.00	35.28732	102.46624	-26.736	27.309	0.000	-8.768	-14.939	-89.000	2500.000
4690	429186	2	-2290.211	88.00	33.87836	102.53071	-88.131	13.251	-60.000	-25.161	-49.170	-81.000	-2000.000
4691	429216	1	2416.116	88.00	32.26169	101.61532	-29.126	7.122	0.000	-0.375	-31.505	-30.000	2500.000
4692	429257	1	2435.650	88.00	30.72036	101.34428	-17.733	12.912	0.000	-0.615	-17.914	-41.000	2500.000
4693	429313	1	2424.467	89.00	36.07852	103.08092	-25.382	18.718	0.000	-2.813	-10.054	-56.000	2500.000
4694	429478	1	2055.235	89.00	33.18420	101.92430	-94.538	69.119	-220.000	-6.603	-27.742	-165.000	2500.000
4695	429689	1	1899.023	89.00	33.82176	102.43629	-230.603	88.533	-80.000	-42.281	-125.626	-211.000	2500.000
4696	429748	1	2432.161	89.00	32.36355	102.44189	-14.883	21.430	0.000	-3.100	-12.287	-59.000	2500.000
4697	429840	1	2358.841	89.00	33.91739	101.82538	-38.451	27.620	0.000	-1.124	-37.205	-92.000	2500.000
4698	430058	1	1589.407	89.00	34.59438	101.59237	-285.629	34.557	-200.000	-38.587	-202.935	-218.000	2500.000
4699	430135	1	2106.962	89.00	34.40298	101.97678	-30.079	25.099	-260.000	-6.130	-44.929	-77.000	2500.000
4700	430203	2	-2277.291	88.00	34.13993	102.99969	-87.491	3.914	-100.000	-6.750	-18.964	-68.000	-2000.000
4701	430245	1	2407.807	88.00	31.06754	102.67007	-26.157	10.684	0.000	-2.180	-32.540	-42.000	2500.000
4702	430279	1	2443.661	88.00	30.23714	101.19256	-15.621	9.422	0.000	-1.726	-14.414	-34.000	2500.000
4703	430371	1	2327.819	88.00	32.56838	102.78921	-59.353	31.048	0.000	-11.045	-40.831	-92.000	2500.000
4704	430437	1	2367.871	88.00	30.19323	102.02961	-44.135	24.470	0.000	-7.323	-39.141	-66.000	2500.000
4705	430486	1	2369.363	88.00	30.90786	101.25034	-21.318	15.532	-60.000	-4.910	-10.940	-49.000	2500.000
4706	430522	2	-2485.760	87.00	32.28615	101.91119	-41.856	0.436	-320.000	-32.791	-55.549	-36.000	-2000.000
4707	430594	1	2123.145	88.00	28.52855	102.73241	-46.699	17.449	-180.000	-44.366	-51.239	-72.000	2500.000
4708	430650	1	2389.676	89.00	37.76408	102.31863	-36.546	18.943	0.000	-4.882	-31.839	-56.000	2500.000
4709	430730	1	2407.006	89.00	31.77045	102.18300	-29.205	28.494	0.000	-0.733	-11.550	-80.000	2500.000
4710	430834	1	2197.638	89.00	32.65548	102.60568	-79.927	37.103	-80.000	-6.910	-68.628	-104.000	2500.000
4711	430986	2	-2643.758	88.00	34.31597	102.45397	-123.066	39.564	-260.000	-40.591	-107.665	-152.000	-2000.000
4712	431023	2	-2158.694	87.00	38.10275	102.84555	-37.956	11.497	-60.000	-6.228	-29.007	-37.000	-2000.000
4713	431082	1	2351.745	87.00	31.80103	101.04375	-44.134	9.551	0.000	-6.488	-48.184	-59.000	2500.000
4714	431187	1	2103.529	87.00	30.23198	102.56718	-87.937	33.129	-60.000	-35.533	-141.130	-105.000	2500.000
4715	431261	1	2362.546	87.00	34.99200	102.34596	-38.913	23.487	0.000	-2.796	-45.232	-74.000	2500.000
4716	431357	1	2357.896	87.00	33.04599	101.47424	-50.765	32.508	0.000	-9.935	-17.912	-96.000	2500.000
4717	431504	1	2175.351	88.00	32.79717	102.36522	-139.886	43.424	0.000	-14.088	-67.100	-147.000	2500.000
4718	431550	2	-2165.952	87.00	33.29885	102.95117	-41.193	6.137	-20.000	-27.324	-37.572	-46.000	-2000.000
4719	431678	1	1993.564	87.00	35.38739	102.84657	-149.800	26.267	-100.000	-35.829	-119.075	-128.000	2500.000
4720	431748	1	2294.852	87.00	31.67105	102.15500	-57.450	19.055	0.000	-14.394	-82.359	-70.000	2500.000
4721	431795	1	2411.603	87.00	35.56792	101.39055	-34.173	10.742	0.000	-1.679	-16.286	-47.000	2500.000
4722	431860	1	2375.790	87.00	33.81147	101.84177	-47.166	15.370	0.000	-4.293	-23.121	-65.000	2500.000
4723	431940	1	1822.143	87.00	33.68796	102.31398	-44.103	24.107	-500.000	-15.192	-62.668	-80.000	2500.000
4724	432015	1	2384.408	88.00	38.93401	101.45009	-30.573	28.050	0.000	-13.056	-25.013	-75.000	2500.000
4725	432058	2	-2169.263	87.00	32.60963	101.30915	-25.120	10.348	-80.000	-9.243	-22.248	-43.000	-2000.000
4726	432118	1	2318.506	87.00	32.02338	101.00845	-35.699	17.613	-80.000	-5.308	-18.100	-60.000	2500.000
4727	432248	1	2138.521	88.00	33.55525	102.55486	-94.336	43.533	-60.000	-29.200	-91.475	-130.000	2500.000
4728	432335	1	2289.084	88.00	31.95114	101.97966	-78.200	19.998	0.000	-29.498	-36.216	-87.000	2500.000
4729	432468	1	2144.519	88.00	35.39591	102.60027	-99.785	29.517	-100.000	-5.055	-47.158	-133.000	2500.000
4730	432592	1	2167.762	88.00	34.89945	102.97900	-103.144	37.289	0.000	-52.479	-89.904	-124.000	2500.000
4731	432710	1	2101.952	88.00	31.99897	101.88631	-106.377	37.867	-140.000	-7.650	-63.888	-118.000	2500.000
4732	432770	1	2405.851	88.00	35.85718	101.45721	-25.176	19.278	0.000	-1.162	-27.088	-60.000	2500.000
4733	432935	1	2145.885	88.00	33.44483	102.24864	-140.784	48.276	0.000	-34.844	-61.763	-165.000	2500.000
4734	432992	2	-2417.926	87.00	32.87577	101.60101	-41.096	4.045	-260.000	-18.803	-45.071	-57.000	-2000.000
4735	433023	1	2421.424	87.00	35.02205	102.59507	-24.749	5.805	0.000	-4.143	-24.488	-31.000	2500.000
4736	433053	1	2085.894	87.00	29.85959	100.83484	-14.323	11.404	-360.000	-7.794	-13.392	-30.000	2500.000
4737	433267	4	-863.898	86.00	32.91675	101.79463	-287.950	4.285	-140.000	-91.579	-134.654	-214.000	0.000
4738	433354	1	2156.006	86.00	34.65454	102.10990	-42.093	26.424	-200.000	-6.358	-34.967	-87.000	2500.000
4739	433510	1	2209.276	86.00	32.55438	101.85580	-61.042	51.124	-80.000	-15.705	-29.100	-156.000	2500.000
4740	433633	1	2214.174	86.00	33.79137	101.56451	-92.154	36.755	0.000	-27.906	-79.522	-123.000	2500.000
4741	433663	1	2393.578	86.00	39.82561	101.62044	-28.193	4.283	0.000	-4.506	-48.004	-30.000	2500.000
4742	433702	2	-2335.213	85.00	34.25701	102.15467	-37.603	5.251	-180.000	-23.995	-59.866	-39.000	-2000.000
4743	433815	1	2241.928	85.00	32.98355	102.35532	-88.647	24.108	0.000	-11.106	-69.427	-113.000	2500.000
4744	434005	1	2061.366	85.00	32.49039	102.26752	-192.298	70.871	0.000	-29.279	-97.928	-190.000	2500.000
4745	434049	1	2315.693	85.00	36.26118	103.67127	-20.432	13.140	-120.000	-3.732	-9.283	-44.000	2500.000
4746	434175	1	2303.278	85.00	33.88368	102.03520	-49.623	55.080	0.000	-35.428	-40.751	-126.000	2500.000
4747	434428	2	-3038.171	84.00	33.52646	102.23103	-339.677	61.425	-280.000	-74.303	-152.616	-253.000	-2000.000
4748	434479	1	2400.772	84.00	31.87819	102.23039	-36.857	11.061	0.000	-13.726	-8.707	-51.000	2500.000
4749	434612	1	2103.355	84.00	36.59294	102.52669	-136.603	40.804	-100.000	-14.233	-53.613	-133.000	2500.000
4750	434642	1	2460.617	84.00	33.21912	103.58452	-8.125	8.566	0.000	-3.181	-6.643	-30.000	2500.000
4751	434707	2	-2370.140	83.00	31.60958	103.07341	-58.830	7.298	-160.000	-49.026	-44.582	-65.000	-2000.000
4752	434867	1	2113.948	84.00	32.66051	102.31140	-153.648	21.733	0.000	-15.671	-78.467	-160.000	2500.000
4753	434925	1	2344.389	84.00	33.37350	102.57230	-51.743	17.787	0.000	-15.503	-48.153	-58.000	2500.000
4754	434961	1	2411.203	84.00	34.73261	102.15345	-26.333	6.858	0.000	-9.989	-23.333	-36.000	2500.000
4755	435001	2	-2291.942	83.00	38.19386	102.73036	-28.068	2.882	-180.000	-8.459	-38.298	-40.000	-2000.000
4756	435070	1	2377.278	83.00	33.63643	101.76796	-32.416	28.226	0.000	-29.551	-19.980	-69.000	2500.000
4757	435222	2	-3083.882	82.00	34.68425	102.53728	-177.885	18.458	-500.000	-120.518	-151.937	-152.000	-2000.000
4758	435265	1	2310.354	82.00	30.82595	102.04748	-30.234	8.986	-60.000	-13.630	-51.768	-43.000	2500.000
4759	435523	1	1514.703	82.00	31.72487	102.17787	-285.825	17.803	-200.000	-77.408	-181.867	-258.000	2500.000
4760	435577	1	2349.248	82.00	34.00563	102.62978	-43.694	15.270	0.000	-11.633	-56.696	-54.000	2500.000
4761	435631	1	2351.079	82.00	35.09792	102.91964	-22.055	17.674	-60.000	-10.527	-20.013	-54.000	2500.000
4762	435750	1	2252.427	82.00	34.26498	102.31043	-95.739	19.888	0.000	-7.088	-45.633	-119.000	2500.000
4763	435837	1	2312.171	82.00	32.43371	102.65321	-55.822	24.204	0.000	-30.216	-38.996	-87.000	2500.000
4764	435880	1	2321.577	82.00	33.84862	101.99511	-65.317	-0.268	0.000	-1.788	-68.050	-43.000	2500.000
4765	436041	1	2157.019	82.00	32.76574	102.45029	-132.946	63.525	0.000	-55.622	-56.939	-161.000	2500.000
4766	436231	1	2106.825	82.00	35.48045	102.49867	-141.972	67.224	0.000	-30.307	-98.120	-190.000	2500.000
4767	436466	1	2071.452	82.00	34.04585	102.20949	-157.655	67.826	0.000	-39.544	-64.175	-235.000	2500.000
4768	436496	1	2358.602	82.00	33.74545	102.34731	-48.142	3.802	0.000	-10.878	-56.180	-30.000	2500.000
4769	436712	1	1986.697	83.00	35.34636	102.30428	-120.675	75.359	-180.000	-19.078	-52.909	-216.000	2500.000
4770	436849	1	2210.165	84.00	31.21866	102.60867	-103.404	43.502	0.000	-26.621	-66.312	-137.000	2500.000
4771	436954	1	2267.134	84.00	33.24911	103.44195	-90.314	30.547	0.000	-12.122	-55.977	-105.000	2500.000
4772	437082	1	2111.972	84.00	32.78203	102.04764	-126.521	30.669	-40.000	-30.257	-93.919	-128.000	2500.000
4773	437112	1	2376.517	84.00	32.89659	103.64231	-37.544	11.858	0.000	-13.755	-54.042	-30.000	2500.000
4774	437160	1	2391.824	84.00	35.42716	102.68581	-27.275	13.473	0.000	-10.401	-35.972	-48.000	2500.000
4775	437238	1	2395.101	84.00	35.87862	102.33868	-20.246	26.961	0.000	-5.111	-28.503	-78.000	2500.000
4776	437370	2	-2484.477	83.00	35.30493	102.47849	-109.589	36.973	-100.000	-83.242	-96.620	-132.000	-2000.000
4777	437442	1	2205.257	84.00	34.05172	102.21169	-65.688	13.199	-100.000	-7.421	-62.833	-72.000	2500.000
4778	437582	1	2145.105	84.00	32.57428	102.35333	-136.883	29.978	0.000	-28.767	-79.223	-140.000	2500.000
4779	437627	2	-2239.078	83.00	32.05629	103.43066	-53.315	2.966	-80.000	-31.796	-31.934	-45.000	-2000.000
4780	437725	1	2263.054	83.00	32.56562	102.48836	-100.211	14.933	0.000	-6.442	-47.227	-98.000	2500.000
4781	437865	1	1631.984	83.00	33.29019	103.34552	-81.130	57.093	-560.000	-57.777	-86.202	-140.000	2500.000
4782	437991	1	2286.533	83.00	34.46338	103.82271	-82.278	35.046	0.000	-16.353	-23.882	-126.000	2500.000
4783	438143	1	2115.751	83.00	33.33239	102.07648	-143.506	15.539	0.000	-7.812	-96.471	-152.000	2500.000
4784	438205	2	-2311.130	82.00	33.98189	102.62930	-24.273	3.553	-180.000	-9.822	-38.588	-62.000	-2000.000
4785	438308	2	-2588.322	81.00	31.81323	101.92223	-74.061	20.363	-280.000	-62.901	-88.723	-103.000	-2000.000
4786	438499	1	1394.966	81.00	33.95588	102.26233	-216.918	67.971	-580.000	-18.046	-167.041	-191.000	2500.000
4787	438769	1	1869.603	82.00	32.95312	102.66016	-209.536	128.772	0.000	-77.823	-201.810	-270.000	2500.000
4788	438951	2	-3027.459	81.00	34.49565	103.05295	-116.632	49.447	-560.000	-71.388	-146.886	-182.000	-2000.000
4789	439034	1	2230.769	81.00	33.67878	102.73739	-66.634	34.004	0.000	-55.516	-98.085	-83.000	2500.000
4790	439162	1	2183.439	82.00	34.08288	101.77071	-100.777	32.612	0.000	-23.593	-96.803	-128.000	2500.000
4791	439240	2	-2219.014	81.00	34.90507	101.88600	-43.432	10.766	-40.000	-17.983	-50.366	-78.000	-2000.000
4792	439358	1	2208.356	81.00	34.59987	102.84327	-94.804	23.495	0.000	-11.464	-90.871	-118.000	2500.000
4793	439430	1	2337.038	81.00	33.50697	103.15318	-51.367	14.427	0.000	-6.979	-47.043	-72.000	2500.000
4794	439465	1	2358.858	81.00	34.72130	103.92888	-49.673	2.787	0.000	-1.917	-57.339	-35.000	2500.000
4795	439589	1	2166.725	81.00	36.72709	103.39124	-47.472	42.247	-140.000	-23.859	-40.192	-124.000	2500.000
4796	439723	1	2270.813	81.00	33.22429	103.10554	-68.390	45.390	0.000	-21.305	-50.882	-134.000	2500.000
4797	439760	1	2450.549	81.00	34.65499	101.96056	-13.944	10.204	0.000	-0.079	-8.632	-37.000	2500.000
4798	439936	1	2187.590	81.00	34.24883	102.61093	-112.910	64.788	0.000	-30.513	-57.776	-176.000	2500.000
4799	440153	2	-2799.599	80.00	34.52530	102.84061	-165.870	70.973	-280.000	-101.310	-106.392	-217.000	-2000.000
4800	440226	1	2272.642	81.00	33.90202	103.60532	-72.550	11.382	0.000	-2.278	-90.912	-73.000	2500.000
4801	440349	1	2318.896	81.00	32.49755	103.30865	-57.813	42.482	0.000	-7.207	-35.566	-123.000	2500.000
4802	440504	1	1840.371	81.00	35.89500	103.04810	-85.250	54.170	-400.000	-16.824	-56.725	-155.000	2500.000
4803	440840	1	1460.202	81.00	34.02062	102.75022	-344.841	84.477	-280.000	-49.427	-114.008	-336.000	2500.000
4804	440929	1	2338.370	81.00	31.51021	103.66101	-50.025	23.287	0.000	-11.198	-34.695	-89.000	2500.000
4805	441107	2	-2924.963	80.00	34.00231	103.13675	-214.444	43.719	-400.000	-98.365	-77.873	-178.000	-2000.000
4806	441183	1	2379.794	81.00	33.54844	103.70096	-36.816	26.272	0.000	-13.986	-19.676	-76.000	2500.000
4807	441297	1	2270.572	81.00	32.94012	103.02632	-43.698	41.957	0.000	-78.656	-35.031	-114.000	2500.000
4808	441447	1	2261.112	81.00	34.64145	102.73938	-84.869	41.590	0.000	-12.844	-32.765	-150.000	2500.000
4809	441490	1	2331.168	81.00	34.49221	101.79269	-24.207	12.762	-80.000	-16.702	-17.685	-43.000	2500.000
4810	441596	1	2070.411	81.00	31.98459	103.48907	-75.481	23.800	-200.000	-12.123	-59.784	-106.000	2500.000
4811	441642	1	2299.177	82.00	35.12404	103.03223	-70.384	0.008	0.000	-2.952	-81.494	-46.000	2500.000
4812	441751	1	2343.872	83.00	32.30585	103.13370	-47.133	35.531	0.000	-14.872	-20.653	-109.000	2500.000
4813	441959	1	1990.259	83.00	32.80288	102.59769	-149.576	67.557	-100.000	-36.984	-82.738	-208.000	2500.000
4814	442061	1	2297.271	83.00	35.43023	102.75381	-71.465	28.009	0.000	-18.005	-39.268	-102.000	2500.000
4815	442235	1	1892.513	83.00	33.05345	102.40558	-111.287	63.988	-240.000	-43.692	-102.495	-174.000	2500.000
4816	442272	1	2238.898	83.00	34.61942	102.49457	-53.884	0.917	-120.000	-11.487	-39.648	-37.000	2500.000
4817	442500	1	1993.901	83.00	35.29527	103.14700	-188.355	72.506	0.000	-36.671	-125.578	-228.000	2500.000
4818	442559	1	2358.868	84.00	35.06297	103.64789	-43.681	13.886	0.000	-1.842	-50.494	-59.000	2500.000
4819	442652	2	-2556.365	83.00	34.76542	103.55158	-81.201	22.099	-300.000	-31.750	-72.514	-93.000	-2000.000
4820	442779	1	2231.169	83.00	33.88284	102.99751	-93.213	34.826	0.000	-17.199	-66.245	-127.000	2500.000
4821	443016	1	1762.039	83.00	33.87097	103.83039	-139.474	69.291	-300.000	-30.375	-100.404	-237.000	2500.000
4822	443046	1	2433.864	83.00	31.80338	103.03801	-19.410	6.843	0.000	-3.997	-19.573	-30.000	2500.000
4823	443076	1	2395.949	83.00	35.74373	103.54677	-31.573	2.982	0.000	-1.898	-43.562	-30.000	2500.000
4824	443210	1	2249.984	83.00	33.16556	103.46500	-61.000	48.254	0.000	-59.982	-43.288	-134.000	2500.000
4825	443441	1	2104.505	84.00	33.35507	103.49185	-149.025	74.852	0.000	-18.401	-71.921	-231.000	2500.000
4826	443546	1	2371.343	84.00	36.45133	103.35446	-30.225	34.901	0.000	-10.499	-17.834	-105.000	2500.000
4827	443657	1	2365.463	84.00	32.75208	102.20550	-39.802	35.844	0.000	-5.573	-14.006	-111.000	2500.000
4828	443718	1	2072.868	84.00	32.51291	102.84187	-67.583	12.403	-260.000	-3.748	-47.204	-61.000	2500.000
4829	443846	1	2268.766	84.00	31.95132	103.41483	-85.273	37.824	-20.000	-10.911	-24.874	-128.000	2500.000
4830	443927	1	2281.287	84.00	35.08364	105.23112	-22.616	26.551	-100.000	-6.905	-34.744	-81.000	2500.000
4831	444132	2	-2747.983	83.00	31.18770	103.80818	-224.787	34.089	-140.000	-101.750	-110.535	-205.000	-2000.000
4832	444247	1	2315.577	83.00	32.50429	103.55080	-79.050	32.517	0.000	-4.264	-18.626	-115.000	2500.000
4833	444443	1	2168.765	83.00	32.70026	103.50632	-99.046	66.364	0.000	-53.206	-49.348	-196.000	2500.000
4834	444506	1	2374.209	84.00	30.96026	103.10014	-35.695	17.019	0.000	-8.819	-35.296	-63.000	2500.000
4835	444787	1	1536.811	84.00	33.76184	103.91741	-316.224	114.976	-340.000	-33.078	-107.862	-281.000	2500.000
4836	444862	1	2383.006	84.00	34.72322	103.67298	-22.077	22.703	0.000	-12.715	-29.905	-75.000	2500.000
4837	444904	1	2309.649	85.00	36.52242	104.69316	-56.906	7.387	0.000	-28.866	-69.966	-42.000	2500.000
4838	445099	2	-2676.755	84.00	34.67561	103.72979	-122.182	59.454	-160.000	-102.938	-156.088	-195.000	-2000.000
4839	445200	1	2317.004	84.00	30.50572	102.77148	-50.239	31.323	0.000	-19.506	-43.574	-101.000	2500.000
4840	445332	1	2038.309	84.00	33.99513	103.37983	-61.474	48.244	-280.000	-12.590	-23.871	-132.000	2500.000
4841	445556	1	2127.025	84.00	34.22753	102.84059	-131.879	65.817	0.000	-29.956	-52.958	-224.000	2500.000
4842	445690	1	2225.346	85.00	31.50246	103.25337	-81.659	35.084	0.000	-22.687	-71.392	-134.000	2500.000
4843	445791	1	2328.062	85.00	32.98121	103.88947	-52.675	25.997	0.000	-11.789	-32.470	-101.000	2500.000
4844	445915	1	2344.154	85.00	32.74355	103.69962	-35.139	38.794	0.000	-17.608	-17.893	-124.000	2500.000
4845	446116	1	1979.358	85.00	31.60867	103.57514	-103.015	61.657	-180.000	-26.282	-72.002	-201.000	2500.000
4846	446294	1	2160.275	85.00	34.00526	103.54399	-120.705	49.622	0.000	-25.803	-64.839	-178.000	2500.000
4847	446493	1	1923.256	86.00	34.14833	104.17349	-152.112	51.498	0.000	-81.533	-195.596	-199.000	2500.000
4848	446719	1	2056.501	86.00	32.70943	103.64179	-83.130	82.150	-140.000	-26.379	-50.140	-226.000	2500.000
4849	447018	1	1978.336	86.00	33.04282	104.08179	-182.443	92.686	0.000	-46.418	-86.489	-299.000	2500.000
4850	447073	1	2334.448	86.00	32.45886	104.60518	-38.975	12.104	0.000	-9.436	-74.245	-55.000	2500.000
4851	447131	1	2421.298	87.00	31.35806	105.61167	-26.429	17.695	0.000	-2.586	-9.383	-58.000	2500.000
4852	447376	1	2040.149	87.00	33.95464	104.19604	-205.701	48.050	0.000	-13.852	-43.349	-245.000	2500.000
4853	447656	1	1964.536	87.00	34.00703	104.77305	-164.931	103.747	0.000	-64.359	-129.921	-280.000	2500.000
4854	447908	1	1637.004	87.00	33.39775	104.54408	-257.354	79.897	-280.000	-41.746	-111.793	-252.000	2500.000
4855	448127	1	1925.270	88.00	33.45953	104.48863	-245.799	71.116	0.000	-50.257	-130.790	-219.000	2500.000
4856	448185	1	2422.342	88.00	31.31504	104.58547	-6.771	18.117	0.000	-13.464	-17.539	-58.000	2500.000
4857	448317	1	2183.848	89.00	32.40197	104.41879	-62.737	42.044	-100.000	-5.978	-57.481	-132.000	2500.000
4858	448399	2	-2229.798	88.00	32.85273	104.64426	-40.670	17.927	-80.000	-3.406	-41.650	-82.000	-2000.000
4859	448741	4	-2333.248	87.00	33.23480	104.07488	-479.931	70.947	-1320.000	-62.074	-200.189	-342.000	0.000
4860	448834	1	2193.166	87.00	35.03379	104.38873	-105.737	13.837	0.000	-8.545	-113.390	-93.000	2500.000
4861	448864	1	2369.890	87.00	30.41120	102.38889	-37.516	9.575	0.000	-14.925	-57.244	-30.000	2500.000
4862	449070	1	2092.088	87.00	32.80447	104.73251	-175.123	52.120	0.000	-7.022	-71.888	-206.000	2500.000
4863	449300	1	2105.820	87.00	33.78746	104.34782	-155.394	74.100	0.000	-10.329	-72.556	-230.000	2500.000
4864	449362	1	2420.264	87.00	32.17394	103.84577	-21.712	19.721	0.000	-8.003	-7.742	-62.000	2500.000
4865	449441	1	2124.872	87.00	32.68958	104.16721	-19.621	24.076	-280.000	-1.588	-18.995	-79.000	2500.000
4866	449504	1	2011.432	87.00	32.00266	104.30881	-26.626	21.729	-380.000	-12.137	-28.534	-63.000	2500.000
4867	449542	2	-2256.131	86.00	32.06969	103.24716	-27.279	8.282	-140.000	-2.212	-56.922	-38.000	-2000.000
4868	449581	1	2361.005	86.00	30.64279	104.17780	-18.048	11.693	-60.000	-1.738	-31.902	-39.000	2500.000
4869	449718	1	2108.867	86.00	35.21436	104.17496	-80.623	45.057	-120.000	-50.172	-48.394	-137.000	2500.000
4870	449860	1	2302.160	86.00	33.83197	104.19509	-74.008	56.574	0.000	-2.170	-36.236	-142.000	2500.000
4871	449907	2	-2215.571	85.00	33.20629	103.38473	-26.611	5.050	-120.000	-1.607	-25.403	-47.000	-2000.000
4872	449937	1	2430.375	85.00	35.38726	104.47757	-21.415	14.115	0.000	-1.365	-30.960	-30.000	2500.000
4873	450088	1	2025.540	85.00	32.78498	104.19758	-66.142	46.553	-220.000	-40.149	-43.721	-151.000	2500.000
4874	450125	1	2406.859	85.00	34.18107	104.86120	-26.888	8.038	0.000	-7.961	-29.330	-37.000	2500.000
4875	450394	1	1826.126	85.00	34.44957	104.19904	-224.225	87.731	-180.000	-30.587	-57.794	-269.000	2500.000
4876	450424	1	2365.282	86.00	29.91039	105.26514	-45.160	2.273	0.000	-3.411	-58.419	-30.000	2500.000
4877	450509	1	2339.986	86.00	34.35333	105.50794	-56.746	27.128	0.000	-7.950	-37.446	-85.000	2500.000
4878	450560	1	2268.747	86.00	33.10345	103.65488	-56.881	7.715	-60.000	-8.720	-62.366	-51.000	2500.000
4879	450810	1	1814.132	87.00	32.72409	104.87052	-290.373	82.889	0.000	-73.253	-155.131	-250.000	2500.000
4880	450909	2	-2387.572	86.00	35.21370	105.02212	-135.908	5.856	-60.000	-12.569	-85.951	-99.000	-2000.000
4881	451009	1	2235.585	86.00	33.94166	105.04648	-95.019	24.648	0.000	-9.395	-84.649	-100.000	2500.000
4882	451092	1	2316.288	86.00	35.79346	104.01376	-59.372	19.694	0.000	-16.234	-44.800	-83.000	2500.000
4883	451257	1	2038.606	86.00	33.66965	105.14623	-128.931	56.072	-80.000	-83.287	-60.248	-165.000	2500.000
4884	451422	2	-2733.218	86.00	31.37342	104.53793	-126.033	20.544	-360.000	-38.143	-64.587	-165.000	-2000.000
4885	451473	1	2360.531	87.00	28.06248	104.62668	-40.336	9.151	0.000	-17.113	-40.170	-51.000	2500.000
4886	451503	1	2361.479	87.00	31.87078	104.71864	-44.052	0.253	0.000	-2.183	-62.540	-30.000	2500.000
4887	451533	1	2375.979	87.00	28.86586	103.90343	-44.569	0.368	0.000	-1.932	-47.887	-30.000	2500.000
4888	451668	1	2316.464	88.00	34.15136	104.82491	-45.471	52.194	0.000	-15.948	-39.312	-135.000	2500.000
4889	451744	1	2301.840	88.00	33.56249	104.95093	-60.611	15.638	-40.000	-5.496	-31.691	-76.000	2500.000
4890	451859	1	2238.767	88.00	34.11581	104.25213	-82.741	42.323	0.000	-35.606	-70.210	-115.000	2500.000
4891	451913	1	2409.439	89.00	31.45802	106.27075	-32.201	15.806	0.000	-2.251	-17.915	-54.000	2500.000
4892	452053	2	-2280.899	88.00	32.95563	105.05530	-83.688	42.142	-60.000	-10.408	-28.945	-140.000	-2000.000
4893	452110	1	2372.503	88.00	33.74206	105.35003	-39.718	14.881	0.000	-8.123	-37.537	-57.000	2500.000
4894	452182	1	2392.637	88.00	31.99329	104.89716	-22.914	24.561	0.000	-10.276	-26.733	-72.000	2500.000
4895	452276	1	2330.630	88.00	31.59541	104.93626	-71.854	26.161	0.000	-6.385	-23.292	-94.000	2500.000
4896	452350	1	2347.259	88.00	34.01749	104.84891	-48.743	21.237	-20.000	-5.433	-25.803	-74.000	2500.000
4897	452446	2	-2351.846	87.00	34.10345	105.98349	-50.199	19.285	-60.000	-76.206	-88.727	-96.000	-2000.000
4898	452487	1	2416.759	87.00	31.83695	106.21046	-15.786	13.585	-20.000	-5.125	-14.916	-41.000	2500.000
4899	452585	1	2204.948	88.00	30.41306	105.56319	-79.000	24.686	-80.000	-8.067	-54.671	-98.000	2500.000
4900	452638	1	2290.060	88.00	28.79810	106.29729	-50.319	19.354	-40.000	-28.581	-57.393	-53.000	2500.000
4901	452693	1	2401.029	88.00	30.88128	105.17463	-26.087	14.216	0.000	-4.906	-27.194	-55.000	2500.000
4902	452745	1	2432.524	88.00	30.65873	105.42363	-17.748	18.442	0.000	-5.321	-10.850	-52.000	2500.000
4903	452802	1	2412.396	88.00	30.35957	105.96433	-27.206	19.688	0.000	-4.227	-18.859	-57.000	2500.000
4904	452980	1	2195.212	88.00	33.62056	105.73946	-120.971	59.406	0.000	-17.488	-47.735	-178.000	2500.000
4905	453104	1	2227.685	89.00	32.70995	106.07891	-124.176	26.897	0.000	-13.427	-37.609	-124.000	2500.000
4906	453134	2	-2612.583	88.00	34.52425	105.02088	-44.924	-1.487	-480.000	-7.462	-48.710	-30.000	-2000.000
4907	453206	1	2327.234	88.00	31.96208	105.70439	-50.619	21.036	0.000	-13.932	-57.250	-72.000	2500.000
4908	453288	2	-2259.763	87.00	34.13180	105.59441	-61.659	16.088	-80.000	-5.308	-46.884	-82.000	-2000.000
4909	453442	1	1880.068	87.00	33.00196	105.11288	-176.702	43.642	-200.000	-14.178	-118.694	-154.000	2500.000
4910	453567	1	2280.935	87.00	34.51460	104.99435	-56.966	47.786	0.000	-37.027	-47.857	-125.000	2500.000
4911	453600	1	2454.812	87.00	31.86454	106.44396	-16.508	8.494	0.000	-0.871	-3.303	-33.000	2500.000
4912	453721	1	1975.894	87.00	32.55454	105.73937	-76.414	48.224	-280.000	-27.219	-67.697	-121.000	2500.000
4913	453762	2	-2427.593	86.00	39.17551	105.04632	-65.566	-0.989	-240.000	-1.349	-78.689	-41.000	-2000.000
4914	453826	1	2098.232	86.00	36.19471	105.51277	-53.419	5.705	-120.000	-77.737	-92.317	-64.000	2500.000
4915	454039	4	-685.335	85.00	31.05047	105.72430	-300.173	22.606	0.000	-41.242	-153.526	-213.000	0.000
4916	454118	1	1887.979	85.00	35.49233	105.45438	-60.433	16.283	-340.000	-68.656	-80.216	-79.000	2500.000
4917	454211	1	2295.407	85.00	31.99972	106.10993	-60.737	28.978	0.000	-15.426	-64.408	-93.000	2500.000
4918	454268	1	2407.229	85.00	31.79734	106.05618	-27.608	16.912	0.000	-4.679	-20.396	-57.000	2500.000
4919	454384	1	2146.685	86.00	34.30695	105.70063	-110.745	27.273	-100.000	-5.036	-48.807	-116.000	2500.000
4920	454453	1	2413.318	86.00	32.93738	104.78727	-29.461	23.987	0.000	-3.611	-8.597	-69.000	2500.000
4921	454577	1	2300.126	86.00	32.71804	105.81509	-69.683	38.944	0.000	-12.614	-32.522	-124.000	2500.000
4922	454654	2	-2219.424	85.00	31.37370	106.04362	-56.561	10.487	-60.000	-10.441	-25.908	-77.000	-2000.000
4923	454731	1	2334.088	85.00	29.75304	105.33723	-50.886	27.492	0.000	-27.723	-37.796	-77.000	2500.000
4924	454883	1	2027.507	85.00	32.36711	105.93858	-118.047	42.700	-180.000	-15.776	-49.370	-152.000	2500.000
4925	454998	1	1988.859	85.00	31.56490	105.56400	-96.989	36.683	-260.000	-20.163	-55.672	-115.000	2500.000
4926	455129	1	1688.297	85.00	33.01678	106.27926	-130.522	33.797	-500.000	-37.472	-46.506	-131.000	2500.000
4927	455253	1	2085.945	85.00	34.14251	106.20035	-113.254	35.149	-160.000	-11.051	-40.898	-124.000	2500.000
4928	455361	1	2277.694	85.00	32.40953	106.03707	-56.459	41.550	-60.000	-6.918	-32.480	-108.000	2500.000
4929	455399	1	2295.043	85.00	34.92079	105.48350	-52.379	-2.367	-40.000	-21.587	-50.624	-38.000	2500.000
4930	455617	4	-655.732	84.00	33.33030	106.35603	-195.000	47.382	-160.000	-50.665	-79.449	-218.000	0.000
4931	455668	1	2030.254	85.00	35.90920	106.25461	-27.988	15.162	-360.000	-21.888	-24.031	-51.000	2500.000
4932	455698	1	2448.755	85.00	29.74309	106.55853	-18.433	12.300	0.000	-1.149	-13.964	-30.000	2500.000
4933	455769	1	2205.946	85.00	35.31770	106.63500	-31.384	22.414	-200.000	-3.492	-10.592	-71.000	2500.000
4934	455814	1	2382.972	85.00	29.67133	105.41769	-36.184	14.226	0.000	-6.975	-43.095	-45.000	2500.000
4935	455948	1	2172.718	85.00	36.62389	106.47893	-66.380	55.520	-140.000	-7.279	-35.143	-134.000	2500.000
4936	456146	1	2053.751	85.00	32.17136	106.23209	-156.908	50.999	0.000	-41.554	-100.787	-198.000	2500.000
4937	456244	1	2268.869	85.00	38.40292	107.00336	-75.051	31.646	-20.000	-14.996	-54.729	-98.000	2500.000
4938	456311	1	2346.088	86.00	34.27145	106.15041	-37.696	26.073	0.000	-25.721	-49.568	-67.000	2500.000
4939	456415	1	2313.075	86.00	35.53627	106.43716	-64.639	34.863	0.000	-18.379	-34.770	-104.000	2500.000
4940	456617	1	2122.462	86.00	33.11398	106.44387	-175.607	43.898	0.000	-8.699	-35.129	-202.000	2500.000
4941	456701	1	2287.817	86.00	33.07993	106.60426	-59.874	19.137	0.000	-51.356	-36.090	-84.000	2500.000
4942	457053	1	1770.353	86.00	33.48216	106.05049	-283.032	104.556	0.000	-75.703	-123.468	-352.000	2500.000
4943	457179	1	2271.808	86.00	32.99504	106.70129	-65.334	47.355	0.000	-33.258	-50.955	-126.000	2500.000
4944	457401	4	-697.379	85.00	32.47332	105.91000	-260.761	57.011	-40.000	-66.217	-165.411	-222.000	0.000
4945	457450	1	2177.931	85.00	33.44539	106.02412	-43.626	7.927	-180.000	-2.540	-54.830	-49.000	2500.000
4946	457554	1	2194.587	85.00	35.05919	106.97258	-103.929	40.340	-40.000	-27.168	-70.656	-104.000	2500.000
4947	457600	1	2329.118	85.00	34.58248	105.66953	-27.390	11.072	-80.000	-6.719	-21.845	-46.000	2500.000
4948	457698	1	2321.762	85.00	34.21521	107.71796	-60.122	34.559	0.000	-12.774	-41.901	-98.000	2500.000
4949	457728	1	2372.725	85.00	33.24923	106.24272	-34.859	4.759	0.000	-7.292	-59.882	-30.000	2500.000
4950	457829	1	2292.949	85.00	34.43591	106.36682	-55.903	30.307	0.000	-27.575	-52.879	-101.000	2500.000
4951	457876	1	2433.848	85.00	33.41565	107.05139	-15.822	17.109	0.000	-2.849	-17.590	-47.000	2500.000
4952	458221	1	1690.924	85.00	33.26338	106.88709	-297.058	122.213	-20.000	-63.416	-205.815	-345.000	2500.000
4953	458251	1	2374.169	85.00	34.41795	107.06873	-44.641	8.952	0.000	-1.692	-58.450	-30.000	2500.000
4954	458382	1	1975.997	85.00	33.37586	107.27827	-140.781	66.160	-180.000	-22.945	-115.437	-131.000	2500.000
4955	458532	1	2132.013	85.00	31.41550	106.81745	-163.145	26.668	0.000	-24.552	-56.959	-150.000	2500.000
4956	458570	1	2446.189	85.00	32.26458	106.04002	-17.107	12.186	0.000	-0.279	-10.610	-38.000	2500.000
4957	458632	2	-2436.340	84.00	33.69302	107.34496	-46.704	10.679	-260.000	-11.770	-66.545	-62.000	-2000.000
4958	458701	1	2207.329	85.00	32.38076	107.37940	-48.767	13.191	-120.000	-11.718	-56.376	-69.000	2500.000
4959	458770	1	2292.727	86.00	33.27668	107.56732	-47.530	19.713	-60.000	-9.651	-40.805	-69.000	2500.000
4960	458843	1	2222.080	86.00	36.35069	106.87949	-108.346	-11.652	0.000	-8.575	-76.347	-73.000	2500.000
4961	458924	2	-2322.828	85.00	33.13581	108.04337	-85.097	8.863	-80.000	-38.621	-46.974	-81.000	-2000.000
4962	458954	1	2430.904	85.00	36.03337	108.28124	-11.928	11.100	0.000	-12.034	-26.234	-30.000	2500.000
4963	459072	1	2316.074	85.00	34.67121	107.52719	-46.169	36.664	0.000	-19.397	-37.023	-118.000	2500.000
4964	459205	1	2097.240	85.00	32.42190	106.98604	-116.867	51.597	-100.000	-40.082	-64.408	-133.000	2500.000
4965	459266	1	2384.965	85.00	34.13623	105.63428	-25.543	20.681	0.000	-16.242	-32.932	-61.000	2500.000
4966	459362	1	2210.638	85.00	31.87401	108.43868	-66.072	30.265	-80.000	-23.712	-53.843	-96.000	2500.000
4967	459437	1	2359.666	86.00	31.26156	107.43008	-44.216	26.366	0.000	-10.220	-37.265	-75.000	2500.000
4968	459569	1	1995.655	86.00	32.69132	107.44373	-150.742	60.390	-200.000	-8.665	-73.328	-132.000	2500.000
4969	459622	1	2406.737	86.00	34.36507	107.19154	-27.005	14.466	0.000	-1.897	-25.826	-53.000	2500.000
4970	459652	1	2430.621	86.00	29.76753	105.99404	-26.345	9.324	0.000	-3.447	-18.910	-30.000	2500.000
4971	459762	1	2313.034	87.00	35.97705	107.53696	-56.678	44.866	0.000	-11.472	-53.681	-110.000	2500.000
4972	459899	1	2202.893	87.00	30.24250	107.59926	-93.680	33.877	0.000	-21.491	-78.813	-137.000	2500.000
4973	460112	1	1960.546	87.00	34.11290	107.39362	-189.951	73.503	0.000	-83.455	-126.551	-213.000	2500.000
4974	460164	1	2440.798	87.00	31.01375	108.12595	-10.506	15.774	0.000	-6.051	-6.419	-52.000	2500.000
4975	460244	2	-2203.979	86.00	34.87418	107.58205	-54.129	15.058	-40.000	-2.658	-42.250	-80.000	-2000.000
4976	460316	1	2325.682	86.00	32.30873	108.06429	-58.634	18.029	0.000	-9.058	-52.655	-72.000	2500.000
4977	460437	1	1941.166	86.00	32.84935	107.47037	-94.570	31.850	-340.000	-9.753	-25.361	-121.000	2500.000
4978	460467	1	2362.375	86.00	29.69710	107.36397	-39.636	4.919	0.000	-12.487	-60.421	-30.000	2500.000
4979	460562	1	2339.817	86.00	34.09231	108.28110	-54.338	32.638	0.000	-13.701	-29.783	-95.000	2500.000
4980	460701	1	2111.634	87.00	32.56931	108.13661	-94.061	40.843	-60.000	-49.529	-86.619	-139.000	2500.000
4981	460816	2	-2322.135	86.00	32.89964	108.39473	-79.536	27.389	-100.000	-13.694	-41.294	-115.000	-2000.000
4982	460906	1	2192.894	86.00	34.97855	107.11169	-51.091	23.796	-80.000	-48.406	-61.405	-90.000	2500.000
4983	461056	1	1937.856	86.00	30.57032	107.33085	-109.350	43.692	-300.000	-7.282	-39.205	-150.000	2500.000
4984	461186	2	-2505.241	86.00	33.48480	107.53784	-143.734	31.730	-60.000	-53.154	-150.083	-130.000	-2000.000
4985	461317	1	2089.396	86.00	32.59627	107.44958	-136.265	56.229	-100.000	-9.839	-89.728	-131.000	2500.000
4986	461397	1	2284.251	86.00	32.54623	107.41380	-96.920	1.732	0.000	-2.427	-38.134	-80.000	2500.000
4987	461436	1	2422.232	86.00	34.15558	109.23153	-27.591	9.403	0.000	-0.078	-20.503	-39.000	2500.000
4988	461602	1	2100.873	86.00	34.01593	108.18049	-119.883	52.735	-40.000	-39.304	-86.675	-166.000	2500.000
4989	461741	1	2272.199	86.00	32.94704	108.88849	-82.249	42.321	0.000	-15.314	-33.559	-139.000	2500.000
4990	461802	1	2294.867	86.00	37.92075	108.18224	-42.433	15.235	-60.000	-8.349	-48.586	-61.000	2500.000
4991	461945	1	1954.472	86.00	34.19490	107.94273	-185.943	28.751	-140.000	-24.555	-80.782	-143.000	2500.000
4992	462109	1	1940.376	87.00	35.16005	107.44587	-131.291	59.955	-200.000	-53.473	-70.815	-164.000	2500.000
4993	462232	1	2313.467	87.00	32.30665	107.55718	-63.354	38.584	0.000	-16.789	-21.973	-123.000	2500.000
4994	462292	1	2367.813	87.00	35.07301	107.73714	-39.316	14.756	0.000	-11.755	-35.873	-60.000	2500.000
4995	462450	1	1620.367	87.00	32.94165	107.62779	-201.895	30.588	-320.000	-37.723	-192.602	-158.000	2500.000
4996	462500	1	2276.547	87.00	35.75191	107.36432	-28.037	14.246	-120.000	-14.255	-25.408	-50.000	2500.000
4997	462530	1	2391.927	88.00	36.45504	107.71667	-42.920	2.883	0.000	-4.122	-33.914	-30.000	2500.000
4998	462756	1	1901.267	88.00	32.40738	108.05759	-185.739	35.188	-140.000	-12.574	-69.607	-226.000	2500.000
4999	462825	1	2010.249	88.00	36.93106	108.29490	-56.981	20.780	-340.000	-6.539	-38.012	-69.000	2500.000
5000	462877	1	2412.804	88.00	33.21115	108.23363	-11.787	19.222	-20.000	-8.595	-14.036	-52.000	2500.000
5001	463025	1	1821.943	88.00	35.20728	108.05158	-138.333	26.786	-240.000	-81.342	-97.168	-148.000	2500.000
5002	463201	1	2013.909	88.00	32.74684	108.49647	-182.902	85.474	-100.000	-18.418	-94.245	-176.000	2500.000
5003	463324	1	1992.594	88.00	34.19747	107.79809	-86.412	44.843	-280.000	-10.464	-52.374	-123.000	2500.000
5004	463473	2	-2641.512	87.00	34.06711	108.40895	-173.952	13.080	-260.000	-17.739	-53.901	-149.000	-2000.000
5005	463536	1	1796.749	87.00	35.14647	108.94212	-52.837	19.331	-460.000	-87.720	-59.025	-63.000	2500.000
5006	463584	1	2333.786	88.00	31.35780	108.52755	-33.860	17.120	-60.000	-10.100	-31.373	-48.000	2500.000
5007	463680	1	2328.834	88.00	32.69105	108.94935	-69.812	26.933	0.000	-6.133	-26.154	-96.000	2500.000
5008	463808	1	2187.640	89.00	35.84967	108.06003	-103.185	38.214	-80.000	-11.692	-27.697	-128.000	2500.000
5009	463970	1	2025.863	89.00	31.86410	109.06580	-141.948	51.387	-120.000	-14.718	-86.858	-162.000	2500.000
5010	464208	2	-2790.869	88.00	33.58214	108.59756	-289.418	21.986	-40.000	-65.952	-179.486	-238.000	-2000.000
5011	464397	1	1982.031	88.00	32.78601	109.13940	-197.377	74.051	0.000	-67.668	-137.974	-189.000	2500.000
5012	464591	4	-472.918	87.00	32.42878	108.61435	-178.673	44.710	-80.000	-16.306	-48.648	-194.000	0.000
5013	464671	1	2384.352	88.00	34.38649	108.83818	-32.096	26.981	0.000	-8.721	-21.812	-80.000	2500.000
5014	464803	1	2186.521	88.00	34.20291	108.74754	-63.716	39.258	-100.000	-14.288	-42.733	-132.000	2500.000
5015	464861	2	-2406.840	88.00	33.38724	108.31397	-71.685	0.446	-220.000	-31.716	-25.885	-58.000	-2000.000
5016	464917	1	2345.851	88.00	33.72778	108.63330	-53.926	7.336	0.000	-5.936	-45.623	-56.000	2500.000
5017	464988	1	2360.584	88.00	34.46706	109.96421	-56.053	13.836	0.000	-8.422	-17.777	-71.000	2500.000
5018	465155	1	2094.770	88.00	33.48978	109.45892	-157.922	76.369	0.000	-44.059	-112.618	-167.000	2500.000
5019	465185	1	2441.989	88.00	28.10455	109.03439	-18.870	9.876	0.000	-3.010	-16.008	-30.000	2500.000
5020	465309	1	2148.255	88.00	34.30203	109.53838	-133.839	55.899	-60.000	-22.590	-67.216	-124.000	2500.000
5021	465519	1	2132.910	88.00	33.06054	109.17077	-94.195	85.396	-60.000	-41.896	-46.395	-210.000	2500.000
5022	465611	2	-2363.644	88.00	31.69136	109.75662	-88.146	11.119	-60.000	-67.540	-67.078	-92.000	-2000.000
5023	465809	1	1594.930	88.00	33.69375	109.72144	-184.325	53.855	-440.000	-70.114	-66.486	-198.000	2500.000
5024	465839	2	-2672.615	87.00	32.27479	109.28880	-26.596	1.478	-560.000	-6.965	-50.532	-30.000	-2000.000
5025	465873	1	2429.371	87.00	32.10823	108.74152	-22.733	9.781	0.000	-0.650	-23.026	-34.000	2500.000
5026	466007	1	1696.171	87.00	34.00622	109.10342	-135.194	44.142	-440.000	-49.606	-89.171	-134.000	2500.000
5027	466145	2	-2344.325	86.00	33.70036	109.62183	-44.492	35.900	-160.000	-10.825	-26.908	-138.000	-2000.000
5028	466253	1	2286.604	86.00	33.12019	109.57965	-76.033	27.423	0.000	-26.757	-30.029	-108.000	2500.000
5029	466312	2	-2230.552	85.00	33.29506	110.46112	-43.455	19.304	-80.000	-13.680	-53.720	-59.000	-2000.000
5030	466499	1	1632.446	86.00	33.67170	109.27611	-178.713	45.552	-300.000	-94.818	-152.575	-187.000	2500.000
5031	466723	1	2125.591	86.00	32.98281	109.06896	-137.444	93.438	0.000	-42.844	-63.558	-224.000	2500.000
5032	466818	1	2290.434	86.00	32.29934	109.62021	-80.487	17.879	0.000	-6.217	-45.741	-95.000	2500.000
5033	466914	1	2231.773	86.00	35.20173	109.08451	-32.068	36.190	-140.000	-11.657	-24.693	-96.000	2500.000
5034	467029	1	2041.039	86.00	34.04661	109.40870	-102.683	29.358	-200.000	-10.873	-59.763	-115.000	2500.000
5035	467097	1	2274.291	86.00	32.83380	108.62444	-51.461	19.130	-100.000	-5.860	-19.518	-68.000	2500.000
5036	467133	1	2441.733	86.00	35.09341	109.73789	-17.139	10.700	0.000	-0.013	-15.815	-36.000	2500.000
5037	467282	1	2046.869	86.00	33.32785	109.41766	-119.193	42.351	-140.000	-20.283	-67.006	-149.000	2500.000
5038	467332	2	-2512.263	85.00	33.92917	110.36122	-40.021	2.692	-360.000	-14.056	-50.878	-50.000	-2000.000
5039	467430	1	2251.044	85.00	33.85941	110.10390	-105.802	19.800	0.000	-31.229	-33.724	-98.000	2500.000
5040	467592	1	2133.798	85.00	35.50032	110.70956	-132.566	63.118	-60.000	-16.726	-58.029	-162.000	2500.000
5041	467672	1	2412.535	85.00	36.78073	110.65007	-22.669	29.171	0.000	-1.518	-12.449	-80.000	2500.000
5042	467708	2	-2207.710	84.00	30.71708	109.89407	-58.936	0.456	-60.000	-9.631	-43.599	-36.000	-2000.000
5043	467835	1	2166.013	84.00	36.07180	110.14700	-92.081	37.609	-60.000	-20.651	-71.863	-127.000	2500.000
5044	467908	1	2344.929	85.00	34.75142	110.24870	-63.436	16.802	0.000	-6.799	-28.638	-73.000	2500.000
5045	468029	1	2203.525	85.00	34.32790	109.80376	-91.547	43.570	0.000	-51.473	-76.025	-121.000	2500.000
5046	468169	1	2250.220	85.00	31.76710	109.45023	-94.268	48.163	-20.000	-5.826	-37.848	-140.000	2500.000
5047	468255	2	-2337.893	84.00	31.73648	110.52671	-73.539	7.717	-100.000	-30.765	-55.307	-86.000	-2000.000
5048	468287	5	-195.940	83.00	29.89598	110.43183	-29.813	2.729	-60.000	-22.706	-54.149	-32.000	0.000
5049	468338	1	2397.792	83.00	35.17052	109.98163	-26.904	19.090	0.000	-11.475	-31.920	-51.000	2500.000
5050	468377	1	2262.687	83.00	34.72702	110.76299	-50.304	14.318	-120.000	-11.194	-31.134	-39.000	2500.000
5051	468561	1	1866.852	83.00	33.23087	110.20641	-208.136	43.723	-80.000	-63.081	-141.654	-184.000	2500.000
5052	468591	1	2373.210	83.00	34.29059	109.65901	-41.162	7.022	0.000	-11.736	-50.914	-30.000	2500.000
5053	468702	2	-2439.444	82.00	34.65232	109.97832	-50.578	34.770	-120.000	-115.210	-77.425	-111.000	-2000.000
5054	468790	1	2352.860	82.00	33.18570	110.14201	-46.175	27.576	0.000	-7.369	-33.172	-88.000	2500.000
5055	468921	1	2273.011	82.00	34.47913	110.55306	-54.610	46.836	0.000	-34.827	-53.388	-131.000	2500.000
5056	469028	1	2180.835	82.00	32.57605	108.81495	-51.239	35.633	-120.000	-27.865	-48.693	-107.000	2500.000
5057	469210	1	2146.845	83.00	32.71995	110.41145	-141.766	73.074	0.000	-44.111	-58.351	-182.000	2500.000
5058	469478	1	1530.837	83.00	32.42381	110.38261	-252.836	97.277	-240.000	-96.932	-208.672	-268.000	2500.000
5059	469614	1	2249.232	83.00	33.76764	111.05543	-108.738	38.935	0.000	-19.618	-25.347	-136.000	2500.000
5060	469970	4	-1582.496	82.00	32.53514	110.50747	-364.639	135.278	-640.000	-73.827	-283.308	-356.000	0.000
5061	470093	2	-2388.774	82.00	32.30204	110.88200	-81.096	39.032	-100.000	-22.911	-100.800	-123.000	-2000.000
5062	470188	1	2100.805	82.00	31.42440	110.77441	-112.200	12.776	0.000	-46.403	-158.369	-95.000	2500.000
5063	470262	2	-2270.530	81.00	31.91425	110.66497	-32.689	6.194	-120.000	-12.887	-37.147	-74.000	-2000.000
5064	470303	1	2411.481	81.00	32.32635	111.60120	-27.256	11.524	0.000	-6.908	-24.878	-41.000	2500.000
5065	470375	1	2363.180	81.00	35.00987	110.20804	-36.128	20.055	0.000	-10.704	-38.043	-72.000	2500.000
5066	470473	1	2352.879	81.00	31.62668	110.84527	-35.611	29.277	0.000	-6.610	-36.178	-98.000	2500.000
5067	470777	1	1694.363	81.00	32.79757	110.99049	-352.066	91.920	0.000	-67.510	-173.981	-304.000	2500.000
5068	470976	1	2238.338	81.00	32.18830	110.58125	-83.279	70.190	0.000	-23.674	-25.900	-199.000	2500.000
5069	471151	2	-2639.519	80.00	32.97256	110.62198	-112.763	47.571	-300.000	-17.304	-82.023	-175.000	-2000.000
5070	471408	1	1309.576	80.00	33.37970	110.62389	-256.426	33.161	-540.000	-40.570	-129.589	-257.000	2500.000
5071	471443	1	2332.026	80.00	31.21140	112.56001	-62.610	0.080	0.000	-16.788	-53.657	-35.000	2500.000
5072	471644	1	2103.290	80.00	32.61195	110.91423	-141.287	98.900	0.000	-46.904	-106.419	-201.000	2500.000
5073	471898	1	1779.144	80.00	33.93861	111.08697	-284.752	31.625	0.000	-65.021	-148.709	-254.000	2500.000
5074	472198	1	1860.328	80.00	32.29952	111.01629	-165.249	115.364	-140.000	-60.521	-89.266	-300.000	2500.000
5075	472565	4	-823.571	80.00	33.22797	111.60414	-314.118	123.732	-80.000	-65.172	-121.013	-367.000	0.000
5076	472669	2	-2505.101	79.00	31.92444	111.34307	-106.987	23.019	-140.000	-27.156	-149.977	-104.000	-2000.000
5077	472772	1	2181.911	79.00	34.45133	111.95286	-79.538	25.791	0.000	-59.596	-101.745	-103.000	2500.000
5078	472821	2	-2221.143	78.00	34.46915	111.63085	-52.461	1.296	-80.000	-11.847	-29.131	-49.000	-2000.000
5079	472955	1	2157.631	78.00	31.35703	111.67539	-109.254	31.775	0.000	-36.397	-94.493	-134.000	2500.000
5080	472994	1	2341.503	78.00	37.32940	111.00720	-57.544	1.730	0.000	-19.325	-44.358	-39.000	2500.000
5081	473260	1	1794.678	79.00	34.82292	111.60258	-248.338	99.478	0.000	-94.318	-196.143	-266.000	2500.000
5082	473421	1	2277.039	79.00	32.57106	111.59959	-81.630	55.243	0.000	-13.919	-21.654	-161.000	2500.000
5083	473621	1	2145.852	79.00	31.27455	111.43586	-99.773	58.828	0.000	-35.938	-77.264	-200.000	2500.000
5084	473931	2	-3327.209	79.00	32.44141	111.80349	-344.014	28.685	-480.000	-64.025	-157.855	-310.000	-2000.000
5085	473988	1	2151.996	79.00	35.53588	111.95688	-17.236	17.785	-260.000	-15.002	-16.551	-57.000	2500.000
5086	474021	2	-2544.672	78.00	35.17297	111.44443	-39.459	2.608	-380.000	-23.969	-70.851	-33.000	-2000.000
5087	474063	1	2431.356	78.00	32.39857	111.66354	-21.359	10.785	0.000	-8.257	-7.813	-42.000	2500.000
5088	474419	4	-1509.378	77.00	31.13087	112.38885	-381.945	140.141	-640.000	-61.617	-209.957	-356.000	0.000
5089	474535	1	2274.657	77.00	36.93129	113.19229	-98.624	19.237	0.000	-1.970	-27.985	-116.000	2500.000
5090	474752	1	2169.664	77.00	31.80694	112.17963	-92.273	72.353	0.000	-30.703	-62.713	-217.000	2500.000
5091	475006	1	1944.651	77.00	35.00575	112.55566	-213.369	80.478	0.000	-55.354	-113.105	-254.000	2500.000
5092	475191	1	1757.414	77.00	34.31903	112.21399	-166.098	75.197	-300.000	-24.766	-141.920	-185.000	2500.000
5093	475257	1	2421.377	77.00	33.84406	112.55660	-24.386	21.624	0.000	-1.195	-8.666	-66.000	2500.000
5094	475382	1	2121.055	77.00	33.63610	112.60316	-98.394	50.929	-140.000	-13.966	-52.514	-125.000	2500.000
5095	475593	1	2161.753	77.00	33.46945	112.31770	-106.869	69.379	0.000	-14.215	-75.542	-211.000	2500.000
5096	475776	1	2233.535	77.00	35.63567	112.94557	-84.582	62.223	0.000	-14.301	-46.805	-183.000	2500.000
5097	475840	1	2384.928	77.00	33.77446	112.86752	-17.723	20.638	-40.000	-3.595	-10.393	-64.000	2500.000
5098	475871	1	2372.460	77.00	33.62894	113.27739	-41.787	6.799	0.000	-6.547	-55.005	-31.000	2500.000
5099	476182	1	1779.013	77.00	32.46040	113.48098	-260.979	115.780	-80.000	-74.572	-110.216	-311.000	2500.000
5100	476391	1	2108.456	77.00	33.92971	112.91125	-159.771	48.528	0.000	-16.207	-55.094	-209.000	2500.000
5101	476596	1	1707.431	77.00	34.53937	113.56702	-229.853	27.474	-260.000	-22.848	-102.343	-205.000	2500.000
5102	476626	1	2394.659	77.00	37.26154	114.14368	-33.924	7.676	0.000	-5.882	-43.211	-30.000	2500.000
5103	476834	1	2004.726	77.00	32.89100	113.22983	-169.735	48.615	-20.000	-38.260	-107.894	-208.000	2500.000
5104	476911	1	2375.237	78.00	33.85022	114.11987	-53.573	23.629	0.000	-1.443	-16.376	-77.000	2500.000
5105	477006	2	-2312.364	77.00	30.55428	112.91586	-44.490	19.336	-160.000	-13.323	-18.888	-95.000	-2000.000
5106	477065	1	2420.947	77.00	33.74144	113.36393	-20.253	19.385	0.000	-8.100	-11.085	-59.000	2500.000
5107	477269	1	2000.780	77.00	32.84093	113.96769	-167.009	41.872	0.000	-42.467	-127.617	-204.000	2500.000
5108	477460	1	2174.385	77.00	32.29499	113.52335	-111.786	58.783	0.000	-26.216	-55.396	-191.000	2500.000
5109	477654	1	2209.911	77.00	34.69214	113.59654	-71.121	68.721	0.000	-30.002	-63.688	-194.000	2500.000
5110	477710	1	2393.483	78.00	30.17960	113.16416	-33.316	14.259	0.000	-6.551	-24.909	-56.000	2500.000
5111	477748	1	2352.044	78.00	31.81969	112.91492	-57.625	0.534	0.000	-1.405	-51.460	-38.000	2500.000
5112	477866	2	-2926.737	78.00	33.35129	113.36455	-127.685	6.234	-540.000	-65.878	-81.409	-118.000	-2000.000
5113	478017	1	2094.796	78.00	33.39687	113.44112	-156.042	24.916	0.000	-17.532	-105.546	-151.000	2500.000
5114	478124	1	2354.619	78.00	34.81222	113.86481	-32.703	39.073	0.000	-20.642	-24.110	-107.000	2500.000
5115	478382	1	2049.233	79.00	33.76981	113.74989	-157.790	112.027	0.000	-52.847	-94.157	-258.000	2500.000
5116	478614	1	1515.151	79.00	32.18894	114.15147	-161.690	63.754	-560.000	-33.839	-61.074	-232.000	2500.000
5117	478785	1	2121.644	79.00	34.33281	114.14556	-98.244	52.742	-40.000	-46.759	-75.094	-171.000	2500.000
5118	478883	1	2312.548	79.00	32.72213	113.12334	-65.157	27.247	0.000	-9.000	-42.541	-98.000	2500.000
5119	479115	1	1969.907	79.00	32.76756	113.94601	-232.996	39.365	0.000	-24.125	-80.338	-232.000	2500.000
5120	479162	1	2183.032	79.00	31.23975	115.16717	-52.088	3.616	-140.000	-16.784	-64.712	-47.000	2500.000
5121	479292	1	1443.038	79.00	32.45437	114.59200	-172.523	40.957	-540.000	-85.280	-170.116	-130.000	2500.000
5122	479386	1	2019.908	80.00	33.57193	113.75372	-94.419	31.114	-140.000	-66.343	-116.444	-94.000	2500.000
5123	479449	1	2308.660	80.00	33.38030	113.52267	-74.131	2.291	0.000	-20.968	-35.532	-63.000	2500.000
5124	479528	2	-2233.564	80.00	33.39596	114.48021	-58.884	24.442	-60.000	-28.483	-31.639	-79.000	-2000.000
5125	479634	1	2254.026	80.00	29.83832	113.27015	-106.483	23.464	0.000	-13.369	-43.586	-106.000	2500.000
5126	479842	4	-824.491	79.00	35.15691	114.19598	-284.568	46.098	-60.000	-108.207	-209.813	-208.000	0.000
5127	479910	1	2333.347	80.00	34.29413	113.60391	-51.346	16.017	0.000	-13.240	-50.085	-68.000	2500.000
5128	480054	2	-2902.085	79.00	30.95348	113.64455	-215.859	0.345	-400.000	-37.359	-105.213	-144.000	-2000.000
5129	480120	2	-2171.398	79.00	32.38686	113.91665	-45.978	11.831	-40.000	-6.462	-24.789	-66.000	-2000.000
5130	480270	1	1818.923	79.00	32.82848	113.76306	-152.154	47.278	-300.000	-47.834	-78.367	-150.000	2500.000
5131	480324	2	-2257.548	78.00	29.26384	115.54869	-29.428	6.252	-160.000	-4.879	-15.493	-54.000	-2000.000
5132	480354	2	-2329.734	77.00	33.85939	114.12705	-14.082	5.068	-200.000	-52.870	-37.850	-30.000	-2000.000
5133	480504	1	2076.492	77.00	31.98834	114.60416	-154.035	21.946	0.000	-35.708	-105.712	-150.000	2500.000
5134	480534	1	2410.021	77.00	31.90012	114.25301	-28.163	12.436	0.000	-1.144	-43.109	-30.000	2500.000
5135	480628	1	2166.754	77.00	30.17224	114.76701	-53.195	28.452	-180.000	-1.773	-32.729	-94.000	2500.000
5136	480672	1	2407.717	77.00	38.31721	114.57413	-23.961	12.211	0.000	-8.163	-28.369	-44.000	2500.000
5137	480709	1	2419.567	77.00	34.89339	114.46119	-22.110	8.882	0.000	-3.155	-27.050	-37.000	2500.000
5138	480884	1	2087.236	78.00	31.26620	114.33700	-175.331	32.519	0.000	-31.246	-63.706	-175.000	2500.000
5139	480942	1	2408.340	78.00	34.14406	114.99096	-23.564	19.349	0.000	-5.680	-23.765	-58.000	2500.000
5140	481039	1	2132.734	78.00	35.99420	114.55563	-81.828	30.693	-60.000	-62.195	-96.936	-97.000	2500.000
5141	481121	1	2222.155	78.00	32.55093	113.91379	-58.619	19.981	-100.000	-28.603	-28.604	-82.000	2500.000
5142	481209	1	2377.290	79.00	31.03561	115.37419	-36.052	36.885	0.000	-3.207	-32.335	-88.000	2500.000
5143	481402	1	1888.654	79.00	31.34581	115.29545	-217.701	25.104	-40.000	-55.053	-130.695	-193.000	2500.000
5144	481506	1	2353.383	79.00	30.34718	115.00766	-48.928	37.057	0.000	-14.489	-16.256	-104.000	2500.000
5145	481682	1	1805.238	79.00	33.87011	114.68616	-64.456	66.039	-440.000	-15.263	-65.082	-176.000	2500.000
5146	481749	1	2401.429	79.00	32.45343	115.97957	-28.756	21.959	0.000	-3.876	-20.898	-67.000	2500.000
5147	481791	1	2416.480	80.00	34.52116	114.81652	-23.694	13.002	0.000	-1.485	-29.343	-42.000	2500.000
5148	481861	1	2358.551	81.00	33.75269	116.10990	-51.712	18.049	0.000	-11.227	-26.558	-70.000	2500.000
5149	481938	1	2051.321	81.00	35.94285	115.63535	-118.741	-28.125	-100.000	-17.169	-107.644	-77.000	2500.000
5150	482015	1	2264.708	81.00	33.65963	115.21043	-15.731	29.921	-120.000	-29.653	-22.828	-77.000	2500.000
5151	482085	1	2234.701	81.00	33.19479	114.37994	-46.330	19.120	-120.000	-15.325	-32.764	-70.000	2500.000
5152	482166	1	2345.805	81.00	33.15993	115.25794	-41.568	32.362	0.000	-19.834	-44.154	-81.000	2500.000
5153	482196	1	2450.384	82.00	32.63100	115.09480	-15.986	13.624	0.000	-0.455	-16.800	-30.000	2500.000
5154	482226	1	2425.423	82.00	35.17655	114.57866	-25.896	7.101	0.000	-1.887	-23.895	-30.000	2500.000
5155	482256	1	2418.628	82.00	30.39605	115.18763	-28.014	7.417	0.000	-0.804	-29.972	-30.000	2500.000
5156	482417	1	2076.550	82.00	32.23827	114.73507	-112.213	38.363	-140.000	-5.044	-43.556	-161.000	2500.000
5157	482506	1	2233.687	82.00	34.33178	116.21474	-107.325	30.925	0.000	-26.055	-74.859	-89.000	2500.000
5158	482588	2	-2277.969	81.00	35.24370	116.03217	-72.796	11.044	-80.000	-9.165	-45.051	-82.000	-2000.000
5159	482690	1	2151.985	81.00	31.27004	115.57024	-101.583	27.269	-80.000	-18.774	-72.927	-102.000	2500.000
5160	482720	1	2343.038	82.00	36.75183	116.19855	-43.724	7.567	0.000	-3.386	-87.418	-30.000	2500.000
5161	482908	1	1900.013	83.00	34.82194	115.40742	-229.409	51.125	-40.000	-52.535	-141.169	-188.000	2500.000
5162	483065	1	2338.860	83.00	32.51501	115.70409	-31.213	54.745	0.000	-6.464	-21.209	-157.000	2500.000
5163	483160	1	2041.884	84.00	32.85352	115.54283	-55.977	27.659	-280.000	-13.816	-40.982	-95.000	2500.000
5164	483238	1	2336.924	84.00	29.74034	115.58188	-45.968	22.621	0.000	-8.847	-52.882	-78.000	2500.000
5165	483317	1	2371.851	84.00	34.89111	115.72224	-35.512	25.621	0.000	-10.012	-29.246	-79.000	2500.000
5166	483409	1	2260.796	84.00	31.85960	115.90505	-90.295	18.657	0.000	-13.437	-62.129	-92.000	2500.000
5167	483582	1	1901.127	84.00	34.10684	115.94289	-191.129	37.967	-140.000	-44.477	-88.233	-173.000	2500.000
5168	483689	1	2378.124	84.00	33.16646	115.15496	-32.740	42.797	0.000	-13.350	-11.584	-107.000	2500.000
5169	483916	1	2058.784	85.00	32.96081	115.57660	-186.541	94.883	0.000	-20.449	-102.108	-227.000	2500.000
5170	483963	1	2432.235	85.00	33.38906	115.71616	-13.524	12.056	0.000	-2.109	-17.188	-47.000	2500.000
5171	484039	1	2315.890	85.00	33.41602	114.72479	-71.300	15.646	0.000	-9.588	-42.867	-76.000	2500.000
5172	484145	1	2298.485	85.00	32.35797	115.26042	-50.398	35.331	0.000	-32.423	-48.025	-106.000	2500.000
5173	484176	2	-2332.770	84.00	34.57253	114.71537	-55.222	-0.915	-120.000	-80.212	-45.422	-31.000	-2000.000
5174	484212	1	2377.146	84.00	32.35509	114.53697	-27.318	10.737	-20.000	-24.208	-26.065	-36.000	2500.000
5175	484252	2	-2424.898	84.00	29.17678	115.38981	-23.065	4.513	-320.000	-20.225	-26.120	-40.000	-2000.000
5176	484336	1	2364.354	85.00	30.39464	116.39874	-41.903	33.020	0.000	-13.558	-29.205	-84.000	2500.000
5177	484606	4	-894.455	84.00	32.95475	116.01316	-303.061	76.631	-60.000	-131.698	-206.326	-270.000	0.000
5178	484691	1	2337.502	85.00	34.88910	115.56010	-51.187	26.213	0.000	-10.693	-41.831	-85.000	2500.000
5179	484808	1	2199.165	85.00	34.80418	115.83911	-48.137	42.226	-120.000	-17.339	-40.585	-117.000	2500.000
5180	485102	2	-3136.679	84.00	33.10626	115.67413	-393.865	68.257	-220.000	-86.702	-210.369	-294.000	-2000.000
5181	485163	1	2409.403	84.00	31.92632	115.92593	-29.898	16.077	0.000	-8.320	-7.457	-61.000	2500.000
5182	485215	1	2321.678	84.00	36.12445	115.54183	-68.864	-0.204	0.000	-11.890	-45.365	-52.000	2500.000
5183	485316	1	2226.670	84.00	30.75058	115.33444	-47.659	32.626	-100.000	-23.592	-33.705	-101.000	2500.000
5184	485422	1	2276.771	85.00	33.33117	116.25204	-89.167	22.174	0.000	-7.475	-42.762	-106.000	2500.000
5185	485509	1	2344.771	85.00	33.47607	116.93050	-50.879	24.061	0.000	-17.324	-24.088	-87.000	2500.000
5186	485561	1	2373.311	86.00	31.12560	116.19434	-45.625	5.644	0.000	-6.827	-27.881	-52.000	2500.000
5187	485740	1	1975.587	86.00	33.42273	116.17474	-124.996	52.037	-180.000	-44.478	-47.976	-179.000	2500.000
5188	485776	2	-2143.600	86.00	31.92598	115.17810	-31.066	3.404	-40.000	-8.901	-31.038	-36.000	-2000.000
5189	485842	1	2395.399	86.00	32.43452	115.90313	-30.388	22.984	0.000	-15.848	-15.349	-66.000	2500.000
5190	485875	1	2380.589	86.00	35.66640	117.85327	-51.794	-0.661	0.000	-1.337	-32.620	-33.000	2500.000
5191	485969	1	2341.174	86.00	34.27055	115.77849	-41.066	28.369	0.000	-22.804	-29.326	-94.000	2500.000
5192	486027	2	-2220.843	85.00	30.37075	116.46393	-38.136	20.399	-100.000	-14.912	-30.194	-58.000	-2000.000
5193	486133	1	2231.316	85.00	37.43476	116.58513	-100.776	21.527	0.000	-33.945	-49.490	-106.000	2500.000
5194	486189	2	-2192.610	84.00	31.22841	116.61095	-35.882	8.534	-80.000	-5.465	-23.797	-56.000	-2000.000
5195	486224	1	2434.084	84.00	34.42657	116.74291	-16.288	8.209	0.000	-11.858	-10.980	-35.000	2500.000
5196	486272	1	2335.406	84.00	36.73233	114.92361	-31.704	17.445	-60.000	-8.499	-33.836	-48.000	2500.000
5197	486329	1	2277.805	84.00	32.28637	116.36670	-30.487	20.640	-120.000	-10.299	-25.049	-57.000	2500.000
5198	486406	1	2163.587	84.00	32.54163	115.95432	-105.079	30.653	-80.000	-15.711	-89.275	-77.000	2500.000
5199	486571	1	1996.720	84.00	31.19513	116.26271	-130.498	41.350	-160.000	-12.064	-77.069	-165.000	2500.000
5200	486602	2	-2254.573	83.00	35.98238	117.04424	-33.403	0.328	-60.000	-89.670	-40.828	-31.000	-2000.000
5201	486649	1	2419.406	83.00	31.14773	116.37135	-36.299	14.298	0.000	-2.216	-9.378	-47.000	2500.000
5202	486724	1	2121.030	83.00	36.11353	116.42844	-49.208	21.891	-220.000	-24.560	-32.093	-75.000	2500.000
5203	486777	2	-2267.857	82.00	31.97902	115.67550	-81.576	-1.470	-100.000	-4.714	-27.097	-53.000	-2000.000
5204	486833	1	2392.503	82.00	31.02898	115.92070	-45.332	13.319	0.000	-2.647	-16.837	-56.000	2500.000
5205	486984	1	2209.465	83.00	33.44776	117.58176	-130.976	41.530	0.000	-12.286	-37.803	-151.000	2500.000
5206	487014	1	2053.155	83.00	34.48756	116.69570	-22.948	6.601	-340.000	-33.477	-27.021	-30.000	2500.000
5207	487068	1	2310.424	83.00	33.08779	116.66493	-30.806	17.789	-100.000	-4.184	-18.376	-54.000	2500.000
5208	487175	1	2276.967	83.00	33.33626	117.02834	-87.020	33.530	0.000	-10.293	-52.250	-107.000	2500.000
5209	487351	1	2156.471	83.00	32.59886	116.92758	-122.639	58.156	0.000	-36.875	-66.170	-176.000	2500.000
5210	487454	2	-2260.855	82.00	30.56289	116.72958	-76.537	21.425	-40.000	-10.660	-52.083	-103.000	-2000.000
5211	487561	1	2258.425	82.00	33.20823	116.78526	-87.046	23.446	0.000	-10.057	-60.919	-107.000	2500.000
5212	487805	1	1963.207	83.00	32.43806	116.77818	-191.660	79.519	-80.000	-24.483	-76.169	-244.000	2500.000
5213	487860	1	2319.353	83.00	31.43396	116.62356	-33.526	13.665	-60.000	-8.306	-37.481	-55.000	2500.000
5214	487894	2	-2611.632	82.00	33.93005	117.38192	-69.180	4.170	-380.000	-49.183	-83.439	-34.000	-2000.000
5215	487957	1	1823.868	82.00	32.29554	116.57133	-35.595	15.022	-520.000	-31.410	-41.148	-63.000	2500.000
5216	488068	1	1980.853	82.00	33.21661	116.91518	-133.514	15.435	-160.000	-42.348	-87.720	-111.000	2500.000
5217	488182	2	-2617.661	81.00	34.22825	116.89759	-138.574	25.152	-140.000	-63.652	-186.587	-114.000	-2000.000
5218	488342	1	1831.938	81.00	35.29321	116.91327	-192.333	15.452	-160.000	-23.068	-148.114	-160.000	2500.000
5219	488427	1	2345.856	81.00	32.88360	117.71983	-47.910	36.445	0.000	-11.552	-46.127	-85.000	2500.000
5220	488597	1	1834.453	81.00	33.26198	117.38406	-152.917	56.401	-320.000	-3.607	-75.424	-170.000	2500.000
5221	488762	1	2220.418	81.00	31.58752	116.57847	-96.017	60.186	0.000	-17.776	-60.975	-165.000	2500.000
5222	488830	1	2248.202	81.00	35.71580	117.35705	-49.693	16.769	-60.000	-26.047	-64.826	-68.000	2500.000
5223	488893	1	2064.673	81.00	30.32978	117.29324	-48.046	14.284	-300.000	-3.374	-35.191	-63.000	2500.000
5224	488954	1	2029.341	82.00	31.06435	116.55481	-89.296	-7.039	-200.000	-45.251	-68.074	-61.000	2500.000
5225	489042	1	2324.539	82.00	35.69547	117.63980	-72.837	23.455	0.000	-1.722	-36.357	-88.000	2500.000
5226	489078	1	2423.895	83.00	34.48515	117.77448	-20.895	10.949	0.000	-4.122	-26.036	-36.000	2500.000
5227	489108	1	2436.190	83.00	29.54837	118.82586	-21.662	13.840	0.000	-0.246	-25.742	-30.000	2500.000
5228	489175	1	2418.644	84.00	33.68486	117.99197	-26.449	23.767	0.000	-0.434	-11.240	-67.000	2500.000
5229	489286	1	2057.215	85.00	35.10886	117.74267	-90.262	29.433	-200.000	-19.095	-51.861	-111.000	2500.000
5230	489344	1	2378.221	85.00	30.97783	118.26920	-39.777	18.462	0.000	-14.768	-27.696	-58.000	2500.000
5231	489375	2	-2131.727	85.00	28.80753	116.22340	-11.860	3.037	-60.000	-9.261	-22.643	-31.000	-2000.000
5232	489406	2	-2633.511	85.00	32.07828	118.02547	-33.528	1.534	-420.000	-70.613	-79.905	-31.000	-2000.000
5233	489510	1	2185.457	85.00	33.94985	118.03498	-93.920	22.891	0.000	-44.048	-95.466	-104.000	2500.000
5234	489611	1	2127.100	85.00	33.42496	118.25806	-66.623	26.458	-200.000	-9.211	-22.523	-101.000	2500.000
5235	489653	1	2422.198	85.00	30.20674	118.22750	-23.871	13.650	0.000	-11.188	-14.393	-42.000	2500.000
5236	489728	1	2365.683	85.00	29.57336	118.16926	-39.943	24.756	0.000	-8.589	-35.541	-75.000	2500.000
5237	489863	1	2106.243	85.00	33.52214	118.24284	-132.605	31.792	0.000	-41.928	-116.016	-135.000	2500.000
5238	489966	1	2363.636	85.00	32.80985	117.83444	-37.071	37.490	0.000	-5.913	-27.870	-103.000	2500.000
5239	490056	1	2200.381	85.00	29.82275	117.90566	-62.570	28.278	-120.000	-11.619	-43.707	-90.000	2500.000
5240	490194	1	2025.896	85.00	36.35588	117.88125	-76.538	51.254	-240.000	-31.730	-39.089	-138.000	2500.000
5241	490345	1	2139.627	85.00	30.48794	117.85534	-133.403	56.396	-60.000	-14.607	-57.759	-151.000	2500.000
5242	490451	1	2219.686	85.00	32.50716	117.45782	-125.314	18.095	-20.000	-15.808	-31.286	-106.000	2500.000
5243	490551	1	2311.177	85.00	33.37696	118.97247	-78.121	39.154	0.000	-6.870	-42.985	-100.000	2500.000
5244	490746	2	-2534.058	84.00	33.32265	118.11200	-222.462	13.324	-60.000	-16.527	-53.393	-195.000	-2000.000
5245	490799	1	2422.824	84.00	32.32735	118.07446	-21.109	14.285	0.000	-6.241	-11.111	-53.000	2500.000
5246	490863	2	-2172.150	83.00	30.99347	117.54614	-34.907	11.285	-60.000	-0.209	-24.319	-64.000	-2000.000
5247	490988	1	2125.275	83.00	31.46208	117.73418	-100.936	24.529	-60.000	-39.138	-74.181	-125.000	2500.000
5248	491265	1	1828.405	83.00	33.76965	118.15517	-270.598	96.797	0.000	-83.314	-137.479	-277.000	2500.000
5249	491295	1	2362.088	83.00	36.44846	117.30783	-44.193	2.650	0.000	-1.085	-65.284	-30.000	2500.000
5250	491333	1	2422.140	83.00	30.44621	116.66823	-34.237	17.571	0.000	-1.170	-22.024	-38.000	2500.000
5251	491363	1	2375.686	83.00	31.20671	118.03057	-40.478	-0.637	0.000	-4.776	-48.423	-30.000	2500.000
5252	491555	1	2188.784	83.00	32.17890	118.58614	-124.102	69.603	0.000	-30.653	-34.063	-192.000	2500.000
5253	491587	1	2424.044	83.00	32.18160	119.02772	-18.773	7.245	0.000	-7.763	-24.665	-32.000	2500.000
5254	491618	2	-2247.174	82.00	27.13723	118.88531	-35.911	2.446	-140.000	-14.530	-28.179	-31.000	-2000.000
5255	491726	1	2351.145	82.00	32.82816	118.62060	-40.699	35.822	0.000	-7.403	-28.575	-108.000	2500.000
5256	491792	1	2224.609	82.00	30.30777	119.78061	-93.666	-1.267	0.000	-43.180	-71.278	-66.000	2500.000
5257	492014	1	1443.970	82.00	32.06666	118.45178	-186.132	64.106	-520.000	-66.101	-125.902	-222.000	2500.000
5258	492191	4	-849.426	82.00	33.35881	117.49778	-255.854	33.103	-260.000	-65.761	-123.914	-177.000	0.000
5259	492260	1	2102.059	82.00	34.38331	118.52254	-89.050	7.145	-120.000	-24.791	-102.246	-69.000	2500.000
5260	492302	2	-2331.760	81.00	30.31920	118.85498	-56.454	16.805	-120.000	-56.167	-73.944	-42.000	-2000.000
5261	492362	1	2182.495	81.00	32.71286	117.74365	-53.568	11.584	-160.000	-11.047	-44.474	-60.000	2500.000
5262	492437	1	2392.750	81.00	35.37630	119.90861	-20.438	30.951	0.000	-22.488	-20.275	-75.000	2500.000
5263	492599	1	2117.276	81.00	33.35228	118.46464	-90.328	53.371	-80.000	-37.502	-66.265	-162.000	2500.000
5264	492733	1	2243.803	81.00	30.47916	119.11197	-115.594	51.739	0.000	-19.820	-38.522	-134.000	2500.000
5265	492853	1	2240.881	81.00	30.80703	118.93641	-64.452	38.188	-80.000	-4.208	-28.646	-120.000	2500.000
5266	492902	1	2422.342	81.00	29.49673	118.65687	-20.862	15.409	0.000	-2.889	-20.316	-49.000	2500.000
5267	493009	1	2245.187	81.00	33.31664	118.93155	-113.859	8.611	0.000	-10.057	-32.508	-107.000	2500.000
