episode	total_steps	outcome	reward_sum	ma100_success	loss_critic	loss_actor	r_yaw	r_distance	r_obstacle	r_vlinear	r_vangular	r_step	r_terminal
1	25209	4	0.552	0.00	1.18345	-48.75579	0.000	1.048	-0.496	0.000	0.000	0.000	0.000
2	25334	2	-1.382	0.00	1.24548	-48.22544	0.000	-0.382	0.000	0.000	0.000	0.000	-1.000
3	25407	1	2.630	33.33	1.79723	-47.04959	0.000	1.630	0.000	0.000	0.000	0.000	1.000
4	25480	2	-3.804	25.00	2.14223	-46.10531	0.000	-1.427	-1.377	0.000	0.000	0.000	-1.000
5	25633	4	-4.121	20.00	1.27320	-45.05317	0.000	0.023	-4.144	0.000	0.000	0.000	0.000
6	25663	2	-1.658	16.67	1.40838	-45.10088	0.000	0.163	-0.821	0.000	0.000	0.000	-1.000
7	25793	2	-2.491	14.29	1.29244	-44.80836	0.000	0.192	-1.683	0.000	0.000	0.000	-1.000
8	25929	2	-1.941	12.50	1.34036	-44.35585	0.000	0.772	-1.713	0.000	0.000	0.000	-1.000
9	25965	2	-0.619	11.11	1.27402	-44.09132	0.000	0.916	-0.535	0.000	0.000	0.000	-1.000
10	26101	4	-2.953	10.00	1.29125	-43.87114	0.000	-0.418	-2.535	0.000	0.000	0.000	0.000
11	26261	4	-1.633	9.09	1.23425	-43.47798	0.000	-0.582	-1.051	0.000	0.000	0.000	0.000
12	26292	2	-3.494	8.33	1.16953	-43.29335	0.000	-0.386	-2.108	0.000	0.000	0.000	-1.000
13	26355	2	-0.297	7.69	1.25166	-42.99897	0.000	1.864	-1.161	0.000	0.000	0.000	-1.000
14	26509	4	-0.604	7.14	1.21525	-42.83496	0.000	0.467	-1.072	0.000	0.000	0.000	0.000
15	26633	2	-1.403	6.67	1.21238	-42.45271	0.000	-0.064	-0.339	0.000	0.000	0.000	-1.000
16	26694	2	-3.613	6.25	1.09607	-42.27299	0.000	-1.333	-1.280	0.000	0.000	0.000	-1.000
17	26730	2	-3.398	5.88	1.13690	-42.08632	0.000	-0.493	-1.905	0.000	0.000	0.000	-1.000
18	26874	4	-1.711	5.56	1.19060	-41.86561	0.000	-0.823	-0.888	0.000	0.000	0.000	0.000
19	26946	2	-0.488	5.26	1.10748	-41.66347	0.000	0.874	-0.362	0.000	0.000	0.000	-1.000
20	27023	2	-2.041	5.00	1.19663	-41.48811	0.000	-0.577	-0.464	0.000	0.000	0.000	-1.000
21	27113	2	-1.469	4.76	1.04177	-41.34538	0.000	0.342	-0.811	0.000	0.000	0.000	-1.000
22	27290	4	0.227	4.55	1.06943	-41.00058	0.000	0.570	-0.343	0.000	0.000	0.000	0.000
23	27457	2	-1.559	4.35	1.03578	-40.68881	0.000	0.254	-0.813	0.000	0.000	0.000	-1.000
24	27613	4	-0.101	4.17	1.02586	-40.30616	0.000	-0.095	-0.006	0.000	0.000	0.000	0.000
25	27754	4	-0.117	4.00	0.98738	-40.02390	0.000	-0.006	-0.111	0.000	0.000	0.000	0.000
26	27891	4	-2.357	3.85	0.92338	-39.75811	0.000	-1.296	-1.061	0.000	0.000	0.000	0.000
27	28036	4	-1.160	3.70	0.95028	-39.45035	0.000	0.200	-1.360	0.000	0.000	0.000	0.000
28	28083	2	-1.779	3.57	0.85510	-39.26581	0.000	-0.173	-0.606	0.000	0.000	0.000	-1.000
29	28254	4	-1.958	3.45	0.92110	-39.00952	0.000	-1.435	-0.524	0.000	0.000	0.000	0.000
30	28312	2	-1.388	3.33	0.82146	-38.85779	0.000	-0.235	-0.153	0.000	0.000	0.000	-1.000
31	28542	4	0.270	3.23	0.86141	-38.53239	0.000	0.901	-0.631	0.000	0.000	0.000	0.000
32	28729	4	-1.918	3.12	0.83006	-38.07554	0.000	-0.740	-1.177	0.000	0.000	0.000	0.000
33	28770	2	-1.653	3.03	0.81668	-37.89731	0.000	0.104	-0.757	0.000	0.000	0.000	-1.000
34	28974	2	-2.196	2.94	0.76787	-37.65902	0.000	0.465	-1.660	0.000	0.000	0.000	-1.000
35	29206	4	-1.255	2.86	0.77301	-37.23457	0.000	-0.401	-0.855	0.000	0.000	0.000	0.000
36	29360	4	-0.858	2.78	0.74306	-36.86047	0.000	0.019	-0.876	0.000	0.000	0.000	0.000
37	29506	4	-1.086	2.70	0.71802	-36.54521	0.000	0.308	-1.394	0.000	0.000	0.000	0.000
38	29536	2	-1.366	2.63	0.79333	-36.36947	0.000	0.110	-0.475	0.000	0.000	0.000	-1.000
39	29570	2	-2.853	2.56	0.78163	-36.26177	0.000	0.330	-2.183	0.000	0.000	0.000	-1.000
40	29733	4	2.230	2.50	0.75235	-36.08705	0.000	2.287	-0.056	0.000	0.000	0.000	0.000
41	29900	4	0.853	2.44	0.74127	-35.76194	0.000	1.532	-0.679	0.000	0.000	0.000	0.000
42	29938	2	-1.363	2.38	0.69714	-35.58710	0.000	0.155	-0.517	0.000	0.000	0.000	-1.000
43	30101	4	-1.302	2.33	0.72182	-35.36396	0.000	-0.713	-0.589	0.000	0.000	0.000	0.000
44	30234	4	-0.320	2.27	0.70294	-35.11858	0.000	-0.306	-0.014	0.000	0.000	0.000	0.000
45	30398	4	0.140	2.22	0.68859	-34.82310	0.000	0.766	-0.626	0.000	0.000	0.000	0.000
46	30554	4	-2.440	2.17	0.68707	-34.49839	0.000	0.285	-2.724	0.000	0.000	0.000	0.000
47	30750	2	-1.314	2.13	0.64670	-34.15734	0.000	2.819	-3.132	0.000	0.000	0.000	-1.000
48	30882	4	-0.675	2.08	0.66914	-33.82864	0.000	-0.480	-0.195	0.000	0.000	0.000	0.000
49	30916	2	-2.920	2.04	0.65010	-33.68388	0.000	-0.893	-1.028	0.000	0.000	0.000	-1.000
50	31060	4	-0.831	2.00	0.65668	-33.47954	0.000	-0.009	-0.822	0.000	0.000	0.000	0.000
51	31193	4	1.763	1.96	0.67342	-33.23730	0.000	2.094	-0.331	0.000	0.000	0.000	0.000
52	31260	2	-1.507	1.92	0.61882	-33.03202	0.000	-0.144	-0.363	0.000	0.000	0.000	-1.000
53	31395	4	-2.044	1.89	0.62181	-32.84731	0.000	-0.274	-1.769	0.000	0.000	0.000	0.000
54	31522	4	0.236	1.85	0.64029	-32.60613	0.000	0.236	0.000	0.000	0.000	0.000	0.000
55	31718	4	0.326	1.82	0.62062	-32.32893	0.000	0.358	-0.032	0.000	0.000	0.000	0.000
56	31862	4	-0.347	1.79	0.60095	-31.97752	0.000	1.120	-1.467	0.000	0.000	0.000	0.000
57	32012	4	-0.221	1.75	0.57095	-31.70744	0.000	-0.143	-0.078	0.000	0.000	0.000	0.000
58	32049	2	-2.492	1.72	0.62729	-31.48546	0.000	-0.945	-0.547	0.000	0.000	0.000	-1.000
59	32116	1	1.828	3.39	0.56380	-31.44373	0.000	1.667	-0.839	0.000	0.000	0.000	1.000
60	32281	2	-1.080	3.33	0.58110	-31.23483	0.000	0.393	-0.473	0.000	0.000	0.000	-1.000
61	32429	4	-0.235	3.28	0.56917	-30.94697	0.000	-0.208	-0.028	0.000	0.000	0.000	0.000
62	32560	2	-0.608	3.23	0.57278	-30.69462	0.000	0.863	-0.471	0.000	0.000	0.000	-1.000
63	32594	2	-1.171	3.17	0.56077	-30.58352	0.000	0.111	-0.282	0.000	0.000	0.000	-1.000
64	32748	4	-0.378	3.12	0.55908	-30.36311	0.000	0.167	-0.545	0.000	0.000	0.000	0.000
65	32918	4	-0.140	3.08	0.52648	-30.05129	0.000	-0.103	-0.037	0.000	0.000	0.000	0.000
66	32954	2	-1.461	3.03	0.51364	-29.88224	0.000	0.201	-0.662	0.000	0.000	0.000	-1.000
67	33125	4	1.355	2.99	0.52641	-29.72545	0.000	1.619	-0.264	0.000	0.000	0.000	0.000
68	33307	2	0.540	2.94	0.54077	-29.38564	0.000	2.284	-0.744	0.000	0.000	0.000	-1.000
69	33492	4	-1.883	2.90	0.53869	-29.07881	0.000	-0.629	-1.253	0.000	0.000	0.000	0.000
70	33637	4	-1.420	2.86	0.53554	-28.77515	0.000	0.948	-2.368	0.000	0.000	0.000	0.000
71	33786	4	-1.246	2.82	0.54313	-28.53544	0.000	-0.480	-0.765	0.000	0.000	0.000	0.000
72	33822	2	-1.234	2.78	0.45106	-28.39700	0.000	-0.071	-0.162	0.000	0.000	0.000	-1.000
73	33984	4	-1.430	2.74	0.51849	-28.19759	0.000	-0.699	-0.730	0.000	0.000	0.000	0.000
74	34044	2	-0.785	2.70	0.48382	-28.02927	0.000	0.518	-0.303	0.000	0.000	0.000	-1.000
75	34173	2	-2.586	2.67	0.47536	-27.86651	0.000	-1.388	-0.198	0.000	0.000	0.000	-1.000
76	34315	4	0.146	2.63	0.49904	-27.63122	0.000	0.146	0.000	0.000	0.000	0.000	0.000
77	34479	4	-0.656	2.60	0.47420	-27.36768	0.000	-0.271	-0.386	0.000	0.000	0.000	0.000
78	34631	4	-0.377	2.56	0.47462	-27.11414	0.000	-0.030	-0.347	0.000	0.000	0.000	0.000
79	34763	4	-1.599	2.53	0.52024	-26.88860	0.000	-1.494	-0.104	0.000	0.000	0.000	0.000
80	34829	2	-1.630	2.50	0.45923	-26.73338	0.000	-0.412	-0.219	0.000	0.000	0.000	-1.000
81	35000	4	1.103	2.47	0.49193	-26.52641	0.000	1.103	0.000	0.000	0.000	0.000	0.000
82	35136	4	-1.630	2.44	0.45008	-26.28591	0.000	-0.341	-1.288	0.000	0.000	0.000	0.000
83	35293	4	-0.030	2.41	0.48044	-26.05586	0.000	0.661	-0.691	0.000	0.000	0.000	0.000
84	35433	4	-0.204	2.38	0.45149	-25.81161	0.000	0.034	-0.238	0.000	0.000	0.000	0.000
85	35561	4	-0.293	2.35	0.41437	-25.60349	0.000	0.974	-1.267	0.000	0.000	0.000	0.000
86	35631	2	-2.604	2.33	0.41984	-25.45184	0.000	-0.890	-0.714	0.000	0.000	0.000	-1.000
87	35766	2	-2.537	2.30	0.39941	-25.29154	0.000	0.214	-1.751	0.000	0.000	0.000	-1.000
88	35978	4	1.185	2.27	0.44270	-25.00046	0.000	1.185	0.000	0.000	0.000	0.000	0.000
89	36171	4	-0.963	2.25	0.39549	-24.68298	0.000	-0.290	-0.673	0.000	0.000	0.000	0.000
90	36356	4	0.708	2.22	0.41621	-24.40932	0.000	0.992	-0.284	0.000	0.000	0.000	0.000
91	36519	4	-1.339	2.20	0.40446	-24.13328	0.000	-1.278	-0.061	0.000	0.000	0.000	0.000
92	36691	4	-2.787	2.17	0.40711	-23.87950	0.000	-0.431	-2.356	0.000	0.000	0.000	0.000
93	36888	4	-1.337	2.15	0.40482	-23.60490	0.000	-1.126	-0.210	0.000	0.000	0.000	0.000
94	37196	4	1.477	2.13	0.38732	-23.23570	0.000	2.399	-0.922	0.000	0.000	0.000	0.000
95	37371	2	1.267	2.11	0.38457	-22.88647	0.000	2.357	-0.090	0.000	0.000	0.000	-1.000
96	37593	4	-0.635	2.08	0.36307	-22.61787	0.000	1.528	-2.163	0.000	0.000	0.000	0.000
97	37761	2	-0.659	2.06	0.35399	-22.35972	0.000	0.829	-0.488	0.000	0.000	0.000	-1.000
98	37802	2	-1.058	2.04	0.36492	-22.19702	0.000	-0.021	-0.037	0.000	0.000	0.000	-1.000
99	38005	4	-2.423	2.02	0.36513	-22.01535	0.000	-1.549	-0.874	0.000	0.000	0.000	0.000
100	38192	4	1.686	2.00	0.32908	-21.75351	0.000	1.831	-0.145	0.000	0.000	0.000	0.000
101	38253	2	-1.283	2.00	0.32443	-21.59018	0.000	0.079	-0.362	0.000	0.000	0.000	-1.000
102	38455	4	1.039	2.00	0.34474	-21.40268	0.000	1.915	-0.876	0.000	0.000	0.000	0.000
103	38626	4	0.222	1.00	0.31320	-21.14621	0.000	0.286	-0.063	0.000	0.000	0.000	0.000
104	38656	2	-2.190	1.00	0.32183	-21.06202	0.000	-0.001	-1.189	0.000	0.000	0.000	-1.000
105	38828	4	0.237	1.00	0.34082	-20.89225	0.000	0.324	-0.087	0.000	0.000	0.000	0.000
106	38992	4	0.096	1.00	0.33694	-20.65170	0.000	0.717	-0.621	0.000	0.000	0.000	0.000
107	39154	4	-0.146	1.00	0.32984	-20.45534	0.000	-0.006	-0.140	0.000	0.000	0.000	0.000
108	39379	4	-0.749	1.00	0.31992	-20.20343	0.000	0.221	-0.970	0.000	0.000	0.000	0.000
109	39432	2	-2.257	1.00	0.41069	-20.00729	0.000	-0.761	-0.496	0.000	0.000	0.000	-1.000
110	39503	1	2.581	2.00	0.32897	-19.93684	0.000	1.714	-0.133	0.000	0.000	0.000	1.000
111	39659	4	0.916	2.00	0.30675	-19.81611	0.000	0.921	-0.004	0.000	0.000	0.000	0.000
112	39807	4	-0.996	2.00	0.31300	-19.61506	0.000	-0.459	-0.536	0.000	0.000	0.000	0.000
113	40055	4	-0.211	2.00	0.29480	-19.38169	0.000	0.239	-0.450	0.000	0.000	0.000	0.000
114	40122	1	2.636	3.00	0.30907	-19.19318	0.000	1.636	0.000	0.000	0.000	0.000	1.000
115	40327	2	-0.945	3.00	0.29971	-19.01861	0.000	0.942	-0.886	0.000	0.000	0.000	-1.000
116	40538	2	-5.924	3.00	0.30628	-18.77213	0.000	1.342	-6.266	0.000	0.000	0.000	-1.000
117	40584	2	-1.901	3.00	0.28170	-18.59934	0.000	0.239	-1.140	0.000	0.000	0.000	-1.000
118	40785	4	1.870	3.00	0.29357	-18.45620	0.000	2.138	-0.268	0.000	0.000	0.000	0.000
119	40928	4	0.968	3.00	0.29956	-18.24973	0.000	1.743	-0.774	0.000	0.000	0.000	0.000
120	41047	2	-1.731	3.00	0.26594	-18.10229	0.000	0.009	-0.739	0.000	0.000	0.000	-1.000
121	41227	4	-0.448	3.00	0.27287	-17.92679	0.000	-0.220	-0.228	0.000	0.000	0.000	0.000
122	41283	2	-0.871	3.00	0.28795	-17.81153	0.000	0.475	-0.346	0.000	0.000	0.000	-1.000
123	41424	4	0.932	3.00	0.28429	-17.67301	0.000	0.932	0.000	0.000	0.000	0.000	0.000
124	41595	4	0.389	3.00	0.28619	-17.49700	0.000	1.102	-0.712	0.000	0.000	0.000	0.000
125	41786	4	0.482	3.00	0.27754	-17.29222	0.000	0.761	-0.279	0.000	0.000	0.000	0.000
126	41961	4	0.976	3.00	0.26577	-17.10079	0.000	1.542	-0.565	0.000	0.000	0.000	0.000
127	42126	4	-0.070	3.00	0.25765	-16.93942	0.000	0.892	-0.962	0.000	0.000	0.000	0.000
128	42303	4	0.894	3.00	0.26386	-16.73482	0.000	0.933	-0.040	0.000	0.000	0.000	0.000
129	42423	2	-2.232	3.00	0.28353	-16.56506	0.000	-1.164	-0.067	0.000	0.000	0.000	-1.000
130	42459	1	2.599	4.00	0.23540	-16.50597	0.000	1.599	0.000	0.000	0.000	0.000	1.000
131	42640	4	0.527	4.00	0.24189	-16.39600	0.000	0.571	-0.044	0.000	0.000	0.000	0.000
132	42823	4	0.695	4.00	0.26501	-16.18796	0.000	1.821	-1.127	0.000	0.000	0.000	0.000
133	42977	4	1.030	4.00	0.23839	-16.01030	0.000	1.030	0.000	0.000	0.000	0.000	0.000
134	43060	2	1.369	4.00	0.24050	-15.87240	0.000	2.409	-0.039	0.000	0.000	0.000	-1.000
135	43147	2	-1.863	4.00	0.25775	-15.78532	0.000	-0.334	-0.528	0.000	0.000	0.000	-1.000
136	43299	4	2.115	4.00	0.25283	-15.68628	0.000	3.030	-0.916	0.000	0.000	0.000	0.000
137	43339	2	-1.322	4.00	0.23292	-15.60579	0.000	0.237	-0.558	0.000	0.000	0.000	-1.000
138	43419	2	0.750	4.00	0.24852	-15.52186	0.000	1.986	-0.236	0.000	0.000	0.000	-1.000
139	43472	1	2.612	5.00	0.28936	-15.43313	0.000	1.612	0.000	0.000	0.000	0.000	1.000
140	43523	2	-0.646	5.00	0.25005	-15.38419	0.000	1.006	-0.652	0.000	0.000	0.000	-1.000
141	43677	4	1.768	5.00	0.23006	-15.29466	0.000	1.768	0.000	0.000	0.000	0.000	0.000
142	43828	2	-1.886	5.00	0.22848	-15.14249	0.000	-0.484	-0.402	0.000	0.000	0.000	-1.000
143	43885	1	2.553	6.00	0.24063	-15.05034	0.000	1.606	-0.053	0.000	0.000	0.000	1.000
144	44032	4	0.362	6.00	0.24366	-14.93964	0.000	0.510	-0.148	0.000	0.000	0.000	0.000
145	44183	4	1.945	6.00	0.22287	-14.80109	0.000	2.449	-0.504	0.000	0.000	0.000	0.000
146	44330	2	-2.082	6.00	0.24123	-14.64813	0.000	1.310	-2.392	0.000	0.000	0.000	-1.000
147	44461	1	2.798	7.00	0.22443	-14.52374	0.000	2.723	-0.925	0.000	0.000	0.000	1.000
148	44620	4	2.957	7.00	0.22155	-14.38593	0.000	3.012	-0.055	0.000	0.000	0.000	0.000
149	44688	2	-1.527	7.00	0.22863	-14.28455	0.000	-0.246	-0.282	0.000	0.000	0.000	-1.000
150	44723	2	-1.927	7.00	0.21974	-14.25331	0.000	-0.139	-0.788	0.000	0.000	0.000	-1.000
151	44870	2	-1.825	7.00	0.23330	-14.14111	0.000	0.192	-1.018	0.000	0.000	0.000	-1.000
152	44967	1	2.379	8.00	0.22352	-14.05014	0.000	1.662	-0.283	0.000	0.000	0.000	1.000
153	45155	4	3.732	8.00	0.22402	-13.91145	0.000	3.972	-0.240	0.000	0.000	0.000	0.000
154	45200	2	-2.550	8.00	0.21301	-13.79678	0.000	-0.158	-1.392	0.000	0.000	0.000	-1.000
155	45368	4	0.888	8.00	0.22535	-13.71943	0.000	1.252	-0.363	0.000	0.000	0.000	0.000
156	45537	4	0.983	8.00	0.22835	-13.56301	0.000	1.542	-0.559	0.000	0.000	0.000	0.000
157	45674	4	-0.168	8.00	0.21057	-13.42646	0.000	0.215	-0.382	0.000	0.000	0.000	0.000
158	45830	4	1.701	8.00	0.21163	-13.30079	0.000	2.351	-0.650	0.000	0.000	0.000	0.000
159	45976	4	0.912	7.00	0.21307	-13.16016	0.000	0.912	0.000	0.000	0.000	0.000	0.000
160	46145	2	-0.514	7.00	0.20553	-13.02096	0.000	2.202	-1.716	0.000	0.000	0.000	-1.000
161	46216	2	0.944	7.00	0.18700	-12.91847	0.000	2.116	-0.172	0.000	0.000	0.000	-1.000
162	46329	2	0.975	7.00	0.18363	-12.84858	0.000	2.643	-0.667	0.000	0.000	0.000	-1.000
163	46431	1	2.691	8.00	0.20019	-12.76316	0.000	2.699	-1.008	0.000	0.000	0.000	1.000
164	46489	2	0.403	8.00	0.19274	-12.69459	0.000	1.846	-0.442	0.000	0.000	0.000	-1.000
165	46665	4	0.720	8.00	0.19618	-12.58754	0.000	2.048	-1.328	0.000	0.000	0.000	0.000
166	46828	4	0.032	8.00	0.17812	-12.43936	0.000	0.032	0.000	0.000	0.000	0.000	0.000
167	47008	4	1.012	8.00	0.18018	-12.29680	0.000	1.679	-0.667	0.000	0.000	0.000	0.000
168	47147	2	-0.908	8.00	0.17660	-12.17738	0.000	1.071	-0.980	0.000	0.000	0.000	-1.000
169	47252	2	1.979	8.00	0.18299	-12.07292	0.000	3.154	-0.175	0.000	0.000	0.000	-1.000
170	47415	4	1.333	8.00	0.18639	-11.96580	0.000	1.857	-0.523	0.000	0.000	0.000	0.000
171	47461	1	2.738	9.00	0.14691	-11.89720	0.000	2.776	-1.038	0.000	0.000	0.000	1.000
172	47550	2	1.210	9.00	0.17850	-11.83554	0.000	2.228	-0.018	0.000	0.000	0.000	-1.000
173	47630	1	2.534	10.00	0.17077	-11.76477	0.000	1.707	-0.173	0.000	0.000	0.000	1.000
174	47758	2	2.417	10.00	0.17341	-11.67182	0.000	3.850	-0.433	0.000	0.000	0.000	-1.000
175	47835	1	3.746	11.00	0.18125	-11.59232	0.000	2.746	0.000	0.000	0.000	0.000	1.000
176	47890	2	-0.111	11.00	0.17026	-11.55288	0.000	1.448	-0.559	0.000	0.000	0.000	-1.000
177	48069	4	2.035	11.00	0.17560	-11.46805	0.000	2.264	-0.228	0.000	0.000	0.000	0.000
178	48142	1	2.620	12.00	0.15066	-11.36054	0.000	1.620	0.000	0.000	0.000	0.000	1.000
179	48322	4	0.112	12.00	0.16356	-11.26037	0.000	0.817	-0.705	0.000	0.000	0.000	0.000
180	48439	1	3.696	13.00	0.15250	-11.15999	0.000	2.772	-0.076	0.000	0.000	0.000	1.000
181	48474	2	0.371	13.00	0.17250	-11.09237	0.000	1.427	-0.056	0.000	0.000	0.000	-1.000
182	48632	4	3.841	13.00	0.17218	-11.02407	0.000	3.841	0.000	0.000	0.000	0.000	0.000
183	48792	2	-0.469	13.00	0.16254	-10.90750	0.000	0.920	-0.389	0.000	0.000	0.000	-1.000
184	48841	1	3.734	14.00	0.17637	-10.83536	0.000	2.734	0.000	0.000	0.000	0.000	1.000
185	48871	2	-0.914	14.00	0.15143	-10.79704	0.000	0.330	-0.244	0.000	0.000	0.000	-1.000
186	49128	2	1.836	14.00	0.16253	-10.70018	0.000	2.926	-0.089	0.000	0.000	0.000	-1.000
187	49202	2	0.016	14.00	0.17085	-10.57415	0.000	1.519	-0.503	0.000	0.000	0.000	-1.000
188	49346	4	3.861	14.00	0.15822	-10.50282	0.000	3.876	-0.015	0.000	0.000	0.000	0.000
189	49376	1	2.910	15.00	0.13040	-10.44462	0.000	1.928	-0.017	0.000	0.000	0.000	1.000
190	49642	4	2.421	15.00	0.15199	-10.34186	0.000	2.423	-0.002	0.000	0.000	0.000	0.000
191	49734	2	0.303	15.00	0.15192	-10.21974	0.000	2.205	-0.902	0.000	0.000	0.000	-1.000
192	49947	4	1.943	15.00	0.15159	-10.10457	0.000	2.573	-0.630	0.000	0.000	0.000	0.000
193	49979	2	-0.540	15.00	0.17734	-10.01987	0.000	0.886	-0.426	0.000	0.000	0.000	-1.000
194	50072	2	-1.173	15.00	0.15748	-9.97265	0.000	0.892	-1.065	0.000	0.000	0.000	-1.000
195	50111	2	0.624	15.00	0.15732	-9.92352	0.000	1.970	-0.346	0.000	0.000	0.000	-1.000
196	50147	5	-0.078	15.00	0.16318	-9.89040	0.000	-0.055	-0.023	0.000	0.000	0.000	0.000
197	50282	4	0.996	15.00	0.14420	-9.84472	0.000	1.283	-0.287	0.000	0.000	0.000	0.000
198	50330	1	2.650	16.00	0.12377	-9.79236	0.000	1.654	-0.004	0.000	0.000	0.000	1.000
199	50490	4	3.213	16.00	0.14456	-9.71172	0.000	3.225	-0.011	0.000	0.000	0.000	0.000
200	50602	2	0.333	16.00	0.14280	-9.63019	0.000	1.569	-0.236	0.000	0.000	0.000	-1.000
201	50694	2	-0.755	16.00	0.14243	-9.56106	0.000	0.868	-0.623	0.000	0.000	0.000	-1.000
202	50747	1	3.828	17.00	0.15309	-9.50861	0.000	2.828	0.000	0.000	0.000	0.000	1.000
203	50857	2	-1.838	17.00	0.13849	-9.45420	0.000	1.425	-2.262	0.000	0.000	0.000	-1.000
204	51011	4	4.136	17.00	0.13751	-9.37494	0.000	4.211	-0.074	0.000	0.000	0.000	0.000
205	51172	4	1.107	17.00	0.13378	-9.26564	0.000	1.111	-0.004	0.000	0.000	0.000	0.000
206	51290	1	2.376	18.00	0.13405	-9.18437	0.000	1.700	-0.324	0.000	0.000	0.000	1.000
207	51320	2	-0.744	18.00	0.12567	-9.12922	0.000	0.309	-0.053	0.000	0.000	0.000	-1.000
208	51437	1	3.469	19.00	0.14104	-9.08270	0.000	2.469	0.000	0.000	0.000	0.000	1.000
209	51547	1	4.225	20.00	0.14185	-9.02326	0.000	3.823	-0.598	0.000	0.000	0.000	1.000
210	51682	1	4.597	20.00	0.14004	-8.94462	0.000	3.811	-0.214	0.000	0.000	0.000	1.000
211	51793	2	2.139	20.00	0.13518	-8.87200	0.000	3.573	-0.434	0.000	0.000	0.000	-1.000
212	51839	2	0.347	20.00	0.14797	-8.81654	0.000	1.381	-0.033	0.000	0.000	0.000	-1.000
213	51890	1	3.415	21.00	0.13972	-8.78848	0.000	2.432	-0.017	0.000	0.000	0.000	1.000
214	51920	2	-1.628	20.00	0.13281	-8.75339	0.000	-0.355	-0.272	0.000	0.000	0.000	-1.000
215	51992	1	2.692	21.00	0.14238	-8.73817	0.000	1.692	0.000	0.000	0.000	0.000	1.000
216	52126	2	1.659	21.00	0.11974	-8.67485	0.000	3.520	-0.861	0.000	0.000	0.000	-1.000
217	52322	4	0.828	21.00	0.12860	-8.57503	0.000	0.878	-0.050	0.000	0.000	0.000	0.000
218	52531	4	1.117	21.00	0.13199	-8.44775	0.000	1.790	-0.673	0.000	0.000	0.000	0.000
219	52580	1	3.723	22.00	0.11717	-8.37454	0.000	2.729	-0.006	0.000	0.000	0.000	1.000
220	52794	4	3.639	22.00	0.12717	-8.30113	0.000	3.740	-0.101	0.000	0.000	0.000	0.000
221	52852	2	1.069	22.00	0.12740	-8.21844	0.000	2.434	-0.365	0.000	0.000	0.000	-1.000
222	52894	2	0.777	22.00	0.12133	-8.19592	0.000	1.778	-0.002	0.000	0.000	0.000	-1.000
223	53038	4	3.182	22.00	0.12470	-8.13246	0.000	3.494	-0.312	0.000	0.000	0.000	0.000
224	53122	2	1.258	22.00	0.11444	-8.06996	0.000	2.405	-0.147	0.000	0.000	0.000	-1.000
225	53194	2	1.923	22.00	0.12012	-8.00657	0.000	3.005	-0.082	0.000	0.000	0.000	-1.000
226	53340	4	4.005	22.00	0.12365	-7.95448	0.000	4.005	0.000	0.000	0.000	0.000	0.000
227	53500	4	0.694	22.00	0.12503	-7.87276	0.000	1.818	-1.123	0.000	0.000	0.000	0.000
228	53568	2	0.557	22.00	0.12044	-7.81252	0.000	1.904	-0.347	0.000	0.000	0.000	-1.000
229	53703	4	1.493	22.00	0.11662	-7.75737	0.000	1.795	-0.302	0.000	0.000	0.000	0.000
230	53747	2	1.141	21.00	0.11562	-7.70721	0.000	2.570	-0.429	0.000	0.000	0.000	-1.000
231	53779	1	2.616	22.00	0.09655	-7.67877	0.000	1.616	0.000	0.000	0.000	0.000	1.000
232	53859	1	2.484	23.00	0.10727	-7.65536	0.000	2.580	-1.096	0.000	0.000	0.000	1.000
233	53889	2	-1.886	23.00	0.08828	-7.62539	0.000	0.334	-1.220	0.000	0.000	0.000	-1.000
234	53919	5	-0.547	23.00	0.12446	-7.59013	0.000	-0.547	0.000	0.000	0.000	0.000	0.000
235	53949	2	-1.427	23.00	0.09656	-7.59684	0.000	0.403	-0.830	0.000	0.000	0.000	-1.000
236	54011	2	-0.179	23.00	0.11414	-7.55971	0.000	1.140	-0.319	0.000	0.000	0.000	-1.000
237	54128	2	2.162	23.00	0.11501	-7.51385	0.000	3.162	0.000	0.000	0.000	0.000	-1.000
238	54284	4	1.005	23.00	0.11354	-7.43747	0.000	1.929	-0.924	0.000	0.000	0.000	0.000
239	54321	2	0.405	22.00	0.11242	-7.38797	0.000	1.461	-0.056	0.000	0.000	0.000	-1.000
240	54479	4	1.144	22.00	0.11300	-7.33217	0.000	1.144	0.000	0.000	0.000	0.000	0.000
241	54690	1	4.523	23.00	0.11473	-7.23189	0.000	4.086	-0.563	0.000	0.000	0.000	1.000
242	54732	2	-4.947	23.00	0.10240	-7.17100	0.000	0.552	-4.499	0.000	0.000	0.000	-1.000
243	54778	1	3.731	23.00	0.11132	-7.14068	0.000	2.731	0.000	0.000	0.000	0.000	1.000
244	54915	2	-1.521	23.00	0.11780	-7.09126	0.000	-0.190	-0.331	0.000	0.000	0.000	-1.000
245	54949	2	0.045	23.00	0.10717	-7.03492	0.000	1.105	-0.059	0.000	0.000	0.000	-1.000
246	54994	1	2.598	24.00	0.10969	-7.03312	0.000	1.598	0.000	0.000	0.000	0.000	1.000
247	55157	1	3.398	24.00	0.10645	-6.96806	0.000	2.548	-0.150	0.000	0.000	0.000	1.000
248	55187	5	0.828	24.00	0.13392	-6.91598	0.000	0.832	-0.004	0.000	0.000	0.000	0.000
249	55218	5	-2.634	24.00	0.10795	-6.90835	0.000	-1.437	-1.197	0.000	0.000	0.000	0.000
250	55398	4	1.527	24.00	0.11160	-6.85344	0.000	1.678	-0.151	0.000	0.000	0.000	0.000
251	55588	2	1.684	24.00	0.10329	-6.75190	0.000	3.014	-0.331	0.000	0.000	0.000	-1.000
252	55622	1	2.671	24.00	0.11488	-6.69400	0.000	1.671	0.000	0.000	0.000	0.000	1.000
253	55833	2	0.217	24.00	0.10572	-6.62733	0.000	2.420	-1.204	0.000	0.000	0.000	-1.000
254	56024	4	0.985	24.00	0.10793	-6.52626	0.000	1.921	-0.936	0.000	0.000	0.000	0.000
255	56077	1	3.765	25.00	0.10261	-6.46571	0.000	2.765	0.000	0.000	0.000	0.000	1.000
256	56158	1	4.201	26.00	0.11446	-6.42767	0.000	3.201	0.000	0.000	0.000	0.000	1.000
257	56393	4	6.895	26.00	0.09839	-6.36155	0.000	6.905	-0.010	0.000	0.000	0.000	0.000
258	56462	2	0.511	26.00	0.09073	-6.28502	0.000	1.752	-0.242	0.000	0.000	0.000	-1.000
259	56510	1	2.728	27.00	0.09926	-6.26529	0.000	1.728	0.000	0.000	0.000	0.000	1.000
260	56638	2	2.982	27.00	0.10100	-6.21669	0.000	4.560	-0.578	0.000	0.000	0.000	-1.000
261	56819	4	0.941	27.00	0.10527	-6.13470	0.000	0.941	0.000	0.000	0.000	0.000	0.000
262	56905	2	0.590	27.00	0.09193	-6.09049	0.000	2.775	-1.185	0.000	0.000	0.000	-1.000
263	57089	4	-0.116	26.00	0.09295	-6.00526	0.000	0.825	-0.940	0.000	0.000	0.000	0.000
264	57148	1	3.467	27.00	0.09198	-5.95583	0.000	2.467	0.000	0.000	0.000	0.000	1.000
265	57232	2	-0.309	27.00	0.09686	-5.92438	0.000	2.259	-1.568	0.000	0.000	0.000	-1.000
266	57420	4	0.616	27.00	0.09006	-5.86642	0.000	0.874	-0.258	0.000	0.000	0.000	0.000
267	57605	4	3.798	27.00	0.09342	-5.77482	0.000	4.687	-0.889	0.000	0.000	0.000	0.000
268	57729	2	-0.556	27.00	0.08961	-5.71138	0.000	2.052	-1.609	0.000	0.000	0.000	-1.000
269	57777	2	0.015	27.00	0.09527	-5.67903	0.000	1.171	-0.156	0.000	0.000	0.000	-1.000
270	57993	4	2.371	27.00	0.08513	-5.60906	0.000	2.464	-0.093	0.000	0.000	0.000	0.000
271	58161	2	-2.335	26.00	0.08458	-5.52342	0.000	0.245	-1.579	0.000	0.000	0.000	-1.000
272	58262	1	3.759	27.00	0.09016	-5.46140	0.000	2.759	0.000	0.000	0.000	0.000	1.000
273	58313	2	0.213	26.00	0.08948	-5.42530	0.000	1.330	-0.117	0.000	0.000	0.000	-1.000
274	58531	4	0.969	26.00	0.08689	-5.37624	0.000	1.312	-0.344	0.000	0.000	0.000	0.000
275	58592	2	0.849	25.00	0.07866	-5.32099	0.000	2.260	-0.410	0.000	0.000	0.000	-1.000
276	58814	4	2.707	25.00	0.08060	-5.25787	0.000	2.883	-0.176	0.000	0.000	0.000	0.000
277	58947	2	1.228	25.00	0.07690	-5.18489	0.000	2.323	-0.096	0.000	0.000	0.000	-1.000
278	58989	1	2.611	25.00	0.07850	-5.15083	0.000	1.611	0.000	0.000	0.000	0.000	1.000
279	59019	2	-1.239	25.00	0.07622	-5.11419	0.000	0.210	-0.449	0.000	0.000	0.000	-1.000
280	59066	1	2.690	25.00	0.07634	-5.11988	0.000	1.690	0.000	0.000	0.000	0.000	1.000
281	59165	2	0.292	25.00	0.07455	-5.09225	0.000	1.438	-0.146	0.000	0.000	0.000	-1.000
282	59211	1	2.726	26.00	0.08073	-5.03765	0.000	1.726	0.000	0.000	0.000	0.000	1.000
283	59267	1	3.723	27.00	0.08521	-5.03963	0.000	2.723	0.000	0.000	0.000	0.000	1.000
284	59438	4	1.788	26.00	0.07571	-4.99099	0.000	1.812	-0.025	0.000	0.000	0.000	0.000
285	59507	2	-0.155	26.00	0.07378	-4.94591	0.000	0.918	-0.073	0.000	0.000	0.000	-1.000
286	59602	1	4.629	27.00	0.07794	-4.91152	0.000	3.631	-0.002	0.000	0.000	0.000	1.000
287	59632	2	-0.075	27.00	0.07602	-4.88249	0.000	1.160	-0.235	0.000	0.000	0.000	-1.000
288	59663	5	0.727	27.00	0.06875	-4.88626	0.000	0.727	0.000	0.000	0.000	0.000	0.000
289	59800	4	4.684	26.00	0.07581	-4.83345	0.000	4.685	-0.001	0.000	0.000	0.000	0.000
290	59951	4	0.429	26.00	0.07462	-4.77814	0.000	0.568	-0.139	0.000	0.000	0.000	0.000
291	60021	2	0.527	26.00	0.07793	-4.72247	0.000	1.606	-0.079	0.000	0.000	0.000	-1.000
292	60067	2	0.621	26.00	0.06927	-4.71892	0.000	1.679	-0.058	0.000	0.000	0.000	-1.000
293	60128	2	0.075	26.00	0.07521	-4.69305	0.000	1.563	-0.488	0.000	0.000	0.000	-1.000
294	60400	4	1.519	26.00	0.06702	-4.62962	0.000	1.519	0.000	0.000	0.000	0.000	0.000
295	60559	1	6.065	27.00	0.07486	-4.53972	0.000	5.258	-0.193	0.000	0.000	0.000	1.000
296	60695	1	3.948	28.00	0.06691	-4.49253	0.000	3.214	-0.267	0.000	0.000	0.000	1.000
297	60777	2	3.821	28.00	0.06659	-4.44786	0.000	4.836	-0.015	0.000	0.000	0.000	-1.000
298	60946	4	0.652	27.00	0.06907	-4.40486	0.000	0.845	-0.193	0.000	0.000	0.000	0.000
299	61050	1	4.419	28.00	0.06830	-4.35098	0.000	3.605	-0.186	0.000	0.000	0.000	1.000
300	61129	1	4.598	29.00	0.06081	-4.31872	0.000	3.813	-0.215	0.000	0.000	0.000	1.000
301	61172	1	2.681	30.00	0.06760	-4.30035	0.000	1.681	0.000	0.000	0.000	0.000	1.000
302	61293	2	0.900	29.00	0.06203	-4.26652	0.000	2.150	-0.250	0.000	0.000	0.000	-1.000
303	61436	2	0.922	29.00	0.06279	-4.21645	0.000	1.922	0.000	0.000	0.000	0.000	-1.000
304	61539	1	4.426	30.00	0.05713	-4.17235	0.000	3.972	-0.547	0.000	0.000	0.000	1.000
305	61599	2	-0.223	30.00	0.05977	-4.14064	0.000	1.840	-1.063	0.000	0.000	0.000	-1.000
306	61685	1	5.001	30.00	0.06605	-4.10799	0.000	4.002	-0.001	0.000	0.000	0.000	1.000
307	61924	2	3.151	30.00	0.06033	-4.06098	0.000	4.748	-0.597	0.000	0.000	0.000	-1.000
308	61956	2	-1.381	29.00	0.07104	-4.00759	0.000	-0.282	-0.099	0.000	0.000	0.000	-1.000
309	62116	2	-2.083	28.00	0.06171	-3.97444	0.000	-0.724	-0.359	0.000	0.000	0.000	-1.000
310	62162	1	3.765	28.00	0.06171	-3.93819	0.000	2.765	0.000	0.000	0.000	0.000	1.000
311	62307	4	2.158	28.00	0.06222	-3.90864	0.000	2.481	-0.323	0.000	0.000	0.000	0.000
312	62431	2	1.052	28.00	0.05838	-3.86135	0.000	2.880	-0.828	0.000	0.000	0.000	-1.000
313	62510	1	2.695	28.00	0.06072	-3.83044	0.000	1.695	0.000	0.000	0.000	0.000	1.000
314	62650	4	1.978	28.00	0.05689	-3.79877	0.000	2.353	-0.375	0.000	0.000	0.000	0.000
315	62713	1	3.377	28.00	0.05822	-3.76607	0.000	2.503	-0.126	0.000	0.000	0.000	1.000
316	62743	5	-1.442	28.00	0.05918	-3.74638	0.000	-0.784	-0.658	0.000	0.000	0.000	0.000
317	62773	5	-2.420	28.00	0.05626	-3.73477	0.000	0.181	-2.601	0.000	0.000	0.000	0.000
318	62805	5	-0.646	28.00	0.06053	-3.72363	0.000	-0.031	-0.616	0.000	0.000	0.000	0.000
319	62837	5	0.720	27.00	0.06338	-3.70680	0.000	0.738	-0.018	0.000	0.000	0.000	0.000
320	62867	1	1.901	28.00	0.05477	-3.71163	0.000	1.765	-0.864	0.000	0.000	0.000	1.000
321	62931	2	3.009	28.00	0.05383	-3.68909	0.000	4.127	-0.118	0.000	0.000	0.000	-1.000
322	62990	1	2.631	29.00	0.05197	-3.67382	0.000	1.788	-0.157	0.000	0.000	0.000	1.000
323	63076	2	1.548	29.00	0.05898	-3.64896	0.000	3.234	-0.686	0.000	0.000	0.000	-1.000
324	63148	2	-1.306	29.00	0.06194	-3.61472	0.000	0.281	-0.586	0.000	0.000	0.000	-1.000
325	63184	1	3.782	30.00	0.06309	-3.58853	0.000	2.782	0.000	0.000	0.000	0.000	1.000
326	63374	4	6.298	30.00	0.06094	-3.56989	0.000	6.716	-0.418	0.000	0.000	0.000	0.000
327	63438	1	3.788	31.00	0.05445	-3.53127	0.000	2.788	0.000	0.000	0.000	0.000	1.000
328	63598	2	2.151	31.00	0.05568	-3.49418	0.000	3.277	-0.126	0.000	0.000	0.000	-1.000
329	63657	1	3.181	32.00	0.05679	-3.45711	0.000	2.479	-0.298	0.000	0.000	0.000	1.000
330	63703	1	3.308	33.00	0.04550	-3.45014	0.000	2.308	0.000	0.000	0.000	0.000	1.000
331	63747	2	-1.388	32.00	0.05425	-3.43846	0.000	0.232	-0.620	0.000	0.000	0.000	-1.000
332	63901	1	6.011	32.00	0.05482	-3.39320	0.000	5.284	-0.273	0.000	0.000	0.000	1.000
333	63934	2	-0.535	32.00	0.05148	-3.38418	0.000	0.809	-0.344	0.000	0.000	0.000	-1.000
334	64032	2	-0.134	32.00	0.05286	-3.36078	0.000	1.192	-0.326	0.000	0.000	0.000	-1.000
335	64063	2	-1.348	32.00	0.04462	-3.33073	0.000	0.130	-0.478	0.000	0.000	0.000	-1.000
336	64183	2	1.320	32.00	0.05321	-3.30726	0.000	3.412	-1.092	0.000	0.000	0.000	-1.000
337	64274	2	-0.132	32.00	0.05660	-3.27861	0.000	1.424	-0.556	0.000	0.000	0.000	-1.000
338	64313	1	2.529	33.00	0.04769	-3.25881	0.000	1.742	-0.213	0.000	0.000	0.000	1.000
339	64365	2	2.047	33.00	0.05859	-3.24371	0.000	3.237	-0.191	0.000	0.000	0.000	-1.000
340	64406	2	-0.502	33.00	0.05313	-3.23106	0.000	0.787	-0.289	0.000	0.000	0.000	-1.000
341	64504	2	-1.719	32.00	0.05207	-3.21508	0.000	0.239	-0.958	0.000	0.000	0.000	-1.000
342	64534	1	2.844	33.00	0.05317	-3.19312	0.000	1.844	0.000	0.000	0.000	0.000	1.000
343	64664	1	5.064	33.00	0.05084	-3.16841	0.000	4.572	-0.508	0.000	0.000	0.000	1.000
344	64714	1	4.411	34.00	0.05066	-3.14196	0.000	3.636	-0.225	0.000	0.000	0.000	1.000
345	64801	2	0.056	34.00	0.04975	-3.12197	0.000	1.362	-0.306	0.000	0.000	0.000	-1.000
346	64831	5	0.081	33.00	0.04551	-3.10971	0.000	0.081	0.000	0.000	0.000	0.000	0.000
347	64943	4	1.071	32.00	0.04930	-3.08763	0.000	1.225	-0.153	0.000	0.000	0.000	0.000
348	64983	1	2.611	33.00	0.05062	-3.06296	0.000	1.611	0.000	0.000	0.000	0.000	1.000
349	65116	4	4.598	33.00	0.04819	-3.03462	0.000	4.617	-0.019	0.000	0.000	0.000	0.000
350	65201	1	4.295	34.00	0.04706	-3.01014	0.000	4.079	-0.784	0.000	0.000	0.000	1.000
351	65238	1	2.640	35.00	0.05094	-3.00484	0.000	2.277	-0.637	0.000	0.000	0.000	1.000
352	65364	4	2.278	34.00	0.04678	-2.96715	0.000	2.544	-0.266	0.000	0.000	0.000	0.000
353	65403	1	2.779	35.00	0.04040	-2.94735	0.000	1.779	0.000	0.000	0.000	0.000	1.000
354	65450	1	3.848	36.00	0.04581	-2.93016	0.000	2.948	-0.100	0.000	0.000	0.000	1.000
355	65504	1	3.679	36.00	0.04749	-2.91484	0.000	2.679	0.000	0.000	0.000	0.000	1.000
356	65534	2	-0.226	35.00	0.05219	-2.90644	0.000	1.067	-0.293	0.000	0.000	0.000	-1.000
357	65610	2	0.363	35.00	0.04219	-2.89666	0.000	1.591	-0.229	0.000	0.000	0.000	-1.000
358	65640	2	0.818	35.00	0.04840	-2.88085	0.000	1.956	-0.138	0.000	0.000	0.000	-1.000
359	65670	5	-1.178	34.00	0.04689	-2.86963	0.000	-0.887	-0.291	0.000	0.000	0.000	0.000
360	65700	2	-1.154	34.00	0.04746	-2.86694	0.000	-0.154	0.000	0.000	0.000	0.000	-1.000
361	65776	2	-0.223	34.00	0.04450	-2.85313	0.000	1.155	-0.378	0.000	0.000	0.000	-1.000
362	65911	2	2.842	34.00	0.04907	-2.82100	0.000	3.889	-0.047	0.000	0.000	0.000	-1.000
363	66002	2	-0.607	34.00	0.04404	-2.79355	0.000	0.931	-0.537	0.000	0.000	0.000	-1.000
364	66076	2	2.800	33.00	0.04452	-2.76679	0.000	4.025	-0.225	0.000	0.000	0.000	-1.000
365	66163	2	2.225	33.00	0.04508	-2.75472	0.000	3.273	-0.048	0.000	0.000	0.000	-1.000
366	66295	2	0.418	33.00	0.04793	-2.71872	0.000	2.073	-0.654	0.000	0.000	0.000	-1.000
367	66372	1	3.460	34.00	0.04364	-2.68564	0.000	2.460	0.000	0.000	0.000	0.000	1.000
368	66403	2	0.091	34.00	0.04382	-2.68208	0.000	1.336	-0.245	0.000	0.000	0.000	-1.000
369	66455	2	-0.752	34.00	0.04378	-2.66504	0.000	0.493	-0.246	0.000	0.000	0.000	-1.000
370	66550	1	2.239	35.00	0.04358	-2.64584	0.000	1.720	-0.481	0.000	0.000	0.000	1.000
371	66728	1	4.596	36.00	0.03945	-2.61210	0.000	3.854	-0.258	0.000	0.000	0.000	1.000
372	66758	2	-0.810	35.00	0.04085	-2.59712	0.000	0.192	-0.002	0.000	0.000	0.000	-1.000
373	66788	5	-0.462	35.00	0.04061	-2.58287	0.000	-0.462	0.000	0.000	0.000	0.000	0.000
374	66850	2	-1.171	35.00	0.04083	-2.56108	0.000	0.100	-0.272	0.000	0.000	0.000	-1.000
375	66880	2	-1.421	35.00	0.04149	-2.55583	0.000	-0.061	-0.360	0.000	0.000	0.000	-1.000
376	67074	4	1.247	35.00	0.03958	-2.52366	0.000	1.769	-0.522	0.000	0.000	0.000	0.000
377	67110	2	-1.107	35.00	0.04379	-2.49073	0.000	-0.081	-0.027	0.000	0.000	0.000	-1.000
378	67298	2	2.254	34.00	0.03941	-2.46646	0.000	3.267	-0.013	0.000	0.000	0.000	-1.000
379	67349	1	2.613	35.00	0.03990	-2.43709	0.000	1.613	0.000	0.000	0.000	0.000	1.000
380	67379	5	1.132	34.00	0.04068	-2.43321	0.000	1.132	0.000	0.000	0.000	0.000	0.000
381	67529	1	6.186	35.00	0.03943	-2.41083	0.000	5.249	-0.063	0.000	0.000	0.000	1.000
382	67593	2	3.210	34.00	0.03705	-2.38739	0.000	4.279	-0.069	0.000	0.000	0.000	-1.000
383	67668	1	4.818	34.00	0.03976	-2.36332	0.000	3.819	-0.001	0.000	0.000	0.000	1.000
384	67698	2	-0.519	34.00	0.03789	-2.34354	0.000	0.508	-0.026	0.000	0.000	0.000	-1.000
385	67800	2	1.790	34.00	0.03751	-2.33975	0.000	3.273	-0.483	0.000	0.000	0.000	-1.000
386	67928	1	6.350	34.00	0.03823	-2.31472	0.000	5.613	-0.263	0.000	0.000	0.000	1.000
387	68214	4	8.947	34.00	0.03719	-2.26417	0.000	9.077	-0.129	0.000	0.000	0.000	0.000
388	68303	2	0.880	34.00	0.03853	-2.22489	0.000	2.276	-0.396	0.000	0.000	0.000	-1.000
389	68448	4	0.535	34.00	0.03549	-2.20045	0.000	1.056	-0.521	0.000	0.000	0.000	0.000
390	68547	2	-0.018	34.00	0.03671	-2.16794	0.000	2.245	-1.263	0.000	0.000	0.000	-1.000
391	68602	2	-2.337	34.00	0.03328	-2.15412	0.000	-0.622	-0.716	0.000	0.000	0.000	-1.000
392	68679	1	6.540	35.00	0.03506	-2.13250	0.000	5.540	0.000	0.000	0.000	0.000	1.000
393	68747	2	4.187	35.00	0.03358	-2.12561	0.000	5.187	0.000	0.000	0.000	0.000	-1.000
394	68914	4	-0.002	35.00	0.03430	-2.10217	0.000	1.573	-1.575	0.000	0.000	0.000	0.000
395	69084	2	-1.097	34.00	0.03441	-2.06148	0.000	0.657	-0.754	0.000	0.000	0.000	-1.000
396	69121	1	3.749	34.00	0.03519	-2.04265	0.000	2.759	-0.010	0.000	0.000	0.000	1.000
397	69183	2	2.342	34.00	0.03424	-2.03052	0.000	3.510	-0.168	0.000	0.000	0.000	-1.000
398	69240	2	0.371	34.00	0.03315	-2.01483	0.000	2.170	-0.799	0.000	0.000	0.000	-1.000
399	69299	2	0.154	33.00	0.03253	-1.99477	0.000	1.793	-0.638	0.000	0.000	0.000	-1.000
400	69346	2	1.143	32.00	0.03466	-1.98848	0.000	2.436	-0.293	0.000	0.000	0.000	-1.000
401	69464	2	2.699	31.00	0.03282	-1.97708	0.000	3.998	-0.299	0.000	0.000	0.000	-1.000
402	69501	2	-0.276	31.00	0.03397	-1.94798	0.000	1.195	-0.471	0.000	0.000	0.000	-1.000
403	69669	1	3.709	32.00	0.03294	-1.93523	0.000	3.601	-0.892	0.000	0.000	0.000	1.000
404	69725	1	4.698	32.00	0.03222	-1.91829	0.000	3.698	0.000	0.000	0.000	0.000	1.000
405	69772	2	2.319	32.00	0.03299	-1.90708	0.000	3.483	-0.164	0.000	0.000	0.000	-1.000
406	69817	1	3.435	32.00	0.03190	-1.90871	0.000	2.435	0.000	0.000	0.000	0.000	1.000
407	69971	2	2.994	32.00	0.03237	-1.88077	0.000	4.047	-0.053	0.000	0.000	0.000	-1.000
408	70002	1	3.736	33.00	0.03406	-1.86502	0.000	2.736	0.000	0.000	0.000	0.000	1.000
409	70158	1	6.348	34.00	0.03101	-1.83933	0.000	5.455	-0.107	0.000	0.000	0.000	1.000
410	70226	2	-0.080	33.00	0.02823	-1.82489	0.000	1.630	-0.710	0.000	0.000	0.000	-1.000
411	70399	4	0.657	33.00	0.03079	-1.79788	0.000	1.516	-0.859	0.000	0.000	0.000	0.000
412	70433	1	3.747	34.00	0.02813	-1.77781	0.000	2.747	0.000	0.000	0.000	0.000	1.000
413	70493	1	3.559	34.00	0.02821	-1.77793	0.000	2.754	-0.194	0.000	0.000	0.000	1.000
414	70584	1	8.046	35.00	0.02849	-1.76035	0.000	7.046	0.000	0.000	0.000	0.000	1.000
415	70628	1	3.610	35.00	0.03032	-1.74576	0.000	2.972	-0.361	0.000	0.000	0.000	1.000
416	70668	2	1.164	35.00	0.03007	-1.72856	0.000	2.198	-0.034	0.000	0.000	0.000	-1.000
417	70816	4	4.659	35.00	0.02929	-1.71897	0.000	4.724	-0.065	0.000	0.000	0.000	0.000
418	70881	1	3.287	36.00	0.02764	-1.70675	0.000	2.404	-0.116	0.000	0.000	0.000	1.000
419	70911	5	-1.848	36.00	0.03201	-1.68997	0.000	-0.643	-1.205	0.000	0.000	0.000	0.000
420	70941	5	-1.525	35.00	0.02878	-1.68747	0.000	0.200	-1.725	0.000	0.000	0.000	0.000
421	70972	5	2.041	35.00	0.02843	-1.68755	0.000	2.061	-0.020	0.000	0.000	0.000	0.000
422	71030	1	3.731	35.00	0.02864	-1.67299	0.000	2.731	0.000	0.000	0.000	0.000	1.000
423	71115	2	2.601	35.00	0.03012	-1.66428	0.000	3.750	-0.149	0.000	0.000	0.000	-1.000
424	71145	5	-2.173	35.00	0.02763	-1.66557	0.000	-0.895	-1.277	0.000	0.000	0.000	0.000
425	71175	5	0.874	34.00	0.03243	-1.65933	0.000	1.106	-0.232	0.000	0.000	0.000	0.000
426	71213	2	-1.104	34.00	0.02956	-1.63965	0.000	0.715	-0.819	0.000	0.000	0.000	-1.000
427	71351	4	2.038	33.00	0.02925	-1.63074	0.000	2.779	-0.741	0.000	0.000	0.000	0.000
428	71381	2	0.491	33.00	0.02860	-1.62337	0.000	1.726	-0.235	0.000	0.000	0.000	-1.000
429	71432	2	1.704	32.00	0.02789	-1.60837	0.000	2.828	-0.124	0.000	0.000	0.000	-1.000
430	71511	1	4.944	32.00	0.02907	-1.59576	0.000	4.087	-0.143	0.000	0.000	0.000	1.000
431	71595	2	-0.184	32.00	0.02947	-1.58477	0.000	1.443	-0.627	0.000	0.000	0.000	-1.000
432	71704	1	4.735	32.00	0.02883	-1.56769	0.000	3.778	-0.043	0.000	0.000	0.000	1.000
433	71783	1	4.989	33.00	0.02829	-1.55498	0.000	3.989	0.000	0.000	0.000	0.000	1.000
434	71880	1	7.450	34.00	0.02619	-1.54187	0.000	6.450	0.000	0.000	0.000	0.000	1.000
435	72069	1	9.456	35.00	0.02736	-1.51934	0.000	9.369	-0.913	0.000	0.000	0.000	1.000
436	72125	2	1.778	35.00	0.02618	-1.49438	0.000	3.025	-0.247	0.000	0.000	0.000	-1.000
437	72204	1	4.956	36.00	0.02639	-1.49077	0.000	3.978	-0.022	0.000	0.000	0.000	1.000
438	72256	1	3.555	36.00	0.02777	-1.48326	0.000	2.555	0.000	0.000	0.000	0.000	1.000
439	72303	5	-0.672	36.00	0.02566	-1.46960	0.000	-0.445	-0.227	0.000	0.000	0.000	0.000
440	72333	5	-0.057	36.00	0.02614	-1.47698	0.000	-0.050	-0.007	0.000	0.000	0.000	0.000
441	72457	2	-0.899	36.00	0.02621	-1.45341	0.000	0.493	-0.392	0.000	0.000	0.000	-1.000
442	72500	1	2.691	36.00	0.02654	-1.44094	0.000	1.691	0.000	0.000	0.000	0.000	1.000
443	72636	2	0.486	35.00	0.02466	-1.42608	0.000	1.686	-0.200	0.000	0.000	0.000	-1.000
444	72747	1	3.955	35.00	0.02576	-1.40941	0.000	3.727	-0.772	0.000	0.000	0.000	1.000
445	72796	2	-0.028	35.00	0.02566	-1.39805	0.000	1.108	-0.136	0.000	0.000	0.000	-1.000
446	72826	2	-2.310	35.00	0.02566	-1.40710	0.000	-0.135	-1.174	0.000	0.000	0.000	-1.000
447	72914	1	6.474	36.00	0.02600	-1.37961	0.000	5.512	-0.038	0.000	0.000	0.000	1.000
448	72952	2	-0.832	35.00	0.02637	-1.37239	0.000	0.656	-0.488	0.000	0.000	0.000	-1.000
449	73023	2	-1.374	35.00	0.02487	-1.36435	0.000	0.095	-0.470	0.000	0.000	0.000	-1.000
450	73057	1	2.642	35.00	0.02591	-1.36530	0.000	1.642	0.000	0.000	0.000	0.000	1.000
451	73121	1	5.398	35.00	0.02554	-1.35298	0.000	4.398	0.000	0.000	0.000	0.000	1.000
452	73151	2	1.212	35.00	0.02595	-1.34737	0.000	2.212	0.000	0.000	0.000	0.000	-1.000
453	73201	2	-0.046	34.00	0.02438	-1.34110	0.000	1.058	-0.104	0.000	0.000	0.000	-1.000
454	73283	2	0.680	33.00	0.02467	-1.33420	0.000	1.878	-0.198	0.000	0.000	0.000	-1.000
455	73444	4	0.861	32.00	0.02484	-1.31352	0.000	1.215	-0.354	0.000	0.000	0.000	0.000
456	73474	1	2.164	33.00	0.02366	-1.29701	0.000	1.721	-0.557	0.000	0.000	0.000	1.000
457	73540	1	3.133	34.00	0.02407	-1.29439	0.000	2.504	-0.371	0.000	0.000	0.000	1.000
458	73573	2	0.936	34.00	0.02435	-1.28536	0.000	1.938	-0.002	0.000	0.000	0.000	-1.000
459	73665	1	6.298	35.00	0.02445	-1.28189	0.000	5.298	0.000	0.000	0.000	0.000	1.000
460	73763	1	8.020	36.00	0.02330	-1.27419	0.000	7.478	-0.458	0.000	0.000	0.000	1.000
461	73793	2	-0.931	36.00	0.02340	-1.27148	0.000	1.046	-0.977	0.000	0.000	0.000	-1.000
462	73845	2	2.422	36.00	0.02247	-1.26006	0.000	3.843	-0.421	0.000	0.000	0.000	-1.000
463	73915	2	0.072	36.00	0.02413	-1.25134	0.000	1.637	-0.564	0.000	0.000	0.000	-1.000
464	74060	4	1.420	36.00	0.02456	-1.23655	0.000	1.467	-0.046	0.000	0.000	0.000	0.000
465	74129	1	3.442	37.00	0.02348	-1.22301	0.000	2.444	-0.003	0.000	0.000	0.000	1.000
466	74175	2	0.225	37.00	0.02511	-1.21584	0.000	1.555	-0.330	0.000	0.000	0.000	-1.000
467	74302	2	3.225	36.00	0.02430	-1.20183	0.000	4.225	0.000	0.000	0.000	0.000	-1.000
468	74458	2	-1.735	36.00	0.02348	-1.19021	0.000	3.291	-4.025	0.000	0.000	0.000	-1.000
469	74534	1	1.766	37.00	0.02407	-1.17622	0.000	1.702	-0.936	0.000	0.000	0.000	1.000
470	74586	1	5.502	37.00	0.02344	-1.16401	0.000	4.502	0.000	0.000	0.000	0.000	1.000
471	74661	2	4.013	36.00	0.02316	-1.16069	0.000	5.013	0.000	0.000	0.000	0.000	-1.000
472	74700	1	3.778	37.00	0.02385	-1.15593	0.000	2.778	0.000	0.000	0.000	0.000	1.000
473	74743	1	3.977	38.00	0.02255	-1.15296	0.000	2.977	0.000	0.000	0.000	0.000	1.000
474	74868	2	4.320	38.00	0.02274	-1.14347	0.000	5.642	-0.323	0.000	0.000	0.000	-1.000
475	74992	1	7.327	39.00	0.02345	-1.13069	0.000	6.373	-0.046	0.000	0.000	0.000	1.000
476	75022	5	-0.796	39.00	0.02216	-1.12698	0.000	-0.125	-0.670	0.000	0.000	0.000	0.000
477	75052	2	-6.127	39.00	0.02418	-1.12205	0.000	-3.927	-1.200	0.000	0.000	0.000	-1.000
478	75082	5	0.492	39.00	0.02343	-1.10757	0.000	0.492	0.000	0.000	0.000	0.000	0.000
479	75168	5	1.505	38.00	0.02368	-1.11191	0.000	1.505	0.000	0.000	0.000	0.000	0.000
480	75198	5	0.154	38.00	0.02311	-1.10970	0.000	0.156	-0.001	0.000	0.000	0.000	0.000
481	75228	5	-0.517	37.00	0.02462	-1.10629	0.000	-0.427	-0.090	0.000	0.000	0.000	0.000
482	75259	5	0.819	37.00	0.02447	-1.10180	0.000	0.885	-0.067	0.000	0.000	0.000	0.000
483	75293	5	0.983	36.00	0.02361	-1.08783	0.000	0.992	-0.009	0.000	0.000	0.000	0.000
484	75374	1	2.699	37.00	0.02271	-1.09580	0.000	1.699	0.000	0.000	0.000	0.000	1.000
485	75533	1	6.177	38.00	0.02348	-1.07461	0.000	5.260	-0.083	0.000	0.000	0.000	1.000
486	75619	1	6.287	38.00	0.02371	-1.06543	0.000	5.287	0.000	0.000	0.000	0.000	1.000
487	75689	1	5.668	39.00	0.02384	-1.05494	0.000	4.668	0.000	0.000	0.000	0.000	1.000
488	75720	2	-1.191	39.00	0.02313	-1.05043	0.000	-0.064	-0.127	0.000	0.000	0.000	-1.000
489	75750	1	2.713	40.00	0.02234	-1.04791	0.000	1.713	0.000	0.000	0.000	0.000	1.000
490	75780	2	-0.524	40.00	0.02211	-1.04325	0.000	1.243	-0.767	0.000	0.000	0.000	-1.000
491	75810	2	0.103	40.00	0.02224	-1.04490	0.000	1.142	-0.039	0.000	0.000	0.000	-1.000
492	75910	1	4.934	40.00	0.02309	-1.03850	0.000	4.605	-0.671	0.000	0.000	0.000	1.000
493	75961	2	1.258	40.00	0.02290	-1.02709	0.000	2.258	0.000	0.000	0.000	0.000	-1.000
494	76025	1	4.538	41.00	0.02362	-1.02949	0.000	4.037	-0.500	0.000	0.000	0.000	1.000
495	76062	2	-0.958	41.00	0.02259	-1.02806	0.000	0.217	-0.175	0.000	0.000	0.000	-1.000
496	76099	5	-0.196	40.00	0.02218	-1.02320	0.000	-0.196	0.000	0.000	0.000	0.000	0.000
497	76134	5	-0.137	40.00	0.02205	-1.01828	0.000	-0.137	0.000	0.000	0.000	0.000	0.000
498	76199	1	5.519	41.00	0.02250	-1.01667	0.000	4.681	-0.163	0.000	0.000	0.000	1.000
499	76260	1	4.352	42.00	0.02123	-1.01550	0.000	3.373	-0.021	0.000	0.000	0.000	1.000
500	76294	2	1.550	42.00	0.02231	-1.00972	0.000	2.556	-0.006	0.000	0.000	0.000	-1.000
501	76358	2	3.237	42.00	0.02286	-1.00556	0.000	4.344	-0.107	0.000	0.000	0.000	-1.000
502	76388	1	3.005	43.00	0.02281	-0.98741	0.000	2.005	0.000	0.000	0.000	0.000	1.000
503	76451	2	2.878	42.00	0.02306	-0.99190	0.000	4.019	-0.141	0.000	0.000	0.000	-1.000
504	76481	1	2.719	42.00	0.02155	-1.00046	0.000	1.719	0.000	0.000	0.000	0.000	1.000
505	76527	2	2.594	42.00	0.02243	-0.99071	0.000	4.077	-0.483	0.000	0.000	0.000	-1.000
506	76587	1	6.554	42.00	0.02157	-0.97983	0.000	5.554	0.000	0.000	0.000	0.000	1.000
507	76649	2	3.377	42.00	0.02227	-0.98008	0.000	4.449	-0.072	0.000	0.000	0.000	-1.000
508	76683	2	1.573	41.00	0.02265	-0.97165	0.000	2.573	0.000	0.000	0.000	0.000	-1.000
509	76723	1	3.722	41.00	0.02202	-0.97280	0.000	2.722	0.000	0.000	0.000	0.000	1.000
510	76782	2	2.973	41.00	0.02128	-0.97240	0.000	4.025	-0.052	0.000	0.000	0.000	-1.000
511	76829	2	0.322	41.00	0.02215	-0.96332	0.000	1.399	-0.077	0.000	0.000	0.000	-1.000
512	76949	2	0.722	40.00	0.02223	-0.95750	0.000	1.891	-0.170	0.000	0.000	0.000	-1.000
513	76979	1	2.768	40.00	0.02037	-0.95781	0.000	1.775	-0.007	0.000	0.000	0.000	1.000
514	77074	1	7.997	40.00	0.02146	-0.94306	0.000	6.997	0.000	0.000	0.000	0.000	1.000
515	77128	1	6.044	40.00	0.02239	-0.93743	0.000	5.051	-0.007	0.000	0.000	0.000	1.000
516	77245	1	7.213	41.00	0.02278	-0.93085	0.000	6.213	0.000	0.000	0.000	0.000	1.000
517	77286	2	1.590	41.00	0.02100	-0.93084	0.000	2.892	-0.302	0.000	0.000	0.000	-1.000
518	77316	1	3.629	41.00	0.02175	-0.93276	0.000	2.629	0.000	0.000	0.000	0.000	1.000
519	77407	1	7.162	42.00	0.02202	-0.91887	0.000	6.181	-0.019	0.000	0.000	0.000	1.000
520	77531	1	12.388	43.00	0.02121	-0.92165	0.000	11.388	0.000	0.000	0.000	0.000	1.000
521	77579	2	0.337	43.00	0.02026	-0.91177	0.000	1.337	0.000	0.000	0.000	0.000	-1.000
522	77612	1	2.638	43.00	0.02153	-0.91113	0.000	1.638	0.000	0.000	0.000	0.000	1.000
523	77643	2	0.621	43.00	0.02057	-0.90796	0.000	1.627	-0.006	0.000	0.000	0.000	-1.000
524	77688	2	-1.782	43.00	0.02307	-0.91442	0.000	0.601	-1.383	0.000	0.000	0.000	-1.000
525	77754	2	3.121	43.00	0.02088	-0.89324	0.000	4.121	0.000	0.000	0.000	0.000	-1.000
526	77802	1	4.645	44.00	0.02120	-0.90922	0.000	3.645	0.000	0.000	0.000	0.000	1.000
527	77837	1	3.937	45.00	0.02015	-0.90104	0.000	2.937	0.000	0.000	0.000	0.000	1.000
528	77899	1	7.097	46.00	0.02035	-0.89080	0.000	6.097	0.000	0.000	0.000	0.000	1.000
529	77956	1	3.907	47.00	0.02051	-0.89962	0.000	3.807	-0.900	0.000	0.000	0.000	1.000
530	78090	1	4.732	47.00	0.02117	-0.88913	0.000	4.117	-0.384	0.000	0.000	0.000	1.000
531	78139	1	4.114	48.00	0.02006	-0.88132	0.000	3.609	-0.496	0.000	0.000	0.000	1.000
532	78176	2	1.072	47.00	0.02121	-0.87891	0.000	2.072	0.000	0.000	0.000	0.000	-1.000
533	78265	1	5.178	47.00	0.02177	-0.87321	0.000	4.677	-0.500	0.000	0.000	0.000	1.000
534	78323	1	4.513	47.00	0.02115	-0.86901	0.000	3.517	-0.004	0.000	0.000	0.000	1.000
535	78442	2	4.590	46.00	0.02118	-0.86674	0.000	5.639	-0.049	0.000	0.000	0.000	-1.000
536	78585	1	4.400	47.00	0.02034	-0.86026	0.000	4.018	-0.618	0.000	0.000	0.000	1.000
537	78616	2	0.555	46.00	0.02108	-0.85364	0.000	1.555	0.000	0.000	0.000	0.000	-1.000
538	78673	2	1.003	45.00	0.02018	-0.85364	0.000	2.282	-0.279	0.000	0.000	0.000	-1.000
539	78709	1	3.432	46.00	0.02126	-0.83567	0.000	2.739	-0.308	0.000	0.000	0.000	1.000
540	78743	2	-0.289	46.00	0.02123	-0.85435	0.000	1.545	-0.833	0.000	0.000	0.000	-1.000
541	78773	5	0.735	46.00	0.02155	-0.84803	0.000	1.097	-0.362	0.000	0.000	0.000	0.000
542	78923	4	1.647	45.00	0.02157	-0.84116	0.000	3.086	-1.439	0.000	0.000	0.000	0.000
543	78956	1	2.610	46.00	0.02107	-0.83427	0.000	1.610	0.000	0.000	0.000	0.000	1.000
544	79010	1	4.760	46.00	0.02216	-0.83493	0.000	3.760	0.000	0.000	0.000	0.000	1.000
545	79064	2	2.206	46.00	0.02132	-0.84012	0.000	3.235	-0.029	0.000	0.000	0.000	-1.000
546	79101	1	1.742	47.00	0.02158	-0.83674	0.000	1.745	-1.003	0.000	0.000	0.000	1.000
547	79182	1	4.309	47.00	0.02024	-0.82695	0.000	4.130	-0.821	0.000	0.000	0.000	1.000
548	79221	1	5.296	48.00	0.02062	-0.82684	0.000	4.296	0.000	0.000	0.000	0.000	1.000
549	79277	2	1.569	48.00	0.02081	-0.82620	0.000	2.569	0.000	0.000	0.000	0.000	-1.000
550	79324	1	2.726	48.00	0.02072	-0.82073	0.000	1.746	-0.020	0.000	0.000	0.000	1.000
551	79372	1	5.410	48.00	0.02130	-0.81623	0.000	4.430	-0.020	0.000	0.000	0.000	1.000
552	79402	5	-0.084	48.00	0.02110	-0.81270	0.000	-0.063	-0.020	0.000	0.000	0.000	0.000
553	79432	2	-1.609	48.00	0.02113	-0.81671	0.000	-0.101	-0.508	0.000	0.000	0.000	-1.000
554	79462	2	-1.480	48.00	0.02055	-0.81324	0.000	0.073	-0.553	0.000	0.000	0.000	-1.000
555	79551	2	2.973	48.00	0.02166	-0.80962	0.000	4.041	-0.068	0.000	0.000	0.000	-1.000
556	79593	2	1.049	47.00	0.02103	-0.79984	0.000	2.049	0.000	0.000	0.000	0.000	-1.000
557	79640	2	2.197	46.00	0.02104	-0.81166	0.000	3.309	-0.112	0.000	0.000	0.000	-1.000
558	79670	1	3.882	47.00	0.02130	-0.80940	0.000	2.882	0.000	0.000	0.000	0.000	1.000
559	79775	1	8.425	47.00	0.02092	-0.81104	0.000	7.494	-0.068	0.000	0.000	0.000	1.000
560	79838	2	4.727	46.00	0.02168	-0.79643	0.000	6.104	-0.377	0.000	0.000	0.000	-1.000
561	79901	1	5.633	47.00	0.02198	-0.79079	0.000	4.633	0.000	0.000	0.000	0.000	1.000
562	79940	2	1.276	47.00	0.02167	-0.79871	0.000	2.276	0.000	0.000	0.000	0.000	-1.000
563	80009	2	2.566	47.00	0.02160	-0.79346	0.000	3.591	-0.025	0.000	0.000	0.000	-1.000
564	80039	1	2.777	48.00	0.02114	-0.78670	0.000	1.777	0.000	0.000	0.000	0.000	1.000
565	80070	1	3.721	48.00	0.02144	-0.79147	0.000	2.721	0.000	0.000	0.000	0.000	1.000
566	80126	2	3.084	48.00	0.02265	-0.78647	0.000	4.132	-0.048	0.000	0.000	0.000	-1.000
567	80156	1	2.723	49.00	0.02152	-0.79406	0.000	1.723	0.000	0.000	0.000	0.000	1.000
568	80214	1	5.765	50.00	0.02212	-0.78632	0.000	4.765	0.000	0.000	0.000	0.000	1.000
569	80262	1	5.230	50.00	0.02160	-0.78320	0.000	4.230	0.000	0.000	0.000	0.000	1.000
570	80292	2	0.475	49.00	0.02099	-0.79154	0.000	1.908	-0.433	0.000	0.000	0.000	-1.000
571	80347	1	1.823	50.00	0.02096	-0.78831	0.000	1.740	-0.917	0.000	0.000	0.000	1.000
572	80420	1	5.793	50.00	0.02077	-0.78040	0.000	4.793	0.000	0.000	0.000	0.000	1.000
573	80451	2	-0.050	49.00	0.02084	-0.77634	0.000	0.950	0.000	0.000	0.000	0.000	-1.000
574	80489	2	0.831	49.00	0.02190	-0.77728	0.000	1.877	-0.046	0.000	0.000	0.000	-1.000
575	80519	1	2.949	49.00	0.02128	-0.77144	0.000	1.949	0.000	0.000	0.000	0.000	1.000
576	80670	4	6.678	49.00	0.02043	-0.77267	0.000	7.380	-0.702	0.000	0.000	0.000	0.000
577	80714	2	-1.050	49.00	0.02150	-0.75942	0.000	1.638	-1.688	0.000	0.000	0.000	-1.000
578	80793	1	5.245	50.00	0.02170	-0.76644	0.000	4.652	-0.407	0.000	0.000	0.000	1.000
579	80824	2	0.953	50.00	0.02154	-0.76241	0.000	1.954	-0.001	0.000	0.000	0.000	-1.000
580	80898	2	0.799	50.00	0.02101	-0.76206	0.000	1.868	-0.069	0.000	0.000	0.000	-1.000
581	80928	1	3.621	51.00	0.02211	-0.76260	0.000	2.621	0.000	0.000	0.000	0.000	1.000
582	80997	1	5.431	52.00	0.02085	-0.75517	0.000	4.431	0.000	0.000	0.000	0.000	1.000
583	81027	2	1.463	52.00	0.02083	-0.76640	0.000	2.463	0.000	0.000	0.000	0.000	-1.000
584	81104	1	5.466	52.00	0.02147	-0.74701	0.000	5.307	-0.841	0.000	0.000	0.000	1.000
585	81151	2	2.584	51.00	0.02043	-0.74397	0.000	4.299	-0.715	0.000	0.000	0.000	-1.000
586	81188	2	-0.150	50.00	0.02161	-0.75888	0.000	0.850	0.000	0.000	0.000	0.000	-1.000
587	81220	2	0.014	49.00	0.01997	-0.75688	0.000	1.453	-0.439	0.000	0.000	0.000	-1.000
588	81252	1	2.729	50.00	0.02048	-0.74980	0.000	1.729	0.000	0.000	0.000	0.000	1.000
589	81329	1	4.275	50.00	0.02051	-0.74656	0.000	3.949	-0.674	0.000	0.000	0.000	1.000
590	81380	2	1.770	50.00	0.02071	-0.74579	0.000	2.770	0.000	0.000	0.000	0.000	-1.000
591	81503	1	6.368	51.00	0.02058	-0.74729	0.000	5.368	0.000	0.000	0.000	0.000	1.000
592	81537	2	2.475	50.00	0.02125	-0.74597	0.000	3.508	-0.033	0.000	0.000	0.000	-1.000
593	81591	1	6.685	51.00	0.02096	-0.73269	0.000	5.685	0.000	0.000	0.000	0.000	1.000
594	81705	1	8.937	51.00	0.02102	-0.74226	0.000	8.119	-0.182	0.000	0.000	0.000	1.000
595	81756	2	2.790	51.00	0.02022	-0.74092	0.000	3.814	-0.024	0.000	0.000	0.000	-1.000
596	81786	1	2.827	52.00	0.02234	-0.73087	0.000	1.827	0.000	0.000	0.000	0.000	1.000
597	81836	1	5.387	53.00	0.02095	-0.71959	0.000	4.387	0.000	0.000	0.000	0.000	1.000
598	81928	1	7.858	53.00	0.02148	-0.73426	0.000	7.076	-0.218	0.000	0.000	0.000	1.000
599	81961	2	0.384	52.00	0.01959	-0.72544	0.000	1.384	0.000	0.000	0.000	0.000	-1.000
600	81994	2	-0.848	52.00	0.02081	-0.73173	0.000	0.594	-0.442	0.000	0.000	0.000	-1.000
601	82024	2	-1.465	52.00	0.01991	-0.73543	0.000	-0.285	-0.180	0.000	0.000	0.000	-1.000
602	82054	5	1.453	51.00	0.02070	-0.72862	0.000	1.458	-0.005	0.000	0.000	0.000	0.000
603	82089	1	2.706	52.00	0.02041	-0.72813	0.000	1.706	0.000	0.000	0.000	0.000	1.000
604	82172	1	6.444	52.00	0.02119	-0.72254	0.000	5.447	-0.003	0.000	0.000	0.000	1.000
605	82228	1	4.767	53.00	0.02062	-0.72597	0.000	3.837	-0.070	0.000	0.000	0.000	1.000
606	82266	2	2.268	52.00	0.02121	-0.72151	0.000	3.268	0.000	0.000	0.000	0.000	-1.000
607	82346	1	6.300	53.00	0.02022	-0.72342	0.000	5.300	0.000	0.000	0.000	0.000	1.000
608	82421	1	7.989	54.00	0.02086	-0.72355	0.000	6.989	0.000	0.000	0.000	0.000	1.000
609	82479	1	4.918	54.00	0.02047	-0.71669	0.000	3.947	-0.029	0.000	0.000	0.000	1.000
610	82509	1	3.705	55.00	0.02092	-0.73001	0.000	2.705	0.000	0.000	0.000	0.000	1.000
611	82548	1	5.517	56.00	0.02056	-0.72997	0.000	4.517	0.000	0.000	0.000	0.000	1.000
612	82616	1	6.771	57.00	0.02052	-0.71742	0.000	5.771	0.000	0.000	0.000	0.000	1.000
613	82691	1	8.852	57.00	0.02067	-0.71936	0.000	7.852	0.000	0.000	0.000	0.000	1.000
614	82721	5	-0.978	56.00	0.02098	-0.71764	0.000	-0.969	-0.009	0.000	0.000	0.000	0.000
615	82751	2	-3.228	55.00	0.02123	-0.71870	0.000	-1.116	-1.111	0.000	0.000	0.000	-1.000
616	82785	5	0.066	54.00	0.02176	-0.70823	0.000	0.066	0.000	0.000	0.000	0.000	0.000
617	82815	2	-0.195	54.00	0.02096	-0.71636	0.000	0.805	0.000	0.000	0.000	0.000	-1.000
618	82901	1	4.326	54.00	0.02174	-0.71691	0.000	4.020	-0.694	0.000	0.000	0.000	1.000
619	82931	1	3.931	54.00	0.02223	-0.70954	0.000	2.931	0.000	0.000	0.000	0.000	1.000
620	83009	2	5.254	53.00	0.02118	-0.71144	0.000	6.433	-0.179	0.000	0.000	0.000	-1.000
621	83064	1	4.684	54.00	0.02020	-0.71760	0.000	3.686	-0.002	0.000	0.000	0.000	1.000
622	83158	1	9.779	54.00	0.02158	-0.70628	0.000	8.790	-0.011	0.000	0.000	0.000	1.000
623	83218	1	6.545	55.00	0.02163	-0.71179	0.000	5.545	0.000	0.000	0.000	0.000	1.000
624	83293	1	7.615	56.00	0.02118	-0.71028	0.000	6.627	-0.012	0.000	0.000	0.000	1.000
625	83350	2	2.541	56.00	0.02154	-0.69811	0.000	3.881	-0.341	0.000	0.000	0.000	-1.000
626	83442	2	2.213	55.00	0.02159	-0.70479	0.000	3.891	-0.678	0.000	0.000	0.000	-1.000
627	83472	1	2.795	55.00	0.02233	-0.69441	0.000	1.824	-0.029	0.000	0.000	0.000	1.000
628	83516	1	5.256	55.00	0.02073	-0.70509	0.000	4.256	0.000	0.000	0.000	0.000	1.000
629	83608	2	1.865	54.00	0.02165	-0.70794	0.000	3.256	-0.390	0.000	0.000	0.000	-1.000
630	83638	2	-1.616	53.00	0.02165	-0.70818	0.000	1.067	-1.683	0.000	0.000	0.000	-1.000
631	83721	2	1.897	52.00	0.02117	-0.70749	0.000	3.269	-0.372	0.000	0.000	0.000	-1.000
632	83789	1	6.560	53.00	0.02190	-0.69300	0.000	5.573	-0.013	0.000	0.000	0.000	1.000
633	83831	2	1.812	52.00	0.02119	-0.69181	0.000	2.812	0.000	0.000	0.000	0.000	-1.000
634	83910	2	2.675	51.00	0.02090	-0.70193	0.000	3.823	-0.148	0.000	0.000	0.000	-1.000
635	83977	1	3.903	52.00	0.02226	-0.69824	0.000	3.658	-0.756	0.000	0.000	0.000	1.000
636	84008	2	1.333	51.00	0.02096	-0.69847	0.000	2.333	0.000	0.000	0.000	0.000	-1.000
637	84038	1	2.776	52.00	0.02089	-0.69617	0.000	1.776	0.000	0.000	0.000	0.000	1.000
638	84068	1	3.776	53.00	0.02066	-0.70153	0.000	2.776	0.000	0.000	0.000	0.000	1.000
639	84195	1	9.625	53.00	0.02110	-0.69535	0.000	8.625	0.000	0.000	0.000	0.000	1.000
640	84292	1	9.781	54.00	0.02053	-0.69461	0.000	8.803	-0.022	0.000	0.000	0.000	1.000
641	84352	2	4.189	54.00	0.02142	-0.69612	0.000	5.189	0.000	0.000	0.000	0.000	-1.000
642	84410	1	4.632	55.00	0.02079	-0.70145	0.000	4.107	-0.475	0.000	0.000	0.000	1.000
643	84458	2	1.830	54.00	0.02192	-0.69603	0.000	2.997	-0.167	0.000	0.000	0.000	-1.000
644	84516	2	0.776	53.00	0.02210	-0.69632	0.000	3.516	-1.739	0.000	0.000	0.000	-1.000
645	84552	2	3.010	53.00	0.02150	-0.70160	0.000	4.010	0.000	0.000	0.000	0.000	-1.000
646	84658	1	2.299	53.00	0.02209	-0.69069	0.000	1.757	-0.458	0.000	0.000	0.000	1.000
647	84745	1	4.666	53.00	0.02205	-0.69018	0.000	3.666	0.000	0.000	0.000	0.000	1.000
648	84777	2	-0.709	52.00	0.02090	-0.69990	0.000	0.569	-0.278	0.000	0.000	0.000	-1.000
649	84849	1	4.995	53.00	0.02165	-0.68185	0.000	3.999	-0.004	0.000	0.000	0.000	1.000
650	84883	1	3.823	53.00	0.01986	-0.69194	0.000	2.823	0.000	0.000	0.000	0.000	1.000
651	84917	2	2.632	52.00	0.02064	-0.68343	0.000	3.996	-0.364	0.000	0.000	0.000	-1.000
652	84998	2	2.883	52.00	0.02149	-0.68686	0.000	4.170	-0.287	0.000	0.000	0.000	-1.000
653	85043	1	3.559	53.00	0.02016	-0.69392	0.000	3.039	-0.480	0.000	0.000	0.000	1.000
654	85137	1	7.067	54.00	0.02151	-0.69427	0.000	6.067	0.000	0.000	0.000	0.000	1.000
655	85167	2	0.069	54.00	0.01997	-0.68727	0.000	1.069	0.000	0.000	0.000	0.000	-1.000
656	85201	1	3.449	55.00	0.02133	-0.69855	0.000	2.485	-0.036	0.000	0.000	0.000	1.000
657	85256	1	5.104	56.00	0.02231	-0.68997	0.000	4.104	0.000	0.000	0.000	0.000	1.000
658	85304	1	5.100	56.00	0.02157	-0.68497	0.000	4.164	-0.064	0.000	0.000	0.000	1.000
659	85334	1	3.274	56.00	0.02070	-0.70450	0.000	2.513	-0.239	0.000	0.000	0.000	1.000
660	85375	1	5.338	57.00	0.02136	-0.69461	0.000	4.338	0.000	0.000	0.000	0.000	1.000
661	85405	2	1.239	56.00	0.02259	-0.68886	0.000	2.407	-0.168	0.000	0.000	0.000	-1.000
662	85439	1	3.999	57.00	0.02125	-0.69958	0.000	2.999	0.000	0.000	0.000	0.000	1.000
663	85490	1	6.292	58.00	0.02137	-0.68676	0.000	5.559	-0.267	0.000	0.000	0.000	1.000
664	85552	1	6.511	58.00	0.02188	-0.68850	0.000	5.511	0.000	0.000	0.000	0.000	1.000
665	85591	1	4.555	58.00	0.02189	-0.68834	0.000	3.556	-0.001	0.000	0.000	0.000	1.000
666	85628	2	0.944	58.00	0.02092	-0.69390	0.000	1.973	-0.029	0.000	0.000	0.000	-1.000
667	85660	2	-0.901	57.00	0.02067	-0.70486	0.000	0.367	-0.269	0.000	0.000	0.000	-1.000
668	85690	1	2.798	57.00	0.02201	-0.69400	0.000	1.815	-0.016	0.000	0.000	0.000	1.000
669	85741	1	5.570	57.00	0.02154	-0.69606	0.000	4.572	-0.002	0.000	0.000	0.000	1.000
670	85771	1	3.450	58.00	0.02105	-0.68592	0.000	2.459	-0.009	0.000	0.000	0.000	1.000
671	85806	1	3.888	58.00	0.02117	-0.69483	0.000	2.888	0.000	0.000	0.000	0.000	1.000
672	85843	2	1.310	57.00	0.02126	-0.69646	0.000	2.310	0.000	0.000	0.000	0.000	-1.000
673	85939	2	0.274	57.00	0.02116	-0.68925	0.000	1.593	-0.320	0.000	0.000	0.000	-1.000
674	86001	1	4.669	58.00	0.02128	-0.69163	0.000	4.102	-0.433	0.000	0.000	0.000	1.000
675	86078	1	5.112	58.00	0.02151	-0.70047	0.000	4.112	0.000	0.000	0.000	0.000	1.000
676	86115	1	4.260	59.00	0.02213	-0.69293	0.000	3.260	0.000	0.000	0.000	0.000	1.000
677	86145	2	0.259	59.00	0.02184	-0.68694	0.000	1.350	-0.091	0.000	0.000	0.000	-1.000
678	86175	1	2.906	59.00	0.02118	-0.69901	0.000	1.906	0.000	0.000	0.000	0.000	1.000
679	86208	1	3.356	60.00	0.02132	-0.69162	0.000	2.613	-0.256	0.000	0.000	0.000	1.000
680	86274	2	5.323	60.00	0.02179	-0.69807	0.000	6.357	-0.034	0.000	0.000	0.000	-1.000
681	86304	2	-0.778	59.00	0.02132	-0.69224	0.000	0.222	0.000	0.000	0.000	0.000	-1.000
682	86339	5	0.420	58.00	0.02204	-0.70527	0.000	0.502	-0.082	0.000	0.000	0.000	0.000
683	86408	1	5.671	59.00	0.02142	-0.68851	0.000	4.671	0.000	0.000	0.000	0.000	1.000
684	86447	2	2.820	58.00	0.02245	-0.69224	0.000	3.820	0.000	0.000	0.000	0.000	-1.000
685	86490	2	-0.519	58.00	0.02135	-0.70306	0.000	0.824	-0.343	0.000	0.000	0.000	-1.000
686	86557	2	0.667	58.00	0.02232	-0.69640	0.000	2.050	-0.383	0.000	0.000	0.000	-1.000
687	86617	1	3.671	59.00	0.02177	-0.69523	0.000	2.921	-0.250	0.000	0.000	0.000	1.000
688	86657	1	4.413	59.00	0.02128	-0.70093	0.000	4.137	-0.724	0.000	0.000	0.000	1.000
689	86709	1	5.004	59.00	0.02227	-0.69355	0.000	4.119	-0.115	0.000	0.000	0.000	1.000
690	86763	1	6.412	60.00	0.02209	-0.69378	0.000	5.500	-0.088	0.000	0.000	0.000	1.000
691	86805	2	1.821	59.00	0.02118	-0.69863	0.000	2.825	-0.004	0.000	0.000	0.000	-1.000
692	86849	1	3.621	60.00	0.02148	-0.70392	0.000	2.711	-0.089	0.000	0.000	0.000	1.000
693	86881	2	1.731	59.00	0.02264	-0.69749	0.000	2.885	-0.155	0.000	0.000	0.000	-1.000
694	86926	1	6.451	59.00	0.02201	-0.69120	0.000	5.578	-0.127	0.000	0.000	0.000	1.000
695	87053	2	-0.254	59.00	0.02191	-0.69511	0.000	0.793	-0.047	0.000	0.000	0.000	-1.000
696	87111	2	3.456	58.00	0.02127	-0.69687	0.000	4.456	0.000	0.000	0.000	0.000	-1.000
697	87182	2	0.499	57.00	0.02175	-0.69634	0.000	1.676	-0.178	0.000	0.000	0.000	-1.000
698	87227	2	-0.196	56.00	0.02138	-0.70439	0.000	1.181	-0.377	0.000	0.000	0.000	-1.000
699	87257	2	0.466	56.00	0.02325	-0.69730	0.000	1.466	0.000	0.000	0.000	0.000	-1.000
700	87362	1	4.350	57.00	0.02277	-0.69895	0.000	3.787	-0.437	0.000	0.000	0.000	1.000
701	87392	1	3.615	58.00	0.02263	-0.68976	0.000	2.754	-0.139	0.000	0.000	0.000	1.000
702	87525	1	8.583	59.00	0.02199	-0.69646	0.000	7.918	-0.335	0.000	0.000	0.000	1.000
703	87568	1	4.263	59.00	0.02150	-0.68925	0.000	3.264	-0.001	0.000	0.000	0.000	1.000
704	87622	2	1.100	58.00	0.02310	-0.70568	0.000	2.386	-0.286	0.000	0.000	0.000	-1.000
705	87669	2	1.354	57.00	0.02232	-0.69673	0.000	2.354	0.000	0.000	0.000	0.000	-1.000
706	87739	1	4.790	58.00	0.02134	-0.69835	0.000	3.790	0.000	0.000	0.000	0.000	1.000
707	87787	2	-0.042	57.00	0.02101	-0.70018	0.000	0.958	0.000	0.000	0.000	0.000	-1.000
708	87817	1	3.751	57.00	0.02172	-0.69345	0.000	2.751	0.000	0.000	0.000	0.000	1.000
709	87866	2	-0.440	56.00	0.02255	-0.69659	0.000	1.367	-0.807	0.000	0.000	0.000	-1.000
710	87900	2	0.345	55.00	0.02223	-0.68556	0.000	1.736	-0.390	0.000	0.000	0.000	-1.000
711	87937	5	0.790	54.00	0.02122	-0.69742	0.000	0.801	-0.011	0.000	0.000	0.000	0.000
712	87989	1	4.832	54.00	0.02290	-0.70294	0.000	3.869	-0.037	0.000	0.000	0.000	1.000
713	88019	1	3.759	54.00	0.02167	-0.69864	0.000	2.759	0.000	0.000	0.000	0.000	1.000
714	88052	1	4.582	55.00	0.02246	-0.71209	0.000	3.582	0.000	0.000	0.000	0.000	1.000
715	88129	2	5.265	55.00	0.02206	-0.69697	0.000	6.265	0.000	0.000	0.000	0.000	-1.000
716	88160	1	2.747	56.00	0.02202	-0.69917	0.000	1.772	-0.025	0.000	0.000	0.000	1.000
717	88190	5	0.882	56.00	0.02138	-0.69944	0.000	1.048	-0.166	0.000	0.000	0.000	0.000
718	88238	2	0.470	55.00	0.02184	-0.69436	0.000	1.726	-0.257	0.000	0.000	0.000	-1.000
719	88275	2	-1.283	54.00	0.02194	-0.70579	0.000	1.240	-1.523	0.000	0.000	0.000	-1.000
720	88305	5	-0.001	54.00	0.02115	-0.68693	0.000	-0.001	0.000	0.000	0.000	0.000	0.000
721	88368	1	4.577	54.00	0.02137	-0.70092	0.000	3.617	-0.040	0.000	0.000	0.000	1.000
722	88426	1	4.201	54.00	0.02197	-0.69460	0.000	3.201	0.000	0.000	0.000	0.000	1.000
723	88467	2	2.863	53.00	0.02218	-0.69651	0.000	4.106	-0.243	0.000	0.000	0.000	-1.000
724	88497	2	0.836	52.00	0.02226	-0.69325	0.000	1.836	0.000	0.000	0.000	0.000	-1.000
725	88527	1	2.967	53.00	0.02218	-0.68641	0.000	1.967	0.000	0.000	0.000	0.000	1.000
726	88596	1	7.699	54.00	0.02252	-0.69943	0.000	6.699	0.000	0.000	0.000	0.000	1.000
727	88636	2	2.281	53.00	0.02181	-0.70762	0.000	3.281	0.000	0.000	0.000	0.000	-1.000
728	88676	1	5.128	53.00	0.02246	-0.71069	0.000	4.128	0.000	0.000	0.000	0.000	1.000
729	88706	5	0.637	53.00	0.02182	-0.71006	0.000	1.480	-0.844	0.000	0.000	0.000	0.000
730	88736	5	-2.739	53.00	0.02237	-0.70782	0.000	-1.094	-1.645	0.000	0.000	0.000	0.000
731	88766	2	-0.744	53.00	0.02219	-0.69302	0.000	0.727	-0.470	0.000	0.000	0.000	-1.000
732	88796	5	0.513	52.00	0.02369	-0.70055	0.000	0.513	0.000	0.000	0.000	0.000	0.000
733	88844	2	1.956	52.00	0.02277	-0.69487	0.000	2.971	-0.015	0.000	0.000	0.000	-1.000
734	88881	2	0.480	52.00	0.02251	-0.70708	0.000	1.822	-0.342	0.000	0.000	0.000	-1.000
735	88928	2	0.625	51.00	0.02238	-0.70393	0.000	1.688	-0.064	0.000	0.000	0.000	-1.000
736	89003	1	5.083	52.00	0.02334	-0.70447	0.000	4.084	-0.000	0.000	0.000	0.000	1.000
737	89033	1	3.502	52.00	0.02265	-0.70043	0.000	2.502	0.000	0.000	0.000	0.000	1.000
738	89063	5	-1.933	51.00	0.02245	-0.70890	0.000	-0.983	-0.950	0.000	0.000	0.000	0.000
739	89093	5	1.967	50.00	0.02375	-0.69819	0.000	1.967	0.000	0.000	0.000	0.000	0.000
740	89179	1	4.762	50.00	0.02276	-0.70859	0.000	3.795	-0.034	0.000	0.000	0.000	1.000
741	89215	2	0.595	50.00	0.02156	-0.69861	0.000	1.631	-0.036	0.000	0.000	0.000	-1.000
742	89264	1	4.081	50.00	0.02447	-0.70365	0.000	3.653	-0.572	0.000	0.000	0.000	1.000
743	89322	1	6.423	51.00	0.02341	-0.70297	0.000	5.423	0.000	0.000	0.000	0.000	1.000
744	89377	1	5.327	52.00	0.02344	-0.69783	0.000	4.327	0.000	0.000	0.000	0.000	1.000
745	89432	2	4.164	52.00	0.02209	-0.70855	0.000	5.179	-0.015	0.000	0.000	0.000	-1.000
746	89462	1	2.709	52.00	0.02182	-0.70705	0.000	1.709	0.000	0.000	0.000	0.000	1.000
747	89496	1	3.787	52.00	0.02338	-0.70675	0.000	2.787	0.000	0.000	0.000	0.000	1.000
748	89526	5	-0.635	52.00	0.02353	-0.71804	0.000	-0.124	-0.512	0.000	0.000	0.000	0.000
749	89556	5	1.390	51.00	0.02293	-0.71699	0.000	1.390	0.000	0.000	0.000	0.000	0.000
750	89586	5	1.473	50.00	0.02280	-0.71099	0.000	1.473	0.000	0.000	0.000	0.000	0.000
751	89652	1	6.555	51.00	0.02308	-0.70350	0.000	5.555	0.000	0.000	0.000	0.000	1.000
752	89727	2	-1.501	51.00	0.02242	-0.71097	0.000	0.609	-1.110	0.000	0.000	0.000	-1.000
753	89762	2	2.492	50.00	0.02292	-0.72189	0.000	3.492	0.000	0.000	0.000	0.000	-1.000
754	89811	1	3.839	50.00	0.02284	-0.70098	0.000	2.999	-0.160	0.000	0.000	0.000	1.000
755	89858	1	4.540	51.00	0.02223	-0.71881	0.000	3.608	-0.067	0.000	0.000	0.000	1.000
756	89888	2	1.329	50.00	0.02277	-0.71398	0.000	2.364	-0.035	0.000	0.000	0.000	-1.000
757	89938	1	5.710	50.00	0.02312	-0.70994	0.000	4.710	0.000	0.000	0.000	0.000	1.000
758	89972	2	2.227	49.00	0.02277	-0.70514	0.000	3.227	0.000	0.000	0.000	0.000	-1.000
759	90020	1	6.657	49.00	0.02169	-0.71276	0.000	5.657	0.000	0.000	0.000	0.000	1.000
760	90131	1	9.727	49.00	0.02314	-0.70555	0.000	8.727	0.000	0.000	0.000	0.000	1.000
761	90161	5	-0.258	49.00	0.02274	-0.70487	0.000	-0.057	-0.201	0.000	0.000	0.000	0.000
762	90191	2	-4.409	48.00	0.02381	-0.70836	0.000	-0.906	-2.504	0.000	0.000	0.000	-1.000
763	90221	5	0.608	47.00	0.02457	-0.71982	0.000	0.626	-0.018	0.000	0.000	0.000	0.000
764	90280	1	2.777	47.00	0.02396	-0.70876	0.000	1.777	0.000	0.000	0.000	0.000	1.000
765	90349	1	5.283	47.00	0.02411	-0.71551	0.000	4.284	-0.000	0.000	0.000	0.000	1.000
766	90384	2	-0.916	47.00	0.02203	-0.71008	0.000	0.597	-0.513	0.000	0.000	0.000	-1.000
767	90469	1	4.666	48.00	0.02347	-0.70586	0.000	3.666	0.000	0.000	0.000	0.000	1.000
768	90525	2	4.042	47.00	0.02377	-0.70674	0.000	5.042	0.000	0.000	0.000	0.000	-1.000
769	90573	1	4.810	47.00	0.02324	-0.71453	0.000	3.810	0.000	0.000	0.000	0.000	1.000
770	90664	2	7.385	46.00	0.02328	-0.70175	0.000	8.426	-0.041	0.000	0.000	0.000	-1.000
771	90694	5	-0.808	45.00	0.02386	-0.70928	0.000	-0.255	-0.553	0.000	0.000	0.000	0.000
772	90724	5	-0.421	45.00	0.02407	-0.71017	0.000	-0.421	0.000	0.000	0.000	0.000	0.000
773	90756	5	0.512	45.00	0.02269	-0.72224	0.000	0.847	-0.335	0.000	0.000	0.000	0.000
774	90788	1	2.707	45.00	0.02337	-0.71363	0.000	1.707	0.000	0.000	0.000	0.000	1.000
775	90850	2	2.170	44.00	0.02240	-0.72336	0.000	3.879	-0.709	0.000	0.000	0.000	-1.000
776	90934	1	4.571	44.00	0.02397	-0.71939	0.000	3.729	-0.157	0.000	0.000	0.000	1.000
777	90971	2	2.365	44.00	0.02468	-0.70119	0.000	3.365	0.000	0.000	0.000	0.000	-1.000
778	91021	1	6.641	44.00	0.02417	-0.71475	0.000	5.641	0.000	0.000	0.000	0.000	1.000
779	91098	2	4.883	43.00	0.02426	-0.71218	0.000	5.974	-0.091	0.000	0.000	0.000	-1.000
780	91146	1	2.701	44.00	0.02379	-0.71569	0.000	1.701	0.000	0.000	0.000	0.000	1.000
781	91271	1	6.943	45.00	0.02323	-0.71629	0.000	6.047	-0.104	0.000	0.000	0.000	1.000
782	91341	1	6.312	46.00	0.02212	-0.71925	0.000	5.320	-0.008	0.000	0.000	0.000	1.000
783	91411	1	5.975	46.00	0.02277	-0.71489	0.000	5.361	-0.386	0.000	0.000	0.000	1.000
784	91444	2	1.010	46.00	0.02402	-0.71458	0.000	2.085	-0.075	0.000	0.000	0.000	-1.000
785	91477	1	2.512	47.00	0.02345	-0.71772	0.000	1.677	-0.165	0.000	0.000	0.000	1.000
786	91521	1	4.832	48.00	0.02285	-0.72261	0.000	3.832	0.000	0.000	0.000	0.000	1.000
787	91573	1	5.325	48.00	0.02399	-0.70661	0.000	4.325	0.000	0.000	0.000	0.000	1.000
788	91718	4	6.551	47.00	0.02355	-0.72062	0.000	6.838	-0.287	0.000	0.000	0.000	0.000
789	91748	1	2.677	47.00	0.02386	-0.71294	0.000	1.677	0.000	0.000	0.000	0.000	1.000
790	91792	1	4.860	47.00	0.02411	-0.71158	0.000	3.990	-0.130	0.000	0.000	0.000	1.000
791	91859	1	7.687	48.00	0.02272	-0.71891	0.000	6.687	0.000	0.000	0.000	0.000	1.000
792	91925	1	7.699	48.00	0.02413	-0.71454	0.000	6.704	-0.006	0.000	0.000	0.000	1.000
793	91992	1	6.830	49.00	0.02328	-0.72002	0.000	5.860	-0.029	0.000	0.000	0.000	1.000
794	92054	1	7.610	49.00	0.02261	-0.72428	0.000	6.613	-0.002	0.000	0.000	0.000	1.000
795	92162	1	5.202	50.00	0.02388	-0.71908	0.000	4.670	-0.468	0.000	0.000	0.000	1.000
796	92253	1	5.989	51.00	0.02393	-0.72151	0.000	5.807	-0.818	0.000	0.000	0.000	1.000
797	92283	1	3.790	52.00	0.02410	-0.71756	0.000	2.792	-0.001	0.000	0.000	0.000	1.000
798	92317	2	1.820	52.00	0.02344	-0.71796	0.000	2.993	-0.173	0.000	0.000	0.000	-1.000
799	92347	1	2.922	53.00	0.02365	-0.72331	0.000	1.922	0.000	0.000	0.000	0.000	1.000
800	92405	2	2.939	52.00	0.02349	-0.72461	0.000	4.731	-0.792	0.000	0.000	0.000	-1.000
801	92441	1	3.459	52.00	0.02415	-0.72979	0.000	2.470	-0.011	0.000	0.000	0.000	1.000
802	92539	1	7.049	52.00	0.02379	-0.72293	0.000	6.338	-0.289	0.000	0.000	0.000	1.000
803	92569	2	0.430	51.00	0.02328	-0.72039	0.000	1.624	-0.193	0.000	0.000	0.000	-1.000
804	92599	5	1.067	51.00	0.02290	-0.72901	0.000	1.067	0.000	0.000	0.000	0.000	0.000
805	92631	5	-1.006	51.00	0.02439	-0.72393	0.000	-1.006	0.000	0.000	0.000	0.000	0.000
806	92727	2	1.051	50.00	0.02315	-0.72869	0.000	3.056	-1.005	0.000	0.000	0.000	-1.000
807	92800	1	6.020	51.00	0.02403	-0.72824	0.000	5.295	-0.276	0.000	0.000	0.000	1.000
808	92879	1	7.306	51.00	0.02369	-0.72983	0.000	6.330	-0.024	0.000	0.000	0.000	1.000
809	92941	1	6.136	52.00	0.02343	-0.73440	0.000	5.136	0.000	0.000	0.000	0.000	1.000
810	93037	1	8.844	53.00	0.02418	-0.72401	0.000	7.844	0.000	0.000	0.000	0.000	1.000
811	93072	2	2.661	53.00	0.02306	-0.73813	0.000	3.661	0.000	0.000	0.000	0.000	-1.000
812	93102	1	3.470	53.00	0.02393	-0.73922	0.000	2.470	0.000	0.000	0.000	0.000	1.000
813	93149	2	2.642	52.00	0.02343	-0.73744	0.000	3.790	-0.148	0.000	0.000	0.000	-1.000
814	93179	1	3.775	52.00	0.02265	-0.74017	0.000	2.775	0.000	0.000	0.000	0.000	1.000
815	93254	2	2.378	52.00	0.02351	-0.73361	0.000	3.655	-0.277	0.000	0.000	0.000	-1.000
816	93285	5	-2.200	51.00	0.02226	-0.73724	0.000	-2.108	-0.091	0.000	0.000	0.000	0.000
817	93315	5	0.282	51.00	0.02423	-0.73641	0.000	0.291	-0.009	0.000	0.000	0.000	0.000
818	93345	2	-0.374	51.00	0.02620	-0.72533	0.000	0.710	-0.084	0.000	0.000	0.000	-1.000
819	93421	1	5.030	52.00	0.02402	-0.73338	0.000	4.132	-0.101	0.000	0.000	0.000	1.000
820	93499	1	8.550	53.00	0.02370	-0.73249	0.000	7.550	0.000	0.000	0.000	0.000	1.000
821	93550	1	6.506	53.00	0.02346	-0.73632	0.000	5.506	0.000	0.000	0.000	0.000	1.000
822	93595	1	6.038	53.00	0.02305	-0.72688	0.000	5.038	0.000	0.000	0.000	0.000	1.000
823	93667	2	5.002	53.00	0.02345	-0.73087	0.000	6.015	-0.013	0.000	0.000	0.000	-1.000
824	93698	2	1.859	53.00	0.02185	-0.73603	0.000	2.859	0.000	0.000	0.000	0.000	-1.000
825	93765	1	5.273	53.00	0.02295	-0.73895	0.000	4.662	-0.389	0.000	0.000	0.000	1.000
826	93811	1	4.626	53.00	0.02397	-0.73591	0.000	3.695	-0.069	0.000	0.000	0.000	1.000
827	93854	1	4.779	54.00	0.02461	-0.73735	0.000	3.779	0.000	0.000	0.000	0.000	1.000
828	93892	1	4.608	54.00	0.02343	-0.73715	0.000	3.608	0.000	0.000	0.000	0.000	1.000
829	93930	1	4.428	55.00	0.02268	-0.74487	0.000	3.428	0.000	0.000	0.000	0.000	1.000
830	93983	1	6.718	56.00	0.02264	-0.73526	0.000	5.718	0.000	0.000	0.000	0.000	1.000
831	94026	1	5.140	57.00	0.02353	-0.74310	0.000	4.140	0.000	0.000	0.000	0.000	1.000
832	94060	1	3.796	58.00	0.02296	-0.73067	0.000	2.796	0.000	0.000	0.000	0.000	1.000
833	94101	1	4.915	59.00	0.02244	-0.74196	0.000	3.915	0.000	0.000	0.000	0.000	1.000
834	94154	2	2.277	59.00	0.02266	-0.74523	0.000	3.277	0.000	0.000	0.000	0.000	-1.000
835	94184	1	2.753	60.00	0.02414	-0.74388	0.000	1.753	0.000	0.000	0.000	0.000	1.000
836	94274	2	0.550	59.00	0.02382	-0.74386	0.000	1.861	-0.311	0.000	0.000	0.000	-1.000
837	94350	2	-0.380	58.00	0.02293	-0.74481	0.000	0.924	-0.305	0.000	0.000	0.000	-1.000
838	94380	5	0.190	58.00	0.02206	-0.74961	0.000	0.190	0.000	0.000	0.000	0.000	0.000
839	94411	5	0.228	58.00	0.02434	-0.73471	0.000	0.275	-0.047	0.000	0.000	0.000	0.000
840	94491	2	1.184	57.00	0.02409	-0.74853	0.000	2.239	-0.054	0.000	0.000	0.000	-1.000
841	94521	1	3.620	58.00	0.02323	-0.73189	0.000	2.620	0.000	0.000	0.000	0.000	1.000
842	94565	2	2.348	57.00	0.02517	-0.74034	0.000	3.745	-0.397	0.000	0.000	0.000	-1.000
843	94595	1	3.649	57.00	0.02541	-0.74521	0.000	2.649	0.000	0.000	0.000	0.000	1.000
844	94636	1	5.120	57.00	0.02409	-0.73452	0.000	4.138	-0.018	0.000	0.000	0.000	1.000
845	94722	2	1.175	57.00	0.02383	-0.75208	0.000	2.427	-0.252	0.000	0.000	0.000	-1.000
846	94765	2	0.399	56.00	0.02311	-0.74689	0.000	1.702	-0.304	0.000	0.000	0.000	-1.000
847	94832	2	1.184	55.00	0.02339	-0.75158	0.000	2.184	0.000	0.000	0.000	0.000	-1.000
848	94862	2	-1.349	55.00	0.02290	-0.74031	0.000	-0.349	0.000	0.000	0.000	0.000	-1.000
849	94901	5	-0.322	55.00	0.02482	-0.75334	0.000	0.058	-0.380	0.000	0.000	0.000	0.000
850	94935	2	1.383	55.00	0.02336	-0.75898	0.000	2.383	0.000	0.000	0.000	0.000	-1.000
851	94997	2	1.024	54.00	0.02345	-0.74706	0.000	2.282	-0.259	0.000	0.000	0.000	-1.000
852	95027	2	-0.857	54.00	0.02414	-0.74862	0.000	0.143	0.000	0.000	0.000	0.000	-1.000
853	95057	2	-2.111	54.00	0.02306	-0.74988	0.000	-0.438	-0.672	0.000	0.000	0.000	-1.000
854	95087	2	-1.548	53.00	0.02364	-0.75273	0.000	-0.361	-0.187	0.000	0.000	0.000	-1.000
855	95117	5	-0.035	52.00	0.02471	-0.75483	0.000	-0.035	0.000	0.000	0.000	0.000	0.000
856	95180	2	-0.514	52.00	0.02466	-0.74162	0.000	0.786	-0.299	0.000	0.000	0.000	-1.000
857	95242	1	6.297	52.00	0.02390	-0.75880	0.000	5.297	0.000	0.000	0.000	0.000	1.000
858	95376	1	12.181	53.00	0.02479	-0.75398	0.000	11.194	-0.013	0.000	0.000	0.000	1.000
859	95455	1	4.858	53.00	0.02479	-0.75538	0.000	3.858	0.000	0.000	0.000	0.000	1.000
860	95566	1	9.536	53.00	0.02397	-0.75368	0.000	8.536	0.000	0.000	0.000	0.000	1.000
861	95617	1	5.397	54.00	0.02460	-0.74898	0.000	4.397	0.000	0.000	0.000	0.000	1.000
862	95647	1	3.133	55.00	0.02431	-0.74676	0.000	2.581	-0.448	0.000	0.000	0.000	1.000
863	95776	1	7.355	56.00	0.02404	-0.75477	0.000	6.384	-0.029	0.000	0.000	0.000	1.000
864	95806	2	0.224	55.00	0.02416	-0.74922	0.000	1.224	0.000	0.000	0.000	0.000	-1.000
865	95843	2	2.348	54.00	0.02508	-0.75387	0.000	3.351	-0.003	0.000	0.000	0.000	-1.000
866	95873	5	-4.219	54.00	0.02640	-0.74919	0.000	-3.622	-0.597	0.000	0.000	0.000	0.000
867	95903	2	-3.240	53.00	0.02558	-0.74882	0.000	-0.962	-1.279	0.000	0.000	0.000	-1.000
868	95935	5	-0.025	53.00	0.02440	-0.75103	0.000	0.030	-0.055	0.000	0.000	0.000	0.000
869	95965	5	0.637	52.00	0.02405	-0.75143	0.000	0.690	-0.053	0.000	0.000	0.000	0.000
870	96009	1	5.050	53.00	0.02444	-0.74996	0.000	4.050	0.000	0.000	0.000	0.000	1.000
871	96063	2	2.764	53.00	0.02439	-0.75411	0.000	3.764	0.000	0.000	0.000	0.000	-1.000
872	96135	1	6.519	54.00	0.02494	-0.74931	0.000	5.519	0.000	0.000	0.000	0.000	1.000
873	96422	1	8.253	55.00	0.02438	-0.75526	0.000	7.956	-0.704	0.000	0.000	0.000	1.000
874	96580	1	8.933	55.00	0.02463	-0.75735	0.000	8.068	-0.136	0.000	0.000	0.000	1.000
875	96697	1	10.081	56.00	0.02467	-0.75518	0.000	9.114	-0.033	0.000	0.000	0.000	1.000
876	96830	1	11.112	56.00	0.02480	-0.75889	0.000	10.125	-0.013	0.000	0.000	0.000	1.000
877	96897	2	3.482	56.00	0.02427	-0.75933	0.000	4.569	-0.088	0.000	0.000	0.000	-1.000
878	96927	5	1.817	55.00	0.02404	-0.75280	0.000	1.817	-0.000	0.000	0.000	0.000	0.000
879	96957	5	-0.467	55.00	0.02568	-0.76679	0.000	-0.235	-0.233	0.000	0.000	0.000	0.000
880	96987	2	-1.015	54.00	0.02319	-0.77048	0.000	-0.015	0.000	0.000	0.000	0.000	-1.000
881	97039	2	1.612	53.00	0.02344	-0.76213	0.000	2.612	0.000	0.000	0.000	0.000	-1.000
882	97074	1	5.057	53.00	0.02424	-0.76398	0.000	4.057	0.000	0.000	0.000	0.000	1.000
883	97214	1	8.943	53.00	0.02358	-0.75784	0.000	7.947	-0.004	0.000	0.000	0.000	1.000
884	97278	1	6.467	54.00	0.02467	-0.76958	0.000	5.467	0.000	0.000	0.000	0.000	1.000
885	97325	2	2.407	53.00	0.02510	-0.76188	0.000	3.407	0.000	0.000	0.000	0.000	-1.000
886	97367	2	0.962	52.00	0.02366	-0.76439	0.000	2.358	-0.396	0.000	0.000	0.000	-1.000
887	97416	1	5.660	52.00	0.02456	-0.75969	0.000	4.660	0.000	0.000	0.000	0.000	1.000
888	97467	1	5.516	53.00	0.02543	-0.75684	0.000	4.516	0.000	0.000	0.000	0.000	1.000
889	97518	2	2.921	52.00	0.02468	-0.76782	0.000	3.921	0.000	0.000	0.000	0.000	-1.000
890	97578	2	0.104	51.00	0.02488	-0.75993	0.000	1.844	-0.740	0.000	0.000	0.000	-1.000
891	97608	2	0.372	50.00	0.02402	-0.76821	0.000	1.372	0.000	0.000	0.000	0.000	-1.000
892	97678	1	4.054	50.00	0.02434	-0.77383	0.000	4.128	-1.074	0.000	0.000	0.000	1.000
893	97708	5	-2.050	49.00	0.02400	-0.76439	0.000	-1.659	-0.391	0.000	0.000	0.000	0.000
894	97738	5	-0.580	48.00	0.02635	-0.76815	0.000	-0.511	-0.069	0.000	0.000	0.000	0.000
895	97769	5	-0.110	47.00	0.02467	-0.76130	0.000	0.211	-0.321	0.000	0.000	0.000	0.000
896	97799	5	0.509	46.00	0.02441	-0.75403	0.000	0.510	-0.001	0.000	0.000	0.000	0.000
897	97829	5	0.548	45.00	0.02498	-0.77009	0.000	0.552	-0.004	0.000	0.000	0.000	0.000
898	97864	2	-0.981	45.00	0.02403	-0.77237	0.000	0.340	-0.321	0.000	0.000	0.000	-1.000
899	97902	2	0.225	44.00	0.02654	-0.76285	0.000	1.739	-0.514	0.000	0.000	0.000	-1.000
900	97938	2	-0.330	44.00	0.02522	-0.76383	0.000	0.670	0.000	0.000	0.000	0.000	-1.000
901	98034	1	9.442	44.00	0.02504	-0.75717	0.000	8.442	0.000	0.000	0.000	0.000	1.000
902	98068	2	2.268	43.00	0.02581	-0.76191	0.000	3.268	0.000	0.000	0.000	0.000	-1.000
903	98159	1	4.899	44.00	0.02532	-0.77067	0.000	4.033	-0.134	0.000	0.000	0.000	1.000
904	98189	1	4.111	45.00	0.02564	-0.75378	0.000	3.111	0.000	0.000	0.000	0.000	1.000
905	98254	1	6.675	46.00	0.02446	-0.76240	0.000	5.680	-0.005	0.000	0.000	0.000	1.000
906	98321	1	7.201	47.00	0.02485	-0.76731	0.000	6.201	0.000	0.000	0.000	0.000	1.000
907	98403	1	6.625	47.00	0.02562	-0.75827	0.000	5.718	-0.093	0.000	0.000	0.000	1.000
908	98454	1	4.811	47.00	0.02459	-0.76599	0.000	3.926	-0.115	0.000	0.000	0.000	1.000
909	98492	1	4.574	47.00	0.02438	-0.77203	0.000	3.574	0.000	0.000	0.000	0.000	1.000
910	98555	1	6.945	47.00	0.02509	-0.77410	0.000	5.945	0.000	0.000	0.000	0.000	1.000
911	98621	1	5.587	48.00	0.02520	-0.76852	0.000	4.589	-0.003	0.000	0.000	0.000	1.000
912	98657	2	0.951	47.00	0.02462	-0.77283	0.000	1.951	0.000	0.000	0.000	0.000	-1.000
913	98687	2	-0.526	47.00	0.02625	-0.77017	0.000	0.532	-0.057	0.000	0.000	0.000	-1.000
914	98717	2	-2.157	46.00	0.02487	-0.76380	0.000	0.310	-1.467	0.000	0.000	0.000	-1.000
915	98747	5	0.976	46.00	0.02576	-0.76691	0.000	0.976	0.000	0.000	0.000	0.000	0.000
916	98800	1	2.725	47.00	0.02493	-0.76940	0.000	1.725	0.000	0.000	0.000	0.000	1.000
917	98831	1	3.611	48.00	0.02478	-0.76371	0.000	2.611	0.000	0.000	0.000	0.000	1.000
918	98908	2	5.880	48.00	0.02644	-0.76491	0.000	6.880	0.000	0.000	0.000	0.000	-1.000
919	98938	1	2.841	48.00	0.02383	-0.76602	0.000	1.906	-0.064	0.000	0.000	0.000	1.000
920	98988	1	3.528	48.00	0.02612	-0.77310	0.000	2.528	0.000	0.000	0.000	0.000	1.000
921	99021	1	4.398	48.00	0.02560	-0.76478	0.000	3.398	0.000	0.000	0.000	0.000	1.000
922	99051	5	1.454	47.00	0.02612	-0.77698	0.000	1.730	-0.276	0.000	0.000	0.000	0.000
923	99081	5	-1.639	47.00	0.02535	-0.76542	0.000	-0.247	-1.392	0.000	0.000	0.000	0.000
924	99111	5	-0.394	47.00	0.02545	-0.77437	0.000	-0.380	-0.014	0.000	0.000	0.000	0.000
925	99148	2	0.908	46.00	0.02758	-0.76483	0.000	2.011	-0.104	0.000	0.000	0.000	-1.000
926	99199	1	4.766	46.00	0.02581	-0.77179	0.000	3.766	0.000	0.000	0.000	0.000	1.000
927	99243	1	4.760	46.00	0.02568	-0.77086	0.000	3.760	0.000	0.000	0.000	0.000	1.000
928	99283	2	3.300	45.00	0.02473	-0.76941	0.000	4.300	0.000	0.000	0.000	0.000	-1.000
929	99342	1	5.026	45.00	0.02673	-0.77020	0.000	4.138	-0.113	0.000	0.000	0.000	1.000
930	99421	2	7.536	44.00	0.02649	-0.76924	0.000	8.536	0.000	0.000	0.000	0.000	-1.000
931	99451	5	0.240	43.00	0.02693	-0.77705	0.000	0.240	0.000	0.000	0.000	0.000	0.000
932	99497	1	2.713	43.00	0.02483	-0.76603	0.000	1.713	0.000	0.000	0.000	0.000	1.000
933	99553	2	2.456	42.00	0.02524	-0.76987	0.000	4.184	-0.728	0.000	0.000	0.000	-1.000
934	99591	2	0.381	42.00	0.02572	-0.77956	0.000	1.766	-0.385	0.000	0.000	0.000	-1.000
935	99626	2	0.577	41.00	0.02372	-0.77902	0.000	1.605	-0.027	0.000	0.000	0.000	-1.000
936	99698	2	3.719	41.00	0.02546	-0.77422	0.000	4.729	-0.010	0.000	0.000	0.000	-1.000
937	99742	2	0.482	41.00	0.02520	-0.76388	0.000	1.640	-0.158	0.000	0.000	0.000	-1.000
938	99776	2	1.749	41.00	0.02473	-0.77108	0.000	2.749	0.000	0.000	0.000	0.000	-1.000
939	99822	1	5.130	42.00	0.02497	-0.78042	0.000	4.130	0.000	0.000	0.000	0.000	1.000
940	99890	1	6.460	43.00	0.02519	-0.77516	0.000	5.518	-0.057	0.000	0.000	0.000	1.000
941	99943	2	3.133	42.00	0.02554	-0.76292	0.000	4.175	-0.043	0.000	0.000	0.000	-1.000
942	99989	2	0.647	42.00	0.02567	-0.76960	0.000	1.679	-0.032	0.000	0.000	0.000	-1.000
943	100062	1	6.316	42.00	0.02534	-0.77384	0.000	5.316	0.000	0.000	0.000	0.000	1.000
944	100102	2	2.705	41.00	0.02637	-0.77878	0.000	3.705	0.000	0.000	0.000	0.000	-1.000
945	100132	1	3.521	42.00	0.02497	-0.78291	0.000	2.521	0.000	0.000	0.000	0.000	1.000
946	100165	2	-0.923	42.00	0.02580	-0.77677	0.000	0.410	-0.333	0.000	0.000	0.000	-1.000
947	100195	5	-1.852	42.00	0.02719	-0.78485	0.000	-0.253	-1.599	0.000	0.000	0.000	0.000
948	100225	5	1.726	42.00	0.02615	-0.76610	0.000	1.726	0.000	0.000	0.000	0.000	0.000
949	100277	1	5.057	43.00	0.02523	-0.78109	0.000	4.057	0.000	0.000	0.000	0.000	1.000
950	100313	2	0.340	43.00	0.02567	-0.77311	0.000	1.576	-0.236	0.000	0.000	0.000	-1.000
951	100346	2	1.413	43.00	0.02550	-0.77276	0.000	2.541	-0.128	0.000	0.000	0.000	-1.000
952	100394	2	1.031	43.00	0.02565	-0.77605	0.000	2.031	0.000	0.000	0.000	0.000	-1.000
953	100424	1	4.072	44.00	0.02457	-0.77864	0.000	3.072	0.000	0.000	0.000	0.000	1.000
954	100498	1	8.726	45.00	0.02632	-0.77634	0.000	7.726	0.000	0.000	0.000	0.000	1.000
955	100560	2	1.773	45.00	0.02602	-0.78806	0.000	3.165	-0.392	0.000	0.000	0.000	-1.000
956	100603	1	5.093	46.00	0.02560	-0.78029	0.000	4.093	0.000	0.000	0.000	0.000	1.000
957	100633	2	1.027	45.00	0.02678	-0.77776	0.000	2.027	0.000	0.000	0.000	0.000	-1.000
958	100677	2	-0.825	44.00	0.02435	-0.78088	0.000	0.352	-0.176	0.000	0.000	0.000	-1.000
959	100728	1	6.587	44.00	0.02581	-0.77001	0.000	5.587	0.000	0.000	0.000	0.000	1.000
960	100799	1	8.844	44.00	0.02481	-0.78663	0.000	7.844	0.000	0.000	0.000	0.000	1.000
961	100864	2	3.912	43.00	0.02562	-0.78313	0.000	5.329	-0.417	0.000	0.000	0.000	-1.000
962	100901	1	3.464	43.00	0.02740	-0.78231	0.000	2.526	-0.062	0.000	0.000	0.000	1.000
963	100942	1	4.598	43.00	0.02527	-0.78795	0.000	3.904	-0.306	0.000	0.000	0.000	1.000
964	101013	1	5.224	44.00	0.02547	-0.78737	0.000	4.227	-0.004	0.000	0.000	0.000	1.000
965	101054	2	1.820	44.00	0.02566	-0.79121	0.000	3.021	-0.201	0.000	0.000	0.000	-1.000
966	101105	2	1.859	44.00	0.02543	-0.78657	0.000	3.204	-0.345	0.000	0.000	0.000	-1.000
967	101152	2	1.290	44.00	0.02514	-0.78716	0.000	2.290	0.000	0.000	0.000	0.000	-1.000
968	101210	1	5.082	45.00	0.02700	-0.78871	0.000	4.082	0.000	0.000	0.000	0.000	1.000
969	101301	2	3.223	45.00	0.02617	-0.78608	0.000	4.348	-0.125	0.000	0.000	0.000	-1.000
970	101346	2	-0.165	44.00	0.02556	-0.78693	0.000	1.103	-0.268	0.000	0.000	0.000	-1.000
971	101381	1	2.731	45.00	0.02552	-0.77811	0.000	1.731	0.000	0.000	0.000	0.000	1.000
972	101481	1	8.263	45.00	0.02511	-0.78775	0.000	7.263	0.000	0.000	0.000	0.000	1.000
973	101602	1	11.106	45.00	0.02489	-0.79574	0.000	10.288	-0.182	0.000	0.000	0.000	1.000
974	101639	2	0.993	44.00	0.02409	-0.79089	0.000	2.140	-0.148	0.000	0.000	0.000	-1.000
975	101676	2	0.825	43.00	0.02557	-0.78602	0.000	1.834	-0.009	0.000	0.000	0.000	-1.000
976	101706	2	-1.130	42.00	0.02450	-0.77910	0.000	0.334	-0.465	0.000	0.000	0.000	-1.000
977	101775	2	1.614	42.00	0.02531	-0.79216	0.000	3.035	-0.420	0.000	0.000	0.000	-1.000
978	101822	1	3.814	43.00	0.02625	-0.78784	0.000	2.814	0.000	0.000	0.000	0.000	1.000
979	101911	2	1.907	43.00	0.02522	-0.79712	0.000	3.256	-0.349	0.000	0.000	0.000	-1.000
980	101941	5	0.112	43.00	0.02566	-0.78996	0.000	0.112	0.000	0.000	0.000	0.000	0.000
981	102048	1	6.197	44.00	0.02554	-0.79310	0.000	5.551	-0.353	0.000	0.000	0.000	1.000
982	102087	2	2.681	43.00	0.02482	-0.79178	0.000	3.681	0.000	0.000	0.000	0.000	-1.000
983	102169	1	6.376	43.00	0.02525	-0.78751	0.000	5.376	0.000	0.000	0.000	0.000	1.000
984	102263	1	9.482	43.00	0.02536	-0.78668	0.000	8.482	0.000	0.000	0.000	0.000	1.000
985	102293	2	-1.190	43.00	0.02416	-0.80324	0.000	-0.190	0.000	0.000	0.000	0.000	-1.000
986	102323	5	-0.889	43.00	0.02484	-0.79832	0.000	-0.319	-0.570	0.000	0.000	0.000	0.000
987	102358	5	0.296	42.00	0.02570	-0.79380	0.000	0.319	-0.023	0.000	0.000	0.000	0.000
988	102427	1	5.151	42.00	0.02578	-0.79616	0.000	4.203	-0.052	0.000	0.000	0.000	1.000
989	102492	1	6.584	43.00	0.02442	-0.79589	0.000	5.585	-0.001	0.000	0.000	0.000	1.000
990	102551	2	3.638	43.00	0.02562	-0.79603	0.000	4.643	-0.006	0.000	0.000	0.000	-1.000
991	102581	1	2.827	44.00	0.02570	-0.79585	0.000	1.827	0.000	0.000	0.000	0.000	1.000
992	102648	1	8.402	44.00	0.02527	-0.79219	0.000	7.402	0.000	0.000	0.000	0.000	1.000
993	102723	1	6.787	45.00	0.02573	-0.79606	0.000	5.787	0.000	0.000	0.000	0.000	1.000
994	102753	5	0.803	45.00	0.02558	-0.80170	0.000	0.805	-0.001	0.000	0.000	0.000	0.000
995	102783	5	1.009	45.00	0.02581	-0.79442	0.000	1.395	-0.386	0.000	0.000	0.000	0.000
996	102813	5	-1.021	45.00	0.02666	-0.78806	0.000	0.160	-1.182	0.000	0.000	0.000	0.000
997	102882	1	3.838	46.00	0.02535	-0.78923	0.000	2.947	-0.109	0.000	0.000	0.000	1.000
998	102963	1	7.163	47.00	0.02531	-0.79438	0.000	6.182	-0.019	0.000	0.000	0.000	1.000
999	103020	1	7.023	48.00	0.02598	-0.79589	0.000	6.023	0.000	0.000	0.000	0.000	1.000
1000	103050	2	2.009	48.00	0.02427	-0.79798	0.000	3.009	0.000	0.000	0.000	0.000	-1.000
1001	103093	1	5.186	48.00	0.02532	-0.79356	0.000	4.186	0.000	0.000	0.000	0.000	1.000
1002	103123	5	1.340	48.00	0.02532	-0.80208	0.000	1.340	0.000	0.000	0.000	0.000	0.000
1003	103154	5	-0.354	47.00	0.02628	-0.78882	0.000	-0.352	-0.002	0.000	0.000	0.000	0.000
1004	103184	5	0.825	46.00	0.02602	-0.79785	0.000	1.185	-0.361	0.000	0.000	0.000	0.000
1005	103214	2	-1.457	45.00	0.02468	-0.80487	0.000	0.727	-1.184	0.000	0.000	0.000	-1.000
1006	103247	5	1.289	44.00	0.02673	-0.79031	0.000	1.289	0.000	0.000	0.000	0.000	0.000
1007	103318	2	1.760	43.00	0.02526	-0.79863	0.000	2.838	-0.078	0.000	0.000	0.000	-1.000
1008	103370	1	6.608	43.00	0.02646	-0.79907	0.000	5.608	0.000	0.000	0.000	0.000	1.000
1009	103400	1	3.417	43.00	0.02606	-0.79106	0.000	2.417	0.000	0.000	0.000	0.000	1.000
1010	103434	2	2.146	42.00	0.02539	-0.79955	0.000	3.146	0.000	0.000	0.000	0.000	-1.000
1011	103497	1	3.134	42.00	0.02624	-0.80319	0.000	3.022	-0.888	0.000	0.000	0.000	1.000
1012	103527	2	-1.213	42.00	0.02570	-0.79942	0.000	0.383	-0.596	0.000	0.000	0.000	-1.000
1013	103560	2	-0.792	42.00	0.02583	-0.80006	0.000	0.460	-0.252	0.000	0.000	0.000	-1.000
1014	103643	1	4.640	43.00	0.02621	-0.79401	0.000	4.084	-0.444	0.000	0.000	0.000	1.000
1015	103676	1	4.310	44.00	0.02611	-0.79194	0.000	3.310	0.000	0.000	0.000	0.000	1.000
1016	103710	2	2.712	43.00	0.02696	-0.79266	0.000	3.712	0.000	0.000	0.000	0.000	-1.000
1017	103741	2	1.851	42.00	0.02654	-0.80116	0.000	2.955	-0.104	0.000	0.000	0.000	-1.000
1018	103809	1	6.331	43.00	0.02576	-0.80669	0.000	5.331	0.000	0.000	0.000	0.000	1.000
1019	103855	2	3.402	42.00	0.02630	-0.79999	0.000	4.402	0.000	0.000	0.000	0.000	-1.000
1020	103885	1	2.929	42.00	0.02638	-0.79505	0.000	1.929	0.000	0.000	0.000	0.000	1.000
1021	103929	1	3.862	42.00	0.02597	-0.80549	0.000	3.242	-0.381	0.000	0.000	0.000	1.000
1022	104031	1	7.925	43.00	0.02593	-0.80139	0.000	7.763	-0.837	0.000	0.000	0.000	1.000
1023	104061	2	0.257	43.00	0.02656	-0.79757	0.000	1.257	0.000	0.000	0.000	0.000	-1.000
1024	104091	5	-0.121	43.00	0.02709	-0.79176	0.000	-0.114	-0.007	0.000	0.000	0.000	0.000
1025	104123	5	0.810	43.00	0.02602	-0.80943	0.000	0.810	0.000	0.000	0.000	0.000	0.000
1026	104154	1	2.796	43.00	0.02497	-0.80841	0.000	1.796	0.000	0.000	0.000	0.000	1.000
1027	104206	1	5.605	43.00	0.02535	-0.79701	0.000	4.605	0.000	0.000	0.000	0.000	1.000
1028	104252	2	2.621	43.00	0.02528	-0.79468	0.000	4.007	-0.386	0.000	0.000	0.000	-1.000
1029	104308	1	6.602	43.00	0.02606	-0.80810	0.000	5.602	0.000	0.000	0.000	0.000	1.000
1030	104338	2	1.458	43.00	0.02615	-0.79406	0.000	2.458	0.000	0.000	0.000	0.000	-1.000
1031	104437	2	0.505	43.00	0.02604	-0.81012	0.000	1.925	-0.420	0.000	0.000	0.000	-1.000
1032	104509	1	5.124	43.00	0.02651	-0.79516	0.000	4.125	-0.001	0.000	0.000	0.000	1.000
1033	104592	2	5.280	43.00	0.02561	-0.79714	0.000	6.777	-0.497	0.000	0.000	0.000	-1.000
1034	104622	1	3.728	44.00	0.02501	-0.80720	0.000	2.728	0.000	0.000	0.000	0.000	1.000
1035	104660	2	0.658	44.00	0.02593	-0.79263	0.000	1.746	-0.088	0.000	0.000	0.000	-1.000
1036	104744	1	5.092	45.00	0.02608	-0.80268	0.000	4.092	0.000	0.000	0.000	0.000	1.000
1037	104774	2	0.918	45.00	0.02499	-0.81200	0.000	1.918	0.000	0.000	0.000	0.000	-1.000
1038	104834	1	5.142	46.00	0.02586	-0.80137	0.000	4.142	0.000	0.000	0.000	0.000	1.000
1039	104990	4	5.437	45.00	0.02598	-0.80337	0.000	5.589	-0.152	0.000	0.000	0.000	0.000
1040	105021	1	3.512	45.00	0.02405	-0.80702	0.000	2.526	-0.014	0.000	0.000	0.000	1.000
1041	105104	2	4.334	45.00	0.02563	-0.80816	0.000	5.356	-0.022	0.000	0.000	0.000	-1.000
1042	105143	2	2.671	45.00	0.02521	-0.81566	0.000	3.671	0.000	0.000	0.000	0.000	-1.000
1043	105173	1	3.775	45.00	0.02626	-0.81193	0.000	2.775	0.000	0.000	0.000	0.000	1.000
1044	105208	2	2.695	45.00	0.02602	-0.81081	0.000	3.695	0.000	0.000	0.000	0.000	-1.000
1045	105238	5	0.597	44.00	0.02479	-0.80586	0.000	0.600	-0.003	0.000	0.000	0.000	0.000
1046	105325	1	5.002	45.00	0.02598	-0.80721	0.000	4.174	-0.172	0.000	0.000	0.000	1.000
1047	105355	1	3.393	46.00	0.02726	-0.80642	0.000	2.468	-0.074	0.000	0.000	0.000	1.000
1048	105394	2	-0.005	46.00	0.02574	-0.80273	0.000	1.077	-0.082	0.000	0.000	0.000	-1.000
1049	105424	1	3.816	46.00	0.02679	-0.81020	0.000	2.816	0.000	0.000	0.000	0.000	1.000
1050	105482	1	7.361	47.00	0.02632	-0.81212	0.000	6.361	0.000	0.000	0.000	0.000	1.000
1051	105518	1	3.656	48.00	0.02513	-0.81954	0.000	2.656	0.000	0.000	0.000	0.000	1.000
1052	105603	1	7.240	49.00	0.02574	-0.80421	0.000	6.240	0.000	0.000	0.000	0.000	1.000
1053	105633	2	-1.794	48.00	0.02708	-0.81278	0.000	-0.194	-0.601	0.000	0.000	0.000	-1.000
1054	105676	1	2.738	48.00	0.02504	-0.80189	0.000	1.738	0.000	0.000	0.000	0.000	1.000
1055	105706	1	3.914	49.00	0.02469	-0.80939	0.000	2.914	0.000	0.000	0.000	0.000	1.000
1056	105764	1	6.808	49.00	0.02467	-0.81722	0.000	5.808	0.000	0.000	0.000	0.000	1.000
1057	105804	1	5.562	50.00	0.02574	-0.81693	0.000	4.562	0.000	0.000	0.000	0.000	1.000
1058	105879	2	2.147	50.00	0.02520	-0.81060	0.000	3.640	-0.493	0.000	0.000	0.000	-1.000
1059	105956	1	5.049	50.00	0.02490	-0.81558	0.000	4.049	0.000	0.000	0.000	0.000	1.000
1060	106038	1	6.971	50.00	0.02603	-0.82032	0.000	5.971	-0.000	0.000	0.000	0.000	1.000
1061	106162	4	6.709	50.00	0.02634	-0.81664	0.000	6.889	-0.180	0.000	0.000	0.000	0.000
1062	106192	5	0.638	49.00	0.02616	-0.80107	0.000	0.787	-0.149	0.000	0.000	0.000	0.000
1063	106222	5	-0.121	48.00	0.02562	-0.82320	0.000	0.062	-0.183	0.000	0.000	0.000	0.000
1064	106252	5	-0.455	47.00	0.02558	-0.82013	0.000	0.350	-0.805	0.000	0.000	0.000	0.000
1065	106289	5	0.777	47.00	0.02519	-0.80307	0.000	0.777	0.000	0.000	0.000	0.000	0.000
1066	106319	1	2.818	48.00	0.02575	-0.81490	0.000	1.818	0.000	0.000	0.000	0.000	1.000
1067	106402	1	5.347	49.00	0.02633	-0.81430	0.000	4.349	-0.003	0.000	0.000	0.000	1.000
1068	106432	2	-0.434	48.00	0.02611	-0.81851	0.000	0.571	-0.005	0.000	0.000	0.000	-1.000
1069	106492	1	4.723	49.00	0.02632	-0.81100	0.000	3.723	0.000	0.000	0.000	0.000	1.000
1070	106524	2	2.404	49.00	0.02608	-0.82569	0.000	3.404	0.000	0.000	0.000	0.000	-1.000
1071	106556	2	1.412	48.00	0.02617	-0.82056	0.000	2.546	-0.134	0.000	0.000	0.000	-1.000
1072	106588	1	3.558	48.00	0.02642	-0.81206	0.000	2.767	-0.210	0.000	0.000	0.000	1.000
1073	106654	1	8.434	48.00	0.02479	-0.82024	0.000	7.434	0.000	0.000	0.000	0.000	1.000
1074	106697	2	4.511	48.00	0.02590	-0.81244	0.000	5.511	0.000	0.000	0.000	0.000	-1.000
1075	106740	2	2.258	48.00	0.02487	-0.81929	0.000	3.301	-0.043	0.000	0.000	0.000	-1.000
1076	106780	2	0.466	48.00	0.02554	-0.81080	0.000	1.662	-0.196	0.000	0.000	0.000	-1.000
1077	106838	1	5.151	49.00	0.02669	-0.81899	0.000	4.151	0.000	0.000	0.000	0.000	1.000
1078	106868	1	3.445	49.00	0.02622	-0.81562	0.000	2.465	-0.020	0.000	0.000	0.000	1.000
1079	106898	2	-2.106	49.00	0.02517	-0.81233	0.000	-0.912	-0.194	0.000	0.000	0.000	-1.000
1080	106928	5	1.383	49.00	0.02696	-0.81695	0.000	1.383	0.000	0.000	0.000	0.000	0.000
1081	106960	2	0.126	48.00	0.02647	-0.82254	0.000	1.253	-0.127	0.000	0.000	0.000	-1.000
1082	107009	1	2.718	49.00	0.02624	-0.82268	0.000	1.812	-0.094	0.000	0.000	0.000	1.000
1083	107069	1	4.657	49.00	0.02561	-0.82424	0.000	3.657	0.000	0.000	0.000	0.000	1.000
1084	107129	1	7.826	49.00	0.02693	-0.81550	0.000	6.831	-0.006	0.000	0.000	0.000	1.000
1085	107167	1	5.046	50.00	0.02613	-0.81844	0.000	4.046	0.000	0.000	0.000	0.000	1.000
1086	107226	2	5.027	50.00	0.02566	-0.81548	0.000	6.157	-0.130	0.000	0.000	0.000	-1.000
1087	107256	1	2.836	51.00	0.02492	-0.81042	0.000	1.836	0.000	0.000	0.000	0.000	1.000
1088	107307	1	6.850	51.00	0.02712	-0.82733	0.000	5.968	-0.118	0.000	0.000	0.000	1.000
1089	107337	1	4.770	51.00	0.02475	-0.82063	0.000	3.770	0.000	0.000	0.000	0.000	1.000
1090	107367	1	3.842	52.00	0.02690	-0.81691	0.000	2.842	0.000	0.000	0.000	0.000	1.000
1091	107410	1	7.026	52.00	0.02673	-0.82411	0.000	6.026	0.000	0.000	0.000	0.000	1.000
1092	107471	1	6.830	52.00	0.02629	-0.83491	0.000	5.830	0.000	0.000	0.000	0.000	1.000
1093	107516	2	2.838	51.00	0.02643	-0.81988	0.000	3.918	-0.080	0.000	0.000	0.000	-1.000
1094	107561	2	1.462	51.00	0.02494	-0.81796	0.000	2.462	0.000	0.000	0.000	0.000	-1.000
1095	107644	2	2.357	51.00	0.02512	-0.82117	0.000	3.395	-0.038	0.000	0.000	0.000	-1.000
1096	107685	2	1.542	51.00	0.02600	-0.82501	0.000	2.546	-0.004	0.000	0.000	0.000	-1.000
1097	107717	1	2.783	51.00	0.02468	-0.82202	0.000	1.783	0.000	0.000	0.000	0.000	1.000
1098	107750	2	0.427	50.00	0.02622	-0.82647	0.000	1.525	-0.097	0.000	0.000	0.000	-1.000
1099	107789	2	1.662	49.00	0.02515	-0.82213	0.000	2.662	0.000	0.000	0.000	0.000	-1.000
1100	107848	1	6.592	50.00	0.02589	-0.82533	0.000	5.592	0.000	0.000	0.000	0.000	1.000
1101	107882	2	-0.055	49.00	0.02587	-0.82524	0.000	1.776	-0.831	0.000	0.000	0.000	-1.000
1102	107914	5	-3.427	49.00	0.02645	-0.83359	0.000	-0.168	-3.259	0.000	0.000	0.000	0.000
1103	107989	1	2.574	50.00	0.02582	-0.82205	0.000	2.394	-0.820	0.000	0.000	0.000	1.000
1104	108055	1	3.626	51.00	0.02566	-0.82355	0.000	4.231	-1.605	0.000	0.000	0.000	1.000
1105	108095	2	0.708	51.00	0.02649	-0.83224	0.000	2.107	-0.399	0.000	0.000	0.000	-1.000
1106	108148	1	5.574	52.00	0.02635	-0.83307	0.000	4.670	-0.095	0.000	0.000	0.000	1.000
1107	108214	1	7.528	53.00	0.02527	-0.83294	0.000	6.528	0.000	0.000	0.000	0.000	1.000
1108	108271	1	7.429	53.00	0.02536	-0.82995	0.000	6.429	0.000	0.000	0.000	0.000	1.000
1109	108351	2	5.067	52.00	0.02638	-0.83016	0.000	6.170	-0.103	0.000	0.000	0.000	-1.000
1110	108381	5	0.476	52.00	0.02584	-0.82847	0.000	0.476	0.000	0.000	0.000	0.000	0.000
1111	108418	2	0.595	51.00	0.02471	-0.84615	0.000	1.595	0.000	0.000	0.000	0.000	-1.000
1112	108457	2	1.298	51.00	0.02656	-0.82504	0.000	2.298	0.000	0.000	0.000	0.000	-1.000
1113	108521	1	6.582	52.00	0.02772	-0.83721	0.000	5.582	0.000	0.000	0.000	0.000	1.000
1114	108557	2	-0.739	51.00	0.02519	-0.83087	0.000	0.261	0.000	0.000	0.000	0.000	-1.000
1115	108587	1	2.264	51.00	0.02922	-0.82058	0.000	1.824	-0.560	0.000	0.000	0.000	1.000
1116	108619	1	3.965	52.00	0.02729	-0.82287	0.000	2.965	0.000	0.000	0.000	0.000	1.000
1117	108671	1	6.218	53.00	0.02632	-0.82547	0.000	5.391	-0.173	0.000	0.000	0.000	1.000
1118	108733	1	5.041	53.00	0.02735	-0.82699	0.000	4.041	0.000	0.000	0.000	0.000	1.000
1119	108785	1	4.649	54.00	0.02701	-0.82625	0.000	3.955	-0.306	0.000	0.000	0.000	1.000
1120	108850	1	3.805	54.00	0.02540	-0.83376	0.000	3.182	-0.377	0.000	0.000	0.000	1.000
1121	108881	2	-0.045	53.00	0.02716	-0.84851	0.000	0.955	0.000	0.000	0.000	0.000	-1.000
1122	108920	1	5.090	53.00	0.02536	-0.82610	0.000	4.090	0.000	0.000	0.000	0.000	1.000
1123	108959	1	4.794	54.00	0.02690	-0.83533	0.000	3.794	0.000	0.000	0.000	0.000	1.000
1124	108989	1	3.908	55.00	0.02525	-0.83926	0.000	2.908	0.000	0.000	0.000	0.000	1.000
1125	109029	2	3.377	55.00	0.02528	-0.83028	0.000	4.540	-0.162	0.000	0.000	0.000	-1.000
1126	109075	1	5.092	55.00	0.02665	-0.83784	0.000	4.092	-0.000	0.000	0.000	0.000	1.000
1127	109105	2	-2.819	54.00	0.02775	-0.83221	0.000	-1.208	-0.610	0.000	0.000	0.000	-1.000
1128	109137	5	0.093	54.00	0.02616	-0.82386	0.000	0.414	-0.321	0.000	0.000	0.000	0.000
1129	109167	5	1.196	53.00	0.02772	-0.82541	0.000	1.196	0.000	0.000	0.000	0.000	0.000
1130	109216	2	1.345	53.00	0.02673	-0.83235	0.000	2.397	-0.052	0.000	0.000	0.000	-1.000
1131	109246	1	3.684	54.00	0.02656	-0.83690	0.000	2.684	0.000	0.000	0.000	0.000	1.000
1132	109310	1	6.835	54.00	0.02690	-0.82768	0.000	5.929	-0.094	0.000	0.000	0.000	1.000
1133	109450	1	8.406	55.00	0.02639	-0.83575	0.000	7.406	0.000	0.000	0.000	0.000	1.000
1134	109508	1	4.414	55.00	0.02580	-0.83602	0.000	3.415	-0.001	0.000	0.000	0.000	1.000
1135	109559	1	5.676	56.00	0.02675	-0.83368	0.000	4.676	0.000	0.000	0.000	0.000	1.000
1136	109604	1	4.900	56.00	0.02739	-0.84233	0.000	3.900	0.000	0.000	0.000	0.000	1.000
1137	109644	1	4.745	57.00	0.02595	-0.84316	0.000	3.745	0.000	0.000	0.000	0.000	1.000
1138	109690	2	2.021	56.00	0.02552	-0.85007	0.000	3.320	-0.299	0.000	0.000	0.000	-1.000
1139	109720	1	2.318	57.00	0.02715	-0.83489	0.000	1.766	-0.449	0.000	0.000	0.000	1.000
1140	109765	2	0.044	56.00	0.02640	-0.83941	0.000	1.562	-0.518	0.000	0.000	0.000	-1.000
1141	109795	5	-0.117	56.00	0.02802	-0.85216	0.000	-0.074	-0.043	0.000	0.000	0.000	0.000
1142	109842	2	-0.593	56.00	0.02519	-0.84143	0.000	2.094	-1.687	0.000	0.000	0.000	-1.000
1143	109897	2	0.263	55.00	0.02552	-0.84275	0.000	1.390	-0.126	0.000	0.000	0.000	-1.000
1144	109937	2	2.319	55.00	0.02539	-0.84161	0.000	3.319	0.000	0.000	0.000	0.000	-1.000
1145	109995	1	4.683	56.00	0.02648	-0.83984	0.000	3.683	0.000	0.000	0.000	0.000	1.000
1146	110040	1	4.318	56.00	0.02748	-0.83870	0.000	3.318	0.000	0.000	0.000	0.000	1.000
1147	110070	1	4.088	56.00	0.02452	-0.84139	0.000	3.088	0.000	0.000	0.000	0.000	1.000
1148	110103	2	0.082	56.00	0.02698	-0.84148	0.000	1.298	-0.216	0.000	0.000	0.000	-1.000
1149	110136	5	-0.121	55.00	0.02613	-0.83702	0.000	-0.121	0.000	0.000	0.000	0.000	0.000
1150	110166	5	0.245	54.00	0.02792	-0.83335	0.000	0.481	-0.236	0.000	0.000	0.000	0.000
1151	110196	2	-0.656	53.00	0.02574	-0.84496	0.000	0.462	-0.118	0.000	0.000	0.000	-1.000
1152	110226	2	-2.401	52.00	0.02636	-0.83056	0.000	-0.250	-1.150	0.000	0.000	0.000	-1.000
1153	110269	5	1.192	52.00	0.02623	-0.82650	0.000	1.209	-0.016	0.000	0.000	0.000	0.000
1154	110316	1	3.503	52.00	0.02661	-0.83748	0.000	2.503	0.000	0.000	0.000	0.000	1.000
1155	110371	2	3.002	51.00	0.02696	-0.84095	0.000	4.002	0.000	0.000	0.000	0.000	-1.000
1156	110457	1	7.385	51.00	0.02573	-0.84065	0.000	6.385	0.000	0.000	0.000	0.000	1.000
1157	110608	4	9.312	50.00	0.02616	-0.83875	0.000	9.898	-0.586	0.000	0.000	0.000	0.000
1158	110638	2	1.670	50.00	0.02717	-0.82893	0.000	2.683	-0.013	0.000	0.000	0.000	-1.000
1159	110686	2	-0.541	49.00	0.02650	-0.84484	0.000	1.019	-0.561	0.000	0.000	0.000	-1.000
1160	110749	2	3.243	48.00	0.02772	-0.83605	0.000	4.344	-0.102	0.000	0.000	0.000	-1.000
1161	110823	1	4.318	49.00	0.02817	-0.83127	0.000	3.640	-0.322	0.000	0.000	0.000	1.000
1162	110865	2	3.484	49.00	0.02697	-0.84135	0.000	4.484	0.000	0.000	0.000	0.000	-1.000
1163	110939	1	5.280	50.00	0.02821	-0.82755	0.000	4.653	-0.373	0.000	0.000	0.000	1.000
1164	110974	1	4.538	51.00	0.02597	-0.83511	0.000	3.538	0.000	0.000	0.000	0.000	1.000
1165	111004	2	0.115	51.00	0.02783	-0.83294	0.000	1.115	0.000	0.000	0.000	0.000	-1.000
1166	111035	5	-1.292	50.00	0.02729	-0.83103	0.000	-0.563	-0.728	0.000	0.000	0.000	0.000
1167	111065	5	0.862	49.00	0.02701	-0.82765	0.000	1.073	-0.211	0.000	0.000	0.000	0.000
1168	111102	2	1.203	49.00	0.02817	-0.84322	0.000	2.203	0.000	0.000	0.000	0.000	-1.000
1169	111132	2	-0.462	48.00	0.02758	-0.82475	0.000	0.994	-0.457	0.000	0.000	0.000	-1.000
1170	111189	1	6.562	49.00	0.02728	-0.83910	0.000	5.562	0.000	0.000	0.000	0.000	1.000
1171	111282	1	4.952	50.00	0.02670	-0.83980	0.000	3.952	0.000	0.000	0.000	0.000	1.000
1172	111327	2	0.603	49.00	0.02629	-0.84357	0.000	1.626	-0.023	0.000	0.000	0.000	-1.000
1173	111384	2	3.231	48.00	0.02646	-0.83533	0.000	4.264	-0.033	0.000	0.000	0.000	-1.000
1174	111453	1	5.091	49.00	0.02602	-0.84177	0.000	4.091	0.000	0.000	0.000	0.000	1.000
1175	111565	1	8.792	50.00	0.02667	-0.83884	0.000	7.804	-0.012	0.000	0.000	0.000	1.000
1176	111643	2	2.307	50.00	0.02690	-0.83216	0.000	3.648	-0.340	0.000	0.000	0.000	-1.000
1177	111711	1	4.747	50.00	0.02696	-0.84135	0.000	3.747	0.000	0.000	0.000	0.000	1.000
1178	111741	5	0.201	49.00	0.02663	-0.82611	0.000	0.383	-0.182	0.000	0.000	0.000	0.000
1179	111771	2	-2.910	49.00	0.02771	-0.84732	0.000	-0.974	-0.936	0.000	0.000	0.000	-1.000
1180	111801	5	-0.875	49.00	0.02842	-0.82767	0.000	-0.371	-0.504	0.000	0.000	0.000	0.000
1181	111832	5	0.036	49.00	0.02807	-0.83431	0.000	0.245	-0.209	0.000	0.000	0.000	0.000
1182	111863	2	-1.760	48.00	0.02630	-0.83359	0.000	-0.054	-0.706	0.000	0.000	0.000	-1.000
1183	111893	1	3.505	48.00	0.02832	-0.84440	0.000	2.505	0.000	0.000	0.000	0.000	1.000
1184	111940	1	4.707	48.00	0.02772	-0.83925	0.000	3.713	-0.005	0.000	0.000	0.000	1.000
1185	111970	2	-0.712	47.00	0.02682	-0.83551	0.000	1.328	-1.040	0.000	0.000	0.000	-1.000
1186	112000	2	-0.294	47.00	0.02628	-0.82521	0.000	0.768	-0.062	0.000	0.000	0.000	-1.000
1187	112031	5	0.173	46.00	0.02687	-0.83766	0.000	0.173	0.000	0.000	0.000	0.000	0.000
1188	112061	5	1.015	45.00	0.02756	-0.84215	0.000	1.015	0.000	0.000	0.000	0.000	0.000
1189	112111	2	-0.474	44.00	0.02714	-0.84396	0.000	0.695	-0.169	0.000	0.000	0.000	-1.000
1190	112162	1	5.098	44.00	0.02708	-0.83395	0.000	4.156	-0.058	0.000	0.000	0.000	1.000
1191	112229	2	4.644	43.00	0.02797	-0.84067	0.000	5.928	-0.284	0.000	0.000	0.000	-1.000
1192	112279	1	3.162	43.00	0.02686	-0.83768	0.000	2.938	-0.776	0.000	0.000	0.000	1.000
1193	112331	1	5.016	44.00	0.02826	-0.83762	0.000	4.021	-0.005	0.000	0.000	0.000	1.000
1194	112380	2	3.625	44.00	0.02757	-0.82896	0.000	4.633	-0.008	0.000	0.000	0.000	-1.000
1195	112437	1	6.619	45.00	0.02794	-0.83350	0.000	5.619	0.000	0.000	0.000	0.000	1.000
1196	112509	2	4.919	45.00	0.02780	-0.83543	0.000	6.112	-0.193	0.000	0.000	0.000	-1.000
1197	112588	2	1.256	44.00	0.02721	-0.83581	0.000	2.521	-0.265	0.000	0.000	0.000	-1.000
1198	112642	2	0.016	44.00	0.02882	-0.83530	0.000	1.437	-0.420	0.000	0.000	0.000	-1.000
1199	112683	2	0.316	44.00	0.02904	-0.84556	0.000	1.678	-0.362	0.000	0.000	0.000	-1.000
1200	112737	2	0.407	43.00	0.02776	-0.83275	0.000	1.526	-0.120	0.000	0.000	0.000	-1.000
1201	112825	1	8.865	44.00	0.02891	-0.83152	0.000	7.865	0.000	0.000	0.000	0.000	1.000
1202	112909	2	3.724	44.00	0.02756	-0.83468	0.000	5.005	-0.281	0.000	0.000	0.000	-1.000
1203	112939	1	4.006	44.00	0.02645	-0.84064	0.000	3.006	0.000	0.000	0.000	0.000	1.000
1204	112990	2	2.881	43.00	0.02728	-0.84526	0.000	3.881	0.000	0.000	0.000	0.000	-1.000
1205	113020	1	2.731	44.00	0.02697	-0.83700	0.000	1.731	0.000	0.000	0.000	0.000	1.000
1206	113067	1	4.845	44.00	0.02763	-0.83194	0.000	3.845	0.000	0.000	0.000	0.000	1.000
1207	113128	1	6.953	44.00	0.02662	-0.83351	0.000	6.164	-0.211	0.000	0.000	0.000	1.000
1208	113174	1	4.980	44.00	0.02733	-0.84221	0.000	4.040	-0.060	0.000	0.000	0.000	1.000
1209	113218	2	0.806	44.00	0.02783	-0.83731	0.000	1.922	-0.116	0.000	0.000	0.000	-1.000
1210	113255	2	-0.553	44.00	0.02664	-0.83281	0.000	0.540	-0.094	0.000	0.000	0.000	-1.000
1211	113285	1	2.710	45.00	0.02828	-0.82876	0.000	1.710	0.000	0.000	0.000	0.000	1.000
1212	113319	2	-0.140	45.00	0.02558	-0.83682	0.000	0.965	-0.104	0.000	0.000	0.000	-1.000
1213	113350	2	-0.508	44.00	0.02694	-0.83307	0.000	0.573	-0.081	0.000	0.000	0.000	-1.000
1214	113402	1	5.036	45.00	0.02695	-0.84177	0.000	4.687	-0.650	0.000	0.000	0.000	1.000
1215	113436	1	4.402	45.00	0.02895	-0.82804	0.000	3.402	0.000	0.000	0.000	0.000	1.000
1216	113540	1	9.005	45.00	0.02713	-0.82226	0.000	8.005	0.000	0.000	0.000	0.000	1.000
1217	113570	2	0.930	44.00	0.02793	-0.82875	0.000	2.317	-0.387	0.000	0.000	0.000	-1.000
1218	113600	1	2.782	44.00	0.02779	-0.83025	0.000	1.792	-0.009	0.000	0.000	0.000	1.000
1219	113647	2	2.160	43.00	0.02673	-0.84266	0.000	3.267	-0.107	0.000	0.000	0.000	-1.000
1220	113693	5	0.915	42.00	0.02694	-0.84095	0.000	2.155	-1.240	0.000	0.000	0.000	0.000
1221	113773	1	6.314	43.00	0.02693	-0.83337	0.000	5.314	0.000	0.000	0.000	0.000	1.000
1222	113843	1	7.199	43.00	0.02707	-0.83297	0.000	6.254	-0.055	0.000	0.000	0.000	1.000
1223	113912	1	6.539	43.00	0.02835	-0.82067	0.000	5.767	-0.228	0.000	0.000	0.000	1.000
1224	113943	2	1.916	42.00	0.02669	-0.82579	0.000	3.133	-0.217	0.000	0.000	0.000	-1.000
1225	113973	1	3.454	43.00	0.02797	-0.83469	0.000	2.454	0.000	0.000	0.000	0.000	1.000
1226	114016	1	5.669	43.00	0.02676	-0.82733	0.000	4.669	0.000	0.000	0.000	0.000	1.000
1227	114083	2	1.482	43.00	0.02742	-0.83281	0.000	2.851	-0.370	0.000	0.000	0.000	-1.000
1228	114175	1	5.318	44.00	0.02825	-0.83299	0.000	4.625	-0.307	0.000	0.000	0.000	1.000
1229	114258	1	4.073	45.00	0.02694	-0.82851	0.000	3.248	-0.175	0.000	0.000	0.000	1.000
1230	114294	1	3.901	46.00	0.02742	-0.84751	0.000	2.901	0.000	0.000	0.000	0.000	1.000
1231	114404	1	8.716	46.00	0.02734	-0.83036	0.000	7.716	0.000	0.000	0.000	0.000	1.000
1232	114445	2	0.328	45.00	0.02662	-0.83327	0.000	1.565	-0.237	0.000	0.000	0.000	-1.000
1233	114508	2	3.747	44.00	0.02721	-0.83040	0.000	4.747	0.000	0.000	0.000	0.000	-1.000
1234	114543	2	1.261	43.00	0.02734	-0.83249	0.000	2.261	0.000	0.000	0.000	0.000	-1.000
1235	114579	1	3.802	43.00	0.02632	-0.83705	0.000	2.802	0.000	0.000	0.000	0.000	1.000
1236	114617	2	2.343	42.00	0.02573	-0.84267	0.000	3.369	-0.026	0.000	0.000	0.000	-1.000
1237	114655	1	3.566	42.00	0.02746	-0.84288	0.000	2.566	0.000	0.000	0.000	0.000	1.000
1238	114723	1	7.116	43.00	0.02650	-0.83958	0.000	6.116	0.000	0.000	0.000	0.000	1.000
1239	114755	2	0.505	42.00	0.02847	-0.83671	0.000	1.531	-0.026	0.000	0.000	0.000	-1.000
1240	114801	1	5.025	43.00	0.02716	-0.83685	0.000	4.025	0.000	0.000	0.000	0.000	1.000
1241	114833	1	3.694	44.00	0.02673	-0.84278	0.000	2.694	0.000	0.000	0.000	0.000	1.000
1242	114868	1	3.112	45.00	0.02608	-0.84138	0.000	2.451	-0.339	0.000	0.000	0.000	1.000
1243	114931	1	6.615	46.00	0.02617	-0.83435	0.000	5.615	0.000	0.000	0.000	0.000	1.000
1244	114975	1	4.867	47.00	0.02739	-0.84020	0.000	4.046	-0.179	0.000	0.000	0.000	1.000
1245	115013	2	2.023	46.00	0.02548	-0.84644	0.000	3.039	-0.016	0.000	0.000	0.000	-1.000
1246	115043	1	2.901	46.00	0.02732	-0.83860	0.000	1.901	0.000	0.000	0.000	0.000	1.000
1247	115098	1	3.662	46.00	0.02739	-0.83648	0.000	4.068	-1.407	0.000	0.000	0.000	1.000
1248	115178	1	4.856	47.00	0.02648	-0.84043	0.000	4.290	-0.434	0.000	0.000	0.000	1.000
1249	115245	1	5.674	48.00	0.02679	-0.84094	0.000	4.674	0.000	0.000	0.000	0.000	1.000
1250	115341	1	7.576	49.00	0.02643	-0.84182	0.000	6.594	-0.017	0.000	0.000	0.000	1.000
1251	115381	1	4.541	50.00	0.02747	-0.82751	0.000	3.541	0.000	0.000	0.000	0.000	1.000
1252	115487	1	9.329	51.00	0.02681	-0.83569	0.000	8.329	0.000	0.000	0.000	0.000	1.000
1253	115594	2	3.300	51.00	0.02683	-0.83708	0.000	4.542	-0.242	0.000	0.000	0.000	-1.000
1254	115624	1	3.969	51.00	0.02770	-0.84720	0.000	2.969	0.000	0.000	0.000	0.000	1.000
1255	115671	1	5.717	52.00	0.02650	-0.84200	0.000	4.723	-0.005	0.000	0.000	0.000	1.000
1256	115740	2	4.238	51.00	0.02664	-0.83977	0.000	5.893	-0.655	0.000	0.000	0.000	-1.000
1257	115772	1	2.602	52.00	0.02995	-0.83577	0.000	1.763	-0.161	0.000	0.000	0.000	1.000
1258	115858	1	6.007	53.00	0.02646	-0.83936	0.000	5.686	-0.679	0.000	0.000	0.000	1.000
1259	115923	1	4.837	54.00	0.02759	-0.83176	0.000	3.903	-0.066	0.000	0.000	0.000	1.000
1260	115964	1	4.397	55.00	0.02712	-0.85151	0.000	3.397	0.000	0.000	0.000	0.000	1.000
1261	115998	1	4.157	55.00	0.02728	-0.83578	0.000	3.157	0.000	0.000	0.000	0.000	1.000
1262	116049	1	4.451	56.00	0.02680	-0.83870	0.000	3.451	0.000	0.000	0.000	0.000	1.000
1263	116080	1	3.549	56.00	0.02856	-0.83609	0.000	2.559	-0.010	0.000	0.000	0.000	1.000
1264	116166	2	4.976	55.00	0.02650	-0.84282	0.000	6.225	-0.249	0.000	0.000	0.000	-1.000
1265	116196	2	2.352	55.00	0.02592	-0.83849	0.000	3.352	0.000	0.000	0.000	0.000	-1.000
1266	116228	1	3.701	56.00	0.02666	-0.85182	0.000	2.955	-0.255	0.000	0.000	0.000	1.000
1267	116344	1	9.373	57.00	0.02648	-0.83771	0.000	8.531	-0.157	0.000	0.000	0.000	1.000
1268	116518	1	9.596	58.00	0.02662	-0.84273	0.000	8.596	0.000	0.000	0.000	0.000	1.000
1269	116548	2	0.727	58.00	0.02717	-0.82733	0.000	1.727	0.000	0.000	0.000	0.000	-1.000
1270	116619	2	0.370	57.00	0.02561	-0.84630	0.000	1.660	-0.290	0.000	0.000	0.000	-1.000
1271	116649	1	2.902	57.00	0.02784	-0.84472	0.000	1.902	0.000	0.000	0.000	0.000	1.000
1272	116696	2	0.992	57.00	0.02748	-0.84217	0.000	2.407	-0.415	0.000	0.000	0.000	-1.000
1273	116755	2	-0.585	57.00	0.02689	-0.84399	0.000	0.432	-0.017	0.000	0.000	0.000	-1.000
1274	116785	1	2.858	57.00	0.02554	-0.83333	0.000	1.858	0.000	0.000	0.000	0.000	1.000
1275	116815	1	3.828	57.00	0.02522	-0.84628	0.000	2.828	0.000	0.000	0.000	0.000	1.000
1276	116857	2	1.998	57.00	0.02708	-0.84046	0.000	3.002	-0.003	0.000	0.000	0.000	-1.000
1277	116887	1	2.859	57.00	0.02765	-0.84437	0.000	2.064	-0.205	0.000	0.000	0.000	1.000
1278	116930	1	4.853	58.00	0.02524	-0.84637	0.000	3.853	0.000	0.000	0.000	0.000	1.000
1279	117008	1	4.924	59.00	0.02628	-0.84202	0.000	3.924	0.000	0.000	0.000	0.000	1.000
1280	117042	2	0.365	59.00	0.02622	-0.84704	0.000	1.365	0.000	0.000	0.000	0.000	-1.000
1281	117102	1	6.549	60.00	0.02707	-0.84674	0.000	5.580	-0.031	0.000	0.000	0.000	1.000
1282	117183	1	4.798	61.00	0.02686	-0.84323	0.000	3.817	-0.019	0.000	0.000	0.000	1.000
1283	117287	2	4.750	60.00	0.02618	-0.84766	0.000	5.907	-0.157	0.000	0.000	0.000	-1.000
1284	117334	1	3.325	60.00	0.02537	-0.84064	0.000	2.419	-0.094	0.000	0.000	0.000	1.000
1285	117377	1	4.918	61.00	0.02673	-0.84617	0.000	3.918	0.000	0.000	0.000	0.000	1.000
1286	117444	1	6.993	62.00	0.02602	-0.84083	0.000	5.993	0.000	0.000	0.000	0.000	1.000
1287	117498	2	3.308	62.00	0.02597	-0.84119	0.000	4.308	0.000	0.000	0.000	0.000	-1.000
1288	117544	2	0.355	62.00	0.02517	-0.84723	0.000	1.741	-0.386	0.000	0.000	0.000	-1.000
1289	117586	2	1.321	62.00	0.02537	-0.83281	0.000	2.387	-0.066	0.000	0.000	0.000	-1.000
1290	117651	2	1.397	61.00	0.02653	-0.84095	0.000	3.719	-1.323	0.000	0.000	0.000	-1.000
1291	117681	1	2.711	62.00	0.02692	-0.84473	0.000	1.762	-0.051	0.000	0.000	0.000	1.000
1292	117741	1	5.307	62.00	0.02670	-0.84139	0.000	4.307	0.000	0.000	0.000	0.000	1.000
1293	117779	2	2.917	61.00	0.02713	-0.83399	0.000	3.917	0.000	0.000	0.000	0.000	-1.000
1294	117818	1	3.958	62.00	0.02747	-0.83840	0.000	2.958	-0.000	0.000	0.000	0.000	1.000
1295	117983	1	9.370	62.00	0.02688	-0.84139	0.000	8.593	-0.223	0.000	0.000	0.000	1.000
1296	118067	1	4.962	63.00	0.02702	-0.83459	0.000	3.962	0.000	0.000	0.000	0.000	1.000
1297	118102	1	3.733	64.00	0.02529	-0.85256	0.000	2.733	0.000	0.000	0.000	0.000	1.000
1298	118163	1	4.216	65.00	0.02676	-0.83204	0.000	3.216	0.000	0.000	0.000	0.000	1.000
1299	118212	2	0.286	65.00	0.02651	-0.84691	0.000	1.286	0.000	0.000	0.000	0.000	-1.000
1300	118266	1	2.769	66.00	0.02677	-0.84129	0.000	1.793	-0.024	0.000	0.000	0.000	1.000
1301	118297	5	-0.267	65.00	0.02593	-0.85081	0.000	1.239	-1.506	0.000	0.000	0.000	0.000
1302	118328	5	-0.499	65.00	0.02811	-0.82693	0.000	-0.499	0.000	0.000	0.000	0.000	0.000
1303	118414	2	0.572	64.00	0.02599	-0.84413	0.000	2.364	-0.792	0.000	0.000	0.000	-1.000
1304	118452	2	-1.433	64.00	0.02620	-0.84359	0.000	0.332	-0.764	0.000	0.000	0.000	-1.000
1305	118502	1	4.984	64.00	0.02721	-0.83631	0.000	3.984	0.000	0.000	0.000	0.000	1.000
1306	118559	2	0.739	63.00	0.02614	-0.83063	0.000	1.818	-0.079	0.000	0.000	0.000	-1.000
1307	118596	1	2.731	63.00	0.02543	-0.84786	0.000	1.731	0.000	0.000	0.000	0.000	1.000
1308	118636	1	3.905	63.00	0.02608	-0.83601	0.000	2.905	0.000	0.000	0.000	0.000	1.000
1309	118688	1	6.912	64.00	0.02720	-0.83423	0.000	5.912	0.000	0.000	0.000	0.000	1.000
1310	118753	2	5.236	64.00	0.02662	-0.83593	0.000	6.485	-0.249	0.000	0.000	0.000	-1.000
1311	118783	1	2.767	64.00	0.02685	-0.83096	0.000	1.768	-0.001	0.000	0.000	0.000	1.000
1312	118838	2	1.478	64.00	0.02653	-0.84379	0.000	2.689	-0.210	0.000	0.000	0.000	-1.000
1313	118924	1	7.342	65.00	0.02707	-0.84119	0.000	6.377	-0.035	0.000	0.000	0.000	1.000
1314	119015	1	9.280	65.00	0.02712	-0.84025	0.000	8.396	-0.116	0.000	0.000	0.000	1.000
1315	119060	1	6.453	65.00	0.02634	-0.84102	0.000	5.453	0.000	0.000	0.000	0.000	1.000
1316	119115	1	4.778	65.00	0.02715	-0.83514	0.000	3.805	-0.026	0.000	0.000	0.000	1.000
1317	119182	2	5.513	65.00	0.02710	-0.83252	0.000	6.589	-0.076	0.000	0.000	0.000	-1.000
1318	119224	1	2.744	65.00	0.02644	-0.82588	0.000	1.744	0.000	0.000	0.000	0.000	1.000
1319	119265	1	5.302	66.00	0.02670	-0.83556	0.000	4.308	-0.007	0.000	0.000	0.000	1.000
1320	119314	1	4.552	67.00	0.02574	-0.83578	0.000	3.589	-0.037	0.000	0.000	0.000	1.000
1321	119380	1	7.506	67.00	0.02589	-0.83617	0.000	7.131	-0.625	0.000	0.000	0.000	1.000
1322	119445	2	6.761	66.00	0.02625	-0.83184	0.000	7.793	-0.033	0.000	0.000	0.000	-1.000
1323	119475	1	2.731	66.00	0.02577	-0.85292	0.000	1.731	0.000	0.000	0.000	0.000	1.000
1324	119528	1	6.516	67.00	0.02616	-0.83343	0.000	5.516	0.000	0.000	0.000	0.000	1.000
1325	119571	1	4.690	67.00	0.02666	-0.83706	0.000	3.690	0.000	0.000	0.000	0.000	1.000
1326	119611	2	2.390	66.00	0.02565	-0.84545	0.000	3.390	0.000	0.000	0.000	0.000	-1.000
1327	119642	2	-2.203	66.00	0.02574	-0.83738	0.000	-0.468	-0.735	0.000	0.000	0.000	-1.000
1328	119672	1	2.699	66.00	0.02641	-0.83693	0.000	1.703	-0.005	0.000	0.000	0.000	1.000
1329	119709	2	0.462	65.00	0.02596	-0.84197	0.000	1.815	-0.353	0.000	0.000	0.000	-1.000
1330	119759	1	5.078	65.00	0.02723	-0.83335	0.000	4.078	0.000	0.000	0.000	0.000	1.000
1331	119805	2	3.559	64.00	0.02783	-0.83858	0.000	4.559	0.000	0.000	0.000	0.000	-1.000
1332	119835	1	2.832	65.00	0.02677	-0.82491	0.000	1.832	0.000	0.000	0.000	0.000	1.000
1333	119870	2	1.753	65.00	0.02581	-0.84595	0.000	2.753	0.000	0.000	0.000	0.000	-1.000
1334	119900	2	0.903	65.00	0.02520	-0.83401	0.000	1.995	-0.092	0.000	0.000	0.000	-1.000
1335	119931	2	0.132	64.00	0.02650	-0.83157	0.000	1.205	-0.073	0.000	0.000	0.000	-1.000
1336	119961	5	-0.253	64.00	0.02659	-0.84693	0.000	-0.164	-0.089	0.000	0.000	0.000	0.000
1337	119991	5	0.015	63.00	0.02635	-0.84427	0.000	0.434	-0.419	0.000	0.000	0.000	0.000
1338	120021	5	-0.070	62.00	0.02666	-0.83303	0.000	-0.037	-0.033	0.000	0.000	0.000	0.000
1339	120110	2	1.612	62.00	0.02645	-0.83663	0.000	2.887	-0.275	0.000	0.000	0.000	-1.000
1340	120184	1	5.128	62.00	0.02637	-0.83719	0.000	4.128	0.000	0.000	0.000	0.000	1.000
1341	120249	1	6.483	62.00	0.02597	-0.83963	0.000	5.584	-0.101	0.000	0.000	0.000	1.000
1342	120290	1	3.174	62.00	0.02741	-0.83739	0.000	2.174	0.000	0.000	0.000	0.000	1.000
1343	120343	1	5.494	62.00	0.02812	-0.84213	0.000	4.494	0.000	0.000	0.000	0.000	1.000
1344	120373	2	0.705	61.00	0.02723	-0.82991	0.000	1.705	0.000	0.000	0.000	0.000	-1.000
1345	120425	1	3.705	62.00	0.02576	-0.82810	0.000	2.705	0.000	0.000	0.000	0.000	1.000
1346	120504	1	4.903	62.00	0.02678	-0.83956	0.000	3.903	0.000	0.000	0.000	0.000	1.000
1347	120572	1	6.669	62.00	0.02637	-0.84004	0.000	6.577	-0.909	0.000	0.000	0.000	1.000
1348	120640	1	7.711	62.00	0.02681	-0.83617	0.000	6.786	-0.075	0.000	0.000	0.000	1.000
1349	120670	2	0.215	61.00	0.02597	-0.83451	0.000	1.475	-0.260	0.000	0.000	0.000	-1.000
1350	120700	2	-2.652	60.00	0.02633	-0.82699	0.000	-1.252	-0.401	0.000	0.000	0.000	-1.000
1351	120730	5	-0.154	59.00	0.02835	-0.83125	0.000	-0.136	-0.018	0.000	0.000	0.000	0.000
1352	120760	5	-0.025	58.00	0.02562	-0.83995	0.000	0.121	-0.145	0.000	0.000	0.000	0.000
1353	120791	2	-2.174	58.00	0.02547	-0.84594	0.000	0.236	-1.409	0.000	0.000	0.000	-1.000
1354	120858	2	0.336	57.00	0.02651	-0.83344	0.000	1.807	-0.472	0.000	0.000	0.000	-1.000
1355	120912	1	6.621	57.00	0.02666	-0.82907	0.000	5.621	0.000	0.000	0.000	0.000	1.000
1356	121065	2	7.505	57.00	0.02627	-0.83808	0.000	9.386	-0.880	0.000	0.000	0.000	-1.000
1357	121128	1	4.453	57.00	0.02715	-0.83424	0.000	3.620	-0.167	0.000	0.000	0.000	1.000
1358	121161	1	3.707	57.00	0.02535	-0.84112	0.000	2.707	0.000	0.000	0.000	0.000	1.000
1359	121228	1	6.969	57.00	0.02603	-0.83204	0.000	5.969	0.000	0.000	0.000	0.000	1.000
1360	121298	2	4.233	56.00	0.02598	-0.83747	0.000	5.233	0.000	0.000	0.000	0.000	-1.000
1361	121331	1	3.425	56.00	0.02638	-0.83405	0.000	2.425	0.000	0.000	0.000	0.000	1.000
1362	121384	1	4.517	56.00	0.02598	-0.83482	0.000	3.534	-0.018	0.000	0.000	0.000	1.000
1363	121425	1	3.369	56.00	0.02849	-0.83876	0.000	2.411	-0.041	0.000	0.000	0.000	1.000
1364	121469	2	1.448	56.00	0.02635	-0.83193	0.000	2.455	-0.007	0.000	0.000	0.000	-1.000
1365	121508	1	5.099	57.00	0.02569	-0.82880	0.000	4.099	0.000	0.000	0.000	0.000	1.000
1366	121538	5	0.059	56.00	0.02576	-0.83491	0.000	0.520	-0.461	0.000	0.000	0.000	0.000
1367	121568	5	1.446	55.00	0.02588	-0.81523	0.000	1.455	-0.010	0.000	0.000	0.000	0.000
1368	121598	1	2.530	55.00	0.02689	-0.84294	0.000	1.712	-0.182	0.000	0.000	0.000	1.000
1369	121661	2	1.966	55.00	0.02579	-0.83410	0.000	3.193	-0.226	0.000	0.000	0.000	-1.000
1370	121716	2	3.787	55.00	0.02638	-0.82830	0.000	4.787	0.000	0.000	0.000	0.000	-1.000
1371	121759	1	5.085	55.00	0.02511	-0.83122	0.000	4.085	0.000	0.000	0.000	0.000	1.000
1372	121800	1	4.758	56.00	0.02544	-0.84599	0.000	3.758	0.000	0.000	0.000	0.000	1.000
1373	121880	1	9.668	57.00	0.02642	-0.83369	0.000	8.668	0.000	0.000	0.000	0.000	1.000
1374	121925	2	3.526	56.00	0.02565	-0.84457	0.000	4.526	0.000	0.000	0.000	0.000	-1.000
1375	121955	1	3.612	56.00	0.02596	-0.83163	0.000	2.612	0.000	0.000	0.000	0.000	1.000
1376	122007	2	3.788	56.00	0.02711	-0.83599	0.000	4.913	-0.125	0.000	0.000	0.000	-1.000
1377	122053	1	4.976	56.00	0.02760	-0.83049	0.000	3.976	0.000	0.000	0.000	0.000	1.000
1378	122120	1	6.749	56.00	0.02652	-0.82912	0.000	5.749	0.000	0.000	0.000	0.000	1.000
1379	122154	1	3.430	56.00	0.02598	-0.83688	0.000	2.430	0.000	0.000	0.000	0.000	1.000
1380	122213	1	4.784	57.00	0.02609	-0.83212	0.000	3.875	-0.092	0.000	0.000	0.000	1.000
1381	122283	1	6.698	57.00	0.02671	-0.83585	0.000	5.879	-0.181	0.000	0.000	0.000	1.000
1382	122364	2	2.959	56.00	0.02637	-0.83528	0.000	3.959	0.000	0.000	0.000	0.000	-1.000
1383	122424	2	2.277	56.00	0.02627	-0.83516	0.000	3.495	-0.218	0.000	0.000	0.000	-1.000
1384	122457	1	2.706	56.00	0.02850	-0.82879	0.000	1.706	0.000	0.000	0.000	0.000	1.000
1385	122520	2	2.650	55.00	0.02548	-0.83984	0.000	3.842	-0.192	0.000	0.000	0.000	-1.000
1386	122550	1	2.824	55.00	0.02589	-0.83623	0.000	1.910	-0.086	0.000	0.000	0.000	1.000
1387	122587	1	4.377	56.00	0.02618	-0.83659	0.000	3.397	-0.020	0.000	0.000	0.000	1.000
1388	122711	1	8.990	57.00	0.02646	-0.83614	0.000	8.124	-0.134	0.000	0.000	0.000	1.000
1389	122766	2	3.739	57.00	0.02586	-0.83758	0.000	4.739	0.000	0.000	0.000	0.000	-1.000
1390	122864	1	6.412	58.00	0.02618	-0.83895	0.000	6.403	-0.991	0.000	0.000	0.000	1.000
1391	122942	1	9.377	58.00	0.02693	-0.83278	0.000	8.377	0.000	0.000	0.000	0.000	1.000
1392	123006	1	6.722	58.00	0.02566	-0.83537	0.000	5.745	-0.023	0.000	0.000	0.000	1.000
1393	123061	1	5.556	59.00	0.02561	-0.83326	0.000	4.556	0.000	0.000	0.000	0.000	1.000
1394	123138	1	6.305	59.00	0.02577	-0.83388	0.000	5.323	-0.018	0.000	0.000	0.000	1.000
1395	123186	1	4.851	59.00	0.02660	-0.83584	0.000	3.857	-0.006	0.000	0.000	0.000	1.000
1396	123313	1	7.570	59.00	0.02638	-0.83504	0.000	6.570	0.000	0.000	0.000	0.000	1.000
1397	123382	1	6.329	59.00	0.02607	-0.83199	0.000	5.329	0.000	0.000	0.000	0.000	1.000
1398	123412	1	3.628	59.00	0.02623	-0.83265	0.000	2.628	0.000	0.000	0.000	0.000	1.000
1399	123468	2	1.379	59.00	0.02667	-0.84338	0.000	2.581	-0.201	0.000	0.000	0.000	-1.000
1400	123507	1	4.771	59.00	0.02590	-0.83902	0.000	3.771	0.000	0.000	0.000	0.000	1.000
1401	123537	2	1.547	59.00	0.02583	-0.84363	0.000	2.547	0.000	0.000	0.000	0.000	-1.000
1402	123567	1	3.483	60.00	0.02555	-0.83993	0.000	2.576	-0.093	0.000	0.000	0.000	1.000
1403	123602	1	4.861	61.00	0.02620	-0.83331	0.000	3.894	-0.033	0.000	0.000	0.000	1.000
1404	123690	1	8.640	62.00	0.02548	-0.84042	0.000	7.640	0.000	0.000	0.000	0.000	1.000
1405	123720	5	1.724	61.00	0.02605	-0.83797	0.000	1.765	-0.041	0.000	0.000	0.000	0.000
1406	123750	2	-1.207	61.00	0.02564	-0.83026	0.000	0.359	-0.566	0.000	0.000	0.000	-1.000
1407	123796	1	2.639	61.00	0.02625	-0.84634	0.000	1.639	0.000	0.000	0.000	0.000	1.000
1408	123864	1	6.601	61.00	0.02654	-0.84012	0.000	5.619	-0.018	0.000	0.000	0.000	1.000
1409	123899	2	1.171	60.00	0.02701	-0.83878	0.000	2.263	-0.092	0.000	0.000	0.000	-1.000
1410	123961	1	5.649	61.00	0.02596	-0.83439	0.000	4.649	0.000	0.000	0.000	0.000	1.000
1411	123995	2	2.752	60.00	0.02626	-0.84970	0.000	3.752	0.000	0.000	0.000	0.000	-1.000
1412	124048	1	5.660	61.00	0.02604	-0.84159	0.000	4.662	-0.002	0.000	0.000	0.000	1.000
1413	124087	1	4.524	61.00	0.02626	-0.83828	0.000	3.524	0.000	0.000	0.000	0.000	1.000
1414	124129	2	2.950	60.00	0.02554	-0.83553	0.000	4.141	-0.192	0.000	0.000	0.000	-1.000
1415	124160	1	2.717	60.00	0.02584	-0.83019	0.000	1.717	0.000	0.000	0.000	0.000	1.000
1416	124206	1	4.427	60.00	0.02659	-0.83589	0.000	3.427	0.000	0.000	0.000	0.000	1.000
1417	124281	2	6.164	60.00	0.02626	-0.84141	0.000	7.164	0.000	0.000	0.000	0.000	-1.000
1418	124324	2	0.719	59.00	0.02577	-0.83865	0.000	1.795	-0.076	0.000	0.000	0.000	-1.000
1419	124381	1	6.588	59.00	0.02563	-0.84013	0.000	5.588	0.000	0.000	0.000	0.000	1.000
1420	124452	1	5.516	59.00	0.02612	-0.84013	0.000	4.516	0.000	0.000	0.000	0.000	1.000
1421	124485	1	3.655	59.00	0.02638	-0.84713	0.000	2.655	0.000	0.000	0.000	0.000	1.000
1422	124518	1	3.980	60.00	0.02690	-0.84503	0.000	2.980	0.000	0.000	0.000	0.000	1.000
1423	124577	1	6.417	60.00	0.02613	-0.83706	0.000	5.417	0.000	0.000	0.000	0.000	1.000
1424	124616	1	5.361	60.00	0.02558	-0.84730	0.000	4.361	0.000	0.000	0.000	0.000	1.000
1425	124646	1	3.438	60.00	0.02730	-0.83615	0.000	2.546	-0.108	0.000	0.000	0.000	1.000
1426	124703	1	6.854	61.00	0.02726	-0.84526	0.000	5.888	-0.034	0.000	0.000	0.000	1.000
1427	124770	1	6.883	62.00	0.02613	-0.84106	0.000	5.883	0.000	0.000	0.000	0.000	1.000
1428	124844	1	8.165	62.00	0.02698	-0.84279	0.000	7.294	-0.129	0.000	0.000	0.000	1.000
1429	124874	2	0.714	62.00	0.02750	-0.84018	0.000	1.714	0.000	0.000	0.000	0.000	-1.000
1430	124904	5	0.694	61.00	0.02539	-0.84284	0.000	0.864	-0.170	0.000	0.000	0.000	0.000
1431	124999	2	-0.747	61.00	0.02686	-0.84262	0.000	1.651	-1.398	0.000	0.000	0.000	-1.000
1432	125071	1	3.693	61.00	0.02541	-0.84266	0.000	3.608	-0.915	0.000	0.000	0.000	1.000
1433	125126	2	3.419	61.00	0.02593	-0.84754	0.000	4.419	0.000	0.000	0.000	0.000	-1.000
1434	125170	1	4.629	62.00	0.02573	-0.84102	0.000	3.629	0.000	0.000	0.000	0.000	1.000
1435	125241	1	6.397	63.00	0.02558	-0.84684	0.000	5.397	0.000	0.000	0.000	0.000	1.000
1436	125271	2	0.321	63.00	0.02591	-0.84821	0.000	1.773	-0.453	0.000	0.000	0.000	-1.000
1437	125329	1	4.938	64.00	0.02623	-0.84625	0.000	3.958	-0.020	0.000	0.000	0.000	1.000
1438	125416	2	5.439	64.00	0.02614	-0.84697	0.000	6.652	-0.212	0.000	0.000	0.000	-1.000
1439	125457	1	5.163	65.00	0.02540	-0.84818	0.000	4.163	0.000	0.000	0.000	0.000	1.000
1440	125507	2	2.523	64.00	0.02553	-0.84873	0.000	3.695	-0.172	0.000	0.000	0.000	-1.000
1441	125553	1	2.183	64.00	0.02659	-0.84237	0.000	1.693	-0.509	0.000	0.000	0.000	1.000
1442	125592	2	3.933	63.00	0.02637	-0.84680	0.000	4.933	0.000	0.000	0.000	0.000	-1.000
1443	125625	1	2.557	63.00	0.02592	-0.84484	0.000	2.498	-0.941	0.000	0.000	0.000	1.000
1444	125668	1	4.907	64.00	0.02520	-0.84026	0.000	3.907	0.000	0.000	0.000	0.000	1.000
1445	125723	2	4.708	63.00	0.02742	-0.84975	0.000	5.708	0.000	0.000	0.000	0.000	-1.000
1446	125753	1	3.781	63.00	0.02686	-0.84456	0.000	2.781	0.000	0.000	0.000	0.000	1.000
1447	125810	1	7.254	63.00	0.02636	-0.84946	0.000	6.254	0.000	0.000	0.000	0.000	1.000
1448	125840	1	3.407	63.00	0.02663	-0.83168	0.000	2.446	-0.039	0.000	0.000	0.000	1.000
1449	125911	2	3.792	63.00	0.02504	-0.84453	0.000	4.905	-0.113	0.000	0.000	0.000	-1.000
1450	125975	1	6.271	64.00	0.02572	-0.84530	0.000	5.306	-0.035	0.000	0.000	0.000	1.000
1451	126025	2	3.456	64.00	0.02587	-0.83662	0.000	4.526	-0.070	0.000	0.000	0.000	-1.000
1452	126087	1	5.605	65.00	0.02645	-0.84725	0.000	4.701	-0.096	0.000	0.000	0.000	1.000
1453	126117	2	1.133	65.00	0.02649	-0.83893	0.000	2.133	0.000	0.000	0.000	0.000	-1.000
1454	126155	1	2.638	66.00	0.02582	-0.84344	0.000	1.745	-0.107	0.000	0.000	0.000	1.000
1455	126240	1	7.752	66.00	0.02663	-0.83921	0.000	6.752	0.000	0.000	0.000	0.000	1.000
1456	126307	2	4.167	66.00	0.02654	-0.84683	0.000	5.167	0.000	0.000	0.000	0.000	-1.000
1457	126346	1	2.357	66.00	0.02571	-0.84127	0.000	1.808	-0.452	0.000	0.000	0.000	1.000
1458	126423	1	5.658	66.00	0.02599	-0.84663	0.000	4.815	-0.157	0.000	0.000	0.000	1.000
1459	126472	1	5.556	66.00	0.02505	-0.85033	0.000	4.556	0.000	0.000	0.000	0.000	1.000
1460	126575	1	9.206	67.00	0.02651	-0.84873	0.000	8.206	0.000	0.000	0.000	0.000	1.000
1461	126651	1	7.289	67.00	0.02578	-0.85159	0.000	6.289	0.000	0.000	0.000	0.000	1.000
1462	126722	1	4.830	67.00	0.02672	-0.84224	0.000	3.885	-0.055	0.000	0.000	0.000	1.000
1463	126775	1	5.441	67.00	0.02471	-0.85553	0.000	4.441	0.000	0.000	0.000	0.000	1.000
1464	126805	2	0.632	67.00	0.02544	-0.85436	0.000	1.632	0.000	0.000	0.000	0.000	-1.000
1465	126835	2	-1.271	66.00	0.02695	-0.85085	0.000	0.145	-0.417	0.000	0.000	0.000	-1.000
1466	126891	1	5.647	67.00	0.02619	-0.83984	0.000	4.647	0.000	0.000	0.000	0.000	1.000
1467	126930	2	2.013	67.00	0.02525	-0.85819	0.000	3.013	0.000	0.000	0.000	0.000	-1.000
1468	126961	2	-0.423	66.00	0.02617	-0.86510	0.000	0.577	0.000	0.000	0.000	0.000	-1.000
1469	127024	1	5.604	67.00	0.02602	-0.85625	0.000	4.646	-0.042	0.000	0.000	0.000	1.000
1470	127190	1	10.652	68.00	0.02673	-0.84891	0.000	10.207	-0.555	0.000	0.000	0.000	1.000
1471	127283	2	4.647	67.00	0.02557	-0.85679	0.000	6.078	-0.431	0.000	0.000	0.000	-1.000
1472	127318	2	0.591	66.00	0.02497	-0.85592	0.000	1.666	-0.075	0.000	0.000	0.000	-1.000
1473	127395	1	5.041	66.00	0.02655	-0.84718	0.000	4.078	-0.037	0.000	0.000	0.000	1.000
1474	127454	1	6.427	67.00	0.02559	-0.85985	0.000	5.427	0.000	0.000	0.000	0.000	1.000
1475	127523	2	1.437	66.00	0.02513	-0.85412	0.000	2.480	-0.043	0.000	0.000	0.000	-1.000
1476	127588	1	3.710	67.00	0.02576	-0.84883	0.000	2.710	0.000	0.000	0.000	0.000	1.000
1477	127736	1	6.356	67.00	0.02568	-0.85340	0.000	5.356	0.000	0.000	0.000	0.000	1.000
1478	127897	1	7.658	67.00	0.02523	-0.85215	0.000	6.665	-0.007	0.000	0.000	0.000	1.000
1479	127992	1	7.105	67.00	0.02578	-0.85412	0.000	6.105	0.000	0.000	0.000	0.000	1.000
1480	128068	1	4.734	67.00	0.02569	-0.85093	0.000	3.734	0.000	0.000	0.000	0.000	1.000
1481	128201	1	8.417	67.00	0.02537	-0.85757	0.000	8.434	-1.017	0.000	0.000	0.000	1.000
1482	128314	2	4.925	67.00	0.02645	-0.85369	0.000	6.163	-0.239	0.000	0.000	0.000	-1.000
1483	128344	2	-0.212	67.00	0.02633	-0.85760	0.000	0.816	-0.029	0.000	0.000	0.000	-1.000
1484	128404	1	5.123	67.00	0.02501	-0.85345	0.000	4.123	0.000	0.000	0.000	0.000	1.000
1485	128478	1	6.662	68.00	0.02593	-0.85134	0.000	5.662	0.000	0.000	0.000	0.000	1.000
1486	128536	2	3.639	67.00	0.02547	-0.84941	0.000	4.639	0.000	0.000	0.000	0.000	-1.000
1487	128586	1	3.936	67.00	0.02600	-0.85011	0.000	3.032	-0.096	0.000	0.000	0.000	1.000
1488	128618	2	0.749	66.00	0.02524	-0.84658	0.000	2.338	-0.589	0.000	0.000	0.000	-1.000
1489	128661	1	2.741	67.00	0.02481	-0.85450	0.000	1.741	0.000	0.000	0.000	0.000	1.000
1490	128708	2	1.890	66.00	0.02629	-0.85478	0.000	3.036	-0.145	0.000	0.000	0.000	-1.000
1491	128738	1	3.819	66.00	0.02498	-0.86106	0.000	2.826	-0.007	0.000	0.000	0.000	1.000
1492	128838	1	6.485	66.00	0.02522	-0.85395	0.000	5.517	-0.032	0.000	0.000	0.000	1.000
1493	128868	2	-0.052	65.00	0.02523	-0.85704	0.000	0.948	0.000	0.000	0.000	0.000	-1.000
1494	128929	1	4.623	65.00	0.02590	-0.85435	0.000	3.623	0.000	0.000	0.000	0.000	1.000
1495	128966	2	1.176	64.00	0.02693	-0.85468	0.000	2.244	-0.068	0.000	0.000	0.000	-1.000
1496	128996	1	3.760	64.00	0.02547	-0.84965	0.000	2.760	0.000	0.000	0.000	0.000	1.000
1497	129062	1	6.820	64.00	0.02454	-0.86503	0.000	5.820	0.000	0.000	0.000	0.000	1.000
1498	129118	2	3.510	63.00	0.02585	-0.85083	0.000	4.569	-0.059	0.000	0.000	0.000	-1.000
1499	129282	4	6.213	63.00	0.02580	-0.85775	0.000	6.343	-0.130	0.000	0.000	0.000	0.000
1500	129312	2	-0.365	62.00	0.02503	-0.86087	0.000	1.708	-1.072	0.000	0.000	0.000	-1.000
1501	129376	2	3.071	62.00	0.02543	-0.85949	0.000	4.098	-0.027	0.000	0.000	0.000	-1.000
1502	129412	2	-0.101	61.00	0.02522	-0.85962	0.000	1.556	-0.658	0.000	0.000	0.000	-1.000
1503	129448	2	1.245	60.00	0.02629	-0.83736	0.000	2.297	-0.052	0.000	0.000	0.000	-1.000
1504	129486	2	-1.129	59.00	0.02395	-0.86225	0.000	-0.129	0.000	0.000	0.000	0.000	-1.000
1505	129538	1	5.120	60.00	0.02599	-0.84828	0.000	4.120	0.000	0.000	0.000	0.000	1.000
1506	129650	2	3.628	60.00	0.02595	-0.84947	0.000	5.142	-0.514	0.000	0.000	0.000	-1.000
1507	129737	2	3.647	59.00	0.02520	-0.85307	0.000	4.764	-0.117	0.000	0.000	0.000	-1.000
1508	129822	2	0.520	58.00	0.02573	-0.86225	0.000	2.083	-0.563	0.000	0.000	0.000	-1.000
1509	129890	2	0.136	58.00	0.02590	-0.85561	0.000	1.789	-0.652	0.000	0.000	0.000	-1.000
1510	129960	1	3.490	58.00	0.02529	-0.85731	0.000	2.747	-0.257	0.000	0.000	0.000	1.000
1511	130062	1	6.620	59.00	0.02598	-0.85014	0.000	5.620	0.000	0.000	0.000	0.000	1.000
1512	130098	2	0.505	58.00	0.02551	-0.84585	0.000	1.568	-0.063	0.000	0.000	0.000	-1.000
1513	130156	1	3.195	58.00	0.02515	-0.86267	0.000	2.415	-0.220	0.000	0.000	0.000	1.000
1514	130233	1	4.926	59.00	0.02563	-0.84885	0.000	3.926	0.000	0.000	0.000	0.000	1.000
1515	130351	1	8.291	59.00	0.02507	-0.85614	0.000	7.293	-0.002	0.000	0.000	0.000	1.000
1516	130397	1	3.829	59.00	0.02686	-0.84459	0.000	3.377	-0.548	0.000	0.000	0.000	1.000
1517	130483	1	7.413	60.00	0.02596	-0.85381	0.000	6.543	-0.130	0.000	0.000	0.000	1.000
1518	130519	1	3.618	61.00	0.02496	-0.86479	0.000	2.618	0.000	0.000	0.000	0.000	1.000
1519	130562	1	5.127	61.00	0.02682	-0.85276	0.000	4.127	0.000	0.000	0.000	0.000	1.000
1520	130612	2	2.756	60.00	0.02661	-0.85487	0.000	3.756	0.000	0.000	0.000	0.000	-1.000
1521	130710	1	4.843	60.00	0.02523	-0.85383	0.000	4.055	-0.213	0.000	0.000	0.000	1.000
1522	130844	1	9.213	60.00	0.02515	-0.85809	0.000	8.292	-0.079	0.000	0.000	0.000	1.000
1523	130881	2	1.839	59.00	0.02670	-0.86008	0.000	2.839	0.000	0.000	0.000	0.000	-1.000
1524	130916	2	-1.085	58.00	0.02612	-0.85017	0.000	0.152	-0.238	0.000	0.000	0.000	-1.000
1525	130984	1	5.188	58.00	0.02626	-0.85450	0.000	4.188	0.000	0.000	0.000	0.000	1.000
1526	131121	1	11.505	58.00	0.02505	-0.85372	0.000	10.505	0.000	0.000	0.000	0.000	1.000
1527	131153	5	0.313	57.00	0.02611	-0.86431	0.000	0.380	-0.067	0.000	0.000	0.000	0.000
1528	131198	5	0.319	56.00	0.02479	-0.85177	0.000	0.555	-0.236	0.000	0.000	0.000	0.000
1529	131231	2	-0.306	56.00	0.02490	-0.84929	0.000	0.712	-0.018	0.000	0.000	0.000	-1.000
1530	131279	2	0.897	56.00	0.02595	-0.84683	0.000	1.911	-0.014	0.000	0.000	0.000	-1.000
1531	131309	5	0.738	56.00	0.02391	-0.85923	0.000	0.738	0.000	0.000	0.000	0.000	0.000
1532	131366	1	2.745	56.00	0.02492	-0.84899	0.000	1.745	0.000	0.000	0.000	0.000	1.000
1533	131412	2	3.398	56.00	0.02501	-0.84988	0.000	4.502	-0.104	0.000	0.000	0.000	-1.000
1534	131471	1	5.708	56.00	0.02623	-0.85000	0.000	4.708	0.000	0.000	0.000	0.000	1.000
1535	131517	2	2.469	55.00	0.02610	-0.85910	0.000	3.673	-0.203	0.000	0.000	0.000	-1.000
1536	131561	2	1.545	55.00	0.02519	-0.85265	0.000	2.545	0.000	0.000	0.000	0.000	-1.000
1537	131600	1	3.739	55.00	0.02582	-0.85717	0.000	2.739	0.000	0.000	0.000	0.000	1.000
1538	131673	1	4.339	56.00	0.02535	-0.85595	0.000	3.792	-0.454	0.000	0.000	0.000	1.000
1539	131719	2	2.233	55.00	0.02663	-0.85666	0.000	3.285	-0.052	0.000	0.000	0.000	-1.000
1540	131778	2	0.686	55.00	0.02553	-0.85678	0.000	1.885	-0.199	0.000	0.000	0.000	-1.000
1541	131808	2	-0.250	54.00	0.02562	-0.85338	0.000	1.347	-0.597	0.000	0.000	0.000	-1.000
1542	131904	2	1.590	54.00	0.02518	-0.85084	0.000	2.864	-0.274	0.000	0.000	0.000	-1.000
1543	131959	2	0.033	53.00	0.02545	-0.85106	0.000	1.033	0.000	0.000	0.000	0.000	-1.000
1544	132019	1	4.755	53.00	0.02562	-0.85117	0.000	3.776	-0.020	0.000	0.000	0.000	1.000
1545	132140	1	9.004	54.00	0.02533	-0.84946	0.000	8.004	0.000	0.000	0.000	0.000	1.000
1546	132208	2	1.584	53.00	0.02563	-0.86366	0.000	2.916	-0.332	0.000	0.000	0.000	-1.000
1547	132303	1	4.723	53.00	0.02563	-0.85642	0.000	4.661	-0.939	0.000	0.000	0.000	1.000
1548	132381	1	7.561	53.00	0.02546	-0.85171	0.000	6.578	-0.017	0.000	0.000	0.000	1.000
1549	132436	2	2.902	53.00	0.02467	-0.85264	0.000	4.106	-0.204	0.000	0.000	0.000	-1.000
1550	132466	1	2.800	53.00	0.02773	-0.84756	0.000	1.800	0.000	0.000	0.000	0.000	1.000
1551	132523	2	3.134	53.00	0.02560	-0.84865	0.000	4.142	-0.008	0.000	0.000	0.000	-1.000
1552	132553	1	2.942	53.00	0.02477	-0.83984	0.000	1.942	0.000	0.000	0.000	0.000	1.000
1553	132602	1	5.244	54.00	0.02509	-0.85421	0.000	4.249	-0.004	0.000	0.000	0.000	1.000
1554	132700	1	7.032	54.00	0.02514	-0.85993	0.000	6.543	-0.511	0.000	0.000	0.000	1.000
1555	132730	1	4.021	54.00	0.02510	-0.85955	0.000	3.021	0.000	0.000	0.000	0.000	1.000
1556	132805	2	4.986	54.00	0.02449	-0.85536	0.000	6.102	-0.116	0.000	0.000	0.000	-1.000
1557	132866	1	4.747	54.00	0.02495	-0.85969	0.000	3.747	0.000	0.000	0.000	0.000	1.000
1558	132975	1	6.919	54.00	0.02572	-0.84544	0.000	6.005	-0.086	0.000	0.000	0.000	1.000
1559	133024	1	4.974	54.00	0.02547	-0.85741	0.000	3.974	0.000	0.000	0.000	0.000	1.000
1560	133085	1	4.788	54.00	0.02571	-0.85374	0.000	3.788	0.000	0.000	0.000	0.000	1.000
1561	133150	1	4.523	54.00	0.02572	-0.84781	0.000	3.823	-0.300	0.000	0.000	0.000	1.000
1562	133216	1	5.980	54.00	0.02471	-0.84778	0.000	4.980	0.000	0.000	0.000	0.000	1.000
1563	133295	1	8.401	54.00	0.02513	-0.86063	0.000	7.401	0.000	0.000	0.000	0.000	1.000
1564	133362	1	8.077	55.00	0.02524	-0.84910	0.000	7.077	0.000	0.000	0.000	0.000	1.000
1565	133437	1	8.691	56.00	0.02636	-0.85088	0.000	7.691	0.000	0.000	0.000	0.000	1.000
1566	133479	1	4.518	56.00	0.02525	-0.85488	0.000	3.518	0.000	0.000	0.000	0.000	1.000
1567	133532	1	5.188	57.00	0.02426	-0.86302	0.000	4.188	0.000	0.000	0.000	0.000	1.000
1568	133653	1	6.975	58.00	0.02473	-0.85684	0.000	5.975	0.000	0.000	0.000	0.000	1.000
1569	133696	1	4.694	58.00	0.02563	-0.85609	0.000	3.836	-0.141	0.000	0.000	0.000	1.000
1570	133757	1	5.727	58.00	0.02506	-0.85256	0.000	4.727	0.000	0.000	0.000	0.000	1.000
1571	133792	2	1.370	58.00	0.02560	-0.86040	0.000	2.449	-0.079	0.000	0.000	0.000	-1.000
1572	133838	2	-0.095	58.00	0.02443	-0.86005	0.000	1.271	-0.366	0.000	0.000	0.000	-1.000
1573	133868	1	2.787	58.00	0.02658	-0.85752	0.000	1.787	0.000	0.000	0.000	0.000	1.000
1574	133922	1	6.963	58.00	0.02509	-0.85579	0.000	5.963	0.000	0.000	0.000	0.000	1.000
1575	133992	1	6.275	59.00	0.02492	-0.84763	0.000	5.326	-0.051	0.000	0.000	0.000	1.000
1576	134033	1	4.828	59.00	0.02456	-0.85674	0.000	3.828	0.000	0.000	0.000	0.000	1.000
1577	134095	1	6.292	59.00	0.02474	-0.85540	0.000	5.295	-0.003	0.000	0.000	0.000	1.000
1578	134166	1	6.149	59.00	0.02482	-0.85406	0.000	5.490	-0.341	0.000	0.000	0.000	1.000
1579	134348	1	9.787	59.00	0.02500	-0.85681	0.000	8.787	0.000	0.000	0.000	0.000	1.000
1580	134422	2	4.203	58.00	0.02513	-0.85709	0.000	5.203	0.000	0.000	0.000	0.000	-1.000
1581	134467	1	4.006	58.00	0.02461	-0.84930	0.000	3.006	0.000	0.000	0.000	0.000	1.000
1582	134546	1	6.972	59.00	0.02615	-0.85782	0.000	6.003	-0.031	0.000	0.000	0.000	1.000
1583	134652	1	6.105	60.00	0.02411	-0.85554	0.000	5.105	0.000	0.000	0.000	0.000	1.000
1584	134725	1	6.301	60.00	0.02496	-0.85574	0.000	5.307	-0.006	0.000	0.000	0.000	1.000
1585	134757	2	1.075	59.00	0.02464	-0.85515	0.000	2.075	0.000	0.000	0.000	0.000	-1.000
1586	134791	1	3.165	60.00	0.02512	-0.85701	0.000	2.419	-0.254	0.000	0.000	0.000	1.000
1587	134845	1	4.906	60.00	0.02423	-0.85382	0.000	3.906	0.000	0.000	0.000	0.000	1.000
1588	135059	1	9.650	61.00	0.02548	-0.85494	0.000	8.773	-0.123	0.000	0.000	0.000	1.000
1589	135184	1	9.977	61.00	0.02473	-0.85619	0.000	8.977	0.000	0.000	0.000	0.000	1.000
1590	135288	2	7.185	61.00	0.02502	-0.85339	0.000	8.185	0.000	0.000	0.000	0.000	-1.000
1591	135372	2	0.013	60.00	0.02468	-0.85393	0.000	1.087	-0.074	0.000	0.000	0.000	-1.000
1592	135426	1	5.080	60.00	0.02536	-0.85658	0.000	4.080	0.000	0.000	0.000	0.000	1.000
1593	135463	1	4.108	61.00	0.02557	-0.85392	0.000	3.108	0.000	0.000	0.000	0.000	1.000
1594	135500	1	3.928	61.00	0.02431	-0.85334	0.000	2.928	0.000	0.000	0.000	0.000	1.000
1595	135542	1	3.680	62.00	0.02518	-0.85598	0.000	2.691	-0.011	0.000	0.000	0.000	1.000
1596	135583	2	-0.319	61.00	0.02589	-0.85109	0.000	0.710	-0.029	0.000	0.000	0.000	-1.000
1597	135625	1	6.547	61.00	0.02450	-0.85400	0.000	5.547	0.000	0.000	0.000	0.000	1.000
1598	135681	2	3.798	61.00	0.02517	-0.85528	0.000	5.097	-0.298	0.000	0.000	0.000	-1.000
1599	135725	1	3.556	62.00	0.02451	-0.84954	0.000	2.570	-0.015	0.000	0.000	0.000	1.000
1600	135786	1	7.577	63.00	0.02518	-0.85120	0.000	6.648	-0.071	0.000	0.000	0.000	1.000
1601	135818	1	3.875	64.00	0.02568	-0.85457	0.000	2.875	0.000	0.000	0.000	0.000	1.000
1602	135856	1	3.752	65.00	0.02555	-0.84780	0.000	2.752	0.000	0.000	0.000	0.000	1.000
1603	135910	1	5.123	66.00	0.02333	-0.85210	0.000	4.123	0.000	0.000	0.000	0.000	1.000
1604	135993	1	6.949	67.00	0.02511	-0.85713	0.000	5.952	-0.003	0.000	0.000	0.000	1.000
1605	136061	1	6.623	67.00	0.02429	-0.85539	0.000	5.623	0.000	0.000	0.000	0.000	1.000
1606	136117	1	4.088	68.00	0.02482	-0.86531	0.000	3.088	0.000	0.000	0.000	0.000	1.000
1607	136150	2	1.392	68.00	0.02469	-0.85733	0.000	2.392	0.000	0.000	0.000	0.000	-1.000
1608	136188	1	2.733	69.00	0.02424	-0.85535	0.000	1.741	-0.009	0.000	0.000	0.000	1.000
1609	136227	1	3.207	70.00	0.02481	-0.85765	0.000	2.207	0.000	0.000	0.000	0.000	1.000
1610	136310	1	4.542	70.00	0.02483	-0.85956	0.000	3.542	0.000	0.000	0.000	0.000	1.000
1611	136368	2	0.990	69.00	0.02606	-0.85556	0.000	2.515	-0.525	0.000	0.000	0.000	-1.000
1612	136440	1	5.107	70.00	0.02473	-0.85769	0.000	4.107	0.000	0.000	0.000	0.000	1.000
1613	136489	1	4.312	70.00	0.02484	-0.85756	0.000	3.312	0.000	0.000	0.000	0.000	1.000
1614	136528	2	0.006	69.00	0.02441	-0.85362	0.000	1.243	-0.237	0.000	0.000	0.000	-1.000
1615	136603	2	-0.288	68.00	0.02507	-0.84713	0.000	1.119	-0.407	0.000	0.000	0.000	-1.000
1616	136728	1	4.674	68.00	0.02504	-0.85475	0.000	4.050	-0.376	0.000	0.000	0.000	1.000
1617	136803	1	5.251	68.00	0.02360	-0.85315	0.000	4.252	-0.001	0.000	0.000	0.000	1.000
1618	136840	2	-0.190	67.00	0.02412	-0.86744	0.000	1.623	-0.813	0.000	0.000	0.000	-1.000
1619	136904	1	6.609	67.00	0.02420	-0.86065	0.000	5.609	0.000	0.000	0.000	0.000	1.000
1620	136997	1	7.089	68.00	0.02498	-0.85812	0.000	6.089	0.000	0.000	0.000	0.000	1.000
1621	137053	2	4.346	67.00	0.02428	-0.85752	0.000	5.533	-0.188	0.000	0.000	0.000	-1.000
1622	137083	1	2.936	67.00	0.02363	-0.85803	0.000	1.936	0.000	0.000	0.000	0.000	1.000
1623	137144	1	6.594	68.00	0.02576	-0.85193	0.000	5.594	0.000	0.000	0.000	0.000	1.000
1624	137229	1	8.914	69.00	0.02526	-0.85582	0.000	7.914	0.000	0.000	0.000	0.000	1.000
1625	137259	5	0.981	68.00	0.02442	-0.84762	0.000	0.994	-0.013	0.000	0.000	0.000	0.000
1626	137289	5	0.442	67.00	0.02311	-0.84987	0.000	0.442	0.000	0.000	0.000	0.000	0.000
1627	137319	1	2.768	68.00	0.02388	-0.85831	0.000	1.768	0.000	0.000	0.000	0.000	1.000
1628	137382	1	2.796	69.00	0.02551	-0.85449	0.000	2.302	-0.506	0.000	0.000	0.000	1.000
1629	137412	5	-1.162	69.00	0.02468	-0.85101	0.000	-0.847	-0.315	0.000	0.000	0.000	0.000
1630	137448	5	0.481	69.00	0.02430	-0.85579	0.000	0.481	0.000	0.000	0.000	0.000	0.000
1631	137478	5	-0.894	69.00	0.02348	-0.85742	0.000	-0.894	0.000	0.000	0.000	0.000	0.000
1632	137511	5	-0.846	68.00	0.02426	-0.86472	0.000	-0.765	-0.081	0.000	0.000	0.000	0.000
1633	137553	1	2.733	69.00	0.02507	-0.86066	0.000	1.739	-0.006	0.000	0.000	0.000	1.000
1634	137604	1	6.846	69.00	0.02481	-0.85833	0.000	5.846	0.000	0.000	0.000	0.000	1.000
1635	137678	1	9.468	70.00	0.02521	-0.86146	0.000	8.468	0.000	0.000	0.000	0.000	1.000
1636	137763	1	8.777	71.00	0.02448	-0.85472	0.000	7.777	0.000	0.000	0.000	0.000	1.000
1637	137809	2	1.280	70.00	0.02456	-0.86030	0.000	2.280	0.000	0.000	0.000	0.000	-1.000
1638	137894	1	7.400	70.00	0.02534	-0.86061	0.000	6.400	0.000	0.000	0.000	0.000	1.000
1639	137936	2	0.968	70.00	0.02516	-0.85963	0.000	2.012	-0.044	0.000	0.000	0.000	-1.000
1640	137985	1	4.435	71.00	0.02407	-0.84955	0.000	3.631	-0.196	0.000	0.000	0.000	1.000
1641	138048	2	3.049	71.00	0.02544	-0.85283	0.000	4.203	-0.154	0.000	0.000	0.000	-1.000
1642	138102	2	0.607	71.00	0.02569	-0.85631	0.000	1.640	-0.032	0.000	0.000	0.000	-1.000
1643	138186	1	4.351	72.00	0.02516	-0.85850	0.000	3.649	-0.298	0.000	0.000	0.000	1.000
1644	138230	2	2.481	71.00	0.02545	-0.85752	0.000	3.481	0.000	0.000	0.000	0.000	-1.000
1645	138280	1	6.614	71.00	0.02547	-0.85549	0.000	5.614	0.000	0.000	0.000	0.000	1.000
1646	138337	2	1.372	71.00	0.02435	-0.85296	0.000	2.375	-0.003	0.000	0.000	0.000	-1.000
1647	138391	2	1.483	70.00	0.02403	-0.85908	0.000	2.498	-0.015	0.000	0.000	0.000	-1.000
1648	138421	1	2.782	70.00	0.02483	-0.84332	0.000	1.782	0.000	0.000	0.000	0.000	1.000
1649	138511	1	3.711	71.00	0.02420	-0.85582	0.000	3.850	-1.139	0.000	0.000	0.000	1.000
1650	138562	2	2.562	70.00	0.02422	-0.85663	0.000	3.562	0.000	0.000	0.000	0.000	-1.000
1651	138607	2	2.930	70.00	0.02444	-0.86921	0.000	3.930	0.000	0.000	0.000	0.000	-1.000
1652	138650	1	3.131	70.00	0.02531	-0.86896	0.000	2.430	-0.299	0.000	0.000	0.000	1.000
1653	138737	1	7.728	70.00	0.02415	-0.85890	0.000	6.728	0.000	0.000	0.000	0.000	1.000
1654	138767	5	0.012	69.00	0.02568	-0.84893	0.000	0.099	-0.087	0.000	0.000	0.000	0.000
1655	138797	2	-0.923	68.00	0.02478	-0.85142	0.000	0.234	-0.157	0.000	0.000	0.000	-1.000
1656	138827	5	-0.276	68.00	0.02602	-0.85623	0.000	-0.275	-0.001	0.000	0.000	0.000	0.000
1657	138858	5	0.505	67.00	0.02287	-0.85810	0.000	0.505	0.000	0.000	0.000	0.000	0.000
1658	138917	5	1.419	66.00	0.02508	-0.85679	0.000	1.422	-0.003	0.000	0.000	0.000	0.000
1659	138957	1	3.469	66.00	0.02653	-0.84926	0.000	2.469	0.000	0.000	0.000	0.000	1.000
1660	139038	1	7.484	66.00	0.02435	-0.86190	0.000	6.484	0.000	0.000	0.000	0.000	1.000
1661	139125	1	6.598	66.00	0.02508	-0.86035	0.000	5.598	0.000	0.000	0.000	0.000	1.000
1662	139252	1	8.764	66.00	0.02489	-0.85578	0.000	7.764	0.000	0.000	0.000	0.000	1.000
1663	139332	1	7.002	66.00	0.02503	-0.85593	0.000	6.018	-0.016	0.000	0.000	0.000	1.000
1664	139389	1	5.616	66.00	0.02459	-0.85856	0.000	4.616	0.000	0.000	0.000	0.000	1.000
1665	139458	1	7.343	66.00	0.02560	-0.85201	0.000	6.343	0.000	0.000	0.000	0.000	1.000
1666	139515	1	5.531	66.00	0.02421	-0.85811	0.000	4.531	0.000	0.000	0.000	0.000	1.000
1667	139614	1	8.925	66.00	0.02452	-0.85844	0.000	7.925	0.000	0.000	0.000	0.000	1.000
1668	139665	2	2.896	65.00	0.02341	-0.86985	0.000	3.896	0.000	0.000	0.000	0.000	-1.000
1669	139721	1	5.141	65.00	0.02600	-0.84787	0.000	4.155	-0.014	0.000	0.000	0.000	1.000
1670	139828	1	8.820	65.00	0.02421	-0.86584	0.000	7.820	0.000	0.000	0.000	0.000	1.000
1671	139874	2	2.471	65.00	0.02588	-0.86106	0.000	3.471	0.000	0.000	0.000	0.000	-1.000
1672	139944	2	0.981	65.00	0.02488	-0.86639	0.000	2.028	-0.047	0.000	0.000	0.000	-1.000
1673	140003	1	5.107	65.00	0.02520	-0.85910	0.000	4.107	0.000	0.000	0.000	0.000	1.000
1674	140033	2	-2.637	64.00	0.02490	-0.86087	0.000	-1.001	-0.636	0.000	0.000	0.000	-1.000
1675	140064	5	0.385	63.00	0.02459	-0.87508	0.000	0.495	-0.109	0.000	0.000	0.000	0.000
1676	140114	5	0.349	62.00	0.02477	-0.85546	0.000	0.397	-0.048	0.000	0.000	0.000	0.000
1677	140197	2	1.681	61.00	0.02485	-0.86332	0.000	3.179	-0.498	0.000	0.000	0.000	-1.000
1678	140248	1	5.683	61.00	0.02595	-0.85695	0.000	4.683	0.000	0.000	0.000	0.000	1.000
1679	140293	2	2.796	60.00	0.02711	-0.86100	0.000	3.796	0.000	0.000	0.000	0.000	-1.000
1680	140366	1	6.332	61.00	0.02521	-0.86393	0.000	5.332	0.000	0.000	0.000	0.000	1.000
1681	140434	1	6.581	61.00	0.02472	-0.85992	0.000	5.581	0.000	0.000	0.000	0.000	1.000
1682	140464	1	3.738	61.00	0.02461	-0.86320	0.000	2.738	0.000	0.000	0.000	0.000	1.000
1683	140573	1	9.642	61.00	0.02583	-0.85953	0.000	8.642	0.000	0.000	0.000	0.000	1.000
1684	140665	1	6.139	61.00	0.02485	-0.86225	0.000	5.211	-0.072	0.000	0.000	0.000	1.000
1685	140713	1	4.872	62.00	0.02554	-0.86164	0.000	3.872	0.000	0.000	0.000	0.000	1.000
1686	140758	1	4.363	62.00	0.02428	-0.86563	0.000	3.779	-0.416	0.000	0.000	0.000	1.000
1687	140818	1	6.806	62.00	0.02388	-0.86319	0.000	5.806	0.000	0.000	0.000	0.000	1.000
1688	140915	1	8.815	62.00	0.02505	-0.86512	0.000	7.815	0.000	0.000	0.000	0.000	1.000
1689	140995	2	5.693	61.00	0.02536	-0.85746	0.000	6.693	0.000	0.000	0.000	0.000	-1.000
1690	141035	2	2.425	61.00	0.02375	-0.85012	0.000	3.425	0.000	0.000	0.000	0.000	-1.000
1691	141081	1	4.633	62.00	0.02479	-0.85952	0.000	3.633	0.000	0.000	0.000	0.000	1.000
1692	141129	1	5.611	62.00	0.02481	-0.86274	0.000	4.611	0.000	0.000	0.000	0.000	1.000
1693	141161	2	0.318	61.00	0.02533	-0.86424	0.000	1.406	-0.088	0.000	0.000	0.000	-1.000
1694	141192	2	1.343	60.00	0.02430	-0.86065	0.000	2.471	-0.128	0.000	0.000	0.000	-1.000
1695	141257	2	2.234	59.00	0.02540	-0.86483	0.000	3.237	-0.003	0.000	0.000	0.000	-1.000
1696	141330	1	7.408	60.00	0.02583	-0.85505	0.000	6.408	0.000	0.000	0.000	0.000	1.000
1697	141367	2	1.662	59.00	0.02416	-0.86490	0.000	2.662	0.000	0.000	0.000	0.000	-1.000
1698	141422	1	6.570	60.00	0.02479	-0.86896	0.000	5.570	0.000	0.000	0.000	0.000	1.000
1699	141473	1	5.086	60.00	0.02412	-0.87535	0.000	4.086	0.000	0.000	0.000	0.000	1.000
1700	141503	1	3.721	60.00	0.02449	-0.85892	0.000	2.721	0.000	0.000	0.000	0.000	1.000
1701	141628	1	6.383	60.00	0.02489	-0.86853	0.000	5.383	0.000	0.000	0.000	0.000	1.000
1702	141691	2	4.219	59.00	0.02521	-0.86216	0.000	5.348	-0.129	0.000	0.000	0.000	-1.000
1703	141736	2	1.074	58.00	0.02417	-0.86528	0.000	2.407	-0.333	0.000	0.000	0.000	-1.000
1704	141766	1	2.919	58.00	0.02516	-0.85539	0.000	1.919	0.000	0.000	0.000	0.000	1.000
1705	141805	1	5.446	58.00	0.02580	-0.86685	0.000	4.446	0.000	0.000	0.000	0.000	1.000
1706	141851	2	0.299	57.00	0.02465	-0.86639	0.000	3.662	-2.363	0.000	0.000	0.000	-1.000
1707	141909	1	5.071	58.00	0.02587	-0.86437	0.000	4.071	0.000	0.000	0.000	0.000	1.000
1708	141967	2	3.129	57.00	0.02480	-0.86167	0.000	4.129	0.000	0.000	0.000	0.000	-1.000
1709	142029	1	5.137	57.00	0.02463	-0.86231	0.000	4.137	0.000	0.000	0.000	0.000	1.000
1710	142071	1	3.196	57.00	0.02531	-0.86057	0.000	2.196	0.000	0.000	0.000	0.000	1.000
1711	142145	1	7.569	58.00	0.02523	-0.86026	0.000	6.632	-0.063	0.000	0.000	0.000	1.000
1712	142214	1	6.883	58.00	0.02457	-0.86287	0.000	5.892	-0.009	0.000	0.000	0.000	1.000
1713	142256	2	2.023	57.00	0.02377	-0.85962	0.000	3.023	0.000	0.000	0.000	0.000	-1.000
1714	142286	1	2.672	58.00	0.02668	-0.87462	0.000	1.672	0.000	0.000	0.000	0.000	1.000
1715	142320	2	0.297	58.00	0.02511	-0.88228	0.000	1.705	-0.409	0.000	0.000	0.000	-1.000
1716	142384	1	6.303	58.00	0.02470	-0.87069	0.000	5.303	0.000	0.000	0.000	0.000	1.000
1717	142470	1	9.140	58.00	0.02401	-0.87308	0.000	8.140	0.000	0.000	0.000	0.000	1.000
1718	142547	1	7.026	59.00	0.02467	-0.86828	0.000	6.026	0.000	0.000	0.000	0.000	1.000
1719	142599	1	4.982	59.00	0.02581	-0.87362	0.000	3.982	0.000	0.000	0.000	0.000	1.000
1720	142669	1	6.123	59.00	0.02461	-0.87256	0.000	5.123	0.000	0.000	0.000	0.000	1.000
1721	142737	2	3.534	59.00	0.02339	-0.87337	0.000	4.822	-0.289	0.000	0.000	0.000	-1.000
1722	142807	1	6.305	59.00	0.02410	-0.86800	0.000	5.305	0.000	0.000	0.000	0.000	1.000
1723	142878	1	6.737	59.00	0.02465	-0.87419	0.000	5.737	0.000	0.000	0.000	0.000	1.000
1724	142932	1	5.052	59.00	0.02484	-0.86621	0.000	4.099	-0.048	0.000	0.000	0.000	1.000
1725	142981	1	4.520	60.00	0.02553	-0.87681	0.000	3.931	-0.411	0.000	0.000	0.000	1.000
1726	143075	1	8.803	61.00	0.02451	-0.87797	0.000	7.803	0.000	0.000	0.000	0.000	1.000
1727	143124	1	4.205	61.00	0.02374	-0.88783	0.000	3.822	-0.617	0.000	0.000	0.000	1.000
1728	143251	1	6.278	61.00	0.02549	-0.88037	0.000	5.769	-0.491	0.000	0.000	0.000	1.000
1729	143341	1	5.380	62.00	0.02461	-0.88165	0.000	4.380	0.000	0.000	0.000	0.000	1.000
1730	143455	1	10.959	63.00	0.02540	-0.88063	0.000	9.959	0.000	0.000	0.000	0.000	1.000
1731	143584	2	6.145	63.00	0.02424	-0.88302	0.000	7.148	-0.003	0.000	0.000	0.000	-1.000
1732	143628	1	5.193	64.00	0.02401	-0.89010	0.000	4.193	0.000	0.000	0.000	0.000	1.000
1733	143658	2	0.245	63.00	0.02517	-0.88148	0.000	1.588	-0.343	0.000	0.000	0.000	-1.000
1734	143709	1	4.594	63.00	0.02571	-0.88575	0.000	4.151	-0.557	0.000	0.000	0.000	1.000
1735	143771	2	1.094	62.00	0.02536	-0.88263	0.000	3.219	-1.126	0.000	0.000	0.000	-1.000
1736	143814	2	1.324	61.00	0.02606	-0.88181	0.000	2.324	0.000	0.000	0.000	0.000	-1.000
1737	143860	2	-0.276	61.00	0.02512	-0.89154	0.000	1.221	-0.497	0.000	0.000	0.000	-1.000
1738	143914	1	4.959	61.00	0.02543	-0.88145	0.000	3.992	-0.034	0.000	0.000	0.000	1.000
1739	143970	1	5.134	62.00	0.02433	-0.88255	0.000	4.134	0.000	0.000	0.000	0.000	1.000
1740	144002	2	1.791	61.00	0.02515	-0.88318	0.000	2.791	0.000	0.000	0.000	0.000	-1.000
1741	144110	1	4.949	62.00	0.02473	-0.88519	0.000	3.963	-0.014	0.000	0.000	0.000	1.000
1742	144197	1	7.906	63.00	0.02543	-0.88383	0.000	6.906	0.000	0.000	0.000	0.000	1.000
1743	144234	2	1.594	62.00	0.02452	-0.87464	0.000	2.594	0.000	0.000	0.000	0.000	-1.000
1744	144264	1	2.966	63.00	0.02391	-0.88794	0.000	1.966	0.000	0.000	0.000	0.000	1.000
1745	144331	1	6.573	63.00	0.02542	-0.88877	0.000	5.573	0.000	0.000	0.000	0.000	1.000
1746	144403	1	6.887	64.00	0.02469	-0.88693	0.000	5.887	0.000	0.000	0.000	0.000	1.000
1747	144454	1	5.389	65.00	0.02484	-0.88241	0.000	4.389	0.000	0.000	0.000	0.000	1.000
1748	144520	1	6.281	65.00	0.02475	-0.88462	0.000	5.281	0.000	0.000	0.000	0.000	1.000
1749	144569	1	4.725	65.00	0.02516	-0.88382	0.000	3.742	-0.017	0.000	0.000	0.000	1.000
1750	144619	2	1.702	65.00	0.02410	-0.88130	0.000	2.717	-0.015	0.000	0.000	0.000	-1.000
1751	144666	1	3.837	66.00	0.02436	-0.88673	0.000	2.969	-0.131	0.000	0.000	0.000	1.000
1752	144702	2	1.455	65.00	0.02509	-0.88629	0.000	2.456	-0.001	0.000	0.000	0.000	-1.000
1753	144732	1	3.691	65.00	0.02524	-0.88060	0.000	2.691	0.000	0.000	0.000	0.000	1.000
1754	144821	1	7.923	66.00	0.02421	-0.88788	0.000	6.923	0.000	0.000	0.000	0.000	1.000
1755	144860	1	3.860	67.00	0.02481	-0.88743	0.000	2.860	0.000	0.000	0.000	0.000	1.000
1756	144901	1	4.831	68.00	0.02482	-0.89649	0.000	3.831	0.000	0.000	0.000	0.000	1.000
1757	144931	5	0.757	68.00	0.02307	-0.88494	0.000	1.143	-0.386	0.000	0.000	0.000	0.000
1758	144984	5	0.486	68.00	0.02415	-0.89049	0.000	0.990	-0.504	0.000	0.000	0.000	0.000
1759	145044	2	0.222	67.00	0.02478	-0.88862	0.000	1.538	-0.316	0.000	0.000	0.000	-1.000
1760	145083	1	3.521	67.00	0.02384	-0.87724	0.000	2.521	0.000	0.000	0.000	0.000	1.000
1761	145122	1	3.409	67.00	0.02441	-0.88360	0.000	2.460	-0.052	0.000	0.000	0.000	1.000
1762	145162	2	1.910	66.00	0.02507	-0.89157	0.000	2.910	0.000	0.000	0.000	0.000	-1.000
1763	145195	1	2.695	66.00	0.02525	-0.88352	0.000	1.695	0.000	0.000	0.000	0.000	1.000
1764	145247	1	5.378	66.00	0.02456	-0.88553	0.000	4.378	0.000	0.000	0.000	0.000	1.000
1765	145370	1	9.510	66.00	0.02486	-0.88434	0.000	8.510	0.000	0.000	0.000	0.000	1.000
1766	145476	1	8.248	66.00	0.02469	-0.88204	0.000	7.254	-0.006	0.000	0.000	0.000	1.000
1767	145506	1	4.000	66.00	0.02497	-0.87530	0.000	3.000	0.000	0.000	0.000	0.000	1.000
1768	145577	1	7.514	67.00	0.02611	-0.88223	0.000	6.514	0.000	0.000	0.000	0.000	1.000
1769	145674	1	9.418	67.00	0.02479	-0.88560	0.000	8.418	0.000	0.000	0.000	0.000	1.000
1770	145852	2	7.567	66.00	0.02462	-0.88795	0.000	8.578	-0.011	0.000	0.000	0.000	-1.000
1771	145895	2	-0.557	66.00	0.02509	-0.88624	0.000	2.063	-1.621	0.000	0.000	0.000	-1.000
1772	145936	1	3.830	67.00	0.02542	-0.88761	0.000	2.962	-0.132	0.000	0.000	0.000	1.000
1773	146031	1	9.439	67.00	0.02539	-0.88831	0.000	8.614	-0.175	0.000	0.000	0.000	1.000
1774	146099	1	6.490	68.00	0.02404	-0.89006	0.000	5.491	-0.001	0.000	0.000	0.000	1.000
1775	146187	1	7.903	69.00	0.02490	-0.88920	0.000	6.903	0.000	0.000	0.000	0.000	1.000
1776	146221	1	3.791	70.00	0.02427	-0.89592	0.000	2.791	0.000	0.000	0.000	0.000	1.000
1777	146285	1	6.970	71.00	0.02415	-0.89444	0.000	5.970	0.000	0.000	0.000	0.000	1.000
1778	146330	1	2.884	71.00	0.02484	-0.89114	0.000	2.940	-1.056	0.000	0.000	0.000	1.000
1779	146364	1	3.588	72.00	0.02420	-0.89254	0.000	2.588	0.000	0.000	0.000	0.000	1.000
1780	146405	1	2.385	72.00	0.02350	-0.89190	0.000	2.844	-1.459	0.000	0.000	0.000	1.000
1781	146456	1	4.516	72.00	0.02492	-0.88787	0.000	3.516	0.000	0.000	0.000	0.000	1.000
1782	146486	2	0.961	71.00	0.02436	-0.90126	0.000	2.209	-0.247	0.000	0.000	0.000	-1.000
1783	146532	1	3.302	71.00	0.02536	-0.89346	0.000	2.418	-0.116	0.000	0.000	0.000	1.000
1784	146583	1	4.927	71.00	0.02477	-0.88509	0.000	3.927	0.000	0.000	0.000	0.000	1.000
1785	146613	2	1.204	70.00	0.02587	-0.89420	0.000	2.204	0.000	0.000	0.000	0.000	-1.000
1786	146667	1	6.673	70.00	0.02490	-0.88377	0.000	5.673	0.000	0.000	0.000	0.000	1.000
1787	146712	2	0.691	69.00	0.02478	-0.89198	0.000	1.702	-0.011	0.000	0.000	0.000	-1.000
1788	146794	1	4.758	69.00	0.02486	-0.88461	0.000	3.758	0.000	0.000	0.000	0.000	1.000
1789	146900	2	5.769	69.00	0.02435	-0.89506	0.000	6.912	-0.143	0.000	0.000	0.000	-1.000
1790	146930	1	3.877	70.00	0.02279	-0.89878	0.000	2.877	0.000	0.000	0.000	0.000	1.000
1791	146971	1	4.091	70.00	0.02482	-0.89481	0.000	3.091	0.000	0.000	0.000	0.000	1.000
1792	147028	1	5.158	70.00	0.02484	-0.88909	0.000	4.158	0.000	0.000	0.000	0.000	1.000
1793	147091	1	5.375	71.00	0.02413	-0.89909	0.000	4.375	0.000	0.000	0.000	0.000	1.000
1794	147158	2	3.938	71.00	0.02424	-0.89375	0.000	4.949	-0.011	0.000	0.000	0.000	-1.000
1795	147237	1	7.506	72.00	0.02414	-0.89666	0.000	6.506	0.000	0.000	0.000	0.000	1.000
1796	147288	1	5.280	72.00	0.02463	-0.89704	0.000	4.280	0.000	0.000	0.000	0.000	1.000
1797	147335	2	-1.095	72.00	0.02486	-0.89209	0.000	-0.060	-0.035	0.000	0.000	0.000	-1.000
1798	147423	1	5.600	72.00	0.02486	-0.89950	0.000	5.289	-0.689	0.000	0.000	0.000	1.000
1799	147497	2	4.644	71.00	0.02443	-0.89244	0.000	5.644	0.000	0.000	0.000	0.000	-1.000
1800	147564	1	6.580	71.00	0.02442	-0.88745	0.000	5.580	0.000	0.000	0.000	0.000	1.000
1801	147672	1	8.555	71.00	0.02535	-0.90222	0.000	8.132	-0.576	0.000	0.000	0.000	1.000
1802	147702	2	-2.540	71.00	0.02379	-0.89232	0.000	-1.006	-0.534	0.000	0.000	0.000	-1.000
1803	147732	5	-0.190	71.00	0.02409	-0.89257	0.000	-0.190	0.000	0.000	0.000	0.000	0.000
1804	147766	5	1.223	70.00	0.02459	-0.88940	0.000	1.223	0.000	0.000	0.000	0.000	0.000
1805	147838	2	2.740	69.00	0.02481	-0.89655	0.000	3.740	0.000	0.000	0.000	0.000	-1.000
1806	147868	1	2.895	70.00	0.02566	-0.89315	0.000	1.895	0.000	0.000	0.000	0.000	1.000
1807	147924	2	3.552	69.00	0.02425	-0.90261	0.000	4.552	0.000	0.000	0.000	0.000	-1.000
1808	147954	2	1.161	69.00	0.02431	-0.89552	0.000	2.161	0.000	0.000	0.000	0.000	-1.000
1809	147984	2	1.538	68.00	0.02588	-0.90047	0.000	2.540	-0.002	0.000	0.000	0.000	-1.000
1810	148014	2	-0.503	67.00	0.02439	-0.90247	0.000	1.253	-0.756	0.000	0.000	0.000	-1.000
1811	148044	2	0.885	66.00	0.02500	-0.89614	0.000	1.888	-0.004	0.000	0.000	0.000	-1.000
1812	148105	1	6.269	66.00	0.02504	-0.90290	0.000	5.269	0.000	0.000	0.000	0.000	1.000
1813	148156	1	5.343	67.00	0.02493	-0.90314	0.000	4.343	0.000	0.000	0.000	0.000	1.000
1814	148265	1	9.080	67.00	0.02518	-0.89649	0.000	8.103	-0.023	0.000	0.000	0.000	1.000
1815	148295	2	-1.551	67.00	0.02580	-0.89221	0.000	-0.074	-0.477	0.000	0.000	0.000	-1.000
1816	148341	1	5.051	67.00	0.02554	-0.89022	0.000	4.051	0.000	0.000	0.000	0.000	1.000
1817	148408	1	6.477	67.00	0.02403	-0.89810	0.000	5.477	0.000	0.000	0.000	0.000	1.000
1818	148508	2	5.444	66.00	0.02482	-0.89358	0.000	6.444	0.000	0.000	0.000	0.000	-1.000
1819	148543	2	0.380	65.00	0.02375	-0.90435	0.000	1.690	-0.310	0.000	0.000	0.000	-1.000
1820	148573	5	1.132	64.00	0.02552	-0.89738	0.000	1.272	-0.139	0.000	0.000	0.000	0.000
1821	148603	5	0.786	64.00	0.02546	-0.90877	0.000	0.786	0.000	0.000	0.000	0.000	0.000
1822	148683	2	2.220	63.00	0.02528	-0.89756	0.000	3.231	-0.011	0.000	0.000	0.000	-1.000
1823	148713	2	-1.035	62.00	0.02424	-0.90316	0.000	0.048	-0.083	0.000	0.000	0.000	-1.000
1824	148744	5	0.512	61.00	0.02392	-0.89918	0.000	0.640	-0.128	0.000	0.000	0.000	0.000
1825	148774	2	0.459	60.00	0.02459	-0.90215	0.000	1.502	-0.043	0.000	0.000	0.000	-1.000
1826	148804	2	-4.111	59.00	0.02590	-0.90634	0.000	-0.124	-2.988	0.000	0.000	0.000	-1.000
1827	148903	2	0.539	58.00	0.02517	-0.89623	0.000	1.606	-0.067	0.000	0.000	0.000	-1.000
1828	148936	2	1.425	57.00	0.02557	-0.90709	0.000	2.425	0.000	0.000	0.000	0.000	-1.000
1829	148979	1	2.785	57.00	0.02542	-0.90350	0.000	1.785	0.000	0.000	0.000	0.000	1.000
1830	149015	1	3.101	57.00	0.02489	-0.90398	0.000	2.317	-0.216	0.000	0.000	0.000	1.000
1831	149072	1	5.810	58.00	0.02503	-0.90067	0.000	4.839	-0.029	0.000	0.000	0.000	1.000
1832	149192	1	8.421	58.00	0.02489	-0.90438	0.000	7.859	-0.438	0.000	0.000	0.000	1.000
1833	149270	1	7.023	59.00	0.02530	-0.90711	0.000	6.045	-0.022	0.000	0.000	0.000	1.000
1834	149340	1	6.985	59.00	0.02441	-0.90932	0.000	5.985	0.000	0.000	0.000	0.000	1.000
1835	149393	1	5.842	60.00	0.02495	-0.89658	0.000	4.842	0.000	0.000	0.000	0.000	1.000
1836	149432	2	2.343	60.00	0.02422	-0.90506	0.000	3.372	-0.029	0.000	0.000	0.000	-1.000
1837	149464	1	2.796	61.00	0.02683	-0.90217	0.000	1.796	0.000	0.000	0.000	0.000	1.000
1838	149503	1	3.808	61.00	0.02623	-0.90144	0.000	2.808	0.000	0.000	0.000	0.000	1.000
1839	149547	2	2.705	60.00	0.02546	-0.89789	0.000	3.763	-0.058	0.000	0.000	0.000	-1.000
1840	149601	1	6.525	61.00	0.02546	-0.89311	0.000	5.525	0.000	0.000	0.000	0.000	1.000
1841	149689	1	8.440	61.00	0.02476	-0.90400	0.000	7.440	0.000	0.000	0.000	0.000	1.000
1842	149802	2	6.722	60.00	0.02433	-0.90968	0.000	7.741	-0.020	0.000	0.000	0.000	-1.000
1843	149832	1	2.904	61.00	0.02528	-0.90305	0.000	1.904	0.000	0.000	0.000	0.000	1.000
1844	149862	2	0.251	60.00	0.02542	-0.88900	0.000	1.251	0.000	0.000	0.000	0.000	-1.000
1845	149967	2	3.444	59.00	0.02506	-0.90268	0.000	4.836	-0.392	0.000	0.000	0.000	-1.000
1846	150039	1	5.115	59.00	0.02528	-0.90060	0.000	4.187	-0.071	0.000	0.000	0.000	1.000
1847	150127	1	8.754	59.00	0.02546	-0.90262	0.000	7.754	0.000	0.000	0.000	0.000	1.000
1848	150169	1	4.614	59.00	0.02428	-0.90747	0.000	3.614	0.000	0.000	0.000	0.000	1.000
1849	150208	1	3.562	59.00	0.02413	-0.90611	0.000	2.562	0.000	0.000	0.000	0.000	1.000
1850	150278	1	4.877	60.00	0.02519	-0.89703	0.000	3.877	0.000	0.000	0.000	0.000	1.000
1851	150360	1	5.149	60.00	0.02490	-0.89738	0.000	4.149	0.000	0.000	0.000	0.000	1.000
1852	150455	1	9.573	61.00	0.02446	-0.91417	0.000	8.573	0.000	0.000	0.000	0.000	1.000
1853	150493	1	3.130	61.00	0.02421	-0.89887	0.000	2.131	-0.001	0.000	0.000	0.000	1.000
1854	150577	1	7.128	61.00	0.02451	-0.90840	0.000	6.166	-0.038	0.000	0.000	0.000	1.000
1855	150667	1	6.755	61.00	0.02547	-0.90776	0.000	5.758	-0.004	0.000	0.000	0.000	1.000
1856	150711	2	2.493	60.00	0.02555	-0.90072	0.000	3.493	0.000	0.000	0.000	0.000	-1.000
1857	150759	1	3.905	61.00	0.02419	-0.90199	0.000	2.905	0.000	0.000	0.000	0.000	1.000
1858	150799	1	3.965	62.00	0.02466	-0.90740	0.000	2.965	0.000	0.000	0.000	0.000	1.000
1859	150852	1	4.371	63.00	0.02588	-0.89819	0.000	3.371	0.000	0.000	0.000	0.000	1.000
1860	150886	1	4.149	63.00	0.02447	-0.90212	0.000	3.149	0.000	0.000	0.000	0.000	1.000
1861	150916	2	0.857	62.00	0.02421	-0.90784	0.000	1.857	0.000	0.000	0.000	0.000	-1.000
1862	150969	2	1.682	62.00	0.02455	-0.90277	0.000	2.682	0.000	0.000	0.000	0.000	-1.000
1863	151046	1	5.175	62.00	0.02430	-0.90332	0.000	4.175	0.000	0.000	0.000	0.000	1.000
1864	151087	1	4.558	62.00	0.02429	-0.90573	0.000	3.558	0.000	0.000	0.000	0.000	1.000
1865	151182	1	7.576	62.00	0.02482	-0.91076	0.000	6.827	-0.251	0.000	0.000	0.000	1.000
1866	151212	2	0.899	61.00	0.02506	-0.91854	0.000	1.899	0.000	0.000	0.000	0.000	-1.000
1867	151275	1	5.090	61.00	0.02438	-0.90483	0.000	4.090	0.000	0.000	0.000	0.000	1.000
1868	151310	1	2.381	61.00	0.02572	-0.88646	0.000	2.148	-0.767	0.000	0.000	0.000	1.000
1869	151385	1	6.306	61.00	0.02491	-0.90711	0.000	5.440	-0.134	0.000	0.000	0.000	1.000
1870	151480	2	6.203	61.00	0.02504	-0.89951	0.000	7.288	-0.085	0.000	0.000	0.000	-1.000
1871	151536	2	2.355	61.00	0.02385	-0.90464	0.000	3.752	-0.396	0.000	0.000	0.000	-1.000
1872	151572	1	2.771	61.00	0.02473	-0.89666	0.000	1.771	0.000	0.000	0.000	0.000	1.000
1873	151642	1	6.453	61.00	0.02459	-0.90863	0.000	5.465	-0.012	0.000	0.000	0.000	1.000
1874	151705	2	4.209	60.00	0.02402	-0.91043	0.000	5.212	-0.003	0.000	0.000	0.000	-1.000
1875	151744	2	1.235	59.00	0.02595	-0.90596	0.000	2.235	-0.000	0.000	0.000	0.000	-1.000
1876	151809	1	4.794	59.00	0.02461	-0.90446	0.000	3.794	0.000	0.000	0.000	0.000	1.000
1877	151856	2	2.368	58.00	0.02525	-0.90656	0.000	3.368	0.000	0.000	0.000	0.000	-1.000
1878	151898	1	2.768	58.00	0.02559	-0.90832	0.000	1.780	-0.013	0.000	0.000	0.000	1.000
1879	151931	2	1.858	57.00	0.02455	-0.90728	0.000	2.858	0.000	0.000	0.000	0.000	-1.000
1880	151961	1	2.926	57.00	0.02426	-0.91250	0.000	1.926	0.000	0.000	0.000	0.000	1.000
1881	151991	1	3.241	57.00	0.02430	-0.90286	0.000	2.534	-0.293	0.000	0.000	0.000	1.000
1882	152033	2	1.193	57.00	0.02542	-0.90729	0.000	2.193	0.000	0.000	0.000	0.000	-1.000
1883	152094	1	4.683	57.00	0.02422	-0.91304	0.000	3.683	0.000	0.000	0.000	0.000	1.000
1884	152180	1	7.052	57.00	0.02459	-0.91101	0.000	6.052	0.000	0.000	0.000	0.000	1.000
1885	152239	1	4.834	58.00	0.02450	-0.90726	0.000	3.836	-0.002	0.000	0.000	0.000	1.000
1886	152308	1	6.928	58.00	0.02464	-0.91168	0.000	5.989	-0.061	0.000	0.000	0.000	1.000
1887	152457	1	11.978	59.00	0.02404	-0.91473	0.000	10.978	0.000	0.000	0.000	0.000	1.000
1888	152542	1	8.053	59.00	0.02472	-0.90481	0.000	7.053	0.000	0.000	0.000	0.000	1.000
1889	152633	1	6.844	60.00	0.02460	-0.90942	0.000	5.844	0.000	0.000	0.000	0.000	1.000
1890	152687	1	4.545	60.00	0.02451	-0.90486	0.000	3.840	-0.295	0.000	0.000	0.000	1.000
1891	152717	2	-0.279	59.00	0.02523	-0.90625	0.000	0.735	-0.014	0.000	0.000	0.000	-1.000
1892	152786	1	5.645	59.00	0.02400	-0.91376	0.000	4.645	0.000	0.000	0.000	0.000	1.000
1893	152872	2	5.839	58.00	0.02457	-0.90805	0.000	6.839	-0.000	0.000	0.000	0.000	-1.000
1894	152902	1	3.892	59.00	0.02377	-0.90627	0.000	2.892	0.000	0.000	0.000	0.000	1.000
1895	152942	1	4.946	59.00	0.02341	-0.91144	0.000	3.946	0.000	0.000	0.000	0.000	1.000
1896	152972	5	-0.038	58.00	0.02452	-0.90629	0.000	0.072	-0.110	0.000	0.000	0.000	0.000
1897	153003	5	0.044	58.00	0.02530	-0.91860	0.000	0.044	0.000	0.000	0.000	0.000	0.000
1898	153053	1	5.110	58.00	0.02462	-0.90852	0.000	4.115	-0.005	0.000	0.000	0.000	1.000
1899	153121	1	6.083	59.00	0.02435	-0.91145	0.000	5.083	0.000	0.000	0.000	0.000	1.000
1900	153158	2	1.195	58.00	0.02424	-0.90855	0.000	2.259	-0.063	0.000	0.000	0.000	-1.000
1901	153260	2	7.093	57.00	0.02446	-0.91399	0.000	8.093	0.000	0.000	0.000	0.000	-1.000
1902	153322	1	5.671	58.00	0.02398	-0.90604	0.000	4.671	0.000	0.000	0.000	0.000	1.000
1903	153368	1	4.796	59.00	0.02419	-0.91647	0.000	3.909	-0.113	0.000	0.000	0.000	1.000
1904	153425	1	4.392	60.00	0.02408	-0.90996	0.000	3.565	-0.172	0.000	0.000	0.000	1.000
1905	153462	2	1.532	60.00	0.02412	-0.91588	0.000	2.534	-0.002	0.000	0.000	0.000	-1.000
1906	153492	5	-0.684	59.00	0.02437	-0.90599	0.000	-0.684	0.000	0.000	0.000	0.000	0.000
1907	153524	5	0.059	59.00	0.02388	-0.90948	0.000	0.213	-0.155	0.000	0.000	0.000	0.000
1908	153587	1	4.701	60.00	0.02458	-0.91445	0.000	3.799	-0.098	0.000	0.000	0.000	1.000
1909	153633	1	5.517	61.00	0.02537	-0.90875	0.000	4.517	0.000	0.000	0.000	0.000	1.000
1910	153668	2	1.406	61.00	0.02453	-0.92338	0.000	2.406	0.000	0.000	0.000	0.000	-1.000
1911	153698	1	3.669	62.00	0.02448	-0.92119	0.000	2.669	0.000	0.000	0.000	0.000	1.000
1912	153780	1	7.243	62.00	0.02502	-0.91763	0.000	6.243	0.000	0.000	0.000	0.000	1.000
1913	153837	1	6.169	62.00	0.02475	-0.92364	0.000	5.169	0.000	0.000	0.000	0.000	1.000
1914	153901	1	6.870	62.00	0.02480	-0.91984	0.000	5.870	0.000	0.000	0.000	0.000	1.000
1915	153984	1	7.240	63.00	0.02526	-0.91883	0.000	6.337	-0.097	0.000	0.000	0.000	1.000
1916	154063	1	8.288	63.00	0.02564	-0.92786	0.000	7.288	0.000	0.000	0.000	0.000	1.000
1917	154149	1	9.119	63.00	0.02424	-0.91643	0.000	8.119	0.000	0.000	0.000	0.000	1.000
1918	154209	1	6.754	64.00	0.02398	-0.91235	0.000	5.754	0.000	0.000	0.000	0.000	1.000
1919	154258	1	4.814	65.00	0.02358	-0.91364	0.000	3.814	0.000	0.000	0.000	0.000	1.000
1920	154289	2	0.046	65.00	0.02490	-0.91905	0.000	1.142	-0.096	0.000	0.000	0.000	-1.000
1921	154360	1	5.624	66.00	0.02451	-0.92137	0.000	4.624	0.000	0.000	0.000	0.000	1.000
1922	154452	1	8.363	67.00	0.02444	-0.91996	0.000	7.377	-0.013	0.000	0.000	0.000	1.000
1923	154550	2	5.849	67.00	0.02346	-0.92067	0.000	7.062	-0.212	0.000	0.000	0.000	-1.000
1924	154607	2	1.932	67.00	0.02339	-0.92385	0.000	3.017	-0.085	0.000	0.000	0.000	-1.000
1925	154671	1	3.834	68.00	0.02419	-0.92166	0.000	2.925	-0.091	0.000	0.000	0.000	1.000
1926	154799	1	8.049	69.00	0.02480	-0.91876	0.000	7.094	-0.045	0.000	0.000	0.000	1.000
1927	154861	2	3.677	69.00	0.02426	-0.91759	0.000	4.681	-0.005	0.000	0.000	0.000	-1.000
1928	154917	2	0.005	69.00	0.02406	-0.92324	0.000	1.298	-0.293	0.000	0.000	0.000	-1.000
1929	154976	2	1.371	68.00	0.02438	-0.92109	0.000	2.453	-0.082	0.000	0.000	0.000	-1.000
1930	155006	1	2.695	68.00	0.02468	-0.91687	0.000	1.984	-0.289	0.000	0.000	0.000	1.000
1931	155036	1	3.710	68.00	0.02559	-0.93447	0.000	2.710	0.000	0.000	0.000	0.000	1.000
1932	155080	1	4.522	68.00	0.02511	-0.92326	0.000	3.522	0.000	0.000	0.000	0.000	1.000
1933	155115	1	3.589	68.00	0.02466	-0.92359	0.000	2.589	0.000	0.000	0.000	0.000	1.000
1934	155148	2	0.911	67.00	0.02527	-0.92713	0.000	1.911	0.000	0.000	0.000	0.000	-1.000
1935	155195	1	5.064	67.00	0.02568	-0.92329	0.000	4.078	-0.014	0.000	0.000	0.000	1.000
1936	155255	2	1.935	67.00	0.02470	-0.91556	0.000	3.257	-0.322	0.000	0.000	0.000	-1.000
1937	155311	1	6.590	67.00	0.02386	-0.92513	0.000	5.590	0.000	0.000	0.000	0.000	1.000
1938	155411	1	9.518	67.00	0.02483	-0.91962	0.000	8.518	0.000	0.000	0.000	0.000	1.000
1939	155472	2	4.624	67.00	0.02398	-0.92211	0.000	5.781	-0.156	0.000	0.000	0.000	-1.000
1940	155502	2	1.238	66.00	0.02350	-0.93205	0.000	2.408	-0.170	0.000	0.000	0.000	-1.000
1941	155542	1	1.417	66.00	0.02455	-0.92220	0.000	1.701	-1.284	0.000	0.000	0.000	1.000
1942	155591	1	4.926	67.00	0.02446	-0.92623	0.000	3.926	0.000	0.000	0.000	0.000	1.000
1943	155628	2	1.071	66.00	0.02468	-0.92704	0.000	2.089	-0.019	0.000	0.000	0.000	-1.000
1944	155691	1	5.114	67.00	0.02477	-0.91798	0.000	4.114	0.000	0.000	0.000	0.000	1.000
1945	155858	1	8.696	68.00	0.02461	-0.92329	0.000	7.696	0.000	0.000	0.000	0.000	1.000
1946	155932	1	7.572	68.00	0.02464	-0.92729	0.000	6.572	0.000	0.000	0.000	0.000	1.000
1947	155981	1	5.054	68.00	0.02414	-0.91775	0.000	4.054	0.000	0.000	0.000	0.000	1.000
1948	156034	2	4.064	67.00	0.02420	-0.92762	0.000	5.159	-0.095	0.000	0.000	0.000	-1.000
1949	156064	2	-0.040	66.00	0.02450	-0.92000	0.000	1.182	-0.222	0.000	0.000	0.000	-1.000
1950	156158	1	4.765	66.00	0.02428	-0.92352	0.000	3.980	-0.215	0.000	0.000	0.000	1.000
1951	156304	1	9.893	66.00	0.02461	-0.92485	0.000	8.893	0.000	0.000	0.000	0.000	1.000
1952	156419	1	8.634	66.00	0.02417	-0.92725	0.000	7.634	0.000	0.000	0.000	0.000	1.000
1953	156513	1	6.308	66.00	0.02492	-0.92736	0.000	5.308	0.000	0.000	0.000	0.000	1.000
1954	156555	2	0.929	65.00	0.02402	-0.92289	0.000	1.929	0.000	0.000	0.000	0.000	-1.000
1955	156622	2	-0.916	64.00	0.02397	-0.92019	0.000	0.625	-0.541	0.000	0.000	0.000	-1.000
1956	156657	2	1.275	64.00	0.02491	-0.92346	0.000	2.739	-0.464	0.000	0.000	0.000	-1.000
1957	156688	1	3.319	64.00	0.02462	-0.93570	0.000	2.438	-0.119	0.000	0.000	0.000	1.000
1958	156730	2	2.662	63.00	0.02462	-0.92476	0.000	3.662	0.000	0.000	0.000	0.000	-1.000
1959	156763	2	-0.091	62.00	0.02461	-0.93696	0.000	1.347	-0.438	0.000	0.000	0.000	-1.000
1960	156905	1	4.231	62.00	0.02464	-0.93496	0.000	3.607	-0.376	0.000	0.000	0.000	1.000
1961	157015	1	4.427	63.00	0.02472	-0.92884	0.000	3.441	-0.014	0.000	0.000	0.000	1.000
1962	157160	1	7.529	64.00	0.02552	-0.92881	0.000	6.547	-0.018	0.000	0.000	0.000	1.000
1963	157279	2	1.772	63.00	0.02519	-0.92440	0.000	3.666	-0.894	0.000	0.000	0.000	-1.000
1964	157362	1	5.061	63.00	0.02531	-0.92387	0.000	4.061	0.000	0.000	0.000	0.000	1.000
1965	157487	1	10.501	63.00	0.02481	-0.92946	0.000	9.501	0.000	0.000	0.000	0.000	1.000
1966	157596	1	8.007	64.00	0.02447	-0.92627	0.000	7.337	-0.330	0.000	0.000	0.000	1.000
1967	157695	1	8.093	64.00	0.02444	-0.92720	0.000	7.093	0.000	0.000	0.000	0.000	1.000
1968	157752	1	4.910	64.00	0.02644	-0.93115	0.000	3.910	0.000	0.000	0.000	0.000	1.000
1969	157829	1	7.252	64.00	0.02409	-0.92839	0.000	6.732	-0.480	0.000	0.000	0.000	1.000
1970	157887	1	6.396	65.00	0.02388	-0.93239	0.000	5.503	-0.108	0.000	0.000	0.000	1.000
1971	157956	1	5.600	66.00	0.02481	-0.93605	0.000	4.600	0.000	0.000	0.000	0.000	1.000
1972	158074	1	4.847	66.00	0.02419	-0.92826	0.000	3.921	-0.075	0.000	0.000	0.000	1.000
1973	158104	2	0.945	65.00	0.02528	-0.93199	0.000	1.945	0.000	0.000	0.000	0.000	-1.000
1974	158213	1	5.209	66.00	0.02473	-0.93461	0.000	4.209	0.000	0.000	0.000	0.000	1.000
1975	158282	1	6.857	67.00	0.02471	-0.92465	0.000	5.857	0.000	0.000	0.000	0.000	1.000
1976	158359	2	5.579	66.00	0.02412	-0.93194	0.000	6.606	-0.027	0.000	0.000	0.000	-1.000
1977	158429	1	6.221	67.00	0.02426	-0.93465	0.000	5.322	-0.101	0.000	0.000	0.000	1.000
1978	158513	1	7.236	67.00	0.02501	-0.93061	0.000	6.557	-0.321	0.000	0.000	0.000	1.000
1979	158602	2	5.624	67.00	0.02433	-0.93487	0.000	6.624	0.000	0.000	0.000	0.000	-1.000
1980	158635	1	2.626	67.00	0.02561	-0.93880	0.000	1.626	0.000	0.000	0.000	0.000	1.000
1981	158698	1	5.376	67.00	0.02517	-0.92100	0.000	4.409	-0.033	0.000	0.000	0.000	1.000
1982	158744	2	2.257	67.00	0.02489	-0.93094	0.000	3.317	-0.060	0.000	0.000	0.000	-1.000
1983	158805	1	6.537	67.00	0.02502	-0.92795	0.000	5.537	0.000	0.000	0.000	0.000	1.000
1984	158925	2	5.480	66.00	0.02395	-0.93212	0.000	6.492	-0.012	0.000	0.000	0.000	-1.000
1985	159094	4	0.729	65.00	0.02382	-0.92974	0.000	0.952	-0.223	0.000	0.000	0.000	0.000
1986	159133	2	1.174	64.00	0.02519	-0.92809	0.000	2.182	-0.007	0.000	0.000	0.000	-1.000
1987	159163	2	0.822	63.00	0.02425	-0.92070	0.000	1.839	-0.017	0.000	0.000	0.000	-1.000
1988	159220	1	6.541	63.00	0.02417	-0.94178	0.000	5.541	0.000	0.000	0.000	0.000	1.000
1989	159290	2	4.216	62.00	0.02328	-0.93255	0.000	5.344	-0.129	0.000	0.000	0.000	-1.000
1990	159322	1	3.750	62.00	0.02412	-0.92671	0.000	2.750	0.000	0.000	0.000	0.000	1.000
1991	159399	1	6.750	63.00	0.02389	-0.92357	0.000	6.003	-0.253	0.000	0.000	0.000	1.000
1992	159447	1	5.635	63.00	0.02346	-0.94104	0.000	4.635	0.000	0.000	0.000	0.000	1.000
1993	159510	2	3.410	63.00	0.02408	-0.92783	0.000	4.491	-0.081	0.000	0.000	0.000	-1.000
1994	159559	2	-0.275	62.00	0.02527	-0.93725	0.000	0.983	-0.258	0.000	0.000	0.000	-1.000
1995	159589	1	3.964	62.00	0.02379	-0.93690	0.000	2.964	0.000	0.000	0.000	0.000	1.000
1996	159654	2	4.217	62.00	0.02434	-0.93411	0.000	5.299	-0.082	0.000	0.000	0.000	-1.000
1997	159707	1	4.670	63.00	0.02457	-0.93342	0.000	3.670	0.000	0.000	0.000	0.000	1.000
1998	159739	2	0.976	62.00	0.02354	-0.93988	0.000	1.976	0.000	0.000	0.000	0.000	-1.000
1999	159769	1	2.894	62.00	0.02555	-0.92445	0.000	1.894	0.000	0.000	0.000	0.000	1.000
2000	159830	1	6.178	63.00	0.02337	-0.93228	0.000	5.182	-0.004	0.000	0.000	0.000	1.000
2001	159860	5	-0.055	63.00	0.02501	-0.92873	0.000	-0.055	0.000	0.000	0.000	0.000	0.000
2002	159904	5	0.840	62.00	0.02609	-0.92148	0.000	0.840	0.000	0.000	0.000	0.000	0.000
2003	159940	2	0.249	61.00	0.02550	-0.92834	0.000	1.441	-0.192	0.000	0.000	0.000	-1.000
2004	160006	1	5.008	61.00	0.02423	-0.93769	0.000	4.008	0.000	0.000	0.000	0.000	1.000
2005	160046	2	1.246	61.00	0.02436	-0.92728	0.000	2.246	0.000	0.000	0.000	0.000	-1.000
2006	160171	1	6.379	62.00	0.02461	-0.93733	0.000	5.379	0.000	0.000	0.000	0.000	1.000
2007	160295	2	7.138	62.00	0.02425	-0.93405	0.000	8.235	-0.097	0.000	0.000	0.000	-1.000
2008	160352	1	3.885	62.00	0.02383	-0.93373	0.000	2.923	-0.037	0.000	0.000	0.000	1.000
2009	160424	2	3.088	61.00	0.02413	-0.93328	0.000	4.679	-0.590	0.000	0.000	0.000	-1.000
2010	160456	2	0.099	61.00	0.02503	-0.93979	0.000	1.100	-0.001	0.000	0.000	0.000	-1.000
2011	160490	2	0.293	60.00	0.02463	-0.93500	0.000	1.601	-0.308	0.000	0.000	0.000	-1.000
2012	160527	1	3.957	60.00	0.02368	-0.93347	0.000	2.957	0.000	0.000	0.000	0.000	1.000
2013	160574	1	4.702	60.00	0.02465	-0.93358	0.000	3.735	-0.032	0.000	0.000	0.000	1.000
2014	160675	1	7.589	60.00	0.02446	-0.93375	0.000	6.589	0.000	0.000	0.000	0.000	1.000
2015	160723	1	4.952	60.00	0.02429	-0.93926	0.000	4.092	-0.140	0.000	0.000	0.000	1.000
2016	160791	1	5.576	60.00	0.02350	-0.93310	0.000	4.576	0.000	0.000	0.000	0.000	1.000
2017	160942	1	9.001	60.00	0.02447	-0.93455	0.000	8.001	0.000	0.000	0.000	0.000	1.000
2018	161021	1	6.362	60.00	0.02500	-0.93253	0.000	5.382	-0.020	0.000	0.000	0.000	1.000
2019	161119	1	6.587	60.00	0.02461	-0.93305	0.000	5.692	-0.105	0.000	0.000	0.000	1.000
2020	161227	1	4.155	61.00	0.02407	-0.93475	0.000	4.053	-0.898	0.000	0.000	0.000	1.000
2021	161269	2	0.360	60.00	0.02426	-0.93240	0.000	1.360	0.000	0.000	0.000	0.000	-1.000
2022	161421	1	5.101	60.00	0.02466	-0.93286	0.000	4.101	0.000	0.000	0.000	0.000	1.000
2023	161493	1	3.780	61.00	0.02423	-0.93859	0.000	2.793	-0.013	0.000	0.000	0.000	1.000
2024	161529	2	-0.396	61.00	0.02533	-0.94370	0.000	1.112	-0.509	0.000	0.000	0.000	-1.000
2025	161559	2	-0.490	60.00	0.02453	-0.93212	0.000	0.677	-0.166	0.000	0.000	0.000	-1.000
2026	161598	1	4.627	60.00	0.02531	-0.93026	0.000	3.627	0.000	0.000	0.000	0.000	1.000
2027	161666	1	7.056	61.00	0.02537	-0.92919	0.000	6.056	0.000	0.000	0.000	0.000	1.000
2028	161789	1	8.420	62.00	0.02488	-0.93523	0.000	7.420	-0.000	0.000	0.000	0.000	1.000
2029	161849	2	0.866	62.00	0.02559	-0.92465	0.000	1.866	0.000	0.000	0.000	0.000	-1.000
2030	161900	1	4.631	62.00	0.02363	-0.93606	0.000	3.631	0.000	0.000	0.000	0.000	1.000
2031	161951	2	3.111	61.00	0.02506	-0.93359	0.000	4.127	-0.015	0.000	0.000	0.000	-1.000
2032	161989	2	2.124	60.00	0.02468	-0.94125	0.000	3.124	0.000	0.000	0.000	0.000	-1.000
2033	162046	2	1.600	59.00	0.02414	-0.93477	0.000	2.600	0.000	0.000	0.000	0.000	-1.000
2034	162103	1	3.726	60.00	0.02466	-0.94162	0.000	2.726	0.000	0.000	0.000	0.000	1.000
2035	162146	1	3.803	60.00	0.02531	-0.93125	0.000	2.803	0.000	0.000	0.000	0.000	1.000
2036	162176	1	3.873	61.00	0.02332	-0.93377	0.000	2.873	0.000	0.000	0.000	0.000	1.000
2037	162223	1	5.181	61.00	0.02517	-0.93688	0.000	4.234	-0.053	0.000	0.000	0.000	1.000
2038	162306	2	7.076	60.00	0.02402	-0.94101	0.000	8.076	0.000	0.000	0.000	0.000	-1.000
2039	162349	1	6.572	61.00	0.02405	-0.93820	0.000	5.572	0.000	0.000	0.000	0.000	1.000
2040	162431	1	8.423	62.00	0.02402	-0.94071	0.000	7.498	-0.076	0.000	0.000	0.000	1.000
2041	162470	1	4.293	62.00	0.02363	-0.93309	0.000	3.293	0.000	0.000	0.000	0.000	1.000
2042	162520	1	4.299	62.00	0.02373	-0.94883	0.000	3.299	0.000	0.000	0.000	0.000	1.000
2043	162594	1	3.452	63.00	0.02307	-0.93506	0.000	4.534	-2.082	0.000	0.000	0.000	1.000
2044	162647	1	4.858	63.00	0.02426	-0.94500	0.000	3.946	-0.088	0.000	0.000	0.000	1.000
2045	162683	2	2.827	62.00	0.02432	-0.94191	0.000	3.827	0.000	0.000	0.000	0.000	-1.000
2046	162713	1	3.016	62.00	0.02299	-0.94365	0.000	2.017	-0.000	0.000	0.000	0.000	1.000
2047	162745	2	1.539	61.00	0.02487	-0.94484	0.000	2.539	0.000	0.000	0.000	0.000	-1.000
2048	162794	1	6.535	62.00	0.02465	-0.93038	0.000	5.535	0.000	0.000	0.000	0.000	1.000
2049	162884	1	9.771	63.00	0.02461	-0.93479	0.000	8.771	0.000	0.000	0.000	0.000	1.000
2050	162948	1	4.667	63.00	0.02455	-0.93728	0.000	3.667	0.000	0.000	0.000	0.000	1.000
2051	163005	1	5.802	63.00	0.02460	-0.94015	0.000	4.829	-0.027	0.000	0.000	0.000	1.000
2052	163147	1	9.892	63.00	0.02434	-0.93811	0.000	8.931	-0.040	0.000	0.000	0.000	1.000
2053	163208	1	5.634	63.00	0.02413	-0.94312	0.000	4.661	-0.027	0.000	0.000	0.000	1.000
2054	163302	1	6.259	64.00	0.02408	-0.93639	0.000	5.432	-0.173	0.000	0.000	0.000	1.000
2055	163361	1	5.936	65.00	0.02376	-0.93888	0.000	5.004	-0.068	0.000	0.000	0.000	1.000
2056	163416	1	6.405	66.00	0.02445	-0.94091	0.000	5.405	0.000	0.000	0.000	0.000	1.000
2057	163464	2	2.013	65.00	0.02414	-0.93554	0.000	3.013	0.000	0.000	0.000	0.000	-1.000
2058	163496	1	3.823	66.00	0.02404	-0.92950	0.000	2.823	0.000	0.000	0.000	0.000	1.000
2059	163546	1	4.825	67.00	0.02545	-0.94494	0.000	3.905	-0.080	0.000	0.000	0.000	1.000
2060	163654	1	3.779	67.00	0.02467	-0.93853	0.000	3.966	-1.187	0.000	0.000	0.000	1.000
2061	163698	2	0.919	66.00	0.02438	-0.93600	0.000	2.373	-0.454	0.000	0.000	0.000	-1.000
2062	163779	2	2.497	65.00	0.02392	-0.93664	0.000	3.879	-0.382	0.000	0.000	0.000	-1.000
2063	163809	2	0.778	65.00	0.02407	-0.94311	0.000	1.845	-0.066	0.000	0.000	0.000	-1.000
2064	163839	5	0.061	64.00	0.02468	-0.94731	0.000	0.061	0.000	0.000	0.000	0.000	0.000
2065	163923	2	1.380	63.00	0.02412	-0.94650	0.000	2.771	-0.391	0.000	0.000	0.000	-1.000
2066	163953	1	2.787	63.00	0.02463	-0.93875	0.000	1.787	0.000	0.000	0.000	0.000	1.000
2067	164081	1	9.136	63.00	0.02481	-0.94189	0.000	8.136	0.000	0.000	0.000	0.000	1.000
2068	164185	2	4.754	62.00	0.02418	-0.93509	0.000	5.754	0.000	0.000	0.000	0.000	-1.000
2069	164272	2	3.336	61.00	0.02432	-0.94076	0.000	4.593	-0.257	0.000	0.000	0.000	-1.000
2070	164339	1	5.122	61.00	0.02425	-0.93752	0.000	4.122	0.000	0.000	0.000	0.000	1.000
2071	164489	1	9.064	61.00	0.02432	-0.93826	0.000	8.064	0.000	0.000	0.000	0.000	1.000
2072	164590	1	7.614	61.00	0.02424	-0.94623	0.000	6.614	0.000	0.000	0.000	0.000	1.000
2073	164677	1	6.964	62.00	0.02423	-0.93531	0.000	5.964	0.000	0.000	0.000	0.000	1.000
2074	164793	2	1.617	61.00	0.02333	-0.94089	0.000	3.457	-0.840	0.000	0.000	0.000	-1.000
2075	164860	1	3.903	61.00	0.02482	-0.93955	0.000	2.903	0.000	0.000	0.000	0.000	1.000
2076	164916	1	4.677	62.00	0.02414	-0.94195	0.000	3.840	-0.163	0.000	0.000	0.000	1.000
2077	164961	2	1.031	61.00	0.02408	-0.93932	0.000	2.171	-0.140	0.000	0.000	0.000	-1.000
2078	165035	1	6.349	61.00	0.02421	-0.93866	0.000	5.349	0.000	0.000	0.000	0.000	1.000
2079	165183	1	10.298	62.00	0.02418	-0.93822	0.000	9.333	-0.036	0.000	0.000	0.000	1.000
2080	165296	2	6.638	61.00	0.02383	-0.94305	0.000	7.672	-0.034	0.000	0.000	0.000	-1.000
2081	165339	2	0.995	60.00	0.02437	-0.93650	0.000	1.995	0.000	0.000	0.000	0.000	-1.000
2082	165411	1	3.649	61.00	0.02438	-0.94045	0.000	2.982	-0.333	0.000	0.000	0.000	1.000
2083	165478	1	4.779	61.00	0.02479	-0.93477	0.000	4.112	-0.333	0.000	0.000	0.000	1.000
2084	165565	1	6.219	62.00	0.02348	-0.94379	0.000	5.219	0.000	0.000	0.000	0.000	1.000
2085	165699	1	7.040	63.00	0.02394	-0.93853	0.000	6.040	0.000	0.000	0.000	0.000	1.000
2086	165750	2	2.286	63.00	0.02478	-0.93112	0.000	3.286	0.000	0.000	0.000	0.000	-1.000
2087	165835	2	0.372	63.00	0.02416	-0.94122	0.000	2.151	-0.779	0.000	0.000	0.000	-1.000
2088	165911	1	4.999	63.00	0.02416	-0.94145	0.000	3.999	0.000	0.000	0.000	0.000	1.000
2089	165982	1	5.727	64.00	0.02401	-0.94476	0.000	4.727	0.000	0.000	0.000	0.000	1.000
2090	166038	1	5.636	64.00	0.02306	-0.94868	0.000	4.636	0.000	0.000	0.000	0.000	1.000
2091	166150	1	9.691	64.00	0.02369	-0.94319	0.000	8.691	0.000	0.000	0.000	0.000	1.000
2092	166225	1	5.320	64.00	0.02380	-0.94718	0.000	4.320	0.000	0.000	0.000	0.000	1.000
2093	166309	2	4.867	64.00	0.02397	-0.94237	0.000	5.872	-0.005	0.000	0.000	0.000	-1.000
2094	166339	1	2.946	65.00	0.02325	-0.94055	0.000	1.946	0.000	0.000	0.000	0.000	1.000
2095	166372	2	0.877	64.00	0.02341	-0.93980	0.000	1.877	0.000	0.000	0.000	0.000	-1.000
2096	166587	1	4.901	65.00	0.02373	-0.94029	0.000	4.053	-0.152	0.000	0.000	0.000	1.000
2097	166715	1	9.028	65.00	0.02386	-0.94603	0.000	8.028	0.000	0.000	0.000	0.000	1.000
2098	166865	1	11.427	66.00	0.02420	-0.93544	0.000	10.427	0.000	0.000	0.000	0.000	1.000
2099	166935	2	2.275	65.00	0.02381	-0.93729	0.000	3.552	-0.277	0.000	0.000	0.000	-1.000
2100	166986	2	2.014	64.00	0.02484	-0.94083	0.000	3.098	-0.084	0.000	0.000	0.000	-1.000
2101	167035	1	5.173	65.00	0.02437	-0.94470	0.000	4.173	0.000	0.000	0.000	0.000	1.000
2102	167097	1	4.337	66.00	0.02361	-0.95169	0.000	3.343	-0.006	0.000	0.000	0.000	1.000
2103	167146	1	5.595	67.00	0.02326	-0.93831	0.000	4.595	0.000	0.000	0.000	0.000	1.000
2104	167189	2	2.044	66.00	0.02405	-0.93164	0.000	3.044	0.000	0.000	0.000	0.000	-1.000
2105	167219	2	1.662	66.00	0.02420	-0.94512	0.000	2.662	0.000	0.000	0.000	0.000	-1.000
2106	167249	1	3.912	66.00	0.02529	-0.94485	0.000	2.912	0.000	0.000	0.000	0.000	1.000
2107	167288	1	4.179	67.00	0.02308	-0.95050	0.000	3.179	0.000	0.000	0.000	0.000	1.000
2108	167361	2	4.146	66.00	0.02360	-0.94641	0.000	5.146	0.000	0.000	0.000	0.000	-1.000
2109	167400	1	5.156	67.00	0.02360	-0.94069	0.000	4.156	0.000	0.000	0.000	0.000	1.000
2110	167451	2	2.046	67.00	0.02306	-0.94725	0.000	3.215	-0.169	0.000	0.000	0.000	-1.000
2111	167509	1	6.527	68.00	0.02369	-0.93766	0.000	5.527	0.000	0.000	0.000	0.000	1.000
2112	167542	2	1.809	67.00	0.02376	-0.95783	0.000	2.809	0.000	0.000	0.000	0.000	-1.000
2113	167579	1	2.764	67.00	0.02450	-0.94436	0.000	1.764	0.000	0.000	0.000	0.000	1.000
2114	167658	1	8.211	67.00	0.02394	-0.95127	0.000	7.211	0.000	0.000	0.000	0.000	1.000
2115	167736	1	8.271	67.00	0.02418	-0.95172	0.000	7.271	0.000	0.000	0.000	0.000	1.000
2116	167782	1	2.886	67.00	0.02421	-0.94007	0.000	2.659	-0.773	0.000	0.000	0.000	1.000
2117	167846	1	4.366	67.00	0.02386	-0.94286	0.000	3.366	0.000	0.000	0.000	0.000	1.000
2118	167983	1	8.872	67.00	0.02412	-0.94186	0.000	7.872	0.000	0.000	0.000	0.000	1.000
2119	168013	1	3.703	67.00	0.02394	-0.93556	0.000	2.703	0.000	0.000	0.000	0.000	1.000
2120	168045	1	3.523	67.00	0.02496	-0.94639	0.000	2.523	0.000	0.000	0.000	0.000	1.000
2121	168162	1	7.676	68.00	0.02444	-0.94030	0.000	6.688	-0.012	0.000	0.000	0.000	1.000
2122	168231	1	5.703	68.00	0.02249	-0.94491	0.000	4.703	0.000	0.000	0.000	0.000	1.000
2123	168392	1	11.254	68.00	0.02383	-0.93947	0.000	10.254	0.000	0.000	0.000	0.000	1.000
2124	168519	2	4.998	68.00	0.02389	-0.94641	0.000	5.998	0.000	0.000	0.000	0.000	-1.000
2125	168674	1	5.543	69.00	0.02419	-0.93784	0.000	4.671	-0.128	0.000	0.000	0.000	1.000
2126	168741	1	5.415	69.00	0.02417	-0.92740	0.000	4.415	0.000	0.000	0.000	0.000	1.000
2127	168775	1	3.371	69.00	0.02384	-0.93930	0.000	2.371	0.000	0.000	0.000	0.000	1.000
2128	168813	1	2.681	69.00	0.02349	-0.94245	0.000	2.152	-0.470	0.000	0.000	0.000	1.000
2129	168922	1	8.650	70.00	0.02366	-0.94295	0.000	7.650	0.000	0.000	0.000	0.000	1.000
2130	168954	2	1.328	69.00	0.02334	-0.95096	0.000	2.328	0.000	0.000	0.000	0.000	-1.000
2131	168984	1	4.054	70.00	0.02326	-0.95270	0.000	3.054	0.000	0.000	0.000	0.000	1.000
2132	169014	1	3.612	71.00	0.02459	-0.94707	0.000	2.612	0.000	0.000	0.000	0.000	1.000
2133	169120	1	9.220	72.00	0.02377	-0.94127	0.000	8.231	-0.011	0.000	0.000	0.000	1.000
2134	169221	2	4.412	71.00	0.02422	-0.94145	0.000	5.412	0.000	0.000	0.000	0.000	-1.000
2135	169251	5	0.178	70.00	0.02287	-0.93819	0.000	0.196	-0.017	0.000	0.000	0.000	0.000
2136	169281	5	1.131	69.00	0.02349	-0.95342	0.000	1.131	0.000	0.000	0.000	0.000	0.000
2137	169349	2	-0.363	68.00	0.02420	-0.93826	0.000	0.912	-0.275	0.000	0.000	0.000	-1.000
2138	169427	1	6.282	69.00	0.02380	-0.94704	0.000	5.282	0.000	0.000	0.000	0.000	1.000
2139	169598	1	12.742	69.00	0.02359	-0.94049	0.000	11.780	-0.038	0.000	0.000	0.000	1.000
2140	169646	1	5.434	69.00	0.02420	-0.94555	0.000	4.434	0.000	0.000	0.000	0.000	1.000
2141	169729	1	7.211	69.00	0.02358	-0.93907	0.000	6.211	0.000	0.000	0.000	0.000	1.000
2142	169835	2	2.940	68.00	0.02320	-0.94046	0.000	4.051	-0.111	0.000	0.000	0.000	-1.000
2143	169865	1	2.873	68.00	0.02372	-0.94245	0.000	1.873	0.000	0.000	0.000	0.000	1.000
2144	169912	2	2.635	67.00	0.02262	-0.94283	0.000	3.635	0.000	0.000	0.000	0.000	-1.000
2145	169971	1	4.775	68.00	0.02448	-0.94299	0.000	3.775	0.000	0.000	0.000	0.000	1.000
2146	170012	1	3.827	68.00	0.02400	-0.94309	0.000	2.827	0.000	0.000	0.000	0.000	1.000
2147	170104	1	6.472	69.00	0.02406	-0.93686	0.000	5.472	0.000	0.000	0.000	0.000	1.000
2148	170184	1	6.354	69.00	0.02353	-0.94211	0.000	5.354	0.000	0.000	0.000	0.000	1.000
2149	170241	1	5.203	69.00	0.02477	-0.94189	0.000	4.203	0.000	0.000	0.000	0.000	1.000
2150	170275	2	-0.839	68.00	0.02452	-0.94517	0.000	0.487	-0.325	0.000	0.000	0.000	-1.000
2151	170365	1	3.094	68.00	0.02447	-0.94058	0.000	3.761	-1.667	0.000	0.000	0.000	1.000
2152	170414	1	4.022	68.00	0.02441	-0.94652	0.000	3.022	0.000	0.000	0.000	0.000	1.000
2153	170464	2	1.807	67.00	0.02395	-0.94758	0.000	2.996	-0.189	0.000	0.000	0.000	-1.000
2154	170506	1	3.330	67.00	0.02406	-0.94047	0.000	2.419	-0.090	0.000	0.000	0.000	1.000
2155	170536	2	0.257	66.00	0.02414	-0.94595	0.000	1.292	-0.035	0.000	0.000	0.000	-1.000
2156	170566	2	0.277	65.00	0.02299	-0.94437	0.000	1.277	0.000	0.000	0.000	0.000	-1.000
2157	170630	2	2.830	65.00	0.02355	-0.94431	0.000	4.517	-0.687	0.000	0.000	0.000	-1.000
2158	170675	2	2.699	64.00	0.02373	-0.93564	0.000	3.706	-0.007	0.000	0.000	0.000	-1.000
2159	170736	1	4.638	64.00	0.02350	-0.94072	0.000	3.638	0.000	0.000	0.000	0.000	1.000
2160	170777	2	0.496	63.00	0.02374	-0.93673	0.000	1.786	-0.290	0.000	0.000	0.000	-1.000
2161	170895	1	4.496	64.00	0.02431	-0.93991	0.000	4.090	-0.594	0.000	0.000	0.000	1.000
2162	171010	2	5.523	64.00	0.02449	-0.94428	0.000	6.950	-0.428	0.000	0.000	0.000	-1.000
2163	171090	1	7.367	65.00	0.02484	-0.94496	0.000	6.367	0.000	0.000	0.000	0.000	1.000
2164	171120	2	-1.670	65.00	0.02499	-0.93357	0.000	-0.147	-0.523	0.000	0.000	0.000	-1.000
2165	171151	5	-2.280	65.00	0.02360	-0.94379	0.000	-1.147	-1.133	0.000	0.000	0.000	0.000
2166	171181	5	0.372	64.00	0.02341	-0.94549	0.000	0.493	-0.121	0.000	0.000	0.000	0.000
2167	171225	5	1.306	63.00	0.02435	-0.94265	0.000	1.325	-0.019	0.000	0.000	0.000	0.000
2168	171269	2	0.709	63.00	0.02401	-0.93805	0.000	1.865	-0.156	0.000	0.000	0.000	-1.000
2169	171299	2	-0.629	63.00	0.02509	-0.94504	0.000	0.371	0.000	0.000	0.000	0.000	-1.000
2170	171385	1	4.516	63.00	0.02434	-0.94882	0.000	4.093	-0.577	0.000	0.000	0.000	1.000
2171	171425	1	4.914	63.00	0.02397	-0.94279	0.000	3.914	0.000	0.000	0.000	0.000	1.000
2172	171509	1	9.582	63.00	0.02454	-0.94169	0.000	8.582	0.000	0.000	0.000	0.000	1.000
2173	171610	1	9.003	63.00	0.02477	-0.94014	0.000	8.003	0.000	0.000	0.000	0.000	1.000
2174	171659	1	4.911	64.00	0.02366	-0.94608	0.000	3.911	0.000	0.000	0.000	0.000	1.000
2175	171763	2	4.856	63.00	0.02381	-0.94573	0.000	5.873	-0.017	0.000	0.000	0.000	-1.000
2176	171821	1	4.569	63.00	0.02315	-0.95053	0.000	3.608	-0.039	0.000	0.000	0.000	1.000
2177	171901	1	6.302	64.00	0.02471	-0.94082	0.000	5.330	-0.028	0.000	0.000	0.000	1.000
2178	171939	1	5.532	64.00	0.02421	-0.94688	0.000	4.532	0.000	0.000	0.000	0.000	1.000
2179	171977	2	3.074	63.00	0.02379	-0.94590	0.000	4.074	0.000	0.000	0.000	0.000	-1.000
2180	172033	1	7.393	64.00	0.02451	-0.95638	0.000	6.393	0.000	0.000	0.000	0.000	1.000
2181	172070	1	5.454	65.00	0.02459	-0.94538	0.000	4.454	0.000	0.000	0.000	0.000	1.000
2182	172136	2	3.316	64.00	0.02407	-0.94877	0.000	4.425	-0.109	0.000	0.000	0.000	-1.000
2183	172231	2	0.723	63.00	0.02442	-0.94448	0.000	1.768	-0.045	0.000	0.000	0.000	-1.000
2184	172328	2	1.909	62.00	0.02377	-0.94689	0.000	2.909	0.000	0.000	0.000	0.000	-1.000
2185	172478	1	6.280	62.00	0.02395	-0.94760	0.000	5.280	0.000	0.000	0.000	0.000	1.000
2186	172569	2	1.122	62.00	0.02480	-0.95129	0.000	2.129	-0.007	0.000	0.000	0.000	-1.000
2187	172599	2	-0.044	62.00	0.02453	-0.93766	0.000	1.508	-0.552	0.000	0.000	0.000	-1.000
2188	172630	5	-0.072	61.00	0.02438	-0.94077	0.000	0.017	-0.089	0.000	0.000	0.000	0.000
2189	172683	2	0.497	60.00	0.02536	-0.94954	0.000	2.123	-0.626	0.000	0.000	0.000	-1.000
2190	172720	1	4.650	60.00	0.02474	-0.94796	0.000	3.650	0.000	0.000	0.000	0.000	1.000
2191	172750	2	1.630	59.00	0.02549	-0.95052	0.000	2.630	0.000	0.000	0.000	0.000	-1.000
2192	172797	1	3.649	59.00	0.02370	-0.94118	0.000	2.716	-0.067	0.000	0.000	0.000	1.000
2193	172834	1	4.916	60.00	0.02465	-0.93693	0.000	3.916	0.000	0.000	0.000	0.000	1.000
2194	172864	5	1.145	59.00	0.02354	-0.93606	0.000	1.197	-0.052	0.000	0.000	0.000	0.000
2195	172956	1	4.920	60.00	0.02412	-0.94619	0.000	4.111	-0.190	0.000	0.000	0.000	1.000
2196	173029	1	5.078	60.00	0.02403	-0.94462	0.000	5.296	-1.218	0.000	0.000	0.000	1.000
2197	173204	1	8.003	60.00	0.02487	-0.94514	0.000	8.022	-1.018	0.000	0.000	0.000	1.000
2198	173246	2	0.301	59.00	0.02463	-0.93266	0.000	1.557	-0.257	0.000	0.000	0.000	-1.000
2199	173290	1	4.720	60.00	0.02352	-0.94746	0.000	3.720	0.000	0.000	0.000	0.000	1.000
2200	173327	2	1.415	60.00	0.02382	-0.94458	0.000	2.415	0.000	0.000	0.000	0.000	-1.000
2201	173357	1	2.795	60.00	0.02464	-0.93146	0.000	1.970	-0.175	0.000	0.000	0.000	1.000
2202	173414	1	5.692	60.00	0.02435	-0.93818	0.000	4.692	0.000	0.000	0.000	0.000	1.000
2203	173475	1	5.444	60.00	0.02544	-0.93389	0.000	4.444	0.000	0.000	0.000	0.000	1.000
2204	173520	2	2.712	60.00	0.02426	-0.95657	0.000	3.712	0.000	0.000	0.000	0.000	-1.000
2205	173567	1	6.552	61.00	0.02545	-0.94371	0.000	5.552	0.000	0.000	0.000	0.000	1.000
2206	173605	2	2.174	60.00	0.02546	-0.93604	0.000	3.174	0.000	0.000	0.000	0.000	-1.000
2207	173635	1	2.927	60.00	0.02458	-0.95355	0.000	1.927	0.000	0.000	0.000	0.000	1.000
2208	173684	2	3.429	60.00	0.02458	-0.94645	0.000	4.429	0.000	0.000	0.000	0.000	-1.000
2209	173760	1	7.394	60.00	0.02524	-0.94183	0.000	6.400	-0.006	0.000	0.000	0.000	1.000
2210	173892	1	12.787	61.00	0.02462	-0.94151	0.000	11.787	0.000	0.000	0.000	0.000	1.000
2211	173972	1	3.499	61.00	0.02499	-0.94424	0.000	3.273	-0.774	0.000	0.000	0.000	1.000
2212	174074	1	5.678	62.00	0.02430	-0.94489	0.000	4.776	-0.099	0.000	0.000	0.000	1.000
2213	174149	1	5.750	62.00	0.02483	-0.94350	0.000	4.750	0.000	0.000	0.000	0.000	1.000
2214	174241	1	4.436	62.00	0.02400	-0.93768	0.000	3.436	0.000	0.000	0.000	0.000	1.000
2215	174296	1	5.784	62.00	0.02301	-0.95107	0.000	4.784	0.000	0.000	0.000	0.000	1.000
2216	174380	2	3.710	61.00	0.02483	-0.94338	0.000	4.710	0.000	0.000	0.000	0.000	-1.000
2217	174410	1	3.530	61.00	0.02425	-0.94383	0.000	2.549	-0.019	0.000	0.000	0.000	1.000
2218	174453	1	4.957	61.00	0.02498	-0.94378	0.000	3.982	-0.025	0.000	0.000	0.000	1.000
2219	174518	1	4.245	61.00	0.02407	-0.94833	0.000	3.287	-0.042	0.000	0.000	0.000	1.000
2220	174567	2	0.384	60.00	0.02451	-0.94882	0.000	1.384	0.000	0.000	0.000	0.000	-1.000
2221	174614	1	3.686	60.00	0.02324	-0.94446	0.000	2.816	-0.130	0.000	0.000	0.000	1.000
2222	174697	1	6.679	60.00	0.02430	-0.94785	0.000	5.679	0.000	0.000	0.000	0.000	1.000
2223	174738	2	0.572	59.00	0.02360	-0.93884	0.000	1.572	0.000	0.000	0.000	0.000	-1.000
2224	174800	1	3.431	60.00	0.02425	-0.93790	0.000	2.947	-0.517	0.000	0.000	0.000	1.000
2225	174866	1	4.232	60.00	0.02427	-0.94556	0.000	3.851	-0.619	0.000	0.000	0.000	1.000
2226	174913	1	4.913	60.00	0.02412	-0.94869	0.000	3.913	0.000	0.000	0.000	0.000	1.000
2227	175000	1	8.546	60.00	0.02531	-0.93509	0.000	7.546	0.000	0.000	0.000	0.000	1.000
2228	175054	2	2.554	59.00	0.02405	-0.94863	0.000	3.647	-0.093	0.000	0.000	0.000	-1.000
2229	175105	1	6.538	59.00	0.02429	-0.95061	0.000	5.538	0.000	0.000	0.000	0.000	1.000
2230	175164	1	6.345	60.00	0.02508	-0.93312	0.000	5.345	0.000	0.000	0.000	0.000	1.000
2231	175194	1	3.338	60.00	0.02435	-0.95340	0.000	2.338	0.000	0.000	0.000	0.000	1.000
2232	175275	1	3.633	60.00	0.02317	-0.95180	0.000	3.457	-0.824	0.000	0.000	0.000	1.000
2233	175501	1	8.708	60.00	0.02407	-0.94290	0.000	7.976	-0.268	0.000	0.000	0.000	1.000
2234	175583	1	8.042	61.00	0.02482	-0.94552	0.000	7.042	0.000	0.000	0.000	0.000	1.000
2235	175613	1	2.783	62.00	0.02437	-0.93709	0.000	2.287	-0.505	0.000	0.000	0.000	1.000
2236	175665	1	5.501	63.00	0.02558	-0.94707	0.000	4.501	0.000	0.000	0.000	0.000	1.000
2237	175695	1	3.455	64.00	0.02544	-0.95247	0.000	2.455	0.000	0.000	0.000	0.000	1.000
2238	175766	1	8.678	64.00	0.02386	-0.94697	0.000	7.678	0.000	0.000	0.000	0.000	1.000
2239	175811	1	4.553	64.00	0.02533	-0.94987	0.000	3.553	0.000	0.000	0.000	0.000	1.000
2240	175879	1	7.097	64.00	0.02440	-0.95010	0.000	6.123	-0.026	0.000	0.000	0.000	1.000
2241	175911	1	3.461	64.00	0.02228	-0.95504	0.000	2.461	0.000	0.000	0.000	0.000	1.000
2242	176001	1	8.617	65.00	0.02442	-0.94709	0.000	7.617	0.000	0.000	0.000	0.000	1.000
2243	176045	2	2.221	64.00	0.02482	-0.95878	0.000	3.667	-0.446	0.000	0.000	0.000	-1.000
2244	176126	1	7.338	65.00	0.02411	-0.95616	0.000	6.483	-0.145	0.000	0.000	0.000	1.000
2245	176199	2	5.952	64.00	0.02438	-0.93592	0.000	6.952	0.000	0.000	0.000	0.000	-1.000
2246	176250	2	0.320	63.00	0.02404	-0.95351	0.000	1.392	-0.071	0.000	0.000	0.000	-1.000
2247	176328	1	6.323	63.00	0.02448	-0.94292	0.000	5.326	-0.003	0.000	0.000	0.000	1.000
2248	176398	2	5.239	62.00	0.02409	-0.95398	0.000	6.354	-0.115	0.000	0.000	0.000	-1.000
2249	176482	1	5.341	62.00	0.02439	-0.94774	0.000	5.362	-1.021	0.000	0.000	0.000	1.000
2250	176541	2	3.313	62.00	0.02368	-0.95645	0.000	4.313	0.000	0.000	0.000	0.000	-1.000
2251	176598	1	5.366	62.00	0.02392	-0.95608	0.000	4.696	-0.330	0.000	0.000	0.000	1.000
2252	176649	1	4.449	62.00	0.02355	-0.95220	0.000	3.449	0.000	0.000	0.000	0.000	1.000
2253	176731	2	2.901	62.00	0.02414	-0.95632	0.000	3.936	-0.035	0.000	0.000	0.000	-1.000
2254	176766	2	2.452	61.00	0.02471	-0.94358	0.000	3.452	0.000	0.000	0.000	0.000	-1.000
2255	176813	1	5.108	62.00	0.02577	-0.95517	0.000	4.108	0.000	0.000	0.000	0.000	1.000
2256	176866	1	4.153	63.00	0.02590	-0.94727	0.000	3.153	0.000	0.000	0.000	0.000	1.000
2257	177001	1	8.854	64.00	0.02510	-0.94923	0.000	7.854	0.000	0.000	0.000	0.000	1.000
2258	177106	2	4.465	64.00	0.02429	-0.95707	0.000	5.465	0.000	0.000	0.000	0.000	-1.000
2259	177159	1	1.819	64.00	0.02423	-0.95357	0.000	1.706	-0.887	0.000	0.000	0.000	1.000
2260	177198	1	3.543	65.00	0.02377	-0.95191	0.000	2.543	0.000	0.000	0.000	0.000	1.000
2261	177360	2	4.039	64.00	0.02454	-0.95398	0.000	6.354	-1.316	0.000	0.000	0.000	-1.000
2262	177461	1	6.599	65.00	0.02454	-0.95196	0.000	5.599	0.000	0.000	0.000	0.000	1.000
2263	177495	1	3.195	65.00	0.02433	-0.95226	0.000	2.195	0.000	0.000	0.000	0.000	1.000
2264	177527	2	1.420	65.00	0.02400	-0.95596	0.000	2.420	0.000	0.000	0.000	0.000	-1.000
2265	177585	1	5.030	66.00	0.02420	-0.94920	0.000	4.030	0.000	0.000	0.000	0.000	1.000
2266	177685	1	8.996	67.00	0.02400	-0.95790	0.000	7.996	0.000	0.000	0.000	0.000	1.000
2267	177766	1	7.566	68.00	0.02388	-0.95361	0.000	6.566	0.000	0.000	0.000	0.000	1.000
2268	177855	1	7.099	69.00	0.02486	-0.94950	0.000	6.192	-0.093	0.000	0.000	0.000	1.000
2269	177958	2	6.353	69.00	0.02496	-0.95535	0.000	7.389	-0.036	0.000	0.000	0.000	-1.000
2270	178011	1	2.853	69.00	0.02415	-0.95882	0.000	1.853	0.000	0.000	0.000	0.000	1.000
2271	178047	1	4.820	69.00	0.02458	-0.96230	0.000	3.820	0.000	0.000	0.000	0.000	1.000
2272	178120	1	7.195	69.00	0.02388	-0.95200	0.000	6.195	0.000	0.000	0.000	0.000	1.000
2273	178186	1	7.267	69.00	0.02479	-0.95770	0.000	6.267	0.000	0.000	0.000	0.000	1.000
2274	178253	1	6.689	69.00	0.02485	-0.96096	0.000	5.689	0.000	0.000	0.000	0.000	1.000
2275	178316	2	2.951	69.00	0.02393	-0.96509	0.000	4.225	-0.274	0.000	0.000	0.000	-1.000
2276	178354	2	0.673	68.00	0.02400	-0.96038	0.000	1.725	-0.052	0.000	0.000	0.000	-1.000
2277	178405	2	2.760	67.00	0.02402	-0.96256	0.000	3.760	0.000	0.000	0.000	0.000	-1.000
2278	178435	1	2.961	67.00	0.02460	-0.95695	0.000	1.961	0.000	0.000	0.000	0.000	1.000
2279	178465	2	-0.977	67.00	0.02478	-0.95383	0.000	1.130	-1.107	0.000	0.000	0.000	-1.000
2280	178539	2	2.639	66.00	0.02375	-0.95568	0.000	3.639	0.000	0.000	0.000	0.000	-1.000
2281	178569	1	2.869	66.00	0.02535	-0.96068	0.000	1.869	0.000	0.000	0.000	0.000	1.000
2282	178674	1	4.714	67.00	0.02408	-0.96086	0.000	3.719	-0.005	0.000	0.000	0.000	1.000
2283	178715	1	3.836	68.00	0.02438	-0.95674	0.000	2.836	0.000	0.000	0.000	0.000	1.000
2284	178822	1	8.492	69.00	0.02461	-0.95707	0.000	7.492	0.000	0.000	0.000	0.000	1.000
2285	178981	1	11.944	69.00	0.02372	-0.96276	0.000	10.944	0.000	0.000	0.000	0.000	1.000
2286	179070	1	9.150	70.00	0.02383	-0.96363	0.000	8.150	-0.000	0.000	0.000	0.000	1.000
2287	179134	1	6.337	71.00	0.02443	-0.96087	0.000	5.337	0.000	0.000	0.000	0.000	1.000
2288	179194	1	6.372	72.00	0.02421	-0.96122	0.000	5.543	-0.171	0.000	0.000	0.000	1.000
2289	179262	1	5.332	73.00	0.02382	-0.96303	0.000	4.332	0.000	0.000	0.000	0.000	1.000
2290	179403	1	10.786	73.00	0.02412	-0.95842	0.000	9.829	-0.044	0.000	0.000	0.000	1.000
2291	179471	2	3.345	73.00	0.02416	-0.95601	0.000	4.830	-0.485	0.000	0.000	0.000	-1.000
2292	179502	1	3.730	73.00	0.02312	-0.96781	0.000	2.730	0.000	0.000	0.000	0.000	1.000
2293	179541	2	1.082	72.00	0.02489	-0.95490	0.000	2.381	-0.300	0.000	0.000	0.000	-1.000
2294	179593	1	6.675	73.00	0.02446	-0.95933	0.000	5.675	0.000	0.000	0.000	0.000	1.000
2295	179693	1	9.535	73.00	0.02422	-0.96239	0.000	8.696	-0.161	0.000	0.000	0.000	1.000
2296	179754	2	4.175	72.00	0.02407	-0.96857	0.000	5.176	-0.001	0.000	0.000	0.000	-1.000
2297	179784	1	2.879	72.00	0.02508	-0.96536	0.000	1.898	-0.019	0.000	0.000	0.000	1.000
2298	179853	1	5.418	73.00	0.02384	-0.95628	0.000	5.569	-1.152	0.000	0.000	0.000	1.000
2299	179894	2	0.564	72.00	0.02385	-0.94966	0.000	1.574	-0.010	0.000	0.000	0.000	-1.000
2300	179956	1	5.183	73.00	0.02441	-0.95367	0.000	4.183	0.000	0.000	0.000	0.000	1.000
2301	179996	2	1.809	72.00	0.02445	-0.95637	0.000	2.809	0.000	0.000	0.000	0.000	-1.000
2302	180037	2	1.301	71.00	0.02390	-0.96598	0.000	2.606	-0.304	0.000	0.000	0.000	-1.000
2303	180067	1	2.114	71.00	0.02234	-0.95996	0.000	1.781	-0.667	0.000	0.000	0.000	1.000
2304	180128	2	0.917	71.00	0.02402	-0.94897	0.000	3.667	-1.751	0.000	0.000	0.000	-1.000
2305	180158	2	-1.368	70.00	0.02542	-0.95350	0.000	-0.015	-0.353	0.000	0.000	0.000	-1.000
2306	180188	5	1.154	70.00	0.02401	-0.94933	0.000	1.154	0.000	0.000	0.000	0.000	0.000
2307	180239	5	1.379	69.00	0.02506	-0.95508	0.000	1.379	0.000	0.000	0.000	0.000	0.000
2308	180436	1	4.409	70.00	0.02496	-0.95790	0.000	4.089	-0.680	0.000	0.000	0.000	1.000
2309	180469	2	1.594	69.00	0.02411	-0.96344	0.000	2.594	0.000	0.000	0.000	0.000	-1.000
2310	180499	5	0.160	68.00	0.02449	-0.95046	0.000	0.202	-0.042	0.000	0.000	0.000	0.000
2311	180529	5	0.117	67.00	0.02390	-0.95360	0.000	0.321	-0.204	0.000	0.000	0.000	0.000
2312	180565	5	0.278	66.00	0.02592	-0.94343	0.000	0.278	0.000	0.000	0.000	0.000	0.000
2313	180724	1	5.189	66.00	0.02456	-0.95658	0.000	4.189	0.000	0.000	0.000	0.000	1.000
2314	180755	1	3.671	66.00	0.02507	-0.94719	0.000	2.671	0.000	0.000	0.000	0.000	1.000
2315	180789	2	1.048	65.00	0.02484	-0.96528	0.000	2.438	-0.390	0.000	0.000	0.000	-1.000
2316	180883	1	4.991	66.00	0.02471	-0.95684	0.000	3.991	0.000	0.000	0.000	0.000	1.000
2317	180966	1	7.818	66.00	0.02537	-0.95771	0.000	6.818	0.000	0.000	0.000	0.000	1.000
2318	181018	1	3.512	66.00	0.02413	-0.95908	0.000	2.512	0.000	0.000	0.000	0.000	1.000
2319	181080	1	5.026	66.00	0.02342	-0.95737	0.000	4.026	0.000	0.000	0.000	0.000	1.000
2320	181159	1	6.697	67.00	0.02391	-0.96067	0.000	5.739	-0.043	0.000	0.000	0.000	1.000
2321	181189	2	0.053	66.00	0.02538	-0.95292	0.000	1.170	-0.116	0.000	0.000	0.000	-1.000
2322	181219	5	-0.093	65.00	0.02490	-0.96228	0.000	0.023	-0.116	0.000	0.000	0.000	0.000
2323	181254	5	-0.336	65.00	0.02557	-0.95419	0.000	0.215	-0.551	0.000	0.000	0.000	0.000
2324	181336	2	0.190	64.00	0.02467	-0.95362	0.000	1.190	0.000	0.000	0.000	0.000	-1.000
2325	181416	1	2.468	64.00	0.02466	-0.95371	0.000	2.967	-1.499	0.000	0.000	0.000	1.000
2326	181481	1	6.312	64.00	0.02466	-0.95546	0.000	5.560	-0.248	0.000	0.000	0.000	1.000
2327	181513	2	0.728	63.00	0.02475	-0.96050	0.000	2.002	-0.274	0.000	0.000	0.000	-1.000
2328	181543	1	2.727	64.00	0.02471	-0.94998	0.000	1.727	0.000	0.000	0.000	0.000	1.000
2329	181581	2	1.288	63.00	0.02428	-0.95324	0.000	2.288	0.000	0.000	0.000	0.000	-1.000
2330	181647	1	4.706	63.00	0.02471	-0.96561	0.000	4.074	-0.369	0.000	0.000	0.000	1.000
2331	181710	2	3.744	62.00	0.02460	-0.95647	0.000	4.751	-0.007	0.000	0.000	0.000	-1.000
2332	181743	1	3.838	62.00	0.02496	-0.95756	0.000	2.838	0.000	0.000	0.000	0.000	1.000
2333	181799	1	6.796	62.00	0.02463	-0.95304	0.000	5.796	0.000	0.000	0.000	0.000	1.000
2334	181912	1	9.597	62.00	0.02460	-0.95377	0.000	8.597	0.000	0.000	0.000	0.000	1.000
2335	181970	2	0.779	61.00	0.02483	-0.95020	0.000	2.295	-0.516	0.000	0.000	0.000	-1.000
2336	182014	1	5.151	61.00	0.02452	-0.96347	0.000	4.151	0.000	0.000	0.000	0.000	1.000
2337	182135	2	7.629	60.00	0.02412	-0.95976	0.000	8.799	-0.170	0.000	0.000	0.000	-1.000
2338	182187	2	1.217	59.00	0.02467	-0.94899	0.000	2.217	0.000	0.000	0.000	0.000	-1.000
2339	182237	2	0.288	58.00	0.02437	-0.96582	0.000	1.298	-0.010	0.000	0.000	0.000	-1.000
2340	182330	1	6.172	58.00	0.02422	-0.95639	0.000	5.276	-0.103	0.000	0.000	0.000	1.000
2341	182397	1	7.048	58.00	0.02435	-0.96092	0.000	6.048	0.000	0.000	0.000	0.000	1.000
2342	182477	1	6.446	58.00	0.02476	-0.95843	0.000	5.446	0.000	0.000	0.000	0.000	1.000
2343	182544	2	3.506	58.00	0.02418	-0.95933	0.000	4.506	0.000	0.000	0.000	0.000	-1.000
2344	182643	1	5.039	58.00	0.02546	-0.95716	0.000	4.103	-0.064	0.000	0.000	0.000	1.000
2345	182685	1	3.053	59.00	0.02321	-0.96665	0.000	2.118	-0.065	0.000	0.000	0.000	1.000
2346	182800	1	8.815	60.00	0.02376	-0.95812	0.000	7.815	0.000	0.000	0.000	0.000	1.000
2347	182851	1	4.554	60.00	0.02447	-0.95267	0.000	3.560	-0.006	0.000	0.000	0.000	1.000
2348	182931	1	5.597	61.00	0.02460	-0.95685	0.000	4.623	-0.026	0.000	0.000	0.000	1.000
2349	182974	2	1.076	60.00	0.02516	-0.95615	0.000	2.480	-0.404	0.000	0.000	0.000	-1.000
2350	183004	1	2.799	61.00	0.02299	-0.95948	0.000	1.799	0.000	0.000	0.000	0.000	1.000
2351	183069	1	4.487	61.00	0.02402	-0.96541	0.000	3.497	-0.009	0.000	0.000	0.000	1.000
2352	183099	2	0.978	60.00	0.02679	-0.95809	0.000	1.978	0.000	0.000	0.000	0.000	-1.000
2353	183129	5	-0.993	60.00	0.02529	-0.95533	0.000	-0.993	0.000	0.000	0.000	0.000	0.000
2354	183164	2	-0.140	60.00	0.02462	-0.96090	0.000	1.412	-0.552	0.000	0.000	0.000	-1.000
2355	183194	2	-1.749	59.00	0.02482	-0.95588	0.000	-0.372	-0.377	0.000	0.000	0.000	-1.000
2356	183282	2	0.980	58.00	0.02491	-0.96415	0.000	2.430	-0.450	0.000	0.000	0.000	-1.000
2357	183329	1	2.792	58.00	0.02485	-0.95029	0.000	1.792	0.000	0.000	0.000	0.000	1.000
2358	183362	2	1.062	58.00	0.02487	-0.96366	0.000	2.062	0.000	0.000	0.000	0.000	-1.000
2359	183392	2	0.746	57.00	0.02536	-0.96212	0.000	1.746	0.000	0.000	0.000	0.000	-1.000
2360	183453	1	4.803	57.00	0.02499	-0.95369	0.000	3.803	0.000	0.000	0.000	0.000	1.000
2361	183553	1	8.860	58.00	0.02499	-0.95840	0.000	7.860	0.000	0.000	0.000	0.000	1.000
2362	183585	2	1.113	57.00	0.02677	-0.96582	0.000	2.113	0.000	0.000	0.000	0.000	-1.000
2363	183653	1	5.009	57.00	0.02457	-0.95317	0.000	4.009	0.000	0.000	0.000	0.000	1.000
2364	183729	1	6.768	58.00	0.02571	-0.95156	0.000	5.768	0.000	0.000	0.000	0.000	1.000
2365	183777	1	5.564	58.00	0.02411	-0.95475	0.000	4.564	0.000	0.000	0.000	0.000	1.000
2366	183807	1	3.981	58.00	0.02514	-0.96132	0.000	2.981	0.000	0.000	0.000	0.000	1.000
2367	183855	1	5.412	58.00	0.02483	-0.96234	0.000	4.412	0.000	0.000	0.000	0.000	1.000
2368	183898	2	3.614	57.00	0.02522	-0.95675	0.000	4.614	0.000	0.000	0.000	0.000	-1.000
2369	183953	1	4.573	58.00	0.02494	-0.96179	0.000	4.114	-0.541	0.000	0.000	0.000	1.000
2370	184064	1	8.091	58.00	0.02513	-0.95984	0.000	7.548	-0.458	0.000	0.000	0.000	1.000
2371	184117	1	6.138	58.00	0.02402	-0.95837	0.000	5.215	-0.077	0.000	0.000	0.000	1.000
2372	184256	1	8.539	58.00	0.02457	-0.96402	0.000	7.712	-0.173	0.000	0.000	0.000	1.000
2373	184314	2	2.740	57.00	0.02504	-0.95900	0.000	3.922	-0.182	0.000	0.000	0.000	-1.000
2374	184352	1	4.675	57.00	0.02535	-0.95819	0.000	3.675	0.000	0.000	0.000	0.000	1.000
2375	184401	2	3.122	57.00	0.02454	-0.95677	0.000	4.122	0.000	0.000	0.000	0.000	-1.000
2376	184464	1	4.894	58.00	0.02435	-0.96629	0.000	3.973	-0.079	0.000	0.000	0.000	1.000
2377	184507	1	5.097	59.00	0.02466	-0.96322	0.000	4.097	0.000	0.000	0.000	0.000	1.000
2378	184623	1	9.459	59.00	0.02503	-0.95721	0.000	8.594	-0.134	0.000	0.000	0.000	1.000
2379	184704	1	9.355	60.00	0.02505	-0.95285	0.000	8.355	0.000	0.000	0.000	0.000	1.000
2380	184734	5	-0.242	60.00	0.02358	-0.96078	0.000	-0.070	-0.172	0.000	0.000	0.000	0.000
2381	184764	2	-2.297	59.00	0.02547	-0.94763	0.000	-0.457	-0.840	0.000	0.000	0.000	-1.000
2382	184795	5	1.086	58.00	0.02528	-0.94381	0.000	1.090	-0.004	0.000	0.000	0.000	0.000
2383	184825	2	0.342	57.00	0.02496	-0.96485	0.000	1.357	-0.014	0.000	0.000	0.000	-1.000
2384	184870	2	0.616	56.00	0.02423	-0.95511	0.000	1.621	-0.005	0.000	0.000	0.000	-1.000
2385	184900	1	2.817	56.00	0.02350	-0.96946	0.000	1.817	0.000	0.000	0.000	0.000	1.000
2386	184958	1	5.779	56.00	0.02517	-0.95516	0.000	4.779	0.000	0.000	0.000	0.000	1.000
2387	185021	1	5.695	56.00	0.02405	-0.95113	0.000	4.695	0.000	0.000	0.000	0.000	1.000
2388	185096	1	7.569	56.00	0.02483	-0.95644	0.000	6.569	0.000	0.000	0.000	0.000	1.000
2389	185140	2	-0.984	55.00	0.02527	-0.94971	0.000	0.930	-0.914	0.000	0.000	0.000	-1.000
2390	185255	1	5.001	55.00	0.02530	-0.95286	0.000	4.001	0.000	0.000	0.000	0.000	1.000
2391	185285	2	0.187	55.00	0.02417	-0.95763	0.000	1.197	-0.010	0.000	0.000	0.000	-1.000
2392	185318	1	3.423	55.00	0.02361	-0.95727	0.000	2.425	-0.002	0.000	0.000	0.000	1.000
2393	185389	2	3.394	55.00	0.02485	-0.95131	0.000	4.437	-0.043	0.000	0.000	0.000	-1.000
2394	185419	1	2.918	55.00	0.02658	-0.95691	0.000	1.918	0.000	0.000	0.000	0.000	1.000
2395	185488	1	5.469	55.00	0.02515	-0.95040	0.000	4.469	0.000	0.000	0.000	0.000	1.000
2396	185566	2	3.264	55.00	0.02594	-0.95481	0.000	5.086	-0.822	0.000	0.000	0.000	-1.000
2397	185624	1	5.071	55.00	0.02545	-0.94443	0.000	4.071	0.000	0.000	0.000	0.000	1.000
2398	185670	1	4.846	55.00	0.02486	-0.94574	0.000	3.846	0.000	0.000	0.000	0.000	1.000
2399	185711	2	2.734	55.00	0.02425	-0.96143	0.000	3.734	0.000	0.000	0.000	0.000	-1.000
2400	185741	1	3.400	55.00	0.02633	-0.94043	0.000	2.520	-0.121	0.000	0.000	0.000	1.000
2401	185836	1	8.008	56.00	0.02531	-0.95088	0.000	7.008	0.000	0.000	0.000	0.000	1.000
2402	185940	1	8.002	57.00	0.02514	-0.95512	0.000	7.005	-0.003	0.000	0.000	0.000	1.000
2403	186024	2	5.664	56.00	0.02601	-0.94966	0.000	6.664	0.000	0.000	0.000	0.000	-1.000
2404	186054	1	2.842	57.00	0.02632	-0.94537	0.000	1.842	0.000	0.000	0.000	0.000	1.000
2405	186125	2	-0.833	57.00	0.02510	-0.95313	0.000	1.584	-1.418	0.000	0.000	0.000	-1.000
2406	186202	1	4.597	58.00	0.02572	-0.94965	0.000	3.599	-0.002	0.000	0.000	0.000	1.000
2407	186253	1	4.825	59.00	0.02464	-0.94863	0.000	3.825	0.000	0.000	0.000	0.000	1.000
2408	186394	1	9.536	59.00	0.02490	-0.95341	0.000	8.550	-0.014	0.000	0.000	0.000	1.000
2409	186481	1	5.064	60.00	0.02518	-0.94747	0.000	4.064	0.000	0.000	0.000	0.000	1.000
2410	186559	1	7.367	61.00	0.02549	-0.95396	0.000	6.369	-0.002	0.000	0.000	0.000	1.000
2411	186648	1	7.784	62.00	0.02457	-0.95328	0.000	6.784	0.000	0.000	0.000	0.000	1.000
2412	186755	1	8.360	63.00	0.02535	-0.95225	0.000	7.360	0.000	0.000	0.000	0.000	1.000
2413	186899	1	8.376	63.00	0.02507	-0.95513	0.000	8.200	-0.824	0.000	0.000	0.000	1.000
2414	186962	2	2.491	62.00	0.02529	-0.95557	0.000	3.846	-0.355	0.000	0.000	0.000	-1.000
2415	187048	1	4.248	63.00	0.02421	-0.94833	0.000	3.620	-0.373	0.000	0.000	0.000	1.000
2416	187131	1	6.109	63.00	0.02421	-0.94825	0.000	5.315	-0.207	0.000	0.000	0.000	1.000
2417	187199	1	4.947	63.00	0.02526	-0.95052	0.000	3.947	0.000	0.000	0.000	0.000	1.000
2418	187333	1	8.771	63.00	0.02478	-0.95000	0.000	7.771	0.000	0.000	0.000	0.000	1.000
2419	187448	1	9.718	63.00	0.02520	-0.94815	0.000	8.718	0.000	0.000	0.000	0.000	1.000
2420	187514	1	4.345	63.00	0.02545	-0.94262	0.000	3.417	-0.072	0.000	0.000	0.000	1.000
2421	187593	2	3.128	63.00	0.02460	-0.94538	0.000	4.138	-0.010	0.000	0.000	0.000	-1.000
2422	187630	1	2.764	64.00	0.02547	-0.94792	0.000	1.764	0.000	0.000	0.000	0.000	1.000
2423	187705	1	6.508	65.00	0.02458	-0.95517	0.000	5.522	-0.014	0.000	0.000	0.000	1.000
2424	187772	1	6.863	66.00	0.02393	-0.95200	0.000	5.863	0.000	0.000	0.000	0.000	1.000
2425	187846	1	5.667	66.00	0.02461	-0.95524	0.000	4.667	0.000	0.000	0.000	0.000	1.000
2426	187914	1	6.505	66.00	0.02465	-0.94913	0.000	5.505	0.000	0.000	0.000	0.000	1.000
2427	188002	2	5.697	66.00	0.02417	-0.95579	0.000	6.697	0.000	0.000	0.000	0.000	-1.000
2428	188035	2	0.555	65.00	0.02442	-0.93730	0.000	1.555	0.000	0.000	0.000	0.000	-1.000
2429	188080	2	1.218	65.00	0.02418	-0.94878	0.000	2.269	-0.051	0.000	0.000	0.000	-1.000
2430	188120	1	2.757	65.00	0.02514	-0.95508	0.000	1.757	0.000	0.000	0.000	0.000	1.000
2431	188180	1	6.636	66.00	0.02507	-0.95422	0.000	5.636	0.000	0.000	0.000	0.000	1.000
2432	188227	1	4.095	66.00	0.02395	-0.96111	0.000	3.329	-0.234	0.000	0.000	0.000	1.000
2433	188321	1	8.995	66.00	0.02488	-0.94778	0.000	7.995	0.000	0.000	0.000	0.000	1.000
2434	188423	2	5.026	65.00	0.02455	-0.94938	0.000	6.108	-0.082	0.000	0.000	0.000	-1.000
2435	188461	1	3.735	66.00	0.02503	-0.95337	0.000	2.735	0.000	0.000	0.000	0.000	1.000
2436	188494	2	-0.964	65.00	0.02634	-0.95332	0.000	2.199	-2.163	0.000	0.000	0.000	-1.000
2437	188526	2	-0.137	65.00	0.02521	-0.94872	0.000	0.872	-0.010	0.000	0.000	0.000	-1.000
2438	188556	1	2.884	66.00	0.02446	-0.96043	0.000	1.884	0.000	0.000	0.000	0.000	1.000
2439	188587	2	1.657	66.00	0.02364	-0.95985	0.000	2.657	0.000	0.000	0.000	0.000	-1.000
2440	188632	1	5.221	66.00	0.02508	-0.95583	0.000	4.221	0.000	0.000	0.000	0.000	1.000
2441	188670	2	0.567	65.00	0.02377	-0.96118	0.000	1.692	-0.125	0.000	0.000	0.000	-1.000
2442	188707	2	1.194	64.00	0.02413	-0.94424	0.000	2.616	-0.422	0.000	0.000	0.000	-1.000
2443	188737	1	2.951	65.00	0.02311	-0.96057	0.000	1.951	0.000	0.000	0.000	0.000	1.000
2444	188810	1	6.682	65.00	0.02459	-0.94839	0.000	5.682	0.000	0.000	0.000	0.000	1.000
2445	188876	1	7.160	65.00	0.02499	-0.95023	0.000	6.160	0.000	0.000	0.000	0.000	1.000
2446	188924	2	3.340	64.00	0.02426	-0.95569	0.000	4.340	0.000	0.000	0.000	0.000	-1.000
2447	188963	1	3.577	64.00	0.02344	-0.96253	0.000	2.718	-0.141	0.000	0.000	0.000	1.000
2448	189037	1	7.109	64.00	0.02476	-0.95209	0.000	6.165	-0.056	0.000	0.000	0.000	1.000
2449	189070	2	1.468	64.00	0.02443	-0.95259	0.000	2.468	0.000	0.000	0.000	0.000	-1.000
2450	189125	1	4.990	64.00	0.02474	-0.95540	0.000	3.990	0.000	0.000	0.000	0.000	1.000
2451	189208	1	5.728	64.00	0.02461	-0.95238	0.000	4.797	-0.070	0.000	0.000	0.000	1.000
2452	189243	2	1.849	64.00	0.02396	-0.95358	0.000	2.849	0.000	0.000	0.000	0.000	-1.000
2453	189291	1	2.576	65.00	0.02402	-0.94848	0.000	1.776	-0.200	0.000	0.000	0.000	1.000
2454	189337	1	5.333	66.00	0.02490	-0.95489	0.000	4.333	0.000	0.000	0.000	0.000	1.000
2455	189389	1	4.570	67.00	0.02436	-0.95310	0.000	3.818	-0.248	0.000	0.000	0.000	1.000
2456	189428	2	2.285	67.00	0.02484	-0.95833	0.000	3.315	-0.030	0.000	0.000	0.000	-1.000
2457	189471	1	2.511	67.00	0.02444	-0.96492	0.000	1.770	-0.259	0.000	0.000	0.000	1.000
2458	189527	2	1.998	67.00	0.02450	-0.96106	0.000	3.349	-0.351	0.000	0.000	0.000	-1.000
2459	189582	1	5.105	68.00	0.02412	-0.94754	0.000	4.105	0.000	0.000	0.000	0.000	1.000
2460	189612	2	-0.754	67.00	0.02557	-0.93113	0.000	0.336	-0.090	0.000	0.000	0.000	-1.000
2461	189642	5	-0.318	66.00	0.02455	-0.94470	0.000	-0.318	0.000	0.000	0.000	0.000	0.000
2462	189711	2	3.932	66.00	0.02509	-0.94377	0.000	4.934	-0.002	0.000	0.000	0.000	-1.000
2463	189781	1	4.808	66.00	0.02514	-0.95687	0.000	3.819	-0.011	0.000	0.000	0.000	1.000
2464	189839	1	5.786	66.00	0.02469	-0.95904	0.000	4.786	0.000	0.000	0.000	0.000	1.000
2465	189878	2	0.761	65.00	0.02425	-0.95771	0.000	1.878	-0.118	0.000	0.000	0.000	-1.000
2466	189937	1	4.105	65.00	0.02580	-0.94554	0.000	3.732	-0.627	0.000	0.000	0.000	1.000
2467	189973	1	3.856	65.00	0.02501	-0.95908	0.000	2.856	0.000	0.000	0.000	0.000	1.000
2468	190005	1	3.094	66.00	0.02511	-0.95180	0.000	2.117	-0.023	0.000	0.000	0.000	1.000
2469	190042	1	4.005	66.00	0.02471	-0.95292	0.000	3.021	-0.016	0.000	0.000	0.000	1.000
2470	190081	1	3.879	66.00	0.02399	-0.95226	0.000	2.879	0.000	0.000	0.000	0.000	1.000
2471	190154	1	6.078	66.00	0.02397	-0.95501	0.000	5.078	0.000	0.000	0.000	0.000	1.000
2472	190219	1	6.063	66.00	0.02357	-0.95497	0.000	5.063	0.000	0.000	0.000	0.000	1.000
2473	190271	1	5.071	67.00	0.02514	-0.95065	0.000	4.071	0.000	0.000	0.000	0.000	1.000
2474	190314	2	2.178	66.00	0.02416	-0.95285	0.000	3.178	0.000	0.000	0.000	0.000	-1.000
2475	190361	1	3.953	67.00	0.02484	-0.95183	0.000	2.953	0.000	0.000	0.000	0.000	1.000
2476	190404	2	1.723	66.00	0.02474	-0.95772	0.000	2.724	-0.001	0.000	0.000	0.000	-1.000
2477	190434	1	3.708	66.00	0.02488	-0.95501	0.000	2.708	0.000	0.000	0.000	0.000	1.000
2478	190539	1	9.066	66.00	0.02430	-0.95694	0.000	8.200	-0.135	0.000	0.000	0.000	1.000
2479	190628	1	9.287	66.00	0.02540	-0.94736	0.000	8.287	0.000	0.000	0.000	0.000	1.000
2480	190709	1	3.704	67.00	0.02472	-0.95719	0.000	2.798	-0.094	0.000	0.000	0.000	1.000
2481	190762	1	5.522	68.00	0.02459	-0.95427	0.000	4.522	0.000	0.000	0.000	0.000	1.000
2482	190837	1	7.832	69.00	0.02564	-0.95622	0.000	6.832	0.000	0.000	0.000	0.000	1.000
2483	190964	1	11.279	70.00	0.02464	-0.95183	0.000	10.534	-0.255	0.000	0.000	0.000	1.000
2484	191039	2	3.766	70.00	0.02472	-0.95518	0.000	4.766	0.000	0.000	0.000	0.000	-1.000
2485	191109	1	5.556	70.00	0.02592	-0.94701	0.000	4.652	-0.096	0.000	0.000	0.000	1.000
2486	191170	1	6.415	70.00	0.02412	-0.96505	0.000	5.415	0.000	0.000	0.000	0.000	1.000
2487	191209	2	1.606	69.00	0.02560	-0.95526	0.000	2.606	0.000	0.000	0.000	0.000	-1.000
2488	191240	2	0.527	68.00	0.02450	-0.95325	0.000	1.527	0.000	0.000	0.000	0.000	-1.000
2489	191274	2	0.176	68.00	0.02499	-0.94636	0.000	1.189	-0.013	0.000	0.000	0.000	-1.000
2490	191327	1	6.577	68.00	0.02509	-0.95855	0.000	5.577	0.000	0.000	0.000	0.000	1.000
2491	191453	1	11.991	69.00	0.02453	-0.95526	0.000	10.991	0.000	0.000	0.000	0.000	1.000
2492	191518	1	6.804	69.00	0.02458	-0.95258	0.000	5.804	0.000	0.000	0.000	0.000	1.000
2493	191564	1	4.964	70.00	0.02548	-0.94736	0.000	3.964	0.000	0.000	0.000	0.000	1.000
2494	191597	2	0.450	69.00	0.02560	-0.95687	0.000	1.838	-0.389	0.000	0.000	0.000	-1.000
2495	191673	1	5.153	69.00	0.02411	-0.95827	0.000	4.190	-0.038	0.000	0.000	0.000	1.000
2496	191706	2	0.997	69.00	0.02558	-0.95135	0.000	2.095	-0.098	0.000	0.000	0.000	-1.000
2497	191736	1	3.446	69.00	0.02425	-0.95128	0.000	2.452	-0.006	0.000	0.000	0.000	1.000
2498	191837	1	9.273	69.00	0.02555	-0.95086	0.000	8.342	-0.069	0.000	0.000	0.000	1.000
2499	191883	1	4.358	70.00	0.02477	-0.94857	0.000	3.358	0.000	0.000	0.000	0.000	1.000
2500	191993	1	9.424	70.00	0.02463	-0.96002	0.000	8.595	-0.170	0.000	0.000	0.000	1.000
2501	192050	5	1.259	69.00	0.02482	-0.95986	0.000	1.259	0.000	0.000	0.000	0.000	0.000
2502	192083	1	3.735	69.00	0.02548	-0.95208	0.000	2.735	0.000	0.000	0.000	0.000	1.000
2503	192134	2	2.216	69.00	0.02450	-0.96479	0.000	3.216	0.000	0.000	0.000	0.000	-1.000
2504	192178	1	4.807	69.00	0.02517	-0.96099	0.000	3.807	0.000	0.000	0.000	0.000	1.000
2505	192222	1	4.051	70.00	0.02429	-0.96027	0.000	3.559	-0.508	0.000	0.000	0.000	1.000
2506	192274	1	5.357	70.00	0.02351	-0.96059	0.000	4.405	-0.047	0.000	0.000	0.000	1.000
2507	192304	2	0.998	69.00	0.02480	-0.94482	0.000	2.176	-0.178	0.000	0.000	0.000	-1.000
2508	192377	1	7.402	69.00	0.02394	-0.94697	0.000	6.402	0.000	0.000	0.000	0.000	1.000
2509	192432	2	2.586	68.00	0.02592	-0.95078	0.000	3.617	-0.031	0.000	0.000	0.000	-1.000
2510	192493	1	5.042	68.00	0.02403	-0.94997	0.000	4.164	-0.121	0.000	0.000	0.000	1.000
2511	192557	2	2.427	67.00	0.02570	-0.95124	0.000	3.427	0.000	0.000	0.000	0.000	-1.000
2512	192594	1	2.782	67.00	0.02405	-0.96728	0.000	1.782	0.000	0.000	0.000	0.000	1.000
2513	192624	1	3.381	67.00	0.02449	-0.96563	0.000	2.381	0.000	0.000	0.000	0.000	1.000
2514	192706	1	6.495	68.00	0.02522	-0.95754	0.000	5.495	0.000	0.000	0.000	0.000	1.000
2515	192796	1	6.383	68.00	0.02447	-0.95945	0.000	5.383	0.000	0.000	0.000	0.000	1.000
2516	192840	2	0.490	67.00	0.02475	-0.96338	0.000	2.134	-0.644	0.000	0.000	0.000	-1.000
2517	192870	2	0.579	66.00	0.02378	-0.95283	0.000	1.579	0.000	0.000	0.000	0.000	-1.000
2518	192919	1	4.848	66.00	0.02377	-0.95756	0.000	3.848	0.000	0.000	0.000	0.000	1.000
2519	192970	2	2.999	65.00	0.02441	-0.96222	0.000	3.999	0.000	0.000	0.000	0.000	-1.000
2520	193035	1	5.199	65.00	0.02453	-0.95137	0.000	4.199	0.000	0.000	0.000	0.000	1.000
2521	193106	1	6.442	66.00	0.02493	-0.95610	0.000	5.447	-0.005	0.000	0.000	0.000	1.000
2522	193139	2	0.847	65.00	0.02419	-0.94789	0.000	1.847	0.000	0.000	0.000	0.000	-1.000
2523	193184	1	5.090	65.00	0.02556	-0.95960	0.000	4.090	0.000	0.000	0.000	0.000	1.000
2524	193237	1	4.914	65.00	0.02505	-0.96613	0.000	3.914	0.000	0.000	0.000	0.000	1.000
2525	193298	1	6.270	65.00	0.02566	-0.95599	0.000	5.270	0.000	0.000	0.000	0.000	1.000
2526	193355	2	0.629	64.00	0.02517	-0.96188	0.000	1.639	-0.010	0.000	0.000	0.000	-1.000
2527	193408	2	3.806	64.00	0.02522	-0.95923	0.000	4.806	0.000	0.000	0.000	0.000	-1.000
2528	193455	1	4.604	65.00	0.02542	-0.95609	0.000	3.604	0.000	0.000	0.000	0.000	1.000
2529	193488	1	3.555	66.00	0.02625	-0.96801	0.000	2.584	-0.029	0.000	0.000	0.000	1.000
2530	193585	1	9.871	66.00	0.02431	-0.96008	0.000	8.871	0.000	0.000	0.000	0.000	1.000
2531	193625	2	1.854	65.00	0.02431	-0.95871	0.000	2.927	-0.073	0.000	0.000	0.000	-1.000
2532	193655	2	0.306	64.00	0.02503	-0.96404	0.000	1.838	-0.533	0.000	0.000	0.000	-1.000
2533	193696	2	1.727	63.00	0.02370	-0.96265	0.000	2.729	-0.002	0.000	0.000	0.000	-1.000
2534	193751	2	4.223	63.00	0.02570	-0.96812	0.000	5.230	-0.007	0.000	0.000	0.000	-1.000
2535	193781	2	-1.096	62.00	0.02578	-0.97628	0.000	-0.096	0.000	0.000	0.000	0.000	-1.000
2536	193811	5	-0.026	62.00	0.02493	-0.96188	0.000	0.066	-0.091	0.000	0.000	0.000	0.000
2537	193841	2	-2.996	62.00	0.02562	-0.96738	0.000	-1.847	-0.148	0.000	0.000	0.000	-1.000
2538	193871	5	-1.263	61.00	0.02407	-0.95940	0.000	-0.965	-0.298	0.000	0.000	0.000	0.000
2539	193905	2	-1.486	61.00	0.02560	-0.95066	0.000	0.284	-0.771	0.000	0.000	0.000	-1.000
2540	193935	5	0.297	60.00	0.02548	-0.94959	0.000	0.297	0.000	0.000	0.000	0.000	0.000
2541	193969	1	3.777	61.00	0.02505	-0.96927	0.000	2.777	0.000	0.000	0.000	0.000	1.000
2542	194016	1	4.278	62.00	0.02619	-0.96617	0.000	3.282	-0.004	0.000	0.000	0.000	1.000
2543	194101	2	5.273	61.00	0.02418	-0.96080	0.000	6.273	0.000	0.000	0.000	0.000	-1.000
2544	194158	2	2.885	60.00	0.02371	-0.96067	0.000	4.076	-0.191	0.000	0.000	0.000	-1.000
2545	194194	1	3.508	60.00	0.02554	-0.96027	0.000	2.508	0.000	0.000	0.000	0.000	1.000
2546	194282	1	7.620	61.00	0.02608	-0.94947	0.000	6.699	-0.078	0.000	0.000	0.000	1.000
2547	194383	1	8.493	61.00	0.02466	-0.95977	0.000	7.493	0.000	0.000	0.000	0.000	1.000
2548	194428	1	4.668	61.00	0.02416	-0.95480	0.000	3.691	-0.022	0.000	0.000	0.000	1.000
2549	194535	1	8.690	62.00	0.02529	-0.96512	0.000	7.694	-0.003	0.000	0.000	0.000	1.000
2550	194601	2	2.846	61.00	0.02565	-0.95933	0.000	3.880	-0.034	0.000	0.000	0.000	-1.000
2551	194682	1	7.419	61.00	0.02618	-0.95996	0.000	6.419	0.000	0.000	0.000	0.000	1.000
2552	194825	1	11.500	62.00	0.02528	-0.96197	0.000	10.500	0.000	0.000	0.000	0.000	1.000
2553	194909	1	5.933	62.00	0.02555	-0.95943	0.000	5.399	-0.466	0.000	0.000	0.000	1.000
2554	194967	1	6.404	62.00	0.02548	-0.95830	0.000	5.404	0.000	0.000	0.000	0.000	1.000
2555	195030	2	4.209	61.00	0.02440	-0.96148	0.000	5.209	0.000	0.000	0.000	0.000	-1.000
2556	195081	2	2.220	61.00	0.02495	-0.96204	0.000	3.220	0.000	0.000	0.000	0.000	-1.000
2557	195181	1	4.635	61.00	0.02489	-0.96218	0.000	3.772	-0.138	0.000	0.000	0.000	1.000
2558	195251	1	6.887	62.00	0.02421	-0.95760	0.000	5.887	0.000	0.000	0.000	0.000	1.000
2559	195307	1	5.592	62.00	0.02626	-0.95870	0.000	4.592	0.000	0.000	0.000	0.000	1.000
2560	195339	2	-0.125	62.00	0.02591	-0.97120	0.000	1.116	-0.241	0.000	0.000	0.000	-1.000
2561	195371	2	0.494	62.00	0.02582	-0.96011	0.000	1.758	-0.264	0.000	0.000	0.000	-1.000
2562	195429	1	6.564	63.00	0.02499	-0.96000	0.000	5.564	0.000	0.000	0.000	0.000	1.000
2563	195559	1	9.572	63.00	0.02506	-0.96109	0.000	8.572	0.000	0.000	0.000	0.000	1.000
2564	195613	1	5.109	63.00	0.02430	-0.95828	0.000	4.109	0.000	0.000	0.000	0.000	1.000
2565	195708	1	8.764	64.00	0.02450	-0.96092	0.000	7.764	0.000	0.000	0.000	0.000	1.000
2566	195809	2	6.538	63.00	0.02505	-0.97324	0.000	7.560	-0.022	0.000	0.000	0.000	-1.000
2567	195858	1	4.622	63.00	0.02496	-0.96527	0.000	3.622	0.000	0.000	0.000	0.000	1.000
2568	195898	2	2.107	62.00	0.02526	-0.96425	0.000	3.107	0.000	0.000	0.000	0.000	-1.000
2569	195928	1	3.606	62.00	0.02672	-0.96205	0.000	2.606	0.000	0.000	0.000	0.000	1.000
2570	196033	1	9.079	62.00	0.02521	-0.96202	0.000	8.279	-0.200	0.000	0.000	0.000	1.000
2571	196144	2	4.228	61.00	0.02515	-0.96327	0.000	5.354	-0.126	0.000	0.000	0.000	-1.000
2572	196189	1	1.353	61.00	0.02476	-0.95976	0.000	1.752	-1.398	0.000	0.000	0.000	1.000
2573	196252	1	5.542	61.00	0.02576	-0.96797	0.000	4.716	-0.174	0.000	0.000	0.000	1.000
2574	196304	1	4.980	62.00	0.02415	-0.97123	0.000	3.980	0.000	0.000	0.000	0.000	1.000
2575	196363	1	4.734	62.00	0.02533	-0.96819	0.000	3.734	0.000	0.000	0.000	0.000	1.000
2576	196458	2	6.942	62.00	0.02529	-0.96887	0.000	7.942	0.000	0.000	0.000	0.000	-1.000
2577	196549	1	4.991	62.00	0.02595	-0.96350	0.000	3.991	0.000	0.000	0.000	0.000	1.000
2578	196655	1	8.891	62.00	0.02501	-0.96908	0.000	7.892	-0.001	0.000	0.000	0.000	1.000
2579	196771	1	7.262	62.00	0.02549	-0.96764	0.000	6.633	-0.371	0.000	0.000	0.000	1.000
2580	196820	1	3.982	62.00	0.02525	-0.97278	0.000	2.982	0.000	0.000	0.000	0.000	1.000
2581	196879	2	2.751	61.00	0.02505	-0.97716	0.000	3.852	-0.101	0.000	0.000	0.000	-1.000
2582	196927	2	1.530	60.00	0.02368	-0.97768	0.000	2.530	0.000	0.000	0.000	0.000	-1.000
2583	197008	1	5.143	60.00	0.02474	-0.97168	0.000	4.143	-0.000	0.000	0.000	0.000	1.000
2584	197041	1	3.295	61.00	0.02337	-0.96572	0.000	2.295	0.000	0.000	0.000	0.000	1.000
2585	197091	1	5.076	61.00	0.02612	-0.96948	0.000	4.076	0.000	0.000	0.000	0.000	1.000
2586	197169	1	8.084	61.00	0.02497	-0.96971	0.000	7.220	-0.136	0.000	0.000	0.000	1.000
2587	197235	2	3.974	61.00	0.02504	-0.97383	0.000	5.020	-0.046	0.000	0.000	0.000	-1.000
2588	197279	2	2.030	61.00	0.02413	-0.97904	0.000	3.070	-0.041	0.000	0.000	0.000	-1.000
2589	197327	1	4.660	62.00	0.02503	-0.97548	0.000	3.660	0.000	0.000	0.000	0.000	1.000
2590	197386	2	2.490	61.00	0.02505	-0.97166	0.000	3.882	-0.391	0.000	0.000	0.000	-1.000
2591	197416	1	2.811	61.00	0.02393	-0.96748	0.000	1.811	0.000	0.000	0.000	0.000	1.000
2592	197522	1	9.554	61.00	0.02531	-0.97330	0.000	8.587	-0.033	0.000	0.000	0.000	1.000
2593	197594	1	3.944	61.00	0.02565	-0.97455	0.000	3.290	-0.346	0.000	0.000	0.000	1.000
2594	197704	1	8.886	62.00	0.02519	-0.96943	0.000	7.929	-0.043	0.000	0.000	0.000	1.000
2595	197778	1	7.537	62.00	0.02632	-0.97340	0.000	6.537	0.000	0.000	0.000	0.000	1.000
2596	197852	1	7.412	63.00	0.02571	-0.97720	0.000	6.412	0.000	0.000	0.000	0.000	1.000
2597	197929	2	4.403	62.00	0.02557	-0.96713	0.000	5.403	0.000	0.000	0.000	0.000	-1.000
2598	197990	2	0.631	61.00	0.02545	-0.96650	0.000	1.896	-0.265	0.000	0.000	0.000	-1.000
2599	198025	1	2.676	61.00	0.02475	-0.97135	0.000	1.676	0.000	0.000	0.000	0.000	1.000
2600	198083	2	2.703	60.00	0.02416	-0.98387	0.000	3.703	0.000	0.000	0.000	0.000	-1.000
2601	198113	5	1.493	60.00	0.02421	-0.97175	0.000	1.493	0.000	0.000	0.000	0.000	0.000
2602	198143	2	-2.235	59.00	0.02479	-0.96879	0.000	-1.015	-0.220	0.000	0.000	0.000	-1.000
2603	198175	5	0.412	59.00	0.02607	-0.96738	0.000	0.412	0.000	0.000	0.000	0.000	0.000
2604	198254	1	5.634	59.00	0.02472	-0.97033	0.000	4.634	0.000	0.000	0.000	0.000	1.000
2605	198293	1	3.376	59.00	0.02458	-0.97148	0.000	2.426	-0.049	0.000	0.000	0.000	1.000
2606	198346	1	5.722	59.00	0.02501	-0.98178	0.000	4.722	0.000	0.000	0.000	0.000	1.000
2607	198507	1	12.841	60.00	0.02450	-0.97579	0.000	11.841	0.000	0.000	0.000	0.000	1.000
2608	198640	2	8.979	59.00	0.02458	-0.97555	0.000	9.979	0.000	0.000	0.000	0.000	-1.000
2609	198712	1	7.373	60.00	0.02512	-0.97729	0.000	6.373	0.000	0.000	0.000	0.000	1.000
2610	198757	2	2.455	59.00	0.02503	-0.97338	0.000	3.455	0.000	0.000	0.000	0.000	-1.000
2611	198809	2	1.594	59.00	0.02574	-0.97547	0.000	2.594	0.000	0.000	0.000	0.000	-1.000
2612	198867	1	5.125	59.00	0.02502	-0.97983	0.000	4.125	0.000	0.000	0.000	0.000	1.000
2613	198898	1	3.400	59.00	0.02500	-0.97477	0.000	2.400	0.000	0.000	0.000	0.000	1.000
2614	198970	1	8.316	59.00	0.02451	-0.97979	0.000	7.316	0.000	0.000	0.000	0.000	1.000
2615	199020	2	3.400	58.00	0.02528	-0.98355	0.000	4.400	0.000	0.000	0.000	0.000	-1.000
2616	199126	1	4.682	59.00	0.02547	-0.96887	0.000	4.009	-0.328	0.000	0.000	0.000	1.000
2617	199182	1	5.741	60.00	0.02553	-0.98430	0.000	4.741	0.000	0.000	0.000	0.000	1.000
2618	199256	1	4.291	60.00	0.02551	-0.97446	0.000	3.291	0.000	0.000	0.000	0.000	1.000
2619	199361	1	8.778	61.00	0.02557	-0.97172	0.000	7.780	-0.002	0.000	0.000	0.000	1.000
2620	199459	1	8.732	61.00	0.02543	-0.97845	0.000	7.732	0.000	0.000	0.000	0.000	1.000
2621	199521	1	6.570	61.00	0.02546	-0.98099	0.000	5.570	0.000	0.000	0.000	0.000	1.000
2622	199552	1	4.146	62.00	0.02702	-0.98176	0.000	3.146	0.000	0.000	0.000	0.000	1.000
2623	199613	1	5.160	62.00	0.02462	-0.97444	0.000	4.160	0.000	0.000	0.000	0.000	1.000
2624	199683	1	7.165	62.00	0.02507	-0.98137	0.000	6.165	0.000	0.000	0.000	0.000	1.000
2625	199729	1	3.425	62.00	0.02389	-0.97029	0.000	2.425	0.000	0.000	0.000	0.000	1.000
2626	199787	1	3.861	63.00	0.02441	-0.97411	0.000	2.861	0.000	0.000	0.000	0.000	1.000
2627	199848	1	6.345	64.00	0.02536	-0.98092	0.000	5.345	0.000	0.000	0.000	0.000	1.000
2628	199890	1	4.550	64.00	0.02371	-0.97827	0.000	3.550	0.000	0.000	0.000	0.000	1.000
2629	199923	1	3.564	64.00	0.02535	-0.96618	0.000	2.601	-0.036	0.000	0.000	0.000	1.000
2630	199978	1	4.846	64.00	0.02497	-0.97928	0.000	4.389	-0.543	0.000	0.000	0.000	1.000
2631	200041	1	6.126	65.00	0.02446	-0.98247	0.000	5.126	0.000	0.000	0.000	0.000	1.000
2632	200131	1	6.148	66.00	0.02527	-0.97170	0.000	5.148	0.000	0.000	0.000	0.000	1.000
2633	200188	1	5.623	67.00	0.02671	-0.97542	0.000	4.623	0.000	0.000	0.000	0.000	1.000
2634	200256	1	6.815	68.00	0.02468	-0.98295	0.000	6.124	-0.310	0.000	0.000	0.000	1.000
2635	200333	1	6.089	69.00	0.02497	-0.98372	0.000	5.089	0.000	0.000	0.000	0.000	1.000
2636	200400	1	5.367	70.00	0.02491	-0.98222	0.000	4.391	-0.024	0.000	0.000	0.000	1.000
2637	200457	1	6.541	71.00	0.02511	-0.97699	0.000	5.541	0.000	0.000	0.000	0.000	1.000
2638	200500	1	3.381	72.00	0.02547	-0.97663	0.000	2.387	-0.007	0.000	0.000	0.000	1.000
2639	200589	1	9.593	73.00	0.02514	-0.97911	0.000	8.593	0.000	0.000	0.000	0.000	1.000
2640	200619	2	-0.061	73.00	0.02629	-0.98016	0.000	1.010	-0.071	0.000	0.000	0.000	-1.000
2641	200663	1	5.084	73.00	0.02514	-0.98172	0.000	4.084	0.000	0.000	0.000	0.000	1.000
2642	200750	1	6.555	73.00	0.02497	-0.97867	0.000	5.555	0.000	0.000	0.000	0.000	1.000
2643	200785	1	4.948	74.00	0.02404	-0.98139	0.000	3.948	0.000	0.000	0.000	0.000	1.000
2644	200882	2	7.609	74.00	0.02482	-0.98342	0.000	8.609	0.000	0.000	0.000	0.000	-1.000
2645	200927	2	-0.217	73.00	0.02474	-0.97851	0.000	1.256	-0.474	0.000	0.000	0.000	-1.000
2646	200996	1	6.102	73.00	0.02566	-0.98232	0.000	5.277	-0.176	0.000	0.000	0.000	1.000
2647	201090	2	3.315	72.00	0.02515	-0.97652	0.000	4.593	-0.278	0.000	0.000	0.000	-1.000
2648	201129	2	1.662	71.00	0.02517	-0.97618	0.000	2.662	0.000	0.000	0.000	0.000	-1.000
2649	201209	2	0.739	70.00	0.02473	-0.97886	0.000	1.970	-0.231	0.000	0.000	0.000	-1.000
2650	201269	1	5.666	71.00	0.02521	-0.98249	0.000	4.666	0.000	0.000	0.000	0.000	1.000
2651	201324	2	3.153	70.00	0.02458	-0.97952	0.000	4.406	-0.252	0.000	0.000	0.000	-1.000
2652	201354	2	-0.627	69.00	0.02604	-0.97472	0.000	0.752	-0.379	0.000	0.000	0.000	-1.000
2653	201384	5	-0.991	68.00	0.02610	-0.98983	0.000	-0.424	-0.567	0.000	0.000	0.000	0.000
2654	201414	5	-0.870	67.00	0.02436	-0.98848	0.000	-0.473	-0.397	0.000	0.000	0.000	0.000
2655	201577	1	4.259	68.00	0.02478	-0.98123	0.000	5.596	-2.338	0.000	0.000	0.000	1.000
2656	201607	1	3.952	69.00	0.02618	-0.97080	0.000	2.952	0.000	0.000	0.000	0.000	1.000
2657	201685	1	7.145	69.00	0.02489	-0.97776	0.000	6.145	0.000	0.000	0.000	0.000	1.000
2658	201721	2	0.286	68.00	0.02583	-0.98457	0.000	1.670	-0.384	0.000	0.000	0.000	-1.000
2659	201812	1	7.377	68.00	0.02565	-0.97756	0.000	6.384	-0.006	0.000	0.000	0.000	1.000
2660	201907	1	9.113	69.00	0.02628	-0.97747	0.000	8.113	0.000	0.000	0.000	0.000	1.000
2661	201956	1	5.650	70.00	0.02438	-0.97693	0.000	4.650	0.000	0.000	0.000	0.000	1.000
2662	202031	2	4.162	69.00	0.02483	-0.97970	0.000	5.450	-0.288	0.000	0.000	0.000	-1.000
2663	202063	5	-0.037	68.00	0.02445	-0.97650	0.000	0.440	-0.477	0.000	0.000	0.000	0.000
2664	202116	1	2.634	68.00	0.02504	-0.98087	0.000	1.708	-0.074	0.000	0.000	0.000	1.000
2665	202159	2	-0.016	67.00	0.02476	-0.98223	0.000	1.069	-0.085	0.000	0.000	0.000	-1.000
2666	202195	2	-0.049	67.00	0.02518	-0.97262	0.000	1.092	-0.140	0.000	0.000	0.000	-1.000
2667	202258	1	4.091	67.00	0.02576	-0.97884	0.000	4.078	-0.988	0.000	0.000	0.000	1.000
2668	202379	1	6.917	68.00	0.02599	-0.97786	0.000	5.917	0.000	0.000	0.000	0.000	1.000
2669	202409	2	-1.247	67.00	0.02529	-0.97927	0.000	-0.008	-0.239	0.000	0.000	0.000	-1.000
2670	202448	1	2.737	67.00	0.02580	-0.97475	0.000	1.765	-0.028	0.000	0.000	0.000	1.000
2671	202505	2	-0.014	67.00	0.02445	-0.98653	0.000	1.236	-0.251	0.000	0.000	0.000	-1.000
2672	202570	1	6.622	67.00	0.02577	-0.97208	0.000	5.622	0.000	0.000	0.000	0.000	1.000
2673	202641	1	6.654	67.00	0.02535	-0.97720	0.000	5.654	0.000	0.000	0.000	0.000	1.000
2674	202802	1	8.815	67.00	0.02558	-0.98085	0.000	7.816	-0.000	0.000	0.000	0.000	1.000
2675	202866	2	2.953	66.00	0.02428	-0.98055	0.000	3.989	-0.036	0.000	0.000	0.000	-1.000
2676	202932	1	5.010	67.00	0.02632	-0.98209	0.000	4.689	-0.679	0.000	0.000	0.000	1.000
2677	203013	1	5.487	67.00	0.02489	-0.97925	0.000	4.487	0.000	0.000	0.000	0.000	1.000
2678	203050	2	-0.094	66.00	0.02476	-0.97018	0.000	0.988	-0.082	0.000	0.000	0.000	-1.000
2679	203087	2	0.328	65.00	0.02559	-0.97701	0.000	1.328	0.000	0.000	0.000	0.000	-1.000
2680	203179	1	6.530	65.00	0.02512	-0.98048	0.000	5.530	0.000	0.000	0.000	0.000	1.000
2681	203250	1	6.774	66.00	0.02472	-0.98247	0.000	5.774	0.000	0.000	0.000	0.000	1.000
2682	203321	2	4.264	66.00	0.02508	-0.97109	0.000	5.264	0.000	0.000	0.000	0.000	-1.000
2683	203366	1	2.525	66.00	0.02444	-0.98393	0.000	1.743	-0.218	0.000	0.000	0.000	1.000
2684	203445	1	8.361	66.00	0.02517	-0.98472	0.000	7.361	0.000	0.000	0.000	0.000	1.000
2685	203570	1	11.297	66.00	0.02564	-0.97888	0.000	10.297	0.000	0.000	0.000	0.000	1.000
2686	203602	2	-0.176	65.00	0.02499	-0.98614	0.000	0.869	-0.045	0.000	0.000	0.000	-1.000
2687	203695	1	6.289	66.00	0.02620	-0.98174	0.000	5.289	0.000	0.000	0.000	0.000	1.000
2688	203742	2	2.365	66.00	0.02516	-0.98726	0.000	3.442	-0.078	0.000	0.000	0.000	-1.000
2689	203772	1	2.584	66.00	0.02601	-0.98141	0.000	1.798	-0.214	0.000	0.000	0.000	1.000
2690	203856	1	4.941	67.00	0.02629	-0.98976	0.000	3.941	0.000	0.000	0.000	0.000	1.000
2691	204038	1	12.626	67.00	0.02555	-0.98507	0.000	11.707	-0.080	0.000	0.000	0.000	1.000
2692	204225	1	11.398	67.00	0.02487	-0.98245	0.000	10.398	0.000	0.000	0.000	0.000	1.000
2693	204301	1	5.839	67.00	0.02569	-0.98428	0.000	4.839	0.000	0.000	0.000	0.000	1.000
2694	204401	1	7.582	67.00	0.02524	-0.98586	0.000	6.633	-0.051	0.000	0.000	0.000	1.000
2695	204504	1	6.698	67.00	0.02487	-0.98818	0.000	5.698	0.000	0.000	0.000	0.000	1.000
2696	204558	1	4.684	67.00	0.02402	-0.98886	0.000	4.304	-0.620	0.000	0.000	0.000	1.000
2697	204657	1	5.017	68.00	0.02470	-0.98377	0.000	4.017	0.000	0.000	0.000	0.000	1.000
2698	204713	2	-0.159	68.00	0.02607	-0.98153	0.000	1.540	-0.699	0.000	0.000	0.000	-1.000
2699	204751	1	3.922	68.00	0.02568	-0.98529	0.000	2.922	0.000	0.000	0.000	0.000	1.000
2700	204781	2	0.526	68.00	0.02386	-0.99709	0.000	1.692	-0.165	0.000	0.000	0.000	-1.000
2701	204844	2	3.747	68.00	0.02450	-0.98128	0.000	5.117	-0.370	0.000	0.000	0.000	-1.000
2702	204905	1	3.866	69.00	0.02473	-0.98439	0.000	3.652	-0.787	0.000	0.000	0.000	1.000
2703	205001	1	8.632	70.00	0.02532	-0.98024	0.000	7.632	0.000	0.000	0.000	0.000	1.000
2704	205031	2	-0.673	69.00	0.02485	-0.99112	0.000	0.616	-0.289	0.000	0.000	0.000	-1.000
2705	205081	5	0.144	68.00	0.02431	-0.99692	0.000	0.264	-0.120	0.000	0.000	0.000	0.000
2706	205111	1	2.559	68.00	0.02411	-1.00626	0.000	1.955	-0.396	0.000	0.000	0.000	1.000
2707	205156	2	0.357	67.00	0.02437	-0.99085	0.000	1.438	-0.081	0.000	0.000	0.000	-1.000
2708	205186	5	-0.657	67.00	0.02440	-0.98092	0.000	-0.179	-0.478	0.000	0.000	0.000	0.000
2709	205216	2	-1.409	66.00	0.02562	-0.98367	0.000	0.071	-0.480	0.000	0.000	0.000	-1.000
2710	205315	1	6.288	67.00	0.02663	-0.98022	0.000	5.295	-0.006	0.000	0.000	0.000	1.000
2711	205377	1	7.586	68.00	0.02507	-0.98420	0.000	6.586	0.000	0.000	0.000	0.000	1.000
2712	205422	2	4.042	67.00	0.02471	-0.99255	0.000	5.042	0.000	0.000	0.000	0.000	-1.000
2713	205452	5	-0.151	66.00	0.02474	-0.99671	0.000	0.098	-0.249	0.000	0.000	0.000	0.000
2714	205482	5	0.472	65.00	0.02624	-1.01078	0.000	0.472	0.000	0.000	0.000	0.000	0.000
2715	205521	2	0.728	65.00	0.02533	-0.98926	0.000	1.792	-0.064	0.000	0.000	0.000	-1.000
2716	205631	1	5.860	65.00	0.02488	-0.98887	0.000	5.385	-0.525	0.000	0.000	0.000	1.000
2717	205726	1	10.456	65.00	0.02592	-0.98279	0.000	9.456	0.000	0.000	0.000	0.000	1.000
2718	205772	1	4.925	65.00	0.02560	-0.99057	0.000	3.925	0.000	0.000	0.000	0.000	1.000
2719	205818	1	4.603	65.00	0.02402	-0.99895	0.000	4.473	-0.870	0.000	0.000	0.000	1.000
2720	205885	2	4.849	64.00	0.02647	-0.97569	0.000	5.854	-0.005	0.000	0.000	0.000	-1.000
2721	205939	1	6.539	64.00	0.02500	-0.98497	0.000	5.539	0.000	0.000	0.000	0.000	1.000
2722	205979	2	2.835	63.00	0.02513	-0.99473	0.000	3.835	0.000	0.000	0.000	0.000	-1.000
2723	206055	1	5.096	63.00	0.02517	-0.98845	0.000	4.096	0.000	0.000	0.000	0.000	1.000
2724	206130	1	4.908	63.00	0.02592	-0.98155	0.000	3.923	-0.015	0.000	0.000	0.000	1.000
2725	206164	1	3.541	63.00	0.02544	-0.98292	0.000	2.542	-0.001	0.000	0.000	0.000	1.000
2726	206249	2	4.111	62.00	0.02538	-0.99342	0.000	5.111	0.000	0.000	0.000	0.000	-1.000
2727	206279	1	3.088	62.00	0.02619	-0.97506	0.000	2.088	0.000	0.000	0.000	0.000	1.000
2728	206309	2	-1.600	61.00	0.02537	-0.99281	0.000	0.553	-1.153	0.000	0.000	0.000	-1.000
2729	206339	2	0.417	60.00	0.02668	-0.98528	0.000	1.821	-0.403	0.000	0.000	0.000	-1.000
2730	206385	1	3.930	60.00	0.02530	-0.99582	0.000	2.930	0.000	0.000	0.000	0.000	1.000
2731	206415	2	0.740	59.00	0.02450	-0.98487	0.000	1.957	-0.217	0.000	0.000	0.000	-1.000
2732	206481	2	-0.198	58.00	0.02604	-0.98802	0.000	2.781	-1.979	0.000	0.000	0.000	-1.000
2733	206598	1	7.446	58.00	0.02457	-0.99044	0.000	6.462	-0.016	0.000	0.000	0.000	1.000
2734	206630	2	0.072	57.00	0.02519	-0.98152	0.000	1.107	-0.034	0.000	0.000	0.000	-1.000
2735	206660	2	-0.938	56.00	0.02419	-0.98513	0.000	0.177	-0.115	0.000	0.000	0.000	-1.000
2736	206690	5	0.060	55.00	0.02556	-0.98718	0.000	0.101	-0.041	0.000	0.000	0.000	0.000
2737	206720	2	0.151	54.00	0.02442	-0.98914	0.000	1.151	0.000	0.000	0.000	0.000	-1.000
2738	206790	1	6.545	54.00	0.02560	-0.98513	0.000	5.545	0.000	0.000	0.000	0.000	1.000
2739	206891	1	9.019	54.00	0.02507	-0.99041	0.000	8.019	0.000	0.000	0.000	0.000	1.000
2740	206967	1	6.987	55.00	0.02501	-0.98972	0.000	5.987	0.000	0.000	0.000	0.000	1.000
2741	207003	2	0.285	54.00	0.02474	-0.98204	0.000	1.716	-0.432	0.000	0.000	0.000	-1.000
2742	207033	5	-0.252	53.00	0.02538	-0.99377	0.000	-0.252	0.000	0.000	0.000	0.000	0.000
2743	207080	5	1.776	52.00	0.02520	-0.98484	0.000	1.779	-0.003	0.000	0.000	0.000	0.000
2744	207110	2	0.026	52.00	0.02498	-0.98773	0.000	1.554	-0.528	0.000	0.000	0.000	-1.000
2745	207173	1	2.779	53.00	0.02539	-0.99637	0.000	1.808	-0.029	0.000	0.000	0.000	1.000
2746	207207	1	3.809	53.00	0.02459	-0.98529	0.000	2.904	-0.094	0.000	0.000	0.000	1.000
2747	207267	1	6.567	54.00	0.02557	-0.98273	0.000	5.567	0.000	0.000	0.000	0.000	1.000
2748	207364	1	3.996	55.00	0.02601	-0.99098	0.000	3.076	-0.081	0.000	0.000	0.000	1.000
2749	207458	1	7.119	56.00	0.02515	-0.99063	0.000	6.131	-0.011	0.000	0.000	0.000	1.000
2750	207498	1	3.693	56.00	0.02457	-0.99511	0.000	2.693	0.000	0.000	0.000	0.000	1.000
2751	207570	1	7.854	57.00	0.02615	-0.99086	0.000	6.854	0.000	0.000	0.000	0.000	1.000
2752	207606	2	2.031	57.00	0.02509	-0.99029	0.000	3.031	0.000	0.000	0.000	0.000	-1.000
2753	207662	1	6.574	58.00	0.02499	-0.99362	0.000	5.574	0.000	0.000	0.000	0.000	1.000
2754	207764	2	4.916	58.00	0.02574	-0.98685	0.000	5.982	-0.066	0.000	0.000	0.000	-1.000
2755	207889	1	6.979	58.00	0.02577	-0.98978	0.000	6.369	-0.390	0.000	0.000	0.000	1.000
2756	207971	1	8.223	58.00	0.02607	-0.98831	0.000	7.223	0.000	0.000	0.000	0.000	1.000
2757	208020	1	5.304	58.00	0.02601	-0.98072	0.000	4.304	0.000	0.000	0.000	0.000	1.000
2758	208051	2	1.234	58.00	0.02616	-0.98178	0.000	2.234	0.000	0.000	0.000	0.000	-1.000
2759	208086	1	2.746	58.00	0.02537	-0.98915	0.000	1.746	0.000	0.000	0.000	0.000	1.000
2760	208141	1	5.897	58.00	0.02524	-0.98060	0.000	4.897	0.000	0.000	0.000	0.000	1.000
2761	208199	2	3.900	57.00	0.02559	-0.99527	0.000	4.900	0.000	0.000	0.000	0.000	-1.000
2762	208229	1	2.843	58.00	0.02489	-0.99364	0.000	1.843	0.000	0.000	0.000	0.000	1.000
2763	208334	1	7.933	59.00	0.02613	-0.99013	0.000	6.933	0.000	0.000	0.000	0.000	1.000
2764	208431	1	9.165	59.00	0.02434	-0.99082	0.000	8.165	0.000	0.000	0.000	0.000	1.000
2765	208566	1	11.436	60.00	0.02538	-0.98646	0.000	10.436	0.000	0.000	0.000	0.000	1.000
2766	208700	1	11.399	61.00	0.02532	-0.99198	0.000	10.412	-0.012	0.000	0.000	0.000	1.000
2767	208739	2	1.583	60.00	0.02681	-0.98799	0.000	2.583	0.000	0.000	0.000	0.000	-1.000
2768	208782	1	4.639	60.00	0.02651	-0.99533	0.000	3.639	0.000	0.000	0.000	0.000	1.000
2769	208851	2	3.378	60.00	0.02425	-0.98655	0.000	4.470	-0.091	0.000	0.000	0.000	-1.000
2770	208896	1	5.077	60.00	0.02576	-0.98791	0.000	4.077	0.000	0.000	0.000	0.000	1.000
2771	208968	1	6.470	61.00	0.02620	-0.99423	0.000	5.513	-0.043	0.000	0.000	0.000	1.000
2772	209010	2	-0.118	60.00	0.02557	-0.99024	0.000	2.171	-1.289	0.000	0.000	0.000	-1.000
2773	209075	1	5.049	60.00	0.02426	-0.99053	0.000	4.049	0.000	0.000	0.000	0.000	1.000
2774	209160	1	5.707	60.00	0.02638	-0.99354	0.000	4.707	0.000	0.000	0.000	0.000	1.000
2775	209210	2	2.164	60.00	0.02465	-0.98920	0.000	3.164	0.000	0.000	0.000	0.000	-1.000
2776	209261	2	-0.770	59.00	0.02607	-0.99064	0.000	0.829	-0.600	0.000	0.000	0.000	-1.000
2777	209291	2	-1.090	58.00	0.02441	-0.99119	0.000	0.983	-1.074	0.000	0.000	0.000	-1.000
2778	209339	2	1.499	58.00	0.02617	-0.99486	0.000	2.730	-0.231	0.000	0.000	0.000	-1.000
2779	209398	2	1.140	58.00	0.02545	-0.99305	0.000	3.508	-1.368	0.000	0.000	0.000	-1.000
2780	209447	1	4.756	58.00	0.02576	-0.99374	0.000	3.756	0.000	0.000	0.000	0.000	1.000
2781	209477	2	1.275	57.00	0.02485	-0.99760	0.000	2.275	0.000	0.000	0.000	0.000	-1.000
2782	209555	1	7.368	58.00	0.02598	-0.98952	0.000	6.368	0.000	0.000	0.000	0.000	1.000
2783	209609	2	0.149	57.00	0.02686	-0.99140	0.000	1.380	-0.231	0.000	0.000	0.000	-1.000
2784	209686	1	7.406	57.00	0.02716	-0.98629	0.000	6.406	0.000	0.000	0.000	0.000	1.000
2785	209716	5	0.427	56.00	0.02713	-0.99095	0.000	0.472	-0.045	0.000	0.000	0.000	0.000
2786	209746	5	-1.788	56.00	0.02773	-0.98496	0.000	-1.516	-0.271	0.000	0.000	0.000	0.000
2787	209776	2	-1.355	55.00	0.02590	-0.98893	0.000	-0.355	0.000	0.000	0.000	0.000	-1.000
2788	209806	5	-1.478	55.00	0.02627	-0.99047	0.000	-1.391	-0.087	0.000	0.000	0.000	0.000
2789	209837	5	0.417	54.00	0.02556	-0.98244	0.000	0.417	0.000	0.000	0.000	0.000	0.000
2790	209870	2	0.484	53.00	0.02663	-0.99419	0.000	1.551	-0.067	0.000	0.000	0.000	-1.000
2791	209900	2	0.146	52.00	0.02470	-0.99316	0.000	1.146	0.000	0.000	0.000	0.000	-1.000
2792	209930	5	0.496	51.00	0.02503	-0.97713	0.000	0.496	0.000	0.000	0.000	0.000	0.000
2793	209994	1	5.110	51.00	0.02554	-0.98424	0.000	4.110	0.000	0.000	0.000	0.000	1.000
2794	210064	1	6.452	51.00	0.02618	-0.98335	0.000	5.473	-0.021	0.000	0.000	0.000	1.000
2795	210153	2	5.394	50.00	0.02639	-0.98890	0.000	6.485	-0.090	0.000	0.000	0.000	-1.000
2796	210219	1	5.630	50.00	0.02617	-0.98865	0.000	4.630	0.000	0.000	0.000	0.000	1.000
2797	210278	1	4.736	50.00	0.02578	-0.99558	0.000	3.736	0.000	0.000	0.000	0.000	1.000
2798	210364	1	7.072	51.00	0.02681	-0.99454	0.000	6.153	-0.081	0.000	0.000	0.000	1.000
2799	210441	1	7.487	51.00	0.02657	-0.99395	0.000	6.487	-0.001	0.000	0.000	0.000	1.000
2800	210472	1	3.093	52.00	0.02549	-0.98823	0.000	2.159	-0.066	0.000	0.000	0.000	1.000
2801	210582	1	8.517	53.00	0.02639	-0.98776	0.000	7.621	-0.104	0.000	0.000	0.000	1.000
2802	210701	1	8.666	53.00	0.02604	-0.99286	0.000	7.666	0.000	0.000	0.000	0.000	1.000
2803	210789	1	4.615	53.00	0.02504	-0.99013	0.000	3.685	-0.071	0.000	0.000	0.000	1.000
2804	210826	1	3.997	54.00	0.02467	-0.98804	0.000	2.997	0.000	0.000	0.000	0.000	1.000
2805	210865	2	1.576	54.00	0.02419	-0.99743	0.000	2.715	-0.139	0.000	0.000	0.000	-1.000
2806	210915	1	3.959	54.00	0.02504	-0.99403	0.000	2.959	0.000	0.000	0.000	0.000	1.000
2807	210958	1	4.652	55.00	0.02433	-0.99577	0.000	3.827	-0.175	0.000	0.000	0.000	1.000
2808	210994	2	1.875	55.00	0.02636	-0.99585	0.000	3.033	-0.158	0.000	0.000	0.000	-1.000
2809	211052	1	6.573	56.00	0.02554	-0.99115	0.000	5.573	0.000	0.000	0.000	0.000	1.000
2810	211186	1	8.912	56.00	0.02624	-0.98959	0.000	8.523	-0.611	0.000	0.000	0.000	1.000
2811	211287	1	5.330	56.00	0.02564	-0.98877	0.000	4.330	0.000	0.000	0.000	0.000	1.000
2812	211339	1	5.360	57.00	0.02606	-0.99144	0.000	4.360	0.000	0.000	0.000	0.000	1.000
2813	211446	1	6.769	58.00	0.02573	-0.98374	0.000	5.769	0.000	0.000	0.000	0.000	1.000
2814	211543	1	7.984	59.00	0.02584	-0.98839	0.000	6.984	0.000	0.000	0.000	0.000	1.000
2815	211578	2	0.809	59.00	0.02643	-0.99515	0.000	1.850	-0.041	0.000	0.000	0.000	-1.000
2816	211620	1	5.035	59.00	0.02571	-0.99185	0.000	4.039	-0.004	0.000	0.000	0.000	1.000
2817	211689	1	5.955	59.00	0.02673	-0.99183	0.000	4.960	-0.005	0.000	0.000	0.000	1.000
2818	211757	1	4.901	59.00	0.02475	-0.99190	0.000	3.901	0.000	0.000	0.000	0.000	1.000
2819	211787	2	1.299	58.00	0.02656	-0.99186	0.000	2.299	0.000	0.000	0.000	0.000	-1.000
2820	211840	1	6.520	59.00	0.02656	-0.98635	0.000	5.520	0.000	0.000	0.000	0.000	1.000
2821	211948	1	9.481	59.00	0.02529	-0.99712	0.000	8.481	0.000	0.000	0.000	0.000	1.000
2822	211988	2	1.703	59.00	0.02523	-0.99017	0.000	2.878	-0.175	0.000	0.000	0.000	-1.000
2823	212056	1	2.744	59.00	0.02528	-0.98484	0.000	1.744	0.000	0.000	0.000	0.000	1.000
2824	212139	1	6.678	59.00	0.02590	-0.99191	0.000	5.678	0.000	0.000	0.000	0.000	1.000
2825	212193	1	4.844	59.00	0.02579	-0.99334	0.000	3.844	0.000	0.000	0.000	0.000	1.000
2826	212255	1	5.261	60.00	0.02642	-0.98966	0.000	4.264	-0.003	0.000	0.000	0.000	1.000
2827	212303	2	3.143	59.00	0.02610	-0.98716	0.000	4.143	0.000	0.000	0.000	0.000	-1.000
2828	212377	1	4.992	60.00	0.02599	-0.99552	0.000	3.992	0.000	0.000	0.000	0.000	1.000
2829	212509	1	9.358	61.00	0.02631	-0.99187	0.000	8.358	0.000	0.000	0.000	0.000	1.000
2830	212559	2	2.590	60.00	0.02631	-0.99606	0.000	3.590	0.000	0.000	0.000	0.000	-1.000
2831	212603	1	2.779	61.00	0.02653	-1.00139	0.000	1.779	0.000	0.000	0.000	0.000	1.000
2832	212638	1	3.801	62.00	0.02589	-0.98843	0.000	2.801	0.000	0.000	0.000	0.000	1.000
2833	212729	1	6.234	62.00	0.02557	-0.99002	0.000	5.293	-0.059	0.000	0.000	0.000	1.000
2834	212835	2	6.498	62.00	0.02577	-0.99059	0.000	7.498	0.000	0.000	0.000	0.000	-1.000
2835	212865	1	2.755	63.00	0.02603	-0.98565	0.000	1.755	0.000	0.000	0.000	0.000	1.000
2836	212925	2	2.208	63.00	0.02453	-0.98827	0.000	3.212	-0.003	0.000	0.000	0.000	-1.000
2837	212979	1	4.811	64.00	0.02398	-0.99957	0.000	3.811	0.000	0.000	0.000	0.000	1.000
2838	213097	1	8.957	64.00	0.02537	-1.00151	0.000	7.957	0.000	0.000	0.000	0.000	1.000
2839	213165	1	6.532	64.00	0.02497	-0.99460	0.000	5.532	0.000	0.000	0.000	0.000	1.000
2840	213231	1	5.660	64.00	0.02642	-0.99175	0.000	4.676	-0.016	0.000	0.000	0.000	1.000
2841	213277	2	0.175	64.00	0.02610	-0.99403	0.000	1.313	-0.138	0.000	0.000	0.000	-1.000
2842	213320	1	3.789	65.00	0.02610	-0.99185	0.000	2.823	-0.033	0.000	0.000	0.000	1.000
2843	213388	1	5.297	66.00	0.02492	-0.99267	0.000	4.297	0.000	0.000	0.000	0.000	1.000
2844	213464	1	5.116	67.00	0.02571	-0.98850	0.000	4.116	0.000	0.000	0.000	0.000	1.000
2845	213521	1	3.570	67.00	0.02565	-0.98771	0.000	2.570	0.000	0.000	0.000	0.000	1.000
2846	213606	1	6.879	67.00	0.02574	-0.99959	0.000	5.879	0.000	0.000	0.000	0.000	1.000
2847	213723	1	9.449	67.00	0.02519	-0.99900	0.000	8.449	0.000	0.000	0.000	0.000	1.000
2848	213823	2	3.334	66.00	0.02581	-0.99452	0.000	4.340	-0.006	0.000	0.000	0.000	-1.000
2849	213938	1	7.412	66.00	0.02564	-0.99536	0.000	6.412	0.000	0.000	0.000	0.000	1.000
2850	214016	1	9.521	66.00	0.02607	-0.99487	0.000	8.521	0.000	0.000	0.000	0.000	1.000
2851	214089	2	4.009	65.00	0.02609	-0.98648	0.000	5.009	0.000	0.000	0.000	0.000	-1.000
2852	214139	2	1.362	65.00	0.02551	-0.99163	0.000	2.362	0.000	0.000	0.000	0.000	-1.000
2853	214169	1	3.683	65.00	0.02657	-0.99408	0.000	2.691	-0.007	0.000	0.000	0.000	1.000
2854	214302	2	6.408	65.00	0.02587	-0.99345	0.000	7.408	0.000	0.000	0.000	0.000	-1.000
2855	214332	1	3.525	65.00	0.02630	-1.00299	0.000	2.564	-0.039	0.000	0.000	0.000	1.000
2856	214393	1	5.390	65.00	0.02536	-0.99595	0.000	4.468	-0.078	0.000	0.000	0.000	1.000
2857	214425	1	3.438	65.00	0.02584	-0.99666	0.000	2.598	-0.161	0.000	0.000	0.000	1.000
2858	214464	1	4.211	66.00	0.02573	-0.99755	0.000	3.211	0.000	0.000	0.000	0.000	1.000
2859	214546	1	6.932	66.00	0.02545	-0.98895	0.000	6.063	-0.131	0.000	0.000	0.000	1.000
2860	214621	1	6.652	66.00	0.02502	-0.99466	0.000	5.737	-0.085	0.000	0.000	0.000	1.000
2861	214660	1	4.927	67.00	0.02518	-1.00601	0.000	3.927	0.000	0.000	0.000	0.000	1.000
2862	214703	1	5.140	67.00	0.02595	-0.99489	0.000	4.153	-0.013	0.000	0.000	0.000	1.000
2863	214746	1	4.884	67.00	0.02598	-0.99772	0.000	3.884	0.000	0.000	0.000	0.000	1.000
2864	214868	2	6.158	66.00	0.02597	-0.99651	0.000	7.301	-0.143	0.000	0.000	0.000	-1.000
2865	214932	2	-0.104	65.00	0.02556	-0.99143	0.000	1.496	-0.600	0.000	0.000	0.000	-1.000
2866	214962	1	2.622	65.00	0.02469	-0.98753	0.000	1.622	0.000	0.000	0.000	0.000	1.000
2867	215024	2	0.471	65.00	0.02590	-0.99051	0.000	1.539	-0.069	0.000	0.000	0.000	-1.000
2868	215054	2	-0.783	64.00	0.02652	-0.98453	0.000	0.437	-0.220	0.000	0.000	0.000	-1.000
2869	215110	1	5.131	65.00	0.02588	-0.99124	0.000	4.168	-0.037	0.000	0.000	0.000	1.000
2870	215201	1	7.760	65.00	0.02540	-0.99380	0.000	6.942	-0.181	0.000	0.000	0.000	1.000
2871	215286	1	7.828	65.00	0.02559	-0.99257	0.000	6.828	0.000	0.000	0.000	0.000	1.000
2872	215316	1	3.274	66.00	0.02405	-0.99784	0.000	2.278	-0.004	0.000	0.000	0.000	1.000
2873	215353	2	-0.688	65.00	0.02410	-0.98565	0.000	0.316	-0.004	0.000	0.000	0.000	-1.000
2874	215383	1	3.436	65.00	0.02555	-0.99383	0.000	2.436	0.000	0.000	0.000	0.000	1.000
2875	215460	2	2.544	65.00	0.02471	-0.99474	0.000	3.616	-0.072	0.000	0.000	0.000	-1.000
2876	215549	1	4.487	66.00	0.02575	-1.00114	0.000	4.112	-0.625	0.000	0.000	0.000	1.000
2877	215591	2	1.699	66.00	0.02554	-0.99319	0.000	2.761	-0.062	0.000	0.000	0.000	-1.000
2878	215647	1	5.083	67.00	0.02639	-0.98756	0.000	4.083	0.000	0.000	0.000	0.000	1.000
2879	215677	2	-0.490	67.00	0.02599	-1.00346	0.000	0.654	-0.144	0.000	0.000	0.000	-1.000
2880	215707	5	-0.225	66.00	0.02580	-0.99138	0.000	-0.225	0.000	0.000	0.000	0.000	0.000
2881	215737	5	1.117	66.00	0.02730	-0.98871	0.000	1.117	0.000	0.000	0.000	0.000	0.000
2882	215849	2	0.829	65.00	0.02698	-0.98552	0.000	3.187	-1.358	0.000	0.000	0.000	-1.000
2883	215913	1	4.801	66.00	0.02522	-0.99346	0.000	3.801	0.000	0.000	0.000	0.000	1.000
2884	215943	2	-0.149	65.00	0.02693	-0.98705	0.000	1.465	-0.614	0.000	0.000	0.000	-1.000
2885	215974	1	2.707	66.00	0.02537	-0.99301	0.000	1.707	0.000	0.000	0.000	0.000	1.000
2886	216004	2	0.614	66.00	0.02597	-0.99559	0.000	1.763	-0.149	0.000	0.000	0.000	-1.000
2887	216034	1	2.945	67.00	0.02600	-0.98721	0.000	1.945	0.000	0.000	0.000	0.000	1.000
2888	216086	1	4.954	68.00	0.02566	-0.98826	0.000	3.954	0.000	0.000	0.000	0.000	1.000
2889	216173	2	3.653	68.00	0.02674	-0.98035	0.000	4.663	-0.009	0.000	0.000	0.000	-1.000
2890	216211	1	2.733	69.00	0.02629	-0.99609	0.000	1.733	0.000	0.000	0.000	0.000	1.000
2891	216266	1	5.523	70.00	0.02701	-0.98907	0.000	4.523	0.000	0.000	0.000	0.000	1.000
2892	216372	1	9.809	71.00	0.02596	-0.99423	0.000	8.821	-0.011	0.000	0.000	0.000	1.000
2893	216469	1	7.673	71.00	0.02526	-0.98790	0.000	6.673	0.000	0.000	0.000	0.000	1.000
2894	216517	2	0.778	70.00	0.02628	-0.98630	0.000	2.069	-0.291	0.000	0.000	0.000	-1.000
2895	216581	1	2.312	71.00	0.02581	-0.99502	0.000	1.747	-0.436	0.000	0.000	0.000	1.000
2896	216685	1	8.709	71.00	0.02569	-0.98734	0.000	7.709	0.000	0.000	0.000	0.000	1.000
2897	216810	1	8.204	71.00	0.02584	-0.99096	0.000	7.351	-0.147	0.000	0.000	0.000	1.000
2898	216881	1	4.673	71.00	0.02617	-0.99524	0.000	3.673	0.000	0.000	0.000	0.000	1.000
2899	216995	1	7.150	71.00	0.02631	-0.99007	0.000	6.285	-0.135	0.000	0.000	0.000	1.000
2900	217072	2	5.209	70.00	0.02551	-0.98741	0.000	6.209	0.000	0.000	0.000	0.000	-1.000
2901	217112	1	5.108	70.00	0.02523	-1.00349	0.000	4.108	0.000	0.000	0.000	0.000	1.000
2902	217174	1	6.855	70.00	0.02474	-0.99470	0.000	5.884	-0.029	0.000	0.000	0.000	1.000
2903	217214	1	4.286	70.00	0.02461	-0.98781	0.000	3.286	0.000	0.000	0.000	0.000	1.000
2904	217281	2	4.835	69.00	0.02588	-0.99064	0.000	5.835	0.000	0.000	0.000	0.000	-1.000
2905	217327	1	3.927	70.00	0.02500	-0.99321	0.000	2.927	0.000	0.000	0.000	0.000	1.000
2906	217368	1	3.490	70.00	0.02592	-0.98613	0.000	2.817	-0.327	0.000	0.000	0.000	1.000
2907	217460	2	4.378	69.00	0.02607	-0.99164	0.000	5.521	-0.143	0.000	0.000	0.000	-1.000
2908	217505	1	1.869	70.00	0.02647	-0.99967	0.000	1.607	-0.738	0.000	0.000	0.000	1.000
2909	217575	2	0.692	69.00	0.02454	-0.99951	0.000	1.952	-0.260	0.000	0.000	0.000	-1.000
2910	217674	1	6.553	69.00	0.02563	-0.99152	0.000	5.553	0.000	0.000	0.000	0.000	1.000
2911	217893	1	9.694	69.00	0.02567	-0.99404	0.000	8.694	0.000	0.000	0.000	0.000	1.000
2912	218024	1	6.768	69.00	0.02570	-0.99825	0.000	5.768	0.000	0.000	0.000	0.000	1.000
2913	218080	2	3.471	68.00	0.02498	-0.99663	0.000	4.471	0.000	0.000	0.000	0.000	-1.000
2914	218169	1	5.130	68.00	0.02508	-0.99470	0.000	4.153	-0.024	0.000	0.000	0.000	1.000
2915	218223	1	3.629	69.00	0.02699	-0.98143	0.000	2.639	-0.011	0.000	0.000	0.000	1.000
2916	218306	1	8.497	69.00	0.02594	-0.99615	0.000	7.497	0.000	0.000	0.000	0.000	1.000
2917	218432	1	9.861	69.00	0.02599	-0.99373	0.000	8.861	0.000	0.000	0.000	0.000	1.000
2918	218496	2	3.193	68.00	0.02594	-0.99522	0.000	4.193	0.000	0.000	0.000	0.000	-1.000
2919	218537	1	2.737	69.00	0.02518	-0.99868	0.000	1.737	0.000	0.000	0.000	0.000	1.000
2920	218643	1	6.039	69.00	0.02531	-1.00170	0.000	5.432	-0.393	0.000	0.000	0.000	1.000
2921	218762	1	7.565	69.00	0.02606	-0.99641	0.000	6.565	0.000	0.000	0.000	0.000	1.000
2922	218836	2	3.726	69.00	0.02582	-1.00004	0.000	4.726	0.000	0.000	0.000	0.000	-1.000
2923	218873	2	1.045	68.00	0.02499	-0.99388	0.000	2.045	0.000	0.000	0.000	0.000	-1.000
2924	218904	1	3.721	68.00	0.02530	-1.00353	0.000	2.721	0.000	0.000	0.000	0.000	1.000
2925	218960	1	6.775	68.00	0.02606	-0.99453	0.000	5.775	0.000	0.000	0.000	0.000	1.000
2926	219001	1	3.715	68.00	0.02506	-0.99939	0.000	3.240	-0.525	0.000	0.000	0.000	1.000
2927	219050	1	4.187	69.00	0.02603	-0.98931	0.000	3.187	0.000	0.000	0.000	0.000	1.000
2928	219089	1	3.806	69.00	0.02623	-1.00049	0.000	2.806	0.000	0.000	0.000	0.000	1.000
2929	219223	1	6.307	69.00	0.02550	-0.99341	0.000	5.307	0.000	0.000	0.000	0.000	1.000
2930	219278	2	2.915	69.00	0.02580	-0.99720	0.000	3.915	0.000	0.000	0.000	0.000	-1.000
2931	219342	1	6.340	69.00	0.02534	-0.99930	0.000	5.340	0.000	0.000	0.000	0.000	1.000
2932	219449	1	8.599	69.00	0.02603	-0.99262	0.000	7.599	0.000	0.000	0.000	0.000	1.000
2933	219617	2	8.027	68.00	0.02559	-0.99596	0.000	9.136	-0.108	0.000	0.000	0.000	-1.000
2934	219661	1	5.118	69.00	0.02537	-1.00039	0.000	4.118	0.000	0.000	0.000	0.000	1.000
2935	219694	2	0.428	68.00	0.02553	-0.99007	0.000	1.519	-0.091	0.000	0.000	0.000	-1.000
2936	219724	5	0.528	68.00	0.02505	-0.99641	0.000	0.528	0.000	0.000	0.000	0.000	0.000
2937	219787	2	0.422	67.00	0.02576	-0.98989	0.000	1.580	-0.158	0.000	0.000	0.000	-1.000
2938	219824	1	3.958	67.00	0.02533	-0.99017	0.000	2.958	0.000	0.000	0.000	0.000	1.000
2939	219854	2	-1.461	66.00	0.02574	-0.98946	0.000	0.663	-1.125	0.000	0.000	0.000	-1.000
2940	219884	1	2.879	66.00	0.02512	-1.00374	0.000	1.879	0.000	0.000	0.000	0.000	1.000
2941	219918	1	3.964	67.00	0.02595	-1.00434	0.000	2.964	0.000	0.000	0.000	0.000	1.000
2942	219982	1	6.438	67.00	0.02458	-0.98857	0.000	5.438	0.000	0.000	0.000	0.000	1.000
2943	220039	2	2.425	66.00	0.02552	-0.99576	0.000	3.425	0.000	0.000	0.000	0.000	-1.000
2944	220160	2	2.713	65.00	0.02514	-0.99656	0.000	3.869	-0.156	0.000	0.000	0.000	-1.000
2945	220199	1	3.749	65.00	0.02499	-0.99409	0.000	2.749	0.000	0.000	0.000	0.000	1.000
2946	220286	1	5.230	65.00	0.02566	-0.99223	0.000	4.275	-0.045	0.000	0.000	0.000	1.000
2947	220339	1	4.178	65.00	0.02612	-0.98892	0.000	3.178	0.000	0.000	0.000	0.000	1.000
2948	220447	1	8.633	66.00	0.02586	-0.99474	0.000	8.039	-0.406	0.000	0.000	0.000	1.000
2949	220568	1	8.783	66.00	0.02578	-0.98856	0.000	7.783	0.000	0.000	0.000	0.000	1.000
2950	220612	1	4.189	66.00	0.02497	-0.99176	0.000	3.189	0.000	0.000	0.000	0.000	1.000
2951	220676	1	5.033	67.00	0.02610	-0.99049	0.000	4.039	-0.007	0.000	0.000	0.000	1.000
2952	220789	1	8.816	68.00	0.02536	-0.98896	0.000	7.816	0.000	0.000	0.000	0.000	1.000
2953	220833	2	0.735	67.00	0.02446	-0.99122	0.000	1.735	0.000	0.000	0.000	0.000	-1.000
2954	220920	1	6.282	68.00	0.02598	-0.99454	0.000	5.311	-0.029	0.000	0.000	0.000	1.000
2955	221025	1	7.532	68.00	0.02472	-0.99465	0.000	6.532	0.000	0.000	0.000	0.000	1.000
2956	221132	1	8.838	68.00	0.02509	-0.99007	0.000	7.840	-0.002	0.000	0.000	0.000	1.000
2957	221228	1	8.199	68.00	0.02457	-0.98974	0.000	7.223	-0.024	0.000	0.000	0.000	1.000
2958	221330	1	7.805	68.00	0.02583	-0.98719	0.000	7.222	-0.416	0.000	0.000	0.000	1.000
2959	221405	2	3.143	67.00	0.02658	-1.00126	0.000	4.143	0.000	0.000	0.000	0.000	-1.000
2960	221435	2	-0.899	66.00	0.02717	-0.98668	0.000	0.252	-0.150	0.000	0.000	0.000	-1.000
2961	221465	5	0.572	65.00	0.02516	-1.00007	0.000	0.693	-0.121	0.000	0.000	0.000	0.000
2962	221495	5	0.040	64.00	0.02505	-0.98999	0.000	0.139	-0.099	0.000	0.000	0.000	0.000
2963	221525	2	-0.681	63.00	0.02450	-0.98963	0.000	0.824	-0.504	0.000	0.000	0.000	-1.000
2964	221555	5	0.097	63.00	0.02391	-0.97737	0.000	0.097	0.000	0.000	0.000	0.000	0.000
2965	221604	2	1.388	63.00	0.02531	-0.99698	0.000	2.446	-0.058	0.000	0.000	0.000	-1.000
2966	221634	1	2.877	63.00	0.02667	-0.99597	0.000	1.877	0.000	0.000	0.000	0.000	1.000
2967	221695	1	5.256	64.00	0.02498	-1.00054	0.000	4.256	0.000	0.000	0.000	0.000	1.000
2968	221730	2	1.482	64.00	0.02629	-0.98259	0.000	2.482	0.000	0.000	0.000	0.000	-1.000
2969	221764	1	2.601	64.00	0.02434	-0.99240	0.000	1.601	0.000	0.000	0.000	0.000	1.000
2970	221805	2	0.155	63.00	0.02472	-0.99279	0.000	1.638	-0.483	0.000	0.000	0.000	-1.000
2971	221886	1	6.563	63.00	0.02573	-0.99294	0.000	5.563	0.000	0.000	0.000	0.000	1.000
2972	222011	2	3.956	62.00	0.02505	-0.99390	0.000	4.967	-0.011	0.000	0.000	0.000	-1.000
2973	222065	1	6.574	63.00	0.02560	-0.99995	0.000	5.574	0.000	0.000	0.000	0.000	1.000
2974	222128	2	3.975	62.00	0.02522	-0.99096	0.000	4.975	0.000	0.000	0.000	0.000	-1.000
2975	222158	1	2.654	63.00	0.02545	-0.97820	0.000	1.844	-0.190	0.000	0.000	0.000	1.000
2976	222188	1	4.393	63.00	0.02605	-0.98916	0.000	3.393	0.000	0.000	0.000	0.000	1.000
2977	222286	1	8.855	64.00	0.02560	-0.99390	0.000	7.855	0.000	0.000	0.000	0.000	1.000
2978	222359	1	6.824	64.00	0.02555	-0.99332	0.000	5.891	-0.067	0.000	0.000	0.000	1.000
2979	222389	2	1.731	64.00	0.02691	-1.00107	0.000	2.731	0.000	0.000	0.000	0.000	-1.000
2980	222419	1	3.103	65.00	0.02623	-1.00525	0.000	2.894	-0.791	0.000	0.000	0.000	1.000
2981	222449	1	4.409	66.00	0.02502	-1.00086	0.000	3.409	0.000	0.000	0.000	0.000	1.000
2982	222486	5	1.467	66.00	0.02623	-0.99413	0.000	1.467	0.000	0.000	0.000	0.000	0.000
2983	222516	2	-2.230	65.00	0.02534	-0.99214	0.000	-0.783	-0.447	0.000	0.000	0.000	-1.000
2984	222570	1	2.775	66.00	0.02617	-0.99855	0.000	1.775	0.000	0.000	0.000	0.000	1.000
2985	222668	1	6.488	66.00	0.02550	-0.99871	0.000	6.627	-1.139	0.000	0.000	0.000	1.000
2986	222710	2	3.041	66.00	0.02448	-1.00208	0.000	4.041	0.000	0.000	0.000	0.000	-1.000
2987	222783	1	4.254	66.00	0.02557	-0.99094	0.000	3.778	-0.523	0.000	0.000	0.000	1.000
2988	222899	2	0.216	65.00	0.02563	-0.99748	0.000	1.406	-0.190	0.000	0.000	0.000	-1.000
2989	222931	2	-0.198	65.00	0.02533	-0.98849	0.000	0.802	0.000	0.000	0.000	0.000	-1.000
2990	223012	1	5.065	65.00	0.02436	-0.99819	0.000	4.065	0.000	0.000	0.000	0.000	1.000
2991	223130	1	8.848	65.00	0.02535	-0.99997	0.000	7.848	0.000	0.000	0.000	0.000	1.000
2992	223171	1	3.731	65.00	0.02673	-0.99327	0.000	2.731	0.000	0.000	0.000	0.000	1.000
2993	223218	1	5.246	65.00	0.02609	-0.99204	0.000	4.246	0.000	0.000	0.000	0.000	1.000
2994	223274	2	3.079	65.00	0.02569	-1.00149	0.000	4.079	0.000	0.000	0.000	0.000	-1.000
2995	223304	1	3.707	65.00	0.02496	-0.99333	0.000	2.707	0.000	0.000	0.000	0.000	1.000
2996	223343	1	4.870	65.00	0.02625	-1.00060	0.000	3.976	-0.107	0.000	0.000	0.000	1.000
2997	223453	1	6.955	65.00	0.02590	-0.99516	0.000	5.955	0.000	0.000	0.000	0.000	1.000
2998	223517	1	4.529	65.00	0.02592	-0.99846	0.000	3.529	0.000	0.000	0.000	0.000	1.000
2999	223606	2	5.062	64.00	0.02647	-1.00028	0.000	6.296	-0.234	0.000	0.000	0.000	-1.000
3000	223661	1	6.559	65.00	0.02685	-0.98999	0.000	5.559	0.000	0.000	0.000	0.000	1.000
3001	223734	1	4.568	65.00	0.02617	-0.99584	0.000	4.098	-0.530	0.000	0.000	0.000	1.000
3002	223858	1	9.259	65.00	0.02559	-0.99801	0.000	8.264	-0.006	0.000	0.000	0.000	1.000
3003	223955	1	8.094	65.00	0.02564	-1.00371	0.000	7.094	0.000	0.000	0.000	0.000	1.000
3004	224012	1	5.701	66.00	0.02535	-0.99565	0.000	4.717	-0.016	0.000	0.000	0.000	1.000
3005	224044	1	3.225	66.00	0.02578	-1.00589	0.000	2.225	0.000	0.000	0.000	0.000	1.000
3006	224104	1	5.775	66.00	0.02565	-0.99746	0.000	4.775	0.000	0.000	0.000	0.000	1.000
3007	224140	1	3.776	67.00	0.02689	-0.99888	0.000	2.776	0.000	0.000	0.000	0.000	1.000
3008	224266	1	7.996	67.00	0.02516	-0.99554	0.000	7.060	-0.064	0.000	0.000	0.000	1.000
3009	224383	1	9.010	68.00	0.02541	-0.99525	0.000	8.010	0.000	0.000	0.000	0.000	1.000
3010	224450	1	7.509	68.00	0.02470	-0.99808	0.000	6.773	-0.265	0.000	0.000	0.000	1.000
3011	224504	1	5.265	68.00	0.02466	-0.99969	0.000	4.265	0.000	0.000	0.000	0.000	1.000
3012	224534	1	3.884	68.00	0.02549	-0.99819	0.000	2.884	0.000	0.000	0.000	0.000	1.000
3013	224577	1	5.060	69.00	0.02555	-1.00398	0.000	4.063	-0.002	0.000	0.000	0.000	1.000
3014	224645	1	7.226	69.00	0.02700	-0.99521	0.000	6.226	0.000	0.000	0.000	0.000	1.000
3015	224700	1	6.793	69.00	0.02504	-1.00783	0.000	5.793	0.000	0.000	0.000	0.000	1.000
3016	224737	1	4.409	69.00	0.02530	-1.00426	0.000	3.409	0.000	0.000	0.000	0.000	1.000
3017	224823	2	5.972	68.00	0.02600	-0.99701	0.000	7.007	-0.035	0.000	0.000	0.000	-1.000
3018	224926	1	5.166	69.00	0.02506	-0.99813	0.000	4.201	-0.034	0.000	0.000	0.000	1.000
3019	224966	1	3.850	69.00	0.02576	-0.99809	0.000	2.850	0.000	0.000	0.000	0.000	1.000
3020	225024	2	2.265	68.00	0.02558	-0.99378	0.000	3.265	0.000	0.000	0.000	0.000	-1.000
3021	225114	1	6.280	68.00	0.02664	-0.99230	0.000	5.280	0.000	0.000	0.000	0.000	1.000
3022	225192	1	5.259	69.00	0.02567	-0.99653	0.000	4.259	0.000	0.000	0.000	0.000	1.000
3023	225242	1	5.335	70.00	0.02480	-0.99951	0.000	4.335	0.000	0.000	0.000	0.000	1.000
3024	225291	2	2.178	69.00	0.02709	-1.00316	0.000	3.178	0.000	0.000	0.000	0.000	-1.000
3025	225334	2	1.106	68.00	0.02622	-0.99332	0.000	2.122	-0.016	0.000	0.000	0.000	-1.000
3026	225379	1	3.830	68.00	0.02527	-1.00955	0.000	2.985	-0.156	0.000	0.000	0.000	1.000
3027	225425	1	4.707	68.00	0.02639	-0.99049	0.000	3.843	-0.136	0.000	0.000	0.000	1.000
3028	225478	1	5.116	68.00	0.02564	-0.99282	0.000	4.116	0.000	0.000	0.000	0.000	1.000
3029	225545	2	4.101	67.00	0.02561	-0.98889	0.000	5.353	-0.251	0.000	0.000	0.000	-1.000
3030	225575	1	2.817	68.00	0.02450	-0.99653	0.000	1.817	0.000	0.000	0.000	0.000	1.000
3031	225631	2	3.413	67.00	0.02578	-0.99933	0.000	4.413	0.000	0.000	0.000	0.000	-1.000
3032	225663	1	3.742	67.00	0.02461	-1.00463	0.000	2.742	0.000	0.000	0.000	0.000	1.000
3033	225703	1	3.906	68.00	0.02640	-0.99569	0.000	2.906	0.000	0.000	0.000	0.000	1.000
3034	225870	1	9.564	68.00	0.02532	-0.99958	0.000	8.564	0.000	0.000	0.000	0.000	1.000
3035	225945	1	6.657	69.00	0.02465	-0.99502	0.000	5.657	0.000	0.000	0.000	0.000	1.000
3036	226051	1	9.057	70.00	0.02490	-1.00167	0.000	8.057	0.000	0.000	0.000	0.000	1.000
3037	226131	1	7.493	71.00	0.02572	-1.00902	0.000	6.493	0.000	0.000	0.000	0.000	1.000
3038	226197	1	5.458	71.00	0.02448	-0.99479	0.000	4.458	0.000	0.000	0.000	0.000	1.000
3039	226241	1	3.645	72.00	0.02489	-1.00032	0.000	2.645	0.000	0.000	0.000	0.000	1.000
3040	226315	1	7.061	72.00	0.02585	-1.00160	0.000	6.061	0.000	0.000	0.000	0.000	1.000
3041	226485	2	5.936	71.00	0.02471	-1.00316	0.000	6.948	-0.012	0.000	0.000	0.000	-1.000
3042	226519	1	2.769	71.00	0.02390	-1.00701	0.000	1.769	0.000	0.000	0.000	0.000	1.000
3043	226629	1	8.657	72.00	0.02567	-1.00540	0.000	8.114	-0.457	0.000	0.000	0.000	1.000
3044	226677	2	0.671	72.00	0.02523	-0.99674	0.000	1.671	0.000	0.000	0.000	0.000	-1.000
3045	226707	1	2.727	72.00	0.02562	-0.98769	0.000	1.727	0.000	0.000	0.000	0.000	1.000
3046	226774	1	4.583	72.00	0.02521	-0.99444	0.000	3.583	0.000	0.000	0.000	0.000	1.000
3047	226804	2	-0.038	71.00	0.02596	-1.00310	0.000	1.406	-0.445	0.000	0.000	0.000	-1.000
3048	226876	1	6.378	71.00	0.02432	-1.00359	0.000	5.378	0.000	0.000	0.000	0.000	1.000
3049	226953	2	5.034	70.00	0.02463	-1.00393	0.000	6.187	-0.153	0.000	0.000	0.000	-1.000
3050	226983	1	3.744	70.00	0.02517	-0.99543	0.000	2.744	0.000	0.000	0.000	0.000	1.000
3051	227038	1	5.362	70.00	0.02568	-1.00444	0.000	4.362	0.000	0.000	0.000	0.000	1.000
3052	227093	1	5.222	70.00	0.02502	-1.00106	0.000	4.222	0.000	0.000	0.000	0.000	1.000
3053	227125	2	0.961	70.00	0.02406	-1.00462	0.000	1.996	-0.035	0.000	0.000	0.000	-1.000
3054	227159	1	2.743	70.00	0.02490	-1.00230	0.000	1.743	0.000	0.000	0.000	0.000	1.000
3055	227210	1	5.064	70.00	0.02549	-1.00882	0.000	4.064	0.000	0.000	0.000	0.000	1.000
3056	227285	1	7.515	70.00	0.02480	-0.99817	0.000	6.522	-0.007	0.000	0.000	0.000	1.000
3057	227315	1	3.251	70.00	0.02461	-0.99751	0.000	2.258	-0.007	0.000	0.000	0.000	1.000
3058	227345	2	1.566	69.00	0.02370	-0.98883	0.000	2.566	0.000	0.000	0.000	0.000	-1.000
3059	227418	1	5.116	70.00	0.02543	-0.99660	0.000	4.116	0.000	0.000	0.000	0.000	1.000
3060	227508	2	4.584	70.00	0.02511	-1.00205	0.000	5.584	0.000	0.000	0.000	0.000	-1.000
3061	227569	1	5.619	71.00	0.02536	-0.99229	0.000	4.676	-0.057	0.000	0.000	0.000	1.000
3062	227676	2	6.034	71.00	0.02567	-0.99988	0.000	7.034	0.000	0.000	0.000	0.000	-1.000
3063	227791	1	4.491	72.00	0.02632	-1.00242	0.000	3.610	-0.119	0.000	0.000	0.000	1.000
3064	227848	2	2.122	72.00	0.02610	-0.99273	0.000	3.172	-0.050	0.000	0.000	0.000	-1.000
3065	227921	1	4.962	73.00	0.02570	-1.00448	0.000	3.970	-0.008	0.000	0.000	0.000	1.000
3066	227951	2	-0.011	72.00	0.02662	-1.00037	0.000	0.989	0.000	0.000	0.000	0.000	-1.000
3067	227981	2	-0.096	71.00	0.02437	-1.00246	0.000	0.904	0.000	0.000	0.000	0.000	-1.000
3068	228011	5	1.074	71.00	0.02679	-1.00068	0.000	1.074	0.000	0.000	0.000	0.000	0.000
3069	228041	2	0.587	70.00	0.02588	-0.99996	0.000	1.587	0.000	0.000	0.000	0.000	-1.000
3070	228095	2	-0.229	70.00	0.02633	-0.99425	0.000	1.120	-0.350	0.000	0.000	0.000	-1.000
3071	228168	1	4.979	70.00	0.02545	-0.99220	0.000	4.033	-0.054	0.000	0.000	0.000	1.000
3072	228262	1	8.814	71.00	0.02603	-0.99091	0.000	7.814	0.000	0.000	0.000	0.000	1.000
3073	228365	1	8.764	71.00	0.02557	-0.99488	0.000	7.764	0.000	0.000	0.000	0.000	1.000
3074	228452	2	3.361	71.00	0.02488	-0.99895	0.000	4.361	0.000	0.000	0.000	0.000	-1.000
3075	228494	2	1.555	70.00	0.02666	-0.98999	0.000	2.969	-0.414	0.000	0.000	0.000	-1.000
3076	228529	2	0.810	69.00	0.02479	-1.00086	0.000	1.936	-0.127	0.000	0.000	0.000	-1.000
3077	228636	1	3.334	69.00	0.02518	-1.00425	0.000	2.742	-0.408	0.000	0.000	0.000	1.000
3078	228775	2	3.413	68.00	0.02547	-0.99885	0.000	5.310	-0.896	0.000	0.000	0.000	-1.000
3079	228819	1	5.107	69.00	0.02528	-0.99267	0.000	4.119	-0.013	0.000	0.000	0.000	1.000
3080	228881	2	3.512	68.00	0.02487	-0.99764	0.000	4.609	-0.096	0.000	0.000	0.000	-1.000
3081	228923	1	5.210	68.00	0.02552	-0.99708	0.000	4.210	0.000	0.000	0.000	0.000	1.000
3082	228953	2	-1.114	68.00	0.02460	-1.00335	0.000	0.068	-0.182	0.000	0.000	0.000	-1.000
3083	228983	5	-0.608	68.00	0.02515	-1.01205	0.000	-0.608	0.000	0.000	0.000	0.000	0.000
3084	229016	2	0.355	67.00	0.02629	-0.99562	0.000	1.479	-0.125	0.000	0.000	0.000	-1.000
3085	229088	2	2.087	66.00	0.02537	-1.00058	0.000	3.087	0.000	0.000	0.000	0.000	-1.000
3086	229161	1	6.542	67.00	0.02528	-1.00240	0.000	5.542	0.000	0.000	0.000	0.000	1.000
3087	229201	1	3.142	67.00	0.02531	-1.00499	0.000	2.142	0.000	0.000	0.000	0.000	1.000
3088	229305	1	8.474	68.00	0.02442	-1.00619	0.000	7.474	0.000	0.000	0.000	0.000	1.000
3089	229335	2	-0.258	68.00	0.02621	-0.99999	0.000	0.742	0.000	0.000	0.000	0.000	-1.000
3090	229383	1	5.118	68.00	0.02527	-1.00245	0.000	4.118	0.000	0.000	0.000	0.000	1.000
3091	229447	1	4.984	68.00	0.02512	-1.00799	0.000	3.984	0.000	0.000	0.000	0.000	1.000
3092	229537	1	6.310	68.00	0.02498	-1.00143	0.000	5.315	-0.005	0.000	0.000	0.000	1.000
3093	229613	1	5.342	68.00	0.02510	-1.00649	0.000	4.342	0.000	0.000	0.000	0.000	1.000
3094	229674	1	6.400	69.00	0.02708	-0.99210	0.000	5.451	-0.050	0.000	0.000	0.000	1.000
3095	229774	1	8.389	69.00	0.02577	-1.00201	0.000	7.584	-0.194	0.000	0.000	0.000	1.000
3096	229867	2	5.524	68.00	0.02525	-1.00166	0.000	6.753	-0.228	0.000	0.000	0.000	-1.000
3097	229948	1	6.098	68.00	0.02629	-0.99739	0.000	5.304	-0.206	0.000	0.000	0.000	1.000
3098	230019	2	2.941	67.00	0.02513	-1.00548	0.000	3.941	0.000	0.000	0.000	0.000	-1.000
3099	230049	2	1.642	67.00	0.02603	-1.00505	0.000	2.642	0.000	0.000	0.000	0.000	-1.000
3100	230112	1	6.298	67.00	0.02514	-1.00542	0.000	5.298	0.000	0.000	0.000	0.000	1.000
3101	230158	1	3.618	67.00	0.02524	-1.00248	0.000	2.836	-0.218	0.000	0.000	0.000	1.000
3102	230311	1	8.976	67.00	0.02568	-1.00184	0.000	7.976	0.000	0.000	0.000	0.000	1.000
3103	230419	1	8.734	67.00	0.02566	-1.00842	0.000	7.734	0.000	0.000	0.000	0.000	1.000
3104	230487	1	6.310	67.00	0.02590	-0.99721	0.000	5.310	0.000	0.000	0.000	0.000	1.000
3105	230517	2	1.344	66.00	0.02361	-1.00811	0.000	2.356	-0.012	0.000	0.000	0.000	-1.000
3106	230556	1	2.700	66.00	0.02478	-1.00967	0.000	1.700	0.000	0.000	0.000	0.000	1.000
3107	230591	2	2.113	65.00	0.02453	-1.02133	0.000	3.113	0.000	0.000	0.000	0.000	-1.000
3108	230640	2	3.654	64.00	0.02521	-1.00815	0.000	4.654	0.000	0.000	0.000	0.000	-1.000
3109	230671	1	3.815	64.00	0.02405	-1.00844	0.000	2.815	0.000	0.000	0.000	0.000	1.000
3110	230749	1	6.817	64.00	0.02483	-1.01461	0.000	5.892	-0.075	0.000	0.000	0.000	1.000
3111	230886	2	10.060	63.00	0.02595	-1.00694	0.000	11.130	-0.070	0.000	0.000	0.000	-1.000
3112	230916	1	3.820	63.00	0.02592	-1.01326	0.000	2.820	0.000	0.000	0.000	0.000	1.000
3113	230963	2	2.528	62.00	0.02616	-1.00228	0.000	3.747	-0.218	0.000	0.000	0.000	-1.000
3114	231007	2	1.988	61.00	0.02552	-1.00995	0.000	3.330	-0.342	0.000	0.000	0.000	-1.000
3115	231073	1	6.265	61.00	0.02429	-1.00544	0.000	5.265	0.000	0.000	0.000	0.000	1.000
3116	231200	1	11.923	61.00	0.02551	-1.01230	0.000	10.923	0.000	0.000	0.000	0.000	1.000
3117	231253	1	4.926	62.00	0.02557	-1.00144	0.000	3.926	0.000	0.000	0.000	0.000	1.000
3118	231345	1	8.918	62.00	0.02519	-1.01189	0.000	7.924	-0.006	0.000	0.000	0.000	1.000
3119	231405	1	5.376	62.00	0.02559	-1.00406	0.000	4.387	-0.011	0.000	0.000	0.000	1.000
3120	231436	1	4.056	63.00	0.02511	-1.00740	0.000	3.056	0.000	0.000	0.000	0.000	1.000
3121	231533	1	9.704	63.00	0.02527	-1.01097	0.000	8.704	0.000	0.000	0.000	0.000	1.000
3122	231588	2	3.008	62.00	0.02621	-1.00950	0.000	4.739	-0.731	0.000	0.000	0.000	-1.000
3123	231664	1	7.437	62.00	0.02482	-1.01215	0.000	6.437	0.000	0.000	0.000	0.000	1.000
3124	231784	2	6.363	62.00	0.02530	-1.00623	0.000	7.485	-0.122	0.000	0.000	0.000	-1.000
3125	231848	1	5.072	63.00	0.02653	-1.01369	0.000	4.072	0.000	0.000	0.000	0.000	1.000
3126	231905	1	5.628	63.00	0.02702	-1.00058	0.000	4.666	-0.037	0.000	0.000	0.000	1.000
3127	231955	2	2.882	62.00	0.02561	-1.00856	0.000	3.882	0.000	0.000	0.000	0.000	-1.000
3128	231988	1	3.761	62.00	0.02449	-1.01394	0.000	2.761	0.000	0.000	0.000	0.000	1.000
3129	232064	1	7.028	63.00	0.02550	-1.00665	0.000	6.028	0.000	0.000	0.000	0.000	1.000
3130	232166	1	9.570	63.00	0.02650	-1.01315	0.000	8.570	0.000	0.000	0.000	0.000	1.000
3131	232196	1	3.127	64.00	0.02409	-1.01364	0.000	2.127	0.000	0.000	0.000	0.000	1.000
3132	232267	1	6.922	64.00	0.02535	-1.00731	0.000	5.922	0.000	0.000	0.000	0.000	1.000
3133	232320	1	5.629	64.00	0.02696	-1.00712	0.000	4.629	0.000	0.000	0.000	0.000	1.000
3134	232375	1	3.793	64.00	0.02459	-1.01993	0.000	3.403	-0.610	0.000	0.000	0.000	1.000
3135	232510	1	8.637	64.00	0.02674	-1.00655	0.000	7.908	-0.271	0.000	0.000	0.000	1.000
3136	232550	2	1.711	63.00	0.02765	-1.00628	0.000	2.711	0.000	0.000	0.000	0.000	-1.000
3137	232616	1	6.401	63.00	0.02633	-1.00764	0.000	5.401	0.000	0.000	0.000	0.000	1.000
3138	232676	2	2.995	62.00	0.02617	-1.00415	0.000	4.225	-0.229	0.000	0.000	0.000	-1.000
3139	232706	1	4.047	62.00	0.02464	-1.00797	0.000	3.047	0.000	0.000	0.000	0.000	1.000
3140	232753	1	5.065	62.00	0.02501	-1.01404	0.000	4.065	0.000	0.000	0.000	0.000	1.000
3141	232814	1	6.482	63.00	0.02574	-1.00413	0.000	5.482	0.000	0.000	0.000	0.000	1.000
3142	232880	1	7.356	63.00	0.02643	-1.00647	0.000	6.356	0.000	0.000	0.000	0.000	1.000
3143	232920	2	1.897	62.00	0.02567	-1.00870	0.000	2.897	0.000	0.000	0.000	0.000	-1.000
3144	232969	1	4.984	63.00	0.02701	-1.00795	0.000	3.996	-0.012	0.000	0.000	0.000	1.000
3145	233021	1	5.759	63.00	0.02617	-1.01245	0.000	4.763	-0.004	0.000	0.000	0.000	1.000
3146	233118	2	6.689	62.00	0.02628	-1.01253	0.000	7.868	-0.180	0.000	0.000	0.000	-1.000
3147	233169	1	6.662	63.00	0.02658	-1.00719	0.000	5.662	0.000	0.000	0.000	0.000	1.000
3148	233248	1	5.619	63.00	0.02578	-1.00612	0.000	4.619	0.000	0.000	0.000	0.000	1.000
3149	233299	1	5.254	64.00	0.02701	-1.01676	0.000	4.275	-0.022	0.000	0.000	0.000	1.000
3150	233331	2	1.021	63.00	0.02460	-1.00867	0.000	2.327	-0.306	0.000	0.000	0.000	-1.000
3151	233387	1	5.640	63.00	0.02584	-1.00917	0.000	4.640	0.000	0.000	0.000	0.000	1.000
3152	233441	2	3.503	62.00	0.02658	-1.01276	0.000	4.503	0.000	0.000	0.000	0.000	-1.000
3153	233471	1	3.426	63.00	0.02386	-0.99608	0.000	2.426	0.000	0.000	0.000	0.000	1.000
3154	233542	1	7.298	63.00	0.02545	-1.00780	0.000	6.472	-0.174	0.000	0.000	0.000	1.000
3155	233572	2	0.718	62.00	0.02581	-1.01075	0.000	1.799	-0.080	0.000	0.000	0.000	-1.000
3156	233628	1	6.365	62.00	0.02608	-1.00490	0.000	5.365	0.000	0.000	0.000	0.000	1.000
3157	233703	1	6.281	62.00	0.02662	-1.00480	0.000	5.459	-0.179	0.000	0.000	0.000	1.000
3158	233784	1	7.587	63.00	0.02525	-1.01108	0.000	6.587	0.000	0.000	0.000	0.000	1.000
3159	233851	1	6.988	63.00	0.02580	-1.01091	0.000	5.988	0.000	0.000	0.000	0.000	1.000
3160	233931	1	6.315	64.00	0.02526	-1.01730	0.000	5.315	0.000	0.000	0.000	0.000	1.000
3161	233989	1	5.502	64.00	0.02614	-1.01140	0.000	4.502	0.000	0.000	0.000	0.000	1.000
3162	234057	1	6.354	65.00	0.02595	-1.00422	0.000	5.354	0.000	0.000	0.000	0.000	1.000
3163	234087	1	3.445	65.00	0.02532	-1.01003	0.000	2.463	-0.018	0.000	0.000	0.000	1.000
3164	234198	1	8.797	66.00	0.02629	-1.00671	0.000	7.865	-0.068	0.000	0.000	0.000	1.000
3165	234275	2	3.969	65.00	0.02586	-1.01278	0.000	4.986	-0.017	0.000	0.000	0.000	-1.000
3166	234342	1	5.067	66.00	0.02662	-1.01188	0.000	4.067	0.000	0.000	0.000	0.000	1.000
3167	234435	1	7.917	67.00	0.02527	-1.01314	0.000	6.917	0.000	0.000	0.000	0.000	1.000
3168	234484	1	4.205	68.00	0.02682	-1.00889	0.000	3.205	0.000	0.000	0.000	0.000	1.000
3169	234556	1	7.213	69.00	0.02557	-1.01668	0.000	6.213	0.000	0.000	0.000	0.000	1.000
3170	234610	1	4.716	70.00	0.02490	-1.00562	0.000	3.825	-0.109	0.000	0.000	0.000	1.000
3171	234727	2	6.702	69.00	0.02509	-1.00990	0.000	7.734	-0.032	0.000	0.000	0.000	-1.000
3172	234776	1	5.185	69.00	0.02409	-1.01787	0.000	4.185	0.000	0.000	0.000	0.000	1.000
3173	234806	1	3.675	69.00	0.02407	-1.01340	0.000	2.675	0.000	0.000	0.000	0.000	1.000
3174	234883	1	7.768	70.00	0.02558	-1.00614	0.000	6.768	0.000	0.000	0.000	0.000	1.000
3175	234950	1	6.413	71.00	0.02508	-1.00633	0.000	5.413	0.000	0.000	0.000	0.000	1.000
3176	235029	1	7.298	72.00	0.02642	-0.99520	0.000	6.298	0.000	0.000	0.000	0.000	1.000
3177	235112	1	8.376	72.00	0.02510	-1.01405	0.000	7.376	0.000	0.000	0.000	0.000	1.000
3178	235203	1	6.128	73.00	0.02535	-1.01012	0.000	5.449	-0.321	0.000	0.000	0.000	1.000
3179	235251	1	3.751	73.00	0.02527	-1.01372	0.000	2.831	-0.080	0.000	0.000	0.000	1.000
3180	235299	1	3.905	74.00	0.02575	-1.01232	0.000	3.006	-0.101	0.000	0.000	0.000	1.000
3181	235344	1	4.775	74.00	0.02465	-1.01834	0.000	3.775	0.000	0.000	0.000	0.000	1.000
3182	235397	2	2.307	74.00	0.02520	-1.01602	0.000	3.334	-0.027	0.000	0.000	0.000	-1.000
3183	235443	1	2.378	75.00	0.02646	-1.00808	0.000	1.795	-0.416	0.000	0.000	0.000	1.000
3184	235500	1	5.921	76.00	0.02542	-1.00721	0.000	4.921	0.000	0.000	0.000	0.000	1.000
3185	235638	1	12.767	77.00	0.02558	-1.01390	0.000	11.767	0.000	0.000	0.000	0.000	1.000
3186	235690	1	5.493	77.00	0.02501	-1.01014	0.000	4.493	0.000	0.000	0.000	0.000	1.000
3187	235747	1	5.244	77.00	0.02579	-1.01395	0.000	4.244	0.000	0.000	0.000	0.000	1.000
3188	235777	2	-0.753	76.00	0.02587	-1.01708	0.000	0.398	-0.151	0.000	0.000	0.000	-1.000
3189	235807	2	-0.631	76.00	0.02447	-1.02164	0.000	0.875	-0.507	0.000	0.000	0.000	-1.000
3190	235837	5	-0.075	75.00	0.02513	-1.01514	0.000	0.100	-0.175	0.000	0.000	0.000	0.000
3191	235874	2	-0.824	74.00	0.02604	-1.00595	0.000	0.176	0.000	0.000	0.000	0.000	-1.000
3192	235906	1	3.657	74.00	0.02499	-1.01190	0.000	2.976	-0.319	0.000	0.000	0.000	1.000
3193	236001	1	9.519	74.00	0.02600	-1.01196	0.000	8.618	-0.098	0.000	0.000	0.000	1.000
3194	236132	1	12.052	74.00	0.02589	-1.01183	0.000	11.052	0.000	0.000	0.000	0.000	1.000
3195	236244	2	7.060	73.00	0.02679	-1.01538	0.000	8.065	-0.005	0.000	0.000	0.000	-1.000
3196	236275	1	2.648	74.00	0.02472	-1.00982	0.000	1.648	0.000	0.000	0.000	0.000	1.000
3197	236327	2	2.502	73.00	0.02520	-1.01605	0.000	3.526	-0.025	0.000	0.000	0.000	-1.000
3198	236386	1	6.544	74.00	0.02628	-1.01252	0.000	5.544	0.000	0.000	0.000	0.000	1.000
3199	236416	1	3.278	75.00	0.02617	-1.00716	0.000	2.278	0.000	0.000	0.000	0.000	1.000
3200	236460	1	4.055	75.00	0.02638	-1.00845	0.000	3.055	0.000	0.000	0.000	0.000	1.000
3201	236500	2	1.023	74.00	0.02770	-1.00413	0.000	2.023	0.000	0.000	0.000	0.000	-1.000
3202	236530	1	2.958	74.00	0.02475	-1.02007	0.000	1.958	0.000	0.000	0.000	0.000	1.000
3203	236600	1	5.239	74.00	0.02518	-1.02046	0.000	4.239	0.000	0.000	0.000	0.000	1.000
3204	236663	1	4.903	74.00	0.02638	-1.01065	0.000	3.903	0.000	0.000	0.000	0.000	1.000
3205	236705	1	3.748	75.00	0.02582	-1.01079	0.000	2.748	0.000	0.000	0.000	0.000	1.000
3206	236794	1	8.124	75.00	0.02541	-1.01502	0.000	7.124	0.000	0.000	0.000	0.000	1.000
3207	236846	1	4.958	76.00	0.02737	-1.01722	0.000	3.958	0.000	0.000	0.000	0.000	1.000
3208	236923	2	5.118	76.00	0.02614	-1.01487	0.000	6.314	-0.197	0.000	0.000	0.000	-1.000
3209	236953	1	2.924	76.00	0.02587	-1.01406	0.000	1.924	0.000	0.000	0.000	0.000	1.000
3210	237001	1	5.471	76.00	0.02581	-1.02058	0.000	4.471	0.000	0.000	0.000	0.000	1.000
3211	237056	1	5.103	77.00	0.02518	-1.01071	0.000	4.103	0.000	0.000	0.000	0.000	1.000
3212	237120	1	6.723	77.00	0.02512	-1.01643	0.000	5.723	0.000	0.000	0.000	0.000	1.000
3213	237207	1	8.133	78.00	0.02591	-1.01581	0.000	7.388	-0.255	0.000	0.000	0.000	1.000
3214	237268	2	3.315	78.00	0.02516	-1.02892	0.000	4.610	-0.296	0.000	0.000	0.000	-1.000
3215	237305	2	0.346	77.00	0.02543	-1.01559	0.000	1.346	0.000	0.000	0.000	0.000	-1.000
3216	237356	2	2.796	76.00	0.02568	-1.01533	0.000	3.798	-0.002	0.000	0.000	0.000	-1.000
3217	237404	1	4.788	76.00	0.02482	-1.02363	0.000	3.788	0.000	0.000	0.000	0.000	1.000
3218	237434	2	1.218	75.00	0.02739	-1.01675	0.000	2.218	0.000	0.000	0.000	0.000	-1.000
3219	237494	2	2.050	74.00	0.02620	-1.02278	0.000	3.090	-0.041	0.000	0.000	0.000	-1.000
3220	237563	1	4.781	74.00	0.02661	-1.01865	0.000	3.781	0.000	0.000	0.000	0.000	1.000
3221	237603	2	0.977	73.00	0.02658	-1.02764	0.000	2.188	-0.212	0.000	0.000	0.000	-1.000
3222	237635	2	0.748	73.00	0.02573	-1.03322	0.000	2.037	-0.289	0.000	0.000	0.000	-1.000
3223	237668	1	2.720	73.00	0.02571	-1.02424	0.000	1.720	0.000	0.000	0.000	0.000	1.000
3224	237731	2	3.210	73.00	0.02471	-1.02276	0.000	4.211	-0.001	0.000	0.000	0.000	-1.000
3225	237789	1	6.550	73.00	0.02545	-1.01539	0.000	5.550	0.000	0.000	0.000	0.000	1.000
3226	237893	1	9.517	73.00	0.02531	-1.02684	0.000	8.517	0.000	0.000	0.000	0.000	1.000
3227	237940	1	4.455	74.00	0.02549	-1.03081	0.000	3.455	0.000	0.000	0.000	0.000	1.000
3228	238023	1	7.550	74.00	0.02547	-1.02309	0.000	6.550	0.000	0.000	0.000	0.000	1.000
3229	238092	1	6.306	74.00	0.02579	-1.01624	0.000	5.306	0.000	0.000	0.000	0.000	1.000
3230	238176	1	7.512	74.00	0.02537	-1.02192	0.000	6.513	-0.002	0.000	0.000	0.000	1.000
3231	238250	2	4.776	73.00	0.02560	-1.01726	0.000	5.776	0.000	0.000	0.000	0.000	-1.000
3232	238305	1	6.538	73.00	0.02715	-1.01622	0.000	5.538	0.000	0.000	0.000	0.000	1.000
3233	238407	1	8.298	73.00	0.02565	-1.02344	0.000	7.298	0.000	0.000	0.000	0.000	1.000
3234	238477	1	5.912	73.00	0.02543	-1.01493	0.000	5.584	-0.673	0.000	0.000	0.000	1.000
3235	238536	1	5.178	73.00	0.02539	-1.02160	0.000	4.178	0.000	0.000	0.000	0.000	1.000
3236	238607	1	4.645	74.00	0.02640	-1.02427	0.000	4.050	-0.404	0.000	0.000	0.000	1.000
3237	238637	2	-0.289	73.00	0.02520	-1.03511	0.000	1.073	-0.362	0.000	0.000	0.000	-1.000
3238	238667	2	-3.233	73.00	0.02489	-1.02107	0.000	-2.100	-0.132	0.000	0.000	0.000	-1.000
3239	238752	1	5.114	73.00	0.02573	-1.02759	0.000	4.114	0.000	0.000	0.000	0.000	1.000
3240	238877	1	11.495	73.00	0.02572	-1.02356	0.000	10.495	0.000	0.000	0.000	0.000	1.000
3241	238957	2	3.968	72.00	0.02642	-1.02346	0.000	4.973	-0.005	0.000	0.000	0.000	-1.000
3242	238997	1	3.945	72.00	0.02491	-1.02962	0.000	2.945	0.000	0.000	0.000	0.000	1.000
3243	239034	1	3.541	73.00	0.02533	-1.01972	0.000	2.798	-0.257	0.000	0.000	0.000	1.000
3244	239139	1	9.354	73.00	0.02567	-1.01656	0.000	8.355	-0.002	0.000	0.000	0.000	1.000
3245	239207	1	7.124	73.00	0.02618	-1.02376	0.000	6.124	0.000	0.000	0.000	0.000	1.000
3246	239303	2	5.250	73.00	0.02496	-1.02295	0.000	6.270	-0.019	0.000	0.000	0.000	-1.000
3247	239350	1	4.011	73.00	0.02594	-1.02307	0.000	3.012	-0.000	0.000	0.000	0.000	1.000
3248	239425	1	6.851	73.00	0.02616	-1.02273	0.000	6.191	-0.340	0.000	0.000	0.000	1.000
3249	239469	2	1.343	72.00	0.02616	-1.03183	0.000	2.353	-0.010	0.000	0.000	0.000	-1.000
3250	239503	1	3.475	73.00	0.02698	-1.01114	0.000	2.475	0.000	0.000	0.000	0.000	1.000
3251	239579	1	6.410	73.00	0.02573	-1.03072	0.000	5.412	-0.002	0.000	0.000	0.000	1.000
3252	239624	2	2.586	73.00	0.02601	-1.01717	0.000	3.620	-0.034	0.000	0.000	0.000	-1.000
3253	239664	1	2.604	73.00	0.02649	-1.02102	0.000	1.604	0.000	0.000	0.000	0.000	1.000
3254	239747	1	6.144	73.00	0.02537	-1.01694	0.000	5.272	-0.128	0.000	0.000	0.000	1.000
3255	239793	1	4.778	74.00	0.02762	-1.02926	0.000	3.778	0.000	0.000	0.000	0.000	1.000
3256	239857	1	6.462	74.00	0.02525	-1.01676	0.000	5.462	0.000	0.000	0.000	0.000	1.000
3257	239897	1	4.002	74.00	0.02543	-1.01274	0.000	3.033	-0.031	0.000	0.000	0.000	1.000
3258	240014	1	9.574	74.00	0.02579	-1.02761	0.000	8.574	0.000	0.000	0.000	0.000	1.000
3259	240091	1	7.336	74.00	0.02508	-1.02494	0.000	6.336	0.000	0.000	0.000	0.000	1.000
3260	240175	2	2.445	73.00	0.02474	-1.02948	0.000	3.452	-0.007	0.000	0.000	0.000	-1.000
3261	240231	2	2.597	72.00	0.02519	-1.02999	0.000	3.658	-0.061	0.000	0.000	0.000	-1.000
3262	240284	2	1.148	71.00	0.02508	-1.02162	0.000	2.186	-0.037	0.000	0.000	0.000	-1.000
3263	240314	5	0.072	70.00	0.02547	-1.01715	0.000	0.136	-0.063	0.000	0.000	0.000	0.000
3264	240370	2	0.534	69.00	0.02702	-1.02813	0.000	1.892	-0.358	0.000	0.000	0.000	-1.000
3265	240417	1	4.668	70.00	0.02655	-1.03231	0.000	3.668	0.000	0.000	0.000	0.000	1.000
3266	240451	1	3.739	70.00	0.02539	-1.02325	0.000	2.739	0.000	0.000	0.000	0.000	1.000
3267	240501	1	5.381	70.00	0.02406	-1.03082	0.000	4.381	0.000	0.000	0.000	0.000	1.000
3268	240552	1	5.546	70.00	0.02541	-1.03817	0.000	4.546	0.000	0.000	0.000	0.000	1.000
3269	240597	2	1.106	69.00	0.02603	-1.02846	0.000	2.830	-0.724	0.000	0.000	0.000	-1.000
3270	240687	2	2.521	68.00	0.02634	-1.03253	0.000	3.708	-0.188	0.000	0.000	0.000	-1.000
3271	240717	1	2.677	69.00	0.02672	-1.02731	0.000	1.692	-0.015	0.000	0.000	0.000	1.000
3272	240767	2	1.496	68.00	0.02597	-1.02956	0.000	2.496	0.000	0.000	0.000	0.000	-1.000
3273	240801	5	-0.724	67.00	0.02553	-1.02675	0.000	-0.514	-0.210	0.000	0.000	0.000	0.000
3274	240903	1	5.086	67.00	0.02538	-1.02835	0.000	4.086	0.000	0.000	0.000	0.000	1.000
3275	240980	2	3.982	66.00	0.02580	-1.02580	0.000	5.187	-0.206	0.000	0.000	0.000	-1.000
3276	241040	2	1.702	65.00	0.02559	-1.02222	0.000	2.725	-0.023	0.000	0.000	0.000	-1.000
3277	241101	1	4.831	65.00	0.02604	-1.02355	0.000	3.831	0.000	0.000	0.000	0.000	1.000
3278	241139	1	4.023	65.00	0.02622	-1.03487	0.000	3.023	0.000	0.000	0.000	0.000	1.000
3279	241169	2	-0.010	64.00	0.02536	-1.01693	0.000	1.028	-0.039	0.000	0.000	0.000	-1.000
3280	241199	5	0.702	63.00	0.02678	-1.02847	0.000	0.702	0.000	0.000	0.000	0.000	0.000
3281	241229	1	2.659	63.00	0.02797	-1.03318	0.000	1.659	0.000	0.000	0.000	0.000	1.000
3282	241259	2	2.509	63.00	0.02601	-1.02317	0.000	3.509	0.000	0.000	0.000	0.000	-1.000
3283	241353	1	4.807	63.00	0.02666	-1.02720	0.000	3.807	0.000	0.000	0.000	0.000	1.000
3284	241428	1	7.012	63.00	0.02600	-1.02395	0.000	6.012	0.000	0.000	0.000	0.000	1.000
3285	241483	1	4.885	63.00	0.02687	-1.02673	0.000	3.900	-0.015	0.000	0.000	0.000	1.000
3286	241538	1	4.418	63.00	0.02595	-1.02919	0.000	3.418	0.000	0.000	0.000	0.000	1.000
3287	241572	1	3.789	63.00	0.02595	-1.02545	0.000	2.789	0.000	0.000	0.000	0.000	1.000
3288	241642	1	6.549	64.00	0.02516	-1.04033	0.000	5.549	0.000	0.000	0.000	0.000	1.000
3289	241716	1	6.288	65.00	0.02540	-1.03034	0.000	5.288	0.000	0.000	0.000	0.000	1.000
3290	241750	2	1.315	65.00	0.02613	-1.02471	0.000	2.315	0.000	0.000	0.000	0.000	-1.000
3291	241825	1	4.660	66.00	0.02542	-1.02923	0.000	3.660	0.000	0.000	0.000	0.000	1.000
3292	241916	1	6.325	66.00	0.02501	-1.02910	0.000	5.325	0.000	0.000	0.000	0.000	1.000
3293	241984	2	3.468	65.00	0.02698	-1.03242	0.000	4.468	0.000	0.000	0.000	0.000	-1.000
3294	242014	1	2.795	65.00	0.02692	-1.03158	0.000	1.795	0.000	0.000	0.000	0.000	1.000
3295	242094	1	6.189	66.00	0.02601	-1.03045	0.000	5.852	-0.664	0.000	0.000	0.000	1.000
3296	242181	1	8.555	66.00	0.02633	-1.02468	0.000	7.555	0.000	0.000	0.000	0.000	1.000
3297	242246	2	4.141	66.00	0.02514	-1.02529	0.000	5.141	0.000	0.000	0.000	0.000	-1.000
3298	242316	1	4.822	66.00	0.02626	-1.02873	0.000	3.841	-0.019	0.000	0.000	0.000	1.000
3299	242419	1	9.130	66.00	0.02673	-1.02421	0.000	8.130	0.000	0.000	0.000	0.000	1.000
3300	242496	1	8.127	66.00	0.02521	-1.02546	0.000	7.127	0.000	0.000	0.000	0.000	1.000
3301	242567	1	5.467	67.00	0.02454	-1.02660	0.000	4.481	-0.015	0.000	0.000	0.000	1.000
3302	242618	2	1.296	66.00	0.02460	-1.03168	0.000	2.301	-0.005	0.000	0.000	0.000	-1.000
3303	242712	1	5.073	66.00	0.02518	-1.03194	0.000	4.073	0.000	0.000	0.000	0.000	1.000
3304	242786	1	6.441	66.00	0.02538	-1.03289	0.000	5.441	0.000	0.000	0.000	0.000	1.000
3305	242863	1	6.412	66.00	0.02505	-1.03465	0.000	5.412	0.000	0.000	0.000	0.000	1.000
3306	242913	1	4.819	66.00	0.02647	-1.03219	0.000	3.833	-0.014	0.000	0.000	0.000	1.000
3307	242982	1	5.414	66.00	0.02654	-1.03234	0.000	4.414	0.000	0.000	0.000	0.000	1.000
3308	243031	1	4.628	67.00	0.02547	-1.03465	0.000	3.628	0.000	0.000	0.000	0.000	1.000
3309	243133	2	5.928	66.00	0.02664	-1.02856	0.000	6.938	-0.010	0.000	0.000	0.000	-1.000
3310	243178	1	5.062	66.00	0.02709	-1.02187	0.000	4.062	0.000	0.000	0.000	0.000	1.000
3311	243233	1	5.314	66.00	0.02584	-1.03747	0.000	4.314	0.000	0.000	0.000	0.000	1.000
3312	243330	2	3.008	65.00	0.02495	-1.02622	0.000	4.191	-0.183	0.000	0.000	0.000	-1.000
3313	243372	1	2.774	65.00	0.02594	-1.03652	0.000	1.774	0.000	0.000	0.000	0.000	1.000
3314	243451	2	2.932	65.00	0.02574	-1.02783	0.000	4.628	-0.697	0.000	0.000	0.000	-1.000
3315	243576	1	4.395	66.00	0.02550	-1.03084	0.000	6.463	-3.068	0.000	0.000	0.000	1.000
3316	243637	1	5.377	67.00	0.02535	-1.03757	0.000	4.377	0.000	0.000	0.000	0.000	1.000
3317	243714	2	4.210	66.00	0.02628	-1.03043	0.000	5.210	0.000	0.000	0.000	0.000	-1.000
3318	243761	2	1.931	66.00	0.02541	-1.02914	0.000	3.187	-0.255	0.000	0.000	0.000	-1.000
3319	243792	2	1.360	66.00	0.02627	-1.03577	0.000	2.360	0.000	0.000	0.000	0.000	-1.000
3320	243822	1	2.897	66.00	0.02604	-1.03106	0.000	1.945	-0.049	0.000	0.000	0.000	1.000
3321	243855	1	3.942	67.00	0.02672	-1.03078	0.000	2.942	0.000	0.000	0.000	0.000	1.000
3322	243926	1	6.754	68.00	0.02612	-1.03252	0.000	5.754	0.000	0.000	0.000	0.000	1.000
3323	244051	1	11.232	68.00	0.02560	-1.03202	0.000	10.232	0.000	0.000	0.000	0.000	1.000
3324	244136	1	7.045	69.00	0.02547	-1.03133	0.000	6.045	0.000	0.000	0.000	0.000	1.000
3325	244211	1	7.045	69.00	0.02637	-1.03808	0.000	6.056	-0.011	0.000	0.000	0.000	1.000
3326	244289	1	6.708	69.00	0.02601	-1.02785	0.000	5.885	-0.177	0.000	0.000	0.000	1.000
3327	244393	1	8.360	69.00	0.02550	-1.03431	0.000	7.360	0.000	0.000	0.000	0.000	1.000
3328	244492	1	8.621	69.00	0.02543	-1.03325	0.000	7.621	0.000	0.000	0.000	0.000	1.000
3329	244612	2	5.902	68.00	0.02596	-1.03588	0.000	6.903	-0.001	0.000	0.000	0.000	-1.000
3330	244642	1	3.002	68.00	0.02568	-1.04205	0.000	2.002	0.000	0.000	0.000	0.000	1.000
3331	244735	1	3.285	69.00	0.02599	-1.03596	0.000	3.712	-1.427	0.000	0.000	0.000	1.000
3332	244765	2	0.914	68.00	0.02683	-1.05051	0.000	1.922	-0.008	0.000	0.000	0.000	-1.000
3333	244813	1	5.147	68.00	0.02696	-1.02353	0.000	4.147	0.000	0.000	0.000	0.000	1.000
3334	244898	1	7.187	68.00	0.02489	-1.03876	0.000	6.533	-0.346	0.000	0.000	0.000	1.000
3335	244955	2	2.660	67.00	0.02541	-1.03902	0.000	3.733	-0.073	0.000	0.000	0.000	-1.000
3336	245003	1	5.092	67.00	0.02543	-1.03051	0.000	4.092	0.000	0.000	0.000	0.000	1.000
3337	245033	2	-0.357	67.00	0.02624	-1.04005	0.000	0.750	-0.107	0.000	0.000	0.000	-1.000
3338	245124	1	4.520	68.00	0.02595	-1.02784	0.000	4.642	-1.123	0.000	0.000	0.000	1.000
3339	245243	1	9.306	68.00	0.02599	-1.03874	0.000	8.306	0.000	0.000	0.000	0.000	1.000
3340	245304	1	5.379	68.00	0.02652	-1.03955	0.000	4.379	0.000	0.000	0.000	0.000	1.000
3341	245419	1	6.270	69.00	0.02599	-1.02895	0.000	5.270	0.000	0.000	0.000	0.000	1.000
3342	245485	1	4.917	69.00	0.02624	-1.03507	0.000	3.917	0.000	0.000	0.000	0.000	1.000
3343	245529	2	2.060	68.00	0.02717	-1.03240	0.000	3.060	0.000	0.000	0.000	0.000	-1.000
3344	245590	1	5.182	68.00	0.02640	-1.04256	0.000	4.182	0.000	0.000	0.000	0.000	1.000
3345	245670	2	3.712	67.00	0.02587	-1.03833	0.000	4.983	-0.271	0.000	0.000	0.000	-1.000
3346	245732	1	5.097	68.00	0.02618	-1.03603	0.000	4.097	0.000	0.000	0.000	0.000	1.000
3347	245781	2	2.179	67.00	0.02533	-1.02027	0.000	3.286	-0.107	0.000	0.000	0.000	-1.000
3348	245823	1	2.663	67.00	0.02567	-1.04241	0.000	1.663	0.000	0.000	0.000	0.000	1.000
3349	245875	2	2.876	67.00	0.02568	-1.03307	0.000	3.908	-0.032	0.000	0.000	0.000	-1.000
3350	245905	1	3.566	67.00	0.02553	-1.03171	0.000	2.566	0.000	0.000	0.000	0.000	1.000
3351	245939	1	3.777	67.00	0.02662	-1.03368	0.000	2.779	-0.002	0.000	0.000	0.000	1.000
3352	246073	1	9.165	68.00	0.02596	-1.04033	0.000	8.165	0.000	0.000	0.000	0.000	1.000
3353	246129	1	4.073	68.00	0.02681	-1.03967	0.000	3.256	-0.183	0.000	0.000	0.000	1.000
3354	246194	1	4.239	68.00	0.02594	-1.04585	0.000	3.239	0.000	0.000	0.000	0.000	1.000
3355	246270	1	6.823	68.00	0.02548	-1.03694	0.000	5.823	0.000	0.000	0.000	0.000	1.000
3356	246366	1	9.411	68.00	0.02523	-1.03187	0.000	8.411	0.000	0.000	0.000	0.000	1.000
3357	246409	2	1.770	67.00	0.02590	-1.03052	0.000	2.770	0.000	0.000	0.000	0.000	-1.000
3358	246443	1	3.882	67.00	0.02550	-1.04657	0.000	2.882	0.000	0.000	0.000	0.000	1.000
3359	246483	1	3.448	67.00	0.02660	-1.02985	0.000	2.723	-0.275	0.000	0.000	0.000	1.000
3360	246525	2	2.238	67.00	0.02701	-1.04379	0.000	3.238	0.000	0.000	0.000	0.000	-1.000
3361	246555	1	2.740	68.00	0.02462	-1.04291	0.000	1.749	-0.009	0.000	0.000	0.000	1.000
3362	246603	1	3.187	69.00	0.02571	-1.03444	0.000	3.161	-0.973	0.000	0.000	0.000	1.000
3363	246740	1	6.572	70.00	0.02612	-1.03347	0.000	5.698	-0.127	0.000	0.000	0.000	1.000
3364	246815	2	4.875	70.00	0.02679	-1.03613	0.000	6.006	-0.131	0.000	0.000	0.000	-1.000
3365	246858	1	4.638	70.00	0.02612	-1.03343	0.000	3.638	0.000	0.000	0.000	0.000	1.000
3366	246910	1	5.069	70.00	0.02437	-1.04624	0.000	4.129	-0.060	0.000	0.000	0.000	1.000
3367	246981	1	5.892	70.00	0.02543	-1.03775	0.000	4.936	-0.044	0.000	0.000	0.000	1.000
3368	247030	2	1.520	69.00	0.02585	-1.03935	0.000	2.709	-0.189	0.000	0.000	0.000	-1.000
3369	247071	1	2.130	70.00	0.02660	-1.03167	0.000	1.829	-0.699	0.000	0.000	0.000	1.000
3370	247101	2	0.860	70.00	0.02602	-1.03020	0.000	1.860	0.000	0.000	0.000	0.000	-1.000
3371	247147	1	4.613	70.00	0.02685	-1.03910	0.000	3.613	0.000	0.000	0.000	0.000	1.000
3372	247252	1	9.102	71.00	0.02591	-1.03691	0.000	8.604	-0.503	0.000	0.000	0.000	1.000
3373	247305	1	4.926	72.00	0.02550	-1.04391	0.000	3.977	-0.051	0.000	0.000	0.000	1.000
3374	247357	1	5.110	72.00	0.02611	-1.03794	0.000	4.110	0.000	0.000	0.000	0.000	1.000
3375	247411	2	2.576	72.00	0.02605	-1.02409	0.000	3.804	-0.228	0.000	0.000	0.000	-1.000
3376	247441	2	0.185	72.00	0.02535	-1.02411	0.000	1.199	-0.013	0.000	0.000	0.000	-1.000
3377	247517	1	6.551	72.00	0.02709	-1.03220	0.000	5.551	0.000	0.000	0.000	0.000	1.000
3378	247597	1	8.110	72.00	0.02533	-1.03784	0.000	7.110	0.000	0.000	0.000	0.000	1.000
3379	247651	1	4.775	73.00	0.02673	-1.04430	0.000	3.822	-0.047	0.000	0.000	0.000	1.000
3380	247690	1	4.364	74.00	0.02520	-1.03156	0.000	3.364	0.000	0.000	0.000	0.000	1.000
3381	247720	2	0.223	73.00	0.02477	-1.04212	0.000	1.223	0.000	0.000	0.000	0.000	-1.000
3382	247783	1	3.400	74.00	0.02636	-1.03915	0.000	2.502	-0.102	0.000	0.000	0.000	1.000
3383	247865	1	6.545	74.00	0.02744	-1.03857	0.000	5.546	-0.001	0.000	0.000	0.000	1.000
3384	247902	1	3.718	74.00	0.02549	-1.03347	0.000	2.718	0.000	0.000	0.000	0.000	1.000
3385	247995	1	8.653	74.00	0.02594	-1.04051	0.000	7.653	0.000	0.000	0.000	0.000	1.000
3386	248084	1	8.100	74.00	0.02590	-1.03890	0.000	7.100	0.000	0.000	0.000	0.000	1.000
3387	248130	1	4.109	74.00	0.02531	-1.03641	0.000	3.109	0.000	0.000	0.000	0.000	1.000
3388	248160	2	0.383	73.00	0.02677	-1.03675	0.000	1.539	-0.156	0.000	0.000	0.000	-1.000
3389	248210	1	2.703	73.00	0.02559	-1.03859	0.000	1.703	-0.000	0.000	0.000	0.000	1.000
3390	248243	1	3.754	74.00	0.02578	-1.04053	0.000	2.754	0.000	0.000	0.000	0.000	1.000
3391	248349	1	8.579	74.00	0.02601	-1.04321	0.000	7.591	-0.012	0.000	0.000	0.000	1.000
3392	248453	1	8.677	74.00	0.02538	-1.02989	0.000	7.681	-0.004	0.000	0.000	0.000	1.000
3393	248500	1	3.567	75.00	0.02587	-1.03921	0.000	2.793	-0.226	0.000	0.000	0.000	1.000
3394	248556	2	3.242	74.00	0.02606	-1.02875	0.000	4.548	-0.305	0.000	0.000	0.000	-1.000
3395	248588	2	0.472	73.00	0.02550	-1.03843	0.000	1.583	-0.111	0.000	0.000	0.000	-1.000
3396	248618	1	2.832	73.00	0.02570	-1.03996	0.000	1.832	0.000	0.000	0.000	0.000	1.000
3397	248674	1	5.579	74.00	0.02674	-1.03001	0.000	4.579	0.000	0.000	0.000	0.000	1.000
3398	248781	1	9.601	74.00	0.02621	-1.03639	0.000	8.601	0.000	0.000	0.000	0.000	1.000
3399	248917	1	10.031	74.00	0.02651	-1.03858	0.000	9.298	-0.267	0.000	0.000	0.000	1.000
3400	248974	1	5.220	74.00	0.02459	-1.04972	0.000	4.220	0.000	0.000	0.000	0.000	1.000
3401	249039	1	5.379	74.00	0.02589	-1.04083	0.000	4.379	0.000	0.000	0.000	0.000	1.000
3402	249194	1	11.440	75.00	0.02636	-1.03272	0.000	10.440	0.000	0.000	0.000	0.000	1.000
3403	249306	2	7.173	74.00	0.02547	-1.03997	0.000	8.429	-0.256	0.000	0.000	0.000	-1.000
3404	249336	2	1.578	73.00	0.02672	-1.03778	0.000	2.578	0.000	0.000	0.000	0.000	-1.000
3405	249366	2	0.562	72.00	0.02578	-1.04756	0.000	1.637	-0.075	0.000	0.000	0.000	-1.000
3406	249413	2	1.415	71.00	0.02653	-1.03857	0.000	2.415	0.000	0.000	0.000	0.000	-1.000
3407	249477	1	4.625	71.00	0.02650	-1.03995	0.000	3.677	-0.052	0.000	0.000	0.000	1.000
3408	249594	1	9.627	71.00	0.02599	-1.03965	0.000	8.627	0.000	0.000	0.000	0.000	1.000
3409	249663	2	3.762	71.00	0.02625	-1.04290	0.000	4.819	-0.057	0.000	0.000	0.000	-1.000
3410	249732	2	1.319	70.00	0.02535	-1.04532	0.000	2.339	-0.020	0.000	0.000	0.000	-1.000
3411	249762	1	2.767	70.00	0.02562	-1.04730	0.000	1.767	0.000	0.000	0.000	0.000	1.000
3412	249831	1	6.573	71.00	0.02580	-1.04363	0.000	5.573	0.000	0.000	0.000	0.000	1.000
3413	249945	1	9.281	71.00	0.02560	-1.04152	0.000	8.411	-0.130	0.000	0.000	0.000	1.000
3414	249999	1	4.359	72.00	0.02655	-1.04205	0.000	3.359	0.000	0.000	0.000	0.000	1.000
3415	250068	1	6.292	72.00	0.02570	-1.04485	0.000	5.292	0.000	0.000	0.000	0.000	1.000
3416	250215	1	7.904	72.00	0.02561	-1.03976	0.000	7.594	-0.690	0.000	0.000	0.000	1.000
3417	250288	1	6.456	73.00	0.02653	-1.04453	0.000	5.456	0.000	0.000	0.000	0.000	1.000
3418	250350	1	4.953	74.00	0.02582	-1.04725	0.000	3.953	0.000	0.000	0.000	0.000	1.000
3419	250420	1	6.431	75.00	0.02555	-1.05225	0.000	5.431	0.000	0.000	0.000	0.000	1.000
3420	250533	1	9.163	75.00	0.02646	-1.04264	0.000	8.163	0.000	0.000	0.000	0.000	1.000
3421	250583	1	3.838	75.00	0.02625	-1.03509	0.000	2.838	0.000	0.000	0.000	0.000	1.000
3422	250625	1	5.133	75.00	0.02573	-1.04641	0.000	4.133	0.000	0.000	0.000	0.000	1.000
3423	250768	1	11.482	75.00	0.02596	-1.04128	0.000	10.487	-0.005	0.000	0.000	0.000	1.000
3424	250864	2	2.205	74.00	0.02629	-1.03765	0.000	3.283	-0.079	0.000	0.000	0.000	-1.000
3425	250911	2	2.698	73.00	0.02559	-1.03832	0.000	3.761	-0.063	0.000	0.000	0.000	-1.000
3426	250973	1	4.983	73.00	0.02521	-1.04713	0.000	3.983	0.000	0.000	0.000	0.000	1.000
3427	251029	2	2.568	72.00	0.02526	-1.04789	0.000	3.572	-0.003	0.000	0.000	0.000	-1.000
3428	251119	1	5.088	72.00	0.02543	-1.04583	0.000	4.140	-0.053	0.000	0.000	0.000	1.000
3429	251149	2	-1.414	72.00	0.02523	-1.04211	0.000	0.109	-0.523	0.000	0.000	0.000	-1.000
3430	251181	5	-0.216	71.00	0.02624	-1.05775	0.000	-0.216	0.000	0.000	0.000	0.000	0.000
3431	251217	1	2.727	71.00	0.02589	-1.04591	0.000	1.727	0.000	0.000	0.000	0.000	1.000
3432	251250	2	0.105	71.00	0.02721	-1.04444	0.000	1.133	-0.028	0.000	0.000	0.000	-1.000
3433	251299	2	2.328	70.00	0.02441	-1.03697	0.000	3.328	0.000	0.000	0.000	0.000	-1.000
3434	251375	1	6.284	70.00	0.02592	-1.04011	0.000	5.308	-0.024	0.000	0.000	0.000	1.000
3435	251405	2	0.078	70.00	0.02511	-1.04597	0.000	1.078	0.000	0.000	0.000	0.000	-1.000
3436	251500	1	4.986	70.00	0.02564	-1.03949	0.000	3.986	0.000	0.000	0.000	0.000	1.000
3437	251600	1	9.580	71.00	0.02534	-1.05107	0.000	8.580	0.000	0.000	0.000	0.000	1.000
3438	251718	2	3.577	70.00	0.02502	-1.04722	0.000	4.623	-0.046	0.000	0.000	0.000	-1.000
3439	251768	2	2.102	69.00	0.02530	-1.04453	0.000	3.102	0.000	0.000	0.000	0.000	-1.000
3440	251798	1	2.840	69.00	0.02583	-1.04002	0.000	1.840	0.000	0.000	0.000	0.000	1.000
3441	251869	1	6.606	69.00	0.02581	-1.05280	0.000	5.606	0.000	0.000	0.000	0.000	1.000
3442	251935	2	3.147	68.00	0.02674	-1.04423	0.000	4.226	-0.079	0.000	0.000	0.000	-1.000
3443	251994	1	3.751	69.00	0.02605	-1.03996	0.000	2.924	-0.173	0.000	0.000	0.000	1.000
3444	252045	1	5.072	69.00	0.02539	-1.03609	0.000	4.072	0.000	0.000	0.000	0.000	1.000
3445	252144	1	7.586	70.00	0.02631	-1.04999	0.000	6.586	0.000	0.000	0.000	0.000	1.000
3446	252177	1	3.595	70.00	0.02459	-1.03920	0.000	2.643	-0.048	0.000	0.000	0.000	1.000
3447	252244	1	6.406	71.00	0.02652	-1.03928	0.000	5.406	0.000	0.000	0.000	0.000	1.000
3448	252324	1	6.881	71.00	0.02583	-1.04233	0.000	5.932	-0.051	0.000	0.000	0.000	1.000
3449	252369	2	1.373	71.00	0.02601	-1.06062	0.000	2.385	-0.012	0.000	0.000	0.000	-1.000
3450	252424	2	1.501	70.00	0.02782	-1.03250	0.000	2.507	-0.005	0.000	0.000	0.000	-1.000
3451	252505	1	7.398	70.00	0.02516	-1.05588	0.000	6.455	-0.057	0.000	0.000	0.000	1.000
3452	252629	1	9.035	70.00	0.02587	-1.04932	0.000	8.035	0.000	0.000	0.000	0.000	1.000
3453	252677	1	3.345	70.00	0.02552	-1.05114	0.000	2.473	-0.129	0.000	0.000	0.000	1.000
3454	252709	1	3.704	70.00	0.02713	-1.03750	0.000	2.704	0.000	0.000	0.000	0.000	1.000
3455	252769	1	5.698	70.00	0.02557	-1.05110	0.000	5.695	-0.997	0.000	0.000	0.000	1.000
3456	252816	1	5.193	70.00	0.02696	-1.04365	0.000	4.193	0.000	0.000	0.000	0.000	1.000
3457	252905	1	5.344	71.00	0.02518	-1.04890	0.000	4.386	-0.043	0.000	0.000	0.000	1.000
3458	252969	1	4.145	71.00	0.02647	-1.05574	0.000	3.937	-0.793	0.000	0.000	0.000	1.000
3459	253068	2	4.541	70.00	0.02629	-1.04225	0.000	5.541	0.000	0.000	0.000	0.000	-1.000
3460	253119	1	3.986	71.00	0.02653	-1.04369	0.000	2.986	0.000	0.000	0.000	0.000	1.000
3461	253174	1	4.861	71.00	0.02666	-1.04151	0.000	4.116	-0.255	0.000	0.000	0.000	1.000
3462	253234	1	5.317	71.00	0.02746	-1.03807	0.000	4.317	0.000	0.000	0.000	0.000	1.000
3463	253334	1	6.405	71.00	0.02570	-1.04427	0.000	5.405	0.000	0.000	0.000	0.000	1.000
3464	253423	1	6.638	72.00	0.02581	-1.04659	0.000	5.638	0.000	0.000	0.000	0.000	1.000
3465	253527	1	6.842	72.00	0.02678	-1.04629	0.000	5.842	0.000	0.000	0.000	0.000	1.000
3466	253639	1	8.706	72.00	0.02628	-1.04302	0.000	7.706	0.000	0.000	0.000	0.000	1.000
3467	253756	1	8.834	72.00	0.02539	-1.04653	0.000	7.834	0.000	0.000	0.000	0.000	1.000
3468	253836	1	6.314	73.00	0.02621	-1.04131	0.000	5.584	-0.270	0.000	0.000	0.000	1.000
3469	253895	2	3.693	72.00	0.02573	-1.04736	0.000	5.001	-0.308	0.000	0.000	0.000	-1.000
3470	253937	1	2.087	73.00	0.02498	-1.03860	0.000	1.747	-0.660	0.000	0.000	0.000	1.000
3471	253981	2	2.245	72.00	0.02477	-1.04366	0.000	3.245	0.000	0.000	0.000	0.000	-1.000
3472	254049	1	5.076	72.00	0.02654	-1.04716	0.000	4.076	0.000	0.000	0.000	0.000	1.000
3473	254103	1	5.058	72.00	0.02662	-1.04338	0.000	4.058	0.000	0.000	0.000	0.000	1.000
3474	254155	1	5.026	72.00	0.02533	-1.05542	0.000	4.026	0.000	0.000	0.000	0.000	1.000
3475	254201	1	5.225	73.00	0.02630	-1.05020	0.000	4.270	-0.045	0.000	0.000	0.000	1.000
3476	254269	2	3.175	73.00	0.02617	-1.04345	0.000	4.522	-0.347	0.000	0.000	0.000	-1.000
3477	254315	1	5.117	73.00	0.02640	-1.04480	0.000	4.117	0.000	0.000	0.000	0.000	1.000
3478	254377	2	5.001	72.00	0.02578	-1.04682	0.000	6.169	-0.168	0.000	0.000	0.000	-1.000
3479	254456	1	4.625	72.00	0.02600	-1.04153	0.000	3.625	0.000	0.000	0.000	0.000	1.000
3480	254504	2	3.216	71.00	0.02560	-1.04418	0.000	4.216	0.000	0.000	0.000	0.000	-1.000
3481	254553	2	0.943	71.00	0.02571	-1.04652	0.000	1.943	0.000	0.000	0.000	0.000	-1.000
3482	254608	2	1.703	70.00	0.02577	-1.04259	0.000	2.703	0.000	0.000	0.000	0.000	-1.000
3483	254690	1	6.243	70.00	0.02583	-1.04527	0.000	5.325	-0.082	0.000	0.000	0.000	1.000
3484	254754	1	6.687	70.00	0.02569	-1.04105	0.000	5.687	0.000	0.000	0.000	0.000	1.000
3485	254839	1	6.628	70.00	0.02579	-1.04208	0.000	5.628	0.000	0.000	0.000	0.000	1.000
3486	254914	1	8.395	70.00	0.02542	-1.05147	0.000	7.395	0.000	0.000	0.000	0.000	1.000
3487	255030	2	6.332	69.00	0.02533	-1.04710	0.000	7.417	-0.085	0.000	0.000	0.000	-1.000
3488	255090	1	4.776	70.00	0.02546	-1.05343	0.000	3.776	0.000	0.000	0.000	0.000	1.000
3489	255142	1	3.788	70.00	0.02491	-1.04952	0.000	2.788	0.000	0.000	0.000	0.000	1.000
3490	255172	2	0.751	69.00	0.02525	-1.05447	0.000	1.831	-0.079	0.000	0.000	0.000	-1.000
3491	255246	1	4.752	69.00	0.02499	-1.04381	0.000	3.752	0.000	0.000	0.000	0.000	1.000
3492	255287	2	0.332	68.00	0.02535	-1.04354	0.000	1.332	0.000	0.000	0.000	0.000	-1.000
3493	255335	1	3.962	68.00	0.02576	-1.04552	0.000	2.962	0.000	0.000	0.000	0.000	1.000
3494	255411	1	8.610	69.00	0.02583	-1.04699	0.000	7.610	0.000	0.000	0.000	0.000	1.000
3495	255441	2	-0.513	69.00	0.02483	-1.04399	0.000	0.524	-0.036	0.000	0.000	0.000	-1.000
3496	255485	2	-1.628	68.00	0.02613	-1.04142	0.000	1.207	-1.836	0.000	0.000	0.000	-1.000
3497	255526	5	1.005	67.00	0.02541	-1.05061	0.000	1.406	-0.401	0.000	0.000	0.000	0.000
3498	255571	2	0.030	66.00	0.02609	-1.03986	0.000	2.771	-1.741	0.000	0.000	0.000	-1.000
3499	255601	1	2.934	66.00	0.02483	-1.05218	0.000	1.934	0.000	0.000	0.000	0.000	1.000
3500	255671	1	6.672	66.00	0.02599	-1.04611	0.000	5.712	-0.040	0.000	0.000	0.000	1.000
3501	255701	2	0.143	65.00	0.02550	-1.04369	0.000	1.143	0.000	0.000	0.000	0.000	-1.000
3502	255738	1	3.408	65.00	0.02505	-1.04813	0.000	2.408	0.000	0.000	0.000	0.000	1.000
3503	255812	1	6.634	66.00	0.02518	-1.04971	0.000	5.634	0.000	0.000	0.000	0.000	1.000
3504	255885	1	6.894	67.00	0.02638	-1.04198	0.000	6.594	-0.700	0.000	0.000	0.000	1.000
3505	255915	1	3.857	68.00	0.02550	-1.05277	0.000	2.857	0.000	0.000	0.000	0.000	1.000
3506	255945	1	3.983	69.00	0.02550	-1.06221	0.000	2.983	0.000	0.000	0.000	0.000	1.000
3507	256012	1	6.439	69.00	0.02540	-1.03855	0.000	5.439	0.000	0.000	0.000	0.000	1.000
3508	256080	1	6.310	69.00	0.02552	-1.04614	0.000	5.310	0.000	0.000	0.000	0.000	1.000
3509	256150	2	3.693	69.00	0.02630	-1.04753	0.000	4.699	-0.007	0.000	0.000	0.000	-1.000
3510	256200	2	3.724	69.00	0.02558	-1.05116	0.000	4.724	0.000	0.000	0.000	0.000	-1.000
3511	256235	2	2.890	68.00	0.02597	-1.04627	0.000	3.890	0.000	0.000	0.000	0.000	-1.000
3512	256285	1	5.098	68.00	0.02563	-1.05528	0.000	4.098	0.000	0.000	0.000	0.000	1.000
3513	256320	1	4.215	68.00	0.02656	-1.05069	0.000	3.215	0.000	0.000	0.000	0.000	1.000
3514	256353	2	-0.087	67.00	0.02583	-1.05034	0.000	0.923	-0.010	0.000	0.000	0.000	-1.000
3515	256393	1	4.675	67.00	0.02515	-1.03634	0.000	3.675	0.000	0.000	0.000	0.000	1.000
3516	256452	2	4.087	66.00	0.02580	-1.04438	0.000	5.195	-0.108	0.000	0.000	0.000	-1.000
3517	256485	2	1.919	65.00	0.02533	-1.05370	0.000	2.919	0.000	0.000	0.000	0.000	-1.000
3518	256543	1	4.881	65.00	0.02451	-1.04144	0.000	4.056	-0.175	0.000	0.000	0.000	1.000
3519	256594	1	5.339	65.00	0.02461	-1.05365	0.000	4.339	0.000	0.000	0.000	0.000	1.000
3520	256708	1	6.960	65.00	0.02621	-1.04863	0.000	7.757	-1.797	0.000	0.000	0.000	1.000
3521	256738	5	0.292	64.00	0.02584	-1.04588	0.000	0.295	-0.003	0.000	0.000	0.000	0.000
3522	256768	5	-0.244	63.00	0.02489	-1.05551	0.000	0.088	-0.331	0.000	0.000	0.000	0.000
3523	256798	5	0.104	62.00	0.02401	-1.05100	0.000	0.104	0.000	0.000	0.000	0.000	0.000
3524	256972	1	5.996	63.00	0.02586	-1.04705	0.000	5.273	-0.278	0.000	0.000	0.000	1.000
3525	257049	1	6.519	64.00	0.02590	-1.05385	0.000	5.520	-0.002	0.000	0.000	0.000	1.000
3526	257114	1	5.511	64.00	0.02608	-1.04602	0.000	4.511	0.000	0.000	0.000	0.000	1.000
3527	257173	2	3.392	64.00	0.02503	-1.05056	0.000	4.392	0.000	0.000	0.000	0.000	-1.000
3528	257213	2	1.818	63.00	0.02664	-1.04310	0.000	3.119	-0.301	0.000	0.000	0.000	-1.000
3529	257243	1	2.678	64.00	0.02953	-1.04946	0.000	1.944	-0.267	0.000	0.000	0.000	1.000
3530	257286	1	3.872	65.00	0.02746	-1.05001	0.000	2.872	0.000	0.000	0.000	0.000	1.000
3531	257321	2	-0.137	64.00	0.02682	-1.04558	0.000	0.937	-0.073	0.000	0.000	0.000	-1.000
3532	257378	1	6.541	65.00	0.02636	-1.05627	0.000	5.541	0.000	0.000	0.000	0.000	1.000
3533	257425	1	5.431	66.00	0.02642	-1.04439	0.000	4.431	0.000	0.000	0.000	0.000	1.000
3534	257476	1	5.702	66.00	0.02445	-1.05249	0.000	4.702	0.000	0.000	0.000	0.000	1.000
3535	257574	1	8.829	67.00	0.02541	-1.04961	0.000	7.829	0.000	0.000	0.000	0.000	1.000
3536	257650	1	6.967	67.00	0.02526	-1.05952	0.000	5.969	-0.002	0.000	0.000	0.000	1.000
3537	257694	1	3.840	67.00	0.02605	-1.04312	0.000	3.305	-0.465	0.000	0.000	0.000	1.000
3538	257742	1	5.827	68.00	0.02618	-1.04158	0.000	4.827	0.000	0.000	0.000	0.000	1.000
3539	257780	1	4.040	69.00	0.02480	-1.05872	0.000	3.731	-0.691	0.000	0.000	0.000	1.000
3540	257810	2	0.719	68.00	0.02524	-1.05738	0.000	1.719	0.000	0.000	0.000	0.000	-1.000
3541	257847	2	-0.350	67.00	0.02480	-1.05313	0.000	1.147	-0.496	0.000	0.000	0.000	-1.000
3542	257909	1	6.521	68.00	0.02553	-1.04407	0.000	5.521	0.000	0.000	0.000	0.000	1.000
3543	257976	1	6.378	68.00	0.02552	-1.05407	0.000	5.378	0.000	0.000	0.000	0.000	1.000
3544	258075	1	8.863	68.00	0.02583	-1.04725	0.000	7.897	-0.034	0.000	0.000	0.000	1.000
3545	258167	1	9.674	68.00	0.02598	-1.04297	0.000	8.674	0.000	0.000	0.000	0.000	1.000
3546	258215	1	4.826	68.00	0.02466	-1.04688	0.000	3.826	0.000	0.000	0.000	0.000	1.000
3547	258270	1	5.154	68.00	0.02602	-1.03955	0.000	4.154	0.000	0.000	0.000	0.000	1.000
3548	258307	1	4.095	68.00	0.02563	-1.05117	0.000	3.095	0.000	0.000	0.000	0.000	1.000
3549	258448	1	8.263	69.00	0.02624	-1.04861	0.000	7.627	-0.364	0.000	0.000	0.000	1.000
3550	258478	2	0.157	69.00	0.02490	-1.04659	0.000	1.172	-0.014	0.000	0.000	0.000	-1.000
3551	258510	5	0.046	68.00	0.02753	-1.04578	0.000	0.046	0.000	0.000	0.000	0.000	0.000
3552	258540	1	3.468	68.00	0.02597	-1.05180	0.000	2.468	0.000	0.000	0.000	0.000	1.000
3553	258578	2	-0.463	67.00	0.02674	-1.04466	0.000	0.537	0.000	0.000	0.000	0.000	-1.000
3554	258609	2	1.093	66.00	0.02541	-1.05508	0.000	2.093	0.000	0.000	0.000	0.000	-1.000
3555	258639	5	0.448	65.00	0.02712	-1.03644	0.000	0.448	0.000	0.000	0.000	0.000	0.000
3556	258684	5	0.607	64.00	0.02645	-1.05795	0.000	0.964	-0.358	0.000	0.000	0.000	0.000
3557	258714	1	3.217	64.00	0.02510	-1.05197	0.000	2.612	-0.395	0.000	0.000	0.000	1.000
3558	258765	1	4.735	64.00	0.02620	-1.05006	0.000	3.748	-0.013	0.000	0.000	0.000	1.000
3559	258823	2	4.518	64.00	0.02677	-1.04933	0.000	5.518	0.000	0.000	0.000	0.000	-1.000
3560	258859	1	3.969	64.00	0.02570	-1.04232	0.000	2.969	0.000	0.000	0.000	0.000	1.000
3561	258916	1	6.735	64.00	0.02570	-1.05921	0.000	5.799	-0.064	0.000	0.000	0.000	1.000
3562	258978	1	5.545	64.00	0.02601	-1.05400	0.000	4.545	0.000	0.000	0.000	0.000	1.000
3563	259087	2	3.838	63.00	0.02640	-1.05097	0.000	4.884	-0.046	0.000	0.000	0.000	-1.000
3564	259237	1	4.807	63.00	0.02598	-1.04775	0.000	4.116	-0.310	0.000	0.000	0.000	1.000
3565	259315	1	6.283	63.00	0.02652	-1.04798	0.000	5.302	-0.019	0.000	0.000	0.000	1.000
3566	259394	1	7.099	63.00	0.02609	-1.04895	0.000	6.266	-0.167	0.000	0.000	0.000	1.000
3567	259453	1	5.341	63.00	0.02640	-1.04417	0.000	4.341	0.000	0.000	0.000	0.000	1.000
3568	259508	1	5.169	63.00	0.02626	-1.04900	0.000	4.169	0.000	0.000	0.000	0.000	1.000
3569	259553	2	1.575	63.00	0.02666	-1.04147	0.000	2.575	0.000	0.000	0.000	0.000	-1.000
3570	259604	1	5.089	63.00	0.02505	-1.04998	0.000	4.089	0.000	0.000	0.000	0.000	1.000
3571	259692	2	3.808	63.00	0.02621	-1.05601	0.000	5.385	-0.577	0.000	0.000	0.000	-1.000
3572	259734	1	3.195	63.00	0.02689	-1.05930	0.000	2.721	-0.527	0.000	0.000	0.000	1.000
3573	259813	1	6.653	63.00	0.02499	-1.04988	0.000	5.653	0.000	0.000	0.000	0.000	1.000
3574	259880	1	6.626	63.00	0.02695	-1.04750	0.000	5.626	0.000	0.000	0.000	0.000	1.000
3575	259974	1	9.100	63.00	0.02525	-1.05296	0.000	8.100	0.000	0.000	0.000	0.000	1.000
3576	260163	1	11.876	64.00	0.02600	-1.05319	0.000	10.876	0.000	0.000	0.000	0.000	1.000
3577	260249	2	5.109	63.00	0.02496	-1.05336	0.000	6.109	0.000	0.000	0.000	0.000	-1.000
3578	260279	2	0.218	63.00	0.02544	-1.05815	0.000	1.438	-0.221	0.000	0.000	0.000	-1.000
3579	260309	1	2.634	63.00	0.02393	-1.05621	0.000	1.828	-0.194	0.000	0.000	0.000	1.000
3580	260378	1	6.770	64.00	0.02686	-1.05407	0.000	5.770	0.000	0.000	0.000	0.000	1.000
3581	260449	1	6.848	65.00	0.02694	-1.05561	0.000	5.848	0.000	0.000	0.000	0.000	1.000
3582	260489	1	3.583	66.00	0.02582	-1.05784	0.000	2.583	0.000	0.000	0.000	0.000	1.000
3583	260547	2	3.195	65.00	0.02597	-1.04631	0.000	4.195	0.000	0.000	0.000	0.000	-1.000
3584	260622	2	3.897	64.00	0.02591	-1.05664	0.000	4.897	0.000	0.000	0.000	0.000	-1.000
3585	260680	1	4.842	64.00	0.02653	-1.05170	0.000	3.842	0.000	0.000	0.000	0.000	1.000
3586	260794	2	4.489	63.00	0.02590	-1.05474	0.000	5.489	0.000	0.000	0.000	0.000	-1.000
3587	260870	1	6.330	64.00	0.02578	-1.05616	0.000	5.330	0.000	0.000	0.000	0.000	1.000
3588	260934	1	5.400	64.00	0.02556	-1.05192	0.000	4.400	0.000	0.000	0.000	0.000	1.000
3589	261019	1	6.470	64.00	0.02601	-1.05605	0.000	5.694	-0.223	0.000	0.000	0.000	1.000
3590	261084	2	3.184	64.00	0.02582	-1.06264	0.000	4.315	-0.131	0.000	0.000	0.000	-1.000
3591	261115	1	2.686	64.00	0.02755	-1.04834	0.000	1.686	0.000	0.000	0.000	0.000	1.000
3592	261179	1	5.210	65.00	0.02610	-1.04868	0.000	4.210	0.000	0.000	0.000	0.000	1.000
3593	261215	1	3.688	65.00	0.02656	-1.05630	0.000	2.688	0.000	0.000	0.000	0.000	1.000
3594	261307	1	9.458	65.00	0.02579	-1.05552	0.000	8.529	-0.071	0.000	0.000	0.000	1.000
3595	261365	2	2.059	65.00	0.02593	-1.05589	0.000	3.063	-0.004	0.000	0.000	0.000	-1.000
3596	261416	1	3.461	66.00	0.02590	-1.05513	0.000	2.505	-0.044	0.000	0.000	0.000	1.000
3597	261464	1	5.083	67.00	0.02675	-1.05950	0.000	4.139	-0.056	0.000	0.000	0.000	1.000
3598	261543	1	6.883	68.00	0.02464	-1.05630	0.000	5.883	0.000	0.000	0.000	0.000	1.000
3599	261615	1	6.585	68.00	0.02541	-1.06155	0.000	5.585	0.000	0.000	0.000	0.000	1.000
3600	261683	1	6.458	68.00	0.02467	-1.05973	0.000	5.478	-0.021	0.000	0.000	0.000	1.000
3601	261721	1	2.903	69.00	0.02547	-1.06350	0.000	2.110	-0.206	0.000	0.000	0.000	1.000
3602	261785	2	3.336	68.00	0.02613	-1.06579	0.000	4.354	-0.018	0.000	0.000	0.000	-1.000
3603	261815	1	3.122	68.00	0.02670	-1.05078	0.000	2.589	-0.468	0.000	0.000	0.000	1.000
3604	261874	1	7.224	68.00	0.02587	-1.06119	0.000	6.224	0.000	0.000	0.000	0.000	1.000
3605	261905	2	1.604	67.00	0.02526	-1.07388	0.000	2.604	0.000	0.000	0.000	0.000	-1.000
3606	261981	1	4.765	67.00	0.02563	-1.06258	0.000	4.008	-0.243	0.000	0.000	0.000	1.000
3607	262020	2	2.033	66.00	0.02633	-1.05605	0.000	3.033	0.000	0.000	0.000	0.000	-1.000
3608	262062	2	0.057	65.00	0.02411	-1.06729	0.000	1.169	-0.112	0.000	0.000	0.000	-1.000
3609	262154	1	4.988	66.00	0.02609	-1.05966	0.000	3.988	0.000	0.000	0.000	0.000	1.000
3610	262245	1	8.085	67.00	0.02539	-1.05694	0.000	7.085	0.000	0.000	0.000	0.000	1.000
3611	262296	1	3.261	68.00	0.02521	-1.05784	0.000	3.695	-1.434	0.000	0.000	0.000	1.000
3612	262337	1	4.678	68.00	0.02468	-1.05798	0.000	3.710	-0.032	0.000	0.000	0.000	1.000
3613	262393	1	5.112	68.00	0.02535	-1.05884	0.000	4.119	-0.008	0.000	0.000	0.000	1.000
3614	262477	1	7.025	69.00	0.02594	-1.05770	0.000	6.025	0.000	0.000	0.000	0.000	1.000
3615	262563	1	7.862	69.00	0.02593	-1.06206	0.000	6.862	0.000	0.000	0.000	0.000	1.000
3616	262602	2	0.892	69.00	0.02595	-1.06194	0.000	1.975	-0.083	0.000	0.000	0.000	-1.000
3617	262661	1	4.688	70.00	0.02654	-1.06151	0.000	4.143	-0.455	0.000	0.000	0.000	1.000
3618	262750	1	7.521	70.00	0.02467	-1.06298	0.000	6.521	0.000	0.000	0.000	0.000	1.000
3619	262812	1	4.840	70.00	0.02533	-1.05626	0.000	3.948	-0.108	0.000	0.000	0.000	1.000
3620	262843	2	-2.339	69.00	0.02659	-1.04610	0.000	-0.123	-1.217	0.000	0.000	0.000	-1.000
3621	262873	1	3.579	70.00	0.02662	-1.05908	0.000	2.579	0.000	0.000	0.000	0.000	1.000
3622	262909	1	3.575	71.00	0.02480	-1.06267	0.000	2.589	-0.015	0.000	0.000	0.000	1.000
3623	262958	1	4.857	72.00	0.02549	-1.06950	0.000	3.857	0.000	0.000	0.000	0.000	1.000
3624	263025	2	2.676	71.00	0.02555	-1.06184	0.000	3.676	0.000	0.000	0.000	0.000	-1.000
3625	263076	1	5.055	71.00	0.02464	-1.06409	0.000	4.055	0.000	0.000	0.000	0.000	1.000
3626	263187	2	6.517	70.00	0.02584	-1.06625	0.000	7.526	-0.009	0.000	0.000	0.000	-1.000
3627	263267	1	6.289	71.00	0.02557	-1.06267	0.000	5.289	0.000	0.000	0.000	0.000	1.000
3628	263379	1	9.285	72.00	0.02551	-1.06536	0.000	8.285	0.000	0.000	0.000	0.000	1.000
3629	263414	2	1.958	71.00	0.02634	-1.07091	0.000	2.958	0.000	0.000	0.000	0.000	-1.000
3630	263444	1	3.818	71.00	0.02548	-1.07081	0.000	2.818	0.000	0.000	0.000	0.000	1.000
3631	263518	1	7.037	72.00	0.02678	-1.06360	0.000	6.070	-0.032	0.000	0.000	0.000	1.000
3632	263586	1	4.552	72.00	0.02626	-1.06687	0.000	3.552	0.000	0.000	0.000	0.000	1.000
3633	263624	1	4.228	72.00	0.02570	-1.06789	0.000	3.228	0.000	0.000	0.000	0.000	1.000
3634	263689	1	6.365	72.00	0.02574	-1.06227	0.000	5.365	0.000	0.000	0.000	0.000	1.000
3635	263732	2	0.123	71.00	0.02583	-1.05835	0.000	1.123	0.000	0.000	0.000	0.000	-1.000
3636	263815	1	7.400	71.00	0.02652	-1.06257	0.000	6.402	-0.002	0.000	0.000	0.000	1.000
3637	263886	2	4.360	70.00	0.02628	-1.06098	0.000	5.360	0.000	0.000	0.000	0.000	-1.000
3638	263948	1	6.595	70.00	0.02507	-1.06439	0.000	5.595	0.000	0.000	0.000	0.000	1.000
3639	264069	1	11.207	70.00	0.02590	-1.06584	0.000	10.207	0.000	0.000	0.000	0.000	1.000
3640	264101	1	3.454	71.00	0.02648	-1.05636	0.000	2.454	0.000	0.000	0.000	0.000	1.000
3641	264172	2	4.326	71.00	0.02617	-1.06476	0.000	5.326	0.000	0.000	0.000	0.000	-1.000
3642	264202	1	2.942	71.00	0.02616	-1.06833	0.000	1.942	0.000	0.000	0.000	0.000	1.000
3643	264265	2	3.279	70.00	0.02600	-1.06264	0.000	4.279	0.000	0.000	0.000	0.000	-1.000
3644	264342	1	6.580	70.00	0.02609	-1.06470	0.000	5.580	0.000	0.000	0.000	0.000	1.000
3645	264426	2	5.971	69.00	0.02559	-1.06546	0.000	6.971	0.000	0.000	0.000	0.000	-1.000
3646	264456	1	3.730	69.00	0.02502	-1.06413	0.000	2.730	0.000	0.000	0.000	0.000	1.000
3647	264555	1	8.385	69.00	0.02458	-1.07077	0.000	7.385	0.000	0.000	0.000	0.000	1.000
3648	264598	2	2.221	68.00	0.02534	-1.05250	0.000	3.289	-0.068	0.000	0.000	0.000	-1.000
3649	264649	1	3.403	68.00	0.02512	-1.06359	0.000	2.889	-0.486	0.000	0.000	0.000	1.000
3650	264720	1	6.520	69.00	0.02484	-1.05461	0.000	5.793	-0.273	0.000	0.000	0.000	1.000
3651	264794	2	4.060	69.00	0.02540	-1.06304	0.000	5.060	0.000	0.000	0.000	0.000	-1.000
3652	264885	1	5.005	69.00	0.02541	-1.06307	0.000	4.005	0.000	0.000	0.000	0.000	1.000
3653	264977	2	2.894	69.00	0.02541	-1.07016	0.000	4.002	-0.108	0.000	0.000	0.000	-1.000
3654	265007	1	2.882	70.00	0.02715	-1.06430	0.000	1.882	0.000	0.000	0.000	0.000	1.000
3655	265070	1	5.479	71.00	0.02619	-1.06968	0.000	4.574	-0.095	0.000	0.000	0.000	1.000
3656	265112	2	2.500	71.00	0.02619	-1.06762	0.000	3.500	0.000	0.000	0.000	0.000	-1.000
3657	265146	1	2.792	71.00	0.02778	-1.06042	0.000	1.792	0.000	0.000	0.000	0.000	1.000
3658	265203	1	5.066	71.00	0.02561	-1.06804	0.000	4.066	0.000	0.000	0.000	0.000	1.000
3659	265239	2	1.267	71.00	0.02572	-1.07123	0.000	2.487	-0.220	0.000	0.000	0.000	-1.000
3660	265333	1	4.986	71.00	0.02543	-1.07808	0.000	3.986	0.000	0.000	0.000	0.000	1.000
3661	265421	1	8.019	71.00	0.02656	-1.05961	0.000	7.019	0.000	0.000	0.000	0.000	1.000
3662	265458	1	4.178	71.00	0.02608	-1.06820	0.000	3.179	-0.001	0.000	0.000	0.000	1.000
3663	265488	2	0.080	71.00	0.02573	-1.06158	0.000	1.094	-0.014	0.000	0.000	0.000	-1.000
3664	265518	5	-0.233	70.00	0.02473	-1.07460	0.000	-0.233	0.000	0.000	0.000	0.000	0.000
3665	265549	2	0.777	69.00	0.02558	-1.05866	0.000	1.807	-0.030	0.000	0.000	0.000	-1.000
3666	265579	5	-0.131	68.00	0.02686	-1.07035	0.000	-0.048	-0.083	0.000	0.000	0.000	0.000
3667	265633	2	0.837	67.00	0.02595	-1.06032	0.000	1.850	-0.014	0.000	0.000	0.000	-1.000
3668	265678	1	4.695	67.00	0.02479	-1.06314	0.000	3.695	0.000	0.000	0.000	0.000	1.000
3669	265749	1	6.393	68.00	0.02676	-1.06055	0.000	5.394	-0.001	0.000	0.000	0.000	1.000
3670	265798	1	5.451	68.00	0.02616	-1.05734	0.000	4.451	0.000	0.000	0.000	0.000	1.000
3671	265891	1	8.794	69.00	0.02561	-1.06690	0.000	7.834	-0.040	0.000	0.000	0.000	1.000
3672	265943	1	4.348	69.00	0.02590	-1.06159	0.000	3.910	-0.562	0.000	0.000	0.000	1.000
3673	265992	1	5.559	69.00	0.02496	-1.06240	0.000	4.559	0.000	0.000	0.000	0.000	1.000
3674	266077	1	8.103	69.00	0.02619	-1.06243	0.000	7.191	-0.088	0.000	0.000	0.000	1.000
3675	266117	2	2.183	68.00	0.02613	-1.07664	0.000	3.183	0.000	0.000	0.000	0.000	-1.000
3676	266147	2	1.869	67.00	0.02519	-1.06977	0.000	2.869	0.000	0.000	0.000	0.000	-1.000
3677	266203	1	4.616	68.00	0.02421	-1.07454	0.000	3.616	0.000	0.000	0.000	0.000	1.000
3678	266294	2	3.656	68.00	0.02542	-1.07194	0.000	4.688	-0.032	0.000	0.000	0.000	-1.000
3679	266324	1	2.579	68.00	0.02638	-1.08119	0.000	1.862	-0.283	0.000	0.000	0.000	1.000
3680	266392	1	4.269	68.00	0.02545	-1.07033	0.000	3.573	-0.304	0.000	0.000	0.000	1.000
3681	266554	1	9.039	68.00	0.02590	-1.06890	0.000	8.039	0.000	0.000	0.000	0.000	1.000
3682	266651	1	8.817	68.00	0.02565	-1.07540	0.000	7.817	0.000	0.000	0.000	0.000	1.000
3683	266741	1	8.843	69.00	0.02631	-1.07034	0.000	7.843	0.000	0.000	0.000	0.000	1.000
3684	266779	2	2.369	69.00	0.02893	-1.07692	0.000	3.369	0.000	0.000	0.000	0.000	-1.000
3685	266860	1	7.264	69.00	0.02535	-1.08242	0.000	6.362	-0.097	0.000	0.000	0.000	1.000
3686	266896	2	1.016	69.00	0.02688	-1.07725	0.000	2.016	0.000	0.000	0.000	0.000	-1.000
3687	266955	1	6.595	69.00	0.02553	-1.06981	0.000	5.595	0.000	0.000	0.000	0.000	1.000
3688	267009	2	3.242	68.00	0.02650	-1.06774	0.000	4.266	-0.023	0.000	0.000	0.000	-1.000
3689	267065	1	5.013	68.00	0.02551	-1.07833	0.000	4.013	0.000	0.000	0.000	0.000	1.000
3690	267168	1	8.932	69.00	0.02492	-1.08065	0.000	7.932	0.000	0.000	0.000	0.000	1.000
3691	267198	2	-0.544	68.00	0.02624	-1.08545	0.000	0.656	-0.199	0.000	0.000	0.000	-1.000
3692	267228	2	-1.396	67.00	0.02536	-1.07946	0.000	-0.377	-0.018	0.000	0.000	0.000	-1.000
3693	267287	1	2.740	67.00	0.02523	-1.07397	0.000	1.740	0.000	0.000	0.000	0.000	1.000
3694	267317	5	1.001	66.00	0.02813	-1.07725	0.000	1.140	-0.139	0.000	0.000	0.000	0.000
3695	267347	5	-0.599	66.00	0.02734	-1.07332	0.000	-0.532	-0.066	0.000	0.000	0.000	0.000
3696	267378	5	0.614	65.00	0.02522	-1.08171	0.000	0.614	0.000	0.000	0.000	0.000	0.000
3697	267441	2	0.641	64.00	0.02644	-1.07624	0.000	1.914	-0.273	0.000	0.000	0.000	-1.000
3698	267471	2	-0.983	63.00	0.02622	-1.06919	0.000	0.017	0.000	0.000	0.000	0.000	-1.000
3699	267512	1	3.747	63.00	0.02727	-1.06521	0.000	2.747	0.000	0.000	0.000	0.000	1.000
3700	267578	1	5.757	63.00	0.02626	-1.06906	0.000	5.517	-0.760	0.000	0.000	0.000	1.000
3701	267659	1	6.915	63.00	0.02525	-1.07760	0.000	6.385	-0.471	0.000	0.000	0.000	1.000
3702	267691	2	0.882	63.00	0.02587	-1.07677	0.000	2.023	-0.142	0.000	0.000	0.000	-1.000
3703	267735	1	5.006	63.00	0.02690	-1.06533	0.000	4.006	0.000	0.000	0.000	0.000	1.000
3704	267847	2	5.264	62.00	0.02607	-1.07551	0.000	6.274	-0.010	0.000	0.000	0.000	-1.000
3705	267891	2	2.047	62.00	0.02575	-1.07500	0.000	3.047	0.000	0.000	0.000	0.000	-1.000
3706	267922	1	3.408	62.00	0.02740	-1.06910	0.000	2.408	0.000	0.000	0.000	0.000	1.000
3707	267972	1	4.940	63.00	0.02684	-1.07133	0.000	4.306	-0.366	0.000	0.000	0.000	1.000
3708	268022	1	5.607	64.00	0.02659	-1.06911	0.000	4.607	0.000	0.000	0.000	0.000	1.000
3709	268136	1	11.250	64.00	0.02618	-1.07105	0.000	10.250	0.000	0.000	0.000	0.000	1.000
3710	268197	1	6.363	64.00	0.02545	-1.07569	0.000	5.363	0.000	0.000	0.000	0.000	1.000
3711	268236	1	4.067	64.00	0.02573	-1.06533	0.000	3.067	0.000	0.000	0.000	0.000	1.000
3712	268285	1	5.305	64.00	0.02707	-1.07910	0.000	4.305	0.000	0.000	0.000	0.000	1.000
3713	268315	1	3.382	64.00	0.02722	-1.07045	0.000	2.382	0.000	0.000	0.000	0.000	1.000
3714	268434	1	5.904	64.00	0.02622	-1.07440	0.000	5.560	-0.656	0.000	0.000	0.000	1.000
3715	268465	1	3.465	64.00	0.02450	-1.07795	0.000	2.467	-0.002	0.000	0.000	0.000	1.000
3716	268516	2	3.933	64.00	0.02590	-1.08409	0.000	4.933	0.000	0.000	0.000	0.000	-1.000
3717	268548	2	0.144	63.00	0.02472	-1.07638	0.000	1.476	-0.332	0.000	0.000	0.000	-1.000
3718	268589	1	5.123	63.00	0.02638	-1.05708	0.000	4.123	0.000	0.000	0.000	0.000	1.000
3719	268620	5	0.150	62.00	0.02576	-1.05620	0.000	0.483	-0.333	0.000	0.000	0.000	0.000
3720	268651	5	0.195	62.00	0.02513	-1.07555	0.000	0.199	-0.004	0.000	0.000	0.000	0.000
3721	268691	5	1.177	61.00	0.02580	-1.07451	0.000	1.196	-0.019	0.000	0.000	0.000	0.000
3722	268741	1	2.606	61.00	0.02704	-1.07703	0.000	1.606	0.000	0.000	0.000	0.000	1.000
3723	268781	2	1.856	60.00	0.02649	-1.07267	0.000	2.856	0.000	0.000	0.000	0.000	-1.000
3724	268823	1	4.708	61.00	0.02498	-1.08444	0.000	3.708	0.000	0.000	0.000	0.000	1.000
3725	268882	1	6.299	61.00	0.02524	-1.07374	0.000	5.325	-0.026	0.000	0.000	0.000	1.000
3726	268996	1	9.022	62.00	0.02632	-1.07183	0.000	8.195	-0.173	0.000	0.000	0.000	1.000
3727	269136	1	11.518	62.00	0.02666	-1.07583	0.000	10.518	0.000	0.000	0.000	0.000	1.000
3728	269186	1	5.133	62.00	0.02647	-1.06855	0.000	4.133	0.000	0.000	0.000	0.000	1.000
3729	269221	1	3.685	63.00	0.02533	-1.07915	0.000	2.685	0.000	0.000	0.000	0.000	1.000
3730	269315	1	8.662	63.00	0.02630	-1.07409	0.000	7.678	-0.016	0.000	0.000	0.000	1.000
3731	269394	1	7.686	63.00	0.02591	-1.06994	0.000	6.686	0.000	0.000	0.000	0.000	1.000
3732	269456	1	6.406	63.00	0.02524	-1.07992	0.000	5.406	0.000	0.000	0.000	0.000	1.000
3733	269516	1	5.352	63.00	0.02619	-1.07902	0.000	4.352	0.000	0.000	0.000	0.000	1.000
3734	269619	1	8.814	63.00	0.02675	-1.07743	0.000	7.814	0.000	0.000	0.000	0.000	1.000
3735	269719	1	9.673	64.00	0.02590	-1.08036	0.000	8.673	0.000	0.000	0.000	0.000	1.000
3736	269854	1	11.947	64.00	0.02654	-1.07742	0.000	10.973	-0.026	0.000	0.000	0.000	1.000
3737	269948	1	8.728	65.00	0.02614	-1.07718	0.000	7.728	0.000	0.000	0.000	0.000	1.000
3738	270024	2	2.568	64.00	0.02559	-1.07273	0.000	3.600	-0.032	0.000	0.000	0.000	-1.000
3739	270096	1	6.347	64.00	0.02702	-1.08634	0.000	5.347	0.000	0.000	0.000	0.000	1.000
3740	270147	1	4.304	64.00	0.02716	-1.07648	0.000	3.304	0.000	0.000	0.000	0.000	1.000
3741	270209	2	4.161	64.00	0.02528	-1.07444	0.000	5.161	0.000	0.000	0.000	0.000	-1.000
3742	270245	2	0.768	63.00	0.02585	-1.07875	0.000	1.768	0.000	0.000	0.000	0.000	-1.000
3743	270275	1	3.682	64.00	0.02562	-1.07071	0.000	2.682	0.000	0.000	0.000	0.000	1.000
3744	270373	1	9.106	64.00	0.02677	-1.07187	0.000	8.146	-0.040	0.000	0.000	0.000	1.000
3745	270431	1	6.528	65.00	0.02640	-1.07997	0.000	5.528	0.000	0.000	0.000	0.000	1.000
3746	270475	2	3.196	64.00	0.02628	-1.07883	0.000	4.196	0.000	0.000	0.000	0.000	-1.000
3747	270505	1	2.971	64.00	0.02508	-1.07898	0.000	1.971	0.000	0.000	0.000	0.000	1.000
3748	270554	1	3.998	65.00	0.02688	-1.08355	0.000	3.188	-0.190	0.000	0.000	0.000	1.000
3749	270591	1	3.972	65.00	0.02684	-1.07728	0.000	2.972	0.000	0.000	0.000	0.000	1.000
3750	270677	1	8.370	65.00	0.02616	-1.07898	0.000	7.439	-0.069	0.000	0.000	0.000	1.000
3751	270742	1	5.763	66.00	0.02615	-1.07984	0.000	4.763	0.000	0.000	0.000	0.000	1.000
3752	270796	1	5.305	66.00	0.02550	-1.08356	0.000	4.305	0.000	0.000	0.000	0.000	1.000
3753	270847	1	4.055	67.00	0.02706	-1.07185	0.000	3.750	-0.695	0.000	0.000	0.000	1.000
3754	270901	1	5.392	67.00	0.02539	-1.08213	0.000	4.392	0.000	0.000	0.000	0.000	1.000
3755	270980	1	8.243	67.00	0.02600	-1.07929	0.000	7.243	0.000	0.000	0.000	0.000	1.000
3756	271088	1	9.271	68.00	0.02572	-1.08328	0.000	8.839	-0.568	0.000	0.000	0.000	1.000
3757	271134	2	2.233	67.00	0.02668	-1.08351	0.000	3.233	0.000	0.000	0.000	0.000	-1.000
3758	271164	1	3.411	67.00	0.02508	-1.09466	0.000	2.411	0.000	0.000	0.000	0.000	1.000
3759	271211	1	4.864	68.00	0.02486	-1.09054	0.000	3.864	0.000	0.000	0.000	0.000	1.000
3760	271304	1	7.045	68.00	0.02615	-1.08893	0.000	6.256	-0.210	0.000	0.000	0.000	1.000
3761	271334	5	0.835	67.00	0.02663	-1.08499	0.000	0.941	-0.106	0.000	0.000	0.000	0.000
3762	271364	5	0.216	66.00	0.02596	-1.09256	0.000	0.396	-0.180	0.000	0.000	0.000	0.000
3763	271394	1	2.954	67.00	0.02499	-1.08485	0.000	1.954	0.000	0.000	0.000	0.000	1.000
3764	271482	1	6.594	68.00	0.02577	-1.08030	0.000	5.594	0.000	0.000	0.000	0.000	1.000
3765	271546	1	6.229	69.00	0.02635	-1.07947	0.000	5.267	-0.038	0.000	0.000	0.000	1.000
3766	271604	2	-0.409	69.00	0.02589	-1.07857	0.000	1.795	-1.204	0.000	0.000	0.000	-1.000
3767	271636	5	-1.123	69.00	0.02627	-1.08527	0.000	-0.008	-1.115	0.000	0.000	0.000	0.000
3768	271668	5	0.125	68.00	0.02687	-1.08726	0.000	0.125	0.000	0.000	0.000	0.000	0.000
3769	271698	1	2.745	68.00	0.02722	-1.08360	0.000	1.745	0.000	0.000	0.000	0.000	1.000
3770	271733	5	1.691	67.00	0.02612	-1.08252	0.000	1.691	0.000	0.000	0.000	0.000	0.000
3771	271763	1	2.748	67.00	0.02523	-1.08698	0.000	1.748	0.000	0.000	0.000	0.000	1.000
3772	271798	1	4.057	67.00	0.02694	-1.08131	0.000	3.057	0.000	0.000	0.000	0.000	1.000
3773	271869	1	6.573	67.00	0.02592	-1.08453	0.000	5.573	0.000	0.000	0.000	0.000	1.000
3774	271935	1	6.408	67.00	0.02624	-1.08935	0.000	5.408	0.000	0.000	0.000	0.000	1.000
3775	271993	2	2.285	67.00	0.02458	-1.08714	0.000	3.374	-0.088	0.000	0.000	0.000	-1.000
3776	272027	1	2.612	68.00	0.02450	-1.09145	0.000	1.737	-0.125	0.000	0.000	0.000	1.000
3777	272140	1	6.568	68.00	0.02724	-1.08629	0.000	5.665	-0.097	0.000	0.000	0.000	1.000
3778	272242	1	8.834	69.00	0.02626	-1.09091	0.000	7.834	0.000	0.000	0.000	0.000	1.000
3779	272305	1	6.226	69.00	0.02632	-1.09076	0.000	5.489	-0.263	0.000	0.000	0.000	1.000
3780	272370	1	6.981	69.00	0.02587	-1.08568	0.000	5.981	0.000	0.000	0.000	0.000	1.000
3781	272411	1	4.633	69.00	0.02569	-1.09405	0.000	3.633	0.000	0.000	0.000	0.000	1.000
3782	272453	1	4.438	69.00	0.02747	-1.08772	0.000	3.438	0.000	0.000	0.000	0.000	1.000
3783	272483	1	3.796	69.00	0.02799	-1.07069	0.000	2.796	0.000	0.000	0.000	0.000	1.000
3784	272516	2	1.926	69.00	0.02965	-1.07453	0.000	2.926	0.000	0.000	0.000	0.000	-1.000
3785	272575	2	1.597	68.00	0.02549	-1.08646	0.000	2.829	-0.232	0.000	0.000	0.000	-1.000
3786	272605	1	3.778	69.00	0.02602	-1.08766	0.000	2.778	0.000	0.000	0.000	0.000	1.000
3787	272654	1	5.122	69.00	0.02532	-1.08194	0.000	4.122	0.000	0.000	0.000	0.000	1.000
3788	272786	1	9.589	70.00	0.02587	-1.08934	0.000	8.698	-0.109	0.000	0.000	0.000	1.000
3789	272901	1	9.457	70.00	0.02530	-1.08532	0.000	8.457	0.000	0.000	0.000	0.000	1.000
3790	272948	2	3.232	69.00	0.02644	-1.08659	0.000	4.232	0.000	0.000	0.000	0.000	-1.000
3791	272999	1	5.010	70.00	0.02749	-1.08141	0.000	4.010	-0.000	0.000	0.000	0.000	1.000
3792	273111	1	9.710	71.00	0.02600	-1.08688	0.000	8.710	0.000	0.000	0.000	0.000	1.000
3793	273202	1	9.234	71.00	0.02561	-1.08699	0.000	8.234	0.000	0.000	0.000	0.000	1.000
3794	273369	1	11.500	72.00	0.02618	-1.08799	0.000	10.506	-0.005	0.000	0.000	0.000	1.000
3795	273400	2	1.768	72.00	0.02631	-1.09159	0.000	2.768	0.000	0.000	0.000	0.000	-1.000
3796	273433	1	3.706	73.00	0.02530	-1.08730	0.000	2.706	0.000	0.000	0.000	0.000	1.000
3797	273481	1	5.241	74.00	0.02827	-1.09268	0.000	4.241	0.000	0.000	0.000	0.000	1.000
3798	273513	1	3.589	75.00	0.02637	-1.08831	0.000	2.589	0.000	0.000	0.000	0.000	1.000
3799	273562	2	1.470	74.00	0.02630	-1.09300	0.000	2.470	0.000	0.000	0.000	0.000	-1.000
3800	273592	1	2.934	74.00	0.02974	-1.08837	0.000	1.934	0.000	0.000	0.000	0.000	1.000
3801	273686	1	6.885	74.00	0.02609	-1.08577	0.000	5.953	-0.067	0.000	0.000	0.000	1.000
3802	273790	1	9.255	75.00	0.02682	-1.08560	0.000	8.255	0.000	0.000	0.000	0.000	1.000
3803	273889	1	8.334	75.00	0.02668	-1.08562	0.000	8.273	-0.938	0.000	0.000	0.000	1.000
3804	273975	1	6.809	76.00	0.02594	-1.09451	0.000	5.809	0.000	0.000	0.000	0.000	1.000
3805	274034	1	5.456	77.00	0.02655	-1.08628	0.000	4.471	-0.016	0.000	0.000	0.000	1.000
3806	274081	1	4.177	77.00	0.02650	-1.08385	0.000	3.177	0.000	0.000	0.000	0.000	1.000
3807	274124	2	1.006	76.00	0.02616	-1.08552	0.000	2.271	-0.265	0.000	0.000	0.000	-1.000
3808	274160	1	2.726	76.00	0.02658	-1.08596	0.000	1.726	0.000	0.000	0.000	0.000	1.000
3809	274197	1	3.788	76.00	0.02681	-1.08580	0.000	2.788	0.000	0.000	0.000	0.000	1.000
3810	274244	1	4.629	76.00	0.02713	-1.08962	0.000	3.629	0.000	0.000	0.000	0.000	1.000
3811	274289	1	4.628	76.00	0.02654	-1.08591	0.000	3.628	0.000	0.000	0.000	0.000	1.000
3812	274352	1	4.457	76.00	0.02672	-1.08745	0.000	3.484	-0.028	0.000	0.000	0.000	1.000
3813	274426	1	4.181	76.00	0.02646	-1.09424	0.000	3.988	-0.807	0.000	0.000	0.000	1.000
3814	274485	1	5.896	76.00	0.02596	-1.09318	0.000	4.896	0.000	0.000	0.000	0.000	1.000
3815	274560	2	4.174	75.00	0.02633	-1.09464	0.000	5.285	-0.111	0.000	0.000	0.000	-1.000
3816	274621	1	5.559	76.00	0.02644	-1.08931	0.000	4.653	-0.094	0.000	0.000	0.000	1.000
3817	274710	1	9.509	77.00	0.02644	-1.08428	0.000	8.509	0.000	0.000	0.000	0.000	1.000
3818	274806	1	9.351	77.00	0.02696	-1.08826	0.000	8.351	0.000	0.000	0.000	0.000	1.000
3819	274836	2	-1.187	77.00	0.02717	-1.09787	0.000	0.102	-0.290	0.000	0.000	0.000	-1.000
3820	274866	5	-2.427	77.00	0.02587	-1.08690	0.000	-2.068	-0.359	0.000	0.000	0.000	0.000
3821	274896	5	0.610	77.00	0.02662	-1.09874	0.000	0.610	0.000	0.000	0.000	0.000	0.000
3822	274927	5	0.698	76.00	0.02637	-1.08985	0.000	0.698	0.000	0.000	0.000	0.000	0.000
3823	274995	1	3.003	77.00	0.02727	-1.09391	0.000	2.730	-0.728	0.000	0.000	0.000	1.000
3824	275039	2	2.728	76.00	0.02723	-1.09350	0.000	3.849	-0.120	0.000	0.000	0.000	-1.000
3825	275087	1	5.139	76.00	0.02668	-1.09050	0.000	4.139	0.000	0.000	0.000	0.000	1.000
3826	275138	1	6.597	76.00	0.02735	-1.08975	0.000	5.597	0.000	0.000	0.000	0.000	1.000
3827	275172	2	1.947	75.00	0.02740	-1.09051	0.000	3.115	-0.169	0.000	0.000	0.000	-1.000
3828	275202	1	2.811	75.00	0.02609	-1.08641	0.000	1.835	-0.024	0.000	0.000	0.000	1.000
3829	275236	2	2.015	74.00	0.02794	-1.08150	0.000	3.015	0.000	0.000	0.000	0.000	-1.000
3830	275278	1	3.985	74.00	0.02547	-1.09418	0.000	2.985	0.000	0.000	0.000	0.000	1.000
3831	275343	1	5.322	74.00	0.02622	-1.09641	0.000	4.322	0.000	0.000	0.000	0.000	1.000
3832	275392	1	4.858	74.00	0.02575	-1.09403	0.000	3.858	0.000	0.000	0.000	0.000	1.000
3833	275424	2	0.901	73.00	0.02592	-1.08024	0.000	1.901	0.000	0.000	0.000	0.000	-1.000
3834	275493	1	5.083	73.00	0.02627	-1.07753	0.000	4.083	0.000	0.000	0.000	0.000	1.000
3835	275566	2	2.239	72.00	0.02713	-1.08507	0.000	3.465	-0.226	0.000	0.000	0.000	-1.000
3836	275596	1	2.807	72.00	0.02661	-1.09817	0.000	1.864	-0.056	0.000	0.000	0.000	1.000
3837	275651	1	6.826	72.00	0.02633	-1.08921	0.000	5.826	0.000	0.000	0.000	0.000	1.000
3838	275752	1	10.460	73.00	0.02640	-1.09432	0.000	9.460	0.000	0.000	0.000	0.000	1.000
3839	275823	1	7.604	73.00	0.02798	-1.08856	0.000	6.604	0.000	0.000	0.000	0.000	1.000
3840	275908	1	8.478	73.00	0.02554	-1.09629	0.000	7.478	0.000	0.000	0.000	0.000	1.000
3841	275986	1	6.789	74.00	0.02554	-1.09138	0.000	5.789	0.000	0.000	0.000	0.000	1.000
3842	276054	1	6.597	75.00	0.02757	-1.09618	0.000	5.597	0.000	0.000	0.000	0.000	1.000
3843	276131	1	4.327	75.00	0.02649	-1.09610	0.000	3.364	-0.037	0.000	0.000	0.000	1.000
3844	276204	1	6.488	75.00	0.02645	-1.09069	0.000	5.488	0.000	0.000	0.000	0.000	1.000
3845	276246	2	2.004	74.00	0.02590	-1.09485	0.000	3.004	0.000	0.000	0.000	0.000	-1.000
3846	276276	2	-0.390	74.00	0.02675	-1.10017	0.000	1.285	-0.675	0.000	0.000	0.000	-1.000
3847	276316	2	0.926	73.00	0.02521	-1.09205	0.000	2.078	-0.152	0.000	0.000	0.000	-1.000
3848	276374	1	6.530	73.00	0.02547	-1.09271	0.000	5.530	0.000	0.000	0.000	0.000	1.000
3849	276461	2	5.112	72.00	0.02601	-1.09423	0.000	6.112	0.000	0.000	0.000	0.000	-1.000
3850	276501	1	2.779	72.00	0.02538	-1.09661	0.000	1.779	0.000	0.000	0.000	0.000	1.000
3851	276563	1	4.503	72.00	0.02629	-1.08551	0.000	3.653	-0.150	0.000	0.000	0.000	1.000
3852	276648	1	7.487	72.00	0.02623	-1.09730	0.000	6.487	0.000	0.000	0.000	0.000	1.000
3853	276757	1	9.293	72.00	0.02652	-1.09772	0.000	8.293	0.000	0.000	0.000	0.000	1.000
3854	276860	1	8.952	72.00	0.02707	-1.10092	0.000	7.952	0.000	0.000	0.000	0.000	1.000
3855	276952	1	6.925	72.00	0.02610	-1.10132	0.000	6.577	-0.652	0.000	0.000	0.000	1.000
3856	277020	1	4.440	72.00	0.02654	-1.07933	0.000	3.440	0.000	0.000	0.000	0.000	1.000
3857	277134	1	9.423	73.00	0.02681	-1.09430	0.000	8.423	0.000	0.000	0.000	0.000	1.000
3858	277196	1	5.423	73.00	0.02549	-1.10296	0.000	4.433	-0.010	0.000	0.000	0.000	1.000
3859	277231	1	3.848	73.00	0.02621	-1.09553	0.000	2.848	0.000	0.000	0.000	0.000	1.000
3860	277316	1	5.477	73.00	0.02640	-1.09523	0.000	4.477	0.000	0.000	0.000	0.000	1.000
3861	277354	2	1.181	73.00	0.02732	-1.09445	0.000	2.212	-0.030	0.000	0.000	0.000	-1.000
3862	277418	1	1.504	74.00	0.02685	-1.08699	0.000	1.760	-1.256	0.000	0.000	0.000	1.000
3863	277448	2	1.338	73.00	0.02643	-1.09610	0.000	2.338	0.000	0.000	0.000	0.000	-1.000
3864	277483	2	0.734	72.00	0.02557	-1.09237	0.000	1.734	0.000	0.000	0.000	0.000	-1.000
3865	277513	1	2.759	72.00	0.02760	-1.07937	0.000	1.759	0.000	0.000	0.000	0.000	1.000
3866	277574	1	6.573	73.00	0.02669	-1.09574	0.000	5.573	0.000	0.000	0.000	0.000	1.000
3867	277604	1	3.800	74.00	0.02643	-1.09599	0.000	2.800	0.000	0.000	0.000	0.000	1.000
3868	277662	1	7.024	75.00	0.02573	-1.10150	0.000	6.024	0.000	0.000	0.000	0.000	1.000
3869	277708	2	0.902	74.00	0.02600	-1.08614	0.000	1.902	0.000	0.000	0.000	0.000	-1.000
3870	277739	2	0.459	74.00	0.02633	-1.09944	0.000	1.459	0.000	0.000	0.000	0.000	-1.000
3871	277771	2	2.105	73.00	0.02636	-1.10679	0.000	3.244	-0.139	0.000	0.000	0.000	-1.000
3872	277809	1	3.930	73.00	0.02600	-1.09912	0.000	2.989	-0.059	0.000	0.000	0.000	1.000
3873	277839	1	4.146	73.00	0.02565	-1.09813	0.000	3.146	0.000	0.000	0.000	0.000	1.000
3874	277893	1	6.407	73.00	0.02707	-1.10327	0.000	5.407	0.000	0.000	0.000	0.000	1.000
3875	277974	2	3.658	73.00	0.02712	-1.09280	0.000	4.905	-0.247	0.000	0.000	0.000	-1.000
3876	278004	1	3.570	73.00	0.02577	-1.09846	0.000	2.613	-0.043	0.000	0.000	0.000	1.000
3877	278042	1	5.154	73.00	0.02649	-1.09279	0.000	4.154	0.000	0.000	0.000	0.000	1.000
3878	278072	1	4.033	73.00	0.02722	-1.09045	0.000	3.033	0.000	0.000	0.000	0.000	1.000
3879	278175	1	9.275	73.00	0.02709	-1.09098	0.000	8.275	0.000	0.000	0.000	0.000	1.000
3880	278205	2	0.016	72.00	0.02716	-1.10551	0.000	1.016	0.000	0.000	0.000	0.000	-1.000
3881	278250	1	4.618	72.00	0.02595	-1.10269	0.000	3.618	0.000	0.000	0.000	0.000	1.000
3882	278284	2	1.158	71.00	0.02660	-1.09298	0.000	2.262	-0.104	0.000	0.000	0.000	-1.000
3883	278314	1	3.982	71.00	0.02603	-1.09525	0.000	2.982	0.000	0.000	0.000	0.000	1.000
3884	278344	1	3.761	72.00	0.02679	-1.10429	0.000	2.761	0.000	0.000	0.000	0.000	1.000
3885	278458	1	11.250	73.00	0.02648	-1.09537	0.000	10.596	-0.345	0.000	0.000	0.000	1.000
3886	278497	1	4.554	73.00	0.02575	-1.10893	0.000	3.554	0.000	0.000	0.000	0.000	1.000
3887	278559	2	5.369	72.00	0.02722	-1.08811	0.000	6.403	-0.034	0.000	0.000	0.000	-1.000
3888	278600	2	1.758	71.00	0.02568	-1.09369	0.000	2.901	-0.143	0.000	0.000	0.000	-1.000
3889	278643	1	3.955	71.00	0.02773	-1.09464	0.000	2.955	0.000	0.000	0.000	0.000	1.000
3890	278693	1	4.465	72.00	0.02638	-1.09237	0.000	4.160	-0.695	0.000	0.000	0.000	1.000
3891	278735	1	4.892	72.00	0.02580	-1.08830	0.000	3.892	0.000	0.000	0.000	0.000	1.000
3892	278833	1	7.209	72.00	0.02699	-1.09587	0.000	7.001	-0.792	0.000	0.000	0.000	1.000
3893	278946	1	6.320	72.00	0.02594	-1.09802	0.000	6.079	-0.758	0.000	0.000	0.000	1.000
3894	278992	2	1.923	71.00	0.02659	-1.09683	0.000	2.943	-0.020	0.000	0.000	0.000	-1.000
3895	279040	2	0.445	71.00	0.02570	-1.08796	0.000	1.973	-0.528	0.000	0.000	0.000	-1.000
3896	279126	1	7.366	71.00	0.02677	-1.09591	0.000	6.366	0.000	0.000	0.000	0.000	1.000
3897	279201	2	5.296	70.00	0.02617	-1.09390	0.000	6.334	-0.038	0.000	0.000	0.000	-1.000
3898	279240	2	2.128	69.00	0.02543	-1.09157	0.000	3.128	0.000	0.000	0.000	0.000	-1.000
3899	279272	1	2.722	70.00	0.02587	-1.09010	0.000	1.722	0.000	0.000	0.000	0.000	1.000
3900	279343	1	6.001	70.00	0.02684	-1.09406	0.000	5.401	-0.400	0.000	0.000	0.000	1.000
3901	279376	1	3.178	70.00	0.02741	-1.10028	0.000	2.498	-0.321	0.000	0.000	0.000	1.000
3902	279443	1	6.348	70.00	0.02614	-1.09772	0.000	5.624	-0.276	0.000	0.000	0.000	1.000
3903	279491	1	4.494	70.00	0.02727	-1.09035	0.000	3.567	-0.073	0.000	0.000	0.000	1.000
3904	279521	2	0.758	69.00	0.02727	-1.09971	0.000	1.758	0.000	0.000	0.000	0.000	-1.000
3905	279599	2	4.218	68.00	0.02667	-1.10119	0.000	5.258	-0.040	0.000	0.000	0.000	-1.000
3906	279652	1	4.644	68.00	0.02657	-1.09232	0.000	3.652	-0.008	0.000	0.000	0.000	1.000
3907	279730	1	6.353	69.00	0.02639	-1.09356	0.000	5.367	-0.014	0.000	0.000	0.000	1.000
3908	279794	1	6.387	69.00	0.02641	-1.09371	0.000	5.387	0.000	0.000	0.000	0.000	1.000
3909	279870	2	4.896	68.00	0.02650	-1.10220	0.000	5.896	0.000	0.000	0.000	0.000	-1.000
3910	279900	1	2.624	68.00	0.02517	-1.09497	0.000	1.723	-0.099	0.000	0.000	0.000	1.000
3911	279958	1	5.250	68.00	0.02834	-1.08950	0.000	4.433	-0.182	0.000	0.000	0.000	1.000
3912	279988	2	-0.601	67.00	0.02746	-1.08999	0.000	0.501	-0.102	0.000	0.000	0.000	-1.000
3913	280018	5	-0.587	66.00	0.02881	-1.08847	0.000	-0.567	-0.020	0.000	0.000	0.000	0.000
3914	280063	5	1.600	65.00	0.02652	-1.08861	0.000	1.690	-0.090	0.000	0.000	0.000	0.000
3915	280152	1	4.616	66.00	0.02573	-1.09000	0.000	4.061	-0.446	0.000	0.000	0.000	1.000
3916	280208	1	5.622	66.00	0.02747	-1.10080	0.000	4.622	0.000	0.000	0.000	0.000	1.000
3917	280251	1	4.256	66.00	0.02845	-1.10066	0.000	3.256	0.000	0.000	0.000	0.000	1.000
3918	280356	1	9.469	66.00	0.02789	-1.09051	0.000	8.469	0.000	0.000	0.000	0.000	1.000
3919	280451	1	6.542	67.00	0.02647	-1.09837	0.000	5.554	-0.012	0.000	0.000	0.000	1.000
3920	280523	1	5.665	68.00	0.02718	-1.10084	0.000	5.697	-1.031	0.000	0.000	0.000	1.000
3921	280564	2	1.968	68.00	0.02736	-1.09320	0.000	2.968	0.000	0.000	0.000	0.000	-1.000
3922	280598	2	-0.677	68.00	0.02634	-1.08614	0.000	0.680	-0.357	0.000	0.000	0.000	-1.000
3923	280628	1	2.682	68.00	0.02636	-1.09799	0.000	1.770	-0.087	0.000	0.000	0.000	1.000
3924	280697	1	7.058	69.00	0.02663	-1.09835	0.000	6.058	0.000	0.000	0.000	0.000	1.000
3925	280753	1	7.040	69.00	0.02729	-1.10152	0.000	6.040	0.000	0.000	0.000	0.000	1.000
3926	280830	1	7.041	69.00	0.02818	-1.09225	0.000	6.041	0.000	0.000	0.000	0.000	1.000
3927	280902	1	8.056	70.00	0.02686	-1.09618	0.000	7.056	0.000	0.000	0.000	0.000	1.000
3928	280951	2	3.488	69.00	0.02758	-1.09082	0.000	4.488	0.000	0.000	0.000	0.000	-1.000
3929	280993	1	3.921	70.00	0.02687	-1.09739	0.000	2.921	0.000	0.000	0.000	0.000	1.000
3930	281099	1	5.089	70.00	0.02650	-1.09149	0.000	4.100	-0.012	0.000	0.000	0.000	1.000
3931	281176	1	3.639	70.00	0.02741	-1.09616	0.000	2.639	0.000	0.000	0.000	0.000	1.000
3932	281336	2	5.299	69.00	0.02617	-1.10213	0.000	6.299	0.000	0.000	0.000	0.000	-1.000
3933	281379	1	3.108	70.00	0.02631	-1.09882	0.000	2.444	-0.337	0.000	0.000	0.000	1.000
3934	281429	1	4.437	70.00	0.02647	-1.10093	0.000	3.598	-0.161	0.000	0.000	0.000	1.000
3935	281464	1	3.871	71.00	0.02709	-1.08801	0.000	2.871	0.000	0.000	0.000	0.000	1.000
3936	281521	1	6.321	71.00	0.02636	-1.09870	0.000	5.413	-0.092	0.000	0.000	0.000	1.000
3937	281560	2	1.572	70.00	0.02591	-1.10376	0.000	2.689	-0.117	0.000	0.000	0.000	-1.000
3938	281625	1	4.471	70.00	0.02632	-1.09800	0.000	3.996	-0.526	0.000	0.000	0.000	1.000
3939	281713	2	5.832	69.00	0.02652	-1.09439	0.000	6.832	0.000	0.000	0.000	0.000	-1.000
3940	281824	1	4.634	69.00	0.02705	-1.09721	0.000	3.991	-0.357	0.000	0.000	0.000	1.000
3941	282013	1	9.601	69.00	0.02567	-1.10219	0.000	8.601	0.000	0.000	0.000	0.000	1.000
3942	282122	2	6.392	68.00	0.02661	-1.10299	0.000	7.392	0.000	0.000	0.000	0.000	-1.000
3943	282188	1	4.622	68.00	0.02566	-1.10101	0.000	3.622	0.000	0.000	0.000	0.000	1.000
3944	282233	1	3.174	68.00	0.02688	-1.10550	0.000	2.174	0.000	0.000	0.000	0.000	1.000
3945	282296	1	5.622	69.00	0.02778	-1.09694	0.000	4.622	0.000	0.000	0.000	0.000	1.000
3946	282360	2	2.884	69.00	0.02671	-1.08752	0.000	3.884	0.000	0.000	0.000	0.000	-1.000
3947	282434	1	7.429	70.00	0.02666	-1.09138	0.000	6.429	0.000	0.000	0.000	0.000	1.000
3948	282525	2	6.094	69.00	0.02600	-1.10418	0.000	7.147	-0.053	0.000	0.000	0.000	-1.000
3949	282555	5	0.033	69.00	0.02629	-1.08632	0.000	0.320	-0.287	0.000	0.000	0.000	0.000
3950	282585	5	-0.035	68.00	0.02653	-1.09083	0.000	0.484	-0.519	0.000	0.000	0.000	0.000
3951	282628	1	3.166	68.00	0.02678	-1.09522	0.000	2.748	-0.582	0.000	0.000	0.000	1.000
3952	282658	1	3.960	68.00	0.02770	-1.09486	0.000	2.960	0.000	0.000	0.000	0.000	1.000
3953	282700	1	4.831	68.00	0.02743	-1.09741	0.000	3.831	0.000	0.000	0.000	0.000	1.000
3954	282736	2	1.527	67.00	0.02794	-1.10821	0.000	2.527	0.000	0.000	0.000	0.000	-1.000
3955	282774	2	1.342	66.00	0.02642	-1.09796	0.000	2.342	0.000	0.000	0.000	0.000	-1.000
3956	282829	1	6.316	66.00	0.02623	-1.09910	0.000	5.316	0.000	0.000	0.000	0.000	1.000
3957	282886	2	1.936	65.00	0.02782	-1.10409	0.000	3.721	-0.785	0.000	0.000	0.000	-1.000
3958	282920	1	3.807	65.00	0.02669	-1.09988	0.000	2.807	0.000	0.000	0.000	0.000	1.000
3959	282965	1	5.319	65.00	0.02584	-1.09885	0.000	4.319	0.000	0.000	0.000	0.000	1.000
3960	283037	2	4.873	64.00	0.02679	-1.10776	0.000	5.877	-0.004	0.000	0.000	0.000	-1.000
3961	283067	1	2.771	65.00	0.02620	-1.10390	0.000	1.771	0.000	0.000	0.000	0.000	1.000
3962	283127	2	3.772	64.00	0.02726	-1.10225	0.000	4.845	-0.073	0.000	0.000	0.000	-1.000
3963	283157	1	4.098	65.00	0.02623	-1.09815	0.000	3.098	0.000	0.000	0.000	0.000	1.000
3964	283233	1	6.784	66.00	0.02797	-1.10224	0.000	5.860	-0.075	0.000	0.000	0.000	1.000
3965	283323	2	6.163	65.00	0.02619	-1.10081	0.000	7.163	0.000	0.000	0.000	0.000	-1.000
3966	283370	1	3.818	65.00	0.02736	-1.09796	0.000	2.914	-0.097	0.000	0.000	0.000	1.000
3967	283436	1	4.953	65.00	0.02781	-1.10735	0.000	4.325	-0.372	0.000	0.000	0.000	1.000
3968	283466	2	-0.098	64.00	0.02632	-1.11384	0.000	1.296	-0.395	0.000	0.000	0.000	-1.000
3969	283496	5	0.316	64.00	0.02570	-1.10965	0.000	0.497	-0.180	0.000	0.000	0.000	0.000
3970	283526	5	0.341	64.00	0.02640	-1.10521	0.000	0.341	0.000	0.000	0.000	0.000	0.000
3971	283625	1	3.866	65.00	0.02596	-1.09918	0.000	2.891	-0.025	0.000	0.000	0.000	1.000
3972	283711	2	1.878	64.00	0.02642	-1.10354	0.000	2.880	-0.002	0.000	0.000	0.000	-1.000
3973	283821	1	5.005	64.00	0.02694	-1.11021	0.000	4.116	-0.111	0.000	0.000	0.000	1.000
3974	283851	1	3.601	64.00	0.02581	-1.11103	0.000	2.601	0.000	0.000	0.000	0.000	1.000
3975	283915	1	7.975	65.00	0.02730	-1.09789	0.000	6.975	0.000	0.000	0.000	0.000	1.000
3976	283951	2	2.102	64.00	0.02619	-1.09438	0.000	3.364	-0.261	0.000	0.000	0.000	-1.000
3977	283991	1	3.915	64.00	0.02767	-1.09520	0.000	2.915	0.000	0.000	0.000	0.000	1.000
3978	284022	2	1.339	63.00	0.02615	-1.10686	0.000	2.529	-0.190	0.000	0.000	0.000	-1.000
3979	284088	1	7.407	63.00	0.02808	-1.10473	0.000	6.407	0.000	0.000	0.000	0.000	1.000
3980	284174	1	9.322	64.00	0.02723	-1.10242	0.000	8.322	0.000	0.000	0.000	0.000	1.000
3981	284208	1	4.418	64.00	0.02726	-1.09922	0.000	3.418	0.000	0.000	0.000	0.000	1.000
3982	284248	2	0.112	64.00	0.02750	-1.11004	0.000	1.167	-0.056	0.000	0.000	0.000	-1.000
3983	284308	2	2.256	63.00	0.02709	-1.10487	0.000	3.311	-0.055	0.000	0.000	0.000	-1.000
3984	284338	1	3.715	63.00	0.02570	-1.10690	0.000	2.715	0.000	0.000	0.000	0.000	1.000
3985	284370	2	1.437	62.00	0.02646	-1.11074	0.000	2.437	0.000	0.000	0.000	0.000	-1.000
3986	284424	2	2.109	61.00	0.02744	-1.10721	0.000	3.755	-0.647	0.000	0.000	0.000	-1.000
3987	284460	2	2.340	61.00	0.02696	-1.09595	0.000	3.340	0.000	0.000	0.000	0.000	-1.000
3988	284507	1	4.558	62.00	0.02651	-1.10500	0.000	3.667	-0.109	0.000	0.000	0.000	1.000
3989	284537	2	-0.025	61.00	0.02701	-1.09214	0.000	0.975	0.000	0.000	0.000	0.000	-1.000
3990	284567	2	-1.151	60.00	0.02716	-1.10587	0.000	-0.151	0.000	0.000	0.000	0.000	-1.000
3991	284597	5	0.168	59.00	0.02565	-1.11189	0.000	0.254	-0.085	0.000	0.000	0.000	0.000
3992	284627	5	1.431	58.00	0.02558	-1.10043	0.000	1.431	0.000	0.000	0.000	0.000	0.000
3993	284692	1	4.331	58.00	0.02607	-1.10508	0.000	3.737	-0.405	0.000	0.000	0.000	1.000
3994	284743	1	3.562	59.00	0.02639	-1.10008	0.000	2.909	-0.348	0.000	0.000	0.000	1.000
3995	284816	1	7.655	60.00	0.02660	-1.10590	0.000	6.655	0.000	0.000	0.000	0.000	1.000
3996	284862	1	4.948	60.00	0.02878	-1.09931	0.000	3.948	0.000	0.000	0.000	0.000	1.000
3997	284924	1	6.734	61.00	0.02681	-1.10548	0.000	5.734	0.000	0.000	0.000	0.000	1.000
3998	285026	1	9.020	62.00	0.02792	-1.10342	0.000	8.020	0.000	0.000	0.000	0.000	1.000
3999	285120	2	5.738	61.00	0.02702	-1.10022	0.000	6.738	0.000	0.000	0.000	0.000	-1.000
4000	285165	1	4.825	61.00	0.02746	-1.10029	0.000	3.825	0.000	0.000	0.000	0.000	1.000
4001	285199	2	1.706	60.00	0.02675	-1.10669	0.000	2.793	-0.087	0.000	0.000	0.000	-1.000
4002	285249	1	-0.905	60.00	0.02664	-1.09916	0.000	1.614	-3.520	0.000	0.000	0.000	1.000
4003	285299	2	2.050	59.00	0.02738	-1.10386	0.000	3.266	-0.216	0.000	0.000	0.000	-1.000
4004	285372	1	4.941	60.00	0.02658	-1.10456	0.000	4.167	-0.226	0.000	0.000	0.000	1.000
4005	285402	1	3.533	61.00	0.02663	-1.11851	0.000	2.533	0.000	0.000	0.000	0.000	1.000
4006	285439	1	4.291	61.00	0.02581	-1.10854	0.000	3.427	-0.136	0.000	0.000	0.000	1.000
4007	285497	1	6.536	61.00	0.02667	-1.10168	0.000	5.536	0.000	0.000	0.000	0.000	1.000
4008	285553	1	5.328	61.00	0.02644	-1.11189	0.000	4.328	0.000	0.000	0.000	0.000	1.000
4009	285597	1	3.800	62.00	0.02584	-1.11188	0.000	2.964	-0.164	0.000	0.000	0.000	1.000
4010	285629	2	-0.356	61.00	0.02960	-1.10565	0.000	1.074	-0.430	0.000	0.000	0.000	-1.000
4011	285693	1	7.467	61.00	0.02725	-1.11104	0.000	6.467	0.000	0.000	0.000	0.000	1.000
4012	285793	1	10.951	62.00	0.02737	-1.10134	0.000	9.951	0.000	0.000	0.000	0.000	1.000
4013	285828	2	1.384	62.00	0.02624	-1.10436	0.000	2.384	0.000	0.000	0.000	0.000	-1.000
4014	285870	1	5.102	63.00	0.02607	-1.09433	0.000	4.102	0.000	0.000	0.000	0.000	1.000
4015	285972	1	8.843	63.00	0.02652	-1.10240	0.000	7.843	0.000	0.000	0.000	0.000	1.000
4016	286034	1	6.438	63.00	0.02668	-1.10212	0.000	5.549	-0.112	0.000	0.000	0.000	1.000
4017	286077	1	5.094	63.00	0.02741	-1.09928	0.000	4.094	0.000	0.000	0.000	0.000	1.000
4018	286135	1	7.372	63.00	0.02810	-1.10314	0.000	6.372	0.000	0.000	0.000	0.000	1.000
4019	286194	1	5.576	63.00	0.02578	-1.10694	0.000	4.576	0.000	0.000	0.000	0.000	1.000
4020	286289	1	7.502	63.00	0.02771	-1.10288	0.000	6.502	0.000	0.000	0.000	0.000	1.000
4021	286359	1	6.442	64.00	0.02749	-1.10326	0.000	5.442	0.000	0.000	0.000	0.000	1.000
4022	286438	1	5.574	65.00	0.02691	-1.10040	0.000	4.574	0.000	0.000	0.000	0.000	1.000
4023	286569	1	9.263	65.00	0.02595	-1.11414	0.000	8.263	0.000	0.000	0.000	0.000	1.000
4024	286655	2	3.607	64.00	0.02586	-1.10251	0.000	4.657	-0.050	0.000	0.000	0.000	-1.000
4025	286739	1	6.318	64.00	0.02648	-1.10030	0.000	5.318	0.000	0.000	0.000	0.000	1.000
4026	286833	2	5.733	63.00	0.02745	-1.10410	0.000	6.733	0.000	0.000	0.000	0.000	-1.000
4027	286877	1	2.527	63.00	0.02852	-1.10103	0.000	1.735	-0.208	0.000	0.000	0.000	1.000
4028	286930	1	5.830	64.00	0.02776	-1.10031	0.000	4.830	0.000	0.000	0.000	0.000	1.000
4029	287037	1	8.891	64.00	0.02749	-1.10341	0.000	7.893	-0.002	0.000	0.000	0.000	1.000
4030	287093	1	6.327	64.00	0.02632	-1.11179	0.000	5.327	0.000	0.000	0.000	0.000	1.000
4031	287196	1	7.137	64.00	0.02723	-1.10893	0.000	6.137	0.000	0.000	0.000	0.000	1.000
4032	287242	2	1.094	64.00	0.02639	-1.09990	0.000	2.094	0.000	0.000	0.000	0.000	-1.000
4033	287284	1	5.029	64.00	0.02732	-1.09589	0.000	4.029	0.000	0.000	0.000	0.000	1.000
4034	287323	1	4.865	64.00	0.02495	-1.10422	0.000	3.865	0.000	0.000	0.000	0.000	1.000
4035	287435	1	11.968	64.00	0.02735	-1.10025	0.000	10.968	0.000	0.000	0.000	0.000	1.000
4036	287466	2	1.537	63.00	0.02603	-1.10364	0.000	2.537	0.000	0.000	0.000	0.000	-1.000
4037	287518	1	2.981	64.00	0.02776	-1.10289	0.000	2.955	-0.975	0.000	0.000	0.000	1.000
4038	287548	2	0.617	63.00	0.02513	-1.11001	0.000	1.979	-0.361	0.000	0.000	0.000	-1.000
4039	287590	1	3.971	64.00	0.02778	-1.10631	0.000	2.971	0.000	0.000	0.000	0.000	1.000
4040	287640	2	2.686	63.00	0.02792	-1.09347	0.000	3.686	0.000	0.000	0.000	0.000	-1.000
4041	287670	1	2.876	63.00	0.02670	-1.10445	0.000	1.968	-0.093	0.000	0.000	0.000	1.000
4042	287705	1	3.961	64.00	0.02754	-1.10857	0.000	2.961	0.000	0.000	0.000	0.000	1.000
4043	287753	1	4.569	64.00	0.02748	-1.09746	0.000	3.813	-0.244	0.000	0.000	0.000	1.000
4044	287783	1	3.847	64.00	0.02578	-1.10253	0.000	2.847	0.000	0.000	0.000	0.000	1.000
4045	287873	2	3.699	63.00	0.02676	-1.10858	0.000	5.345	-0.646	0.000	0.000	0.000	-1.000
4046	287910	1	4.664	64.00	0.02666	-1.10851	0.000	3.664	0.000	0.000	0.000	0.000	1.000
4047	287990	1	8.548	64.00	0.02763	-1.09456	0.000	7.548	0.000	0.000	0.000	0.000	1.000
4048	288020	2	-2.439	64.00	0.02720	-1.10753	0.000	-0.508	-0.931	0.000	0.000	0.000	-1.000
4049	288051	2	-0.391	64.00	0.02794	-1.10807	0.000	0.737	-0.128	0.000	0.000	0.000	-1.000
4050	288081	1	2.611	65.00	0.02670	-1.10761	0.000	1.611	0.000	0.000	0.000	0.000	1.000
4051	288121	2	2.243	64.00	0.02824	-1.11075	0.000	3.256	-0.012	0.000	0.000	0.000	-1.000
4052	288151	1	2.943	64.00	0.02616	-1.09267	0.000	1.943	0.000	0.000	0.000	0.000	1.000
4053	288220	1	7.034	64.00	0.02641	-1.10015	0.000	6.034	0.000	0.000	0.000	0.000	1.000
4054	288289	1	7.483	65.00	0.02739	-1.10023	0.000	6.483	0.000	0.000	0.000	0.000	1.000
4055	288378	1	8.505	66.00	0.02719	-1.10227	0.000	7.801	-0.296	0.000	0.000	0.000	1.000
4056	288420	2	1.313	65.00	0.02778	-1.11003	0.000	2.400	-0.086	0.000	0.000	0.000	-1.000
4057	288494	1	4.579	66.00	0.02689	-1.10564	0.000	3.701	-0.123	0.000	0.000	0.000	1.000
4058	288536	1	5.461	66.00	0.02561	-1.10348	0.000	4.461	0.000	0.000	0.000	0.000	1.000
